[0m[ INFO] [1789877211.150614626]: Version: 1.0_2025/05/06_1043[0m
[0m[ INFO] [1789877211.151930031]: Starting A* Obstacle Avoidance Node[0m
[0m[ INFO] [1789877211.162541041]: 地图分辨率: 0.15m, 安全距离: 0.00m, 障碍物膨胀半径: 0.35m, 触发避障规划的距离阈值: 1.15m, 减速阈值: 3.25m, 路径点间隔: 0.25m[0m
[0m[ INFO] [1789877211.162581234]: 需要障碍物连续检测的帧数: 6, 避障完成距离阈值: 0.10m, 避障完成角度阈值: 0.20弧度[0m
[0m[ INFO] [1789877211.162603826]: 边界检测是否打开: true, 边界内缩距离: 0.00 m[0m
[0m[ INFO] [1789877211.191817602]: Waiting for boundary information from /send_hull_info topic...[0m
[2026-09-20 12:06:52] 检测到紧急动态障碍物，触发停车信号
[2026-09-20 12:06:52] 检测到紧急动态障碍物，触发停车信号
[2026-09-20 12:06:52] 检测到紧急动态障碍物，触发停车信号
[2026-09-20 12:06:52] 检测到紧急动态障碍物，触发停车信号
[2026-09-20 12:06:52] 检测到紧急动态障碍物，触发停车信号
[2026-09-20 12:06:52] 检测到紧急动态障碍物，触发停车信号
[2026-09-20 12:06:52] 检测到紧急动态障碍物，触发停车信号
[2026-09-20 12:06:52] 检测到紧急动态障碍物，触发停车信号
[2026-09-20 12:06:53] 检测到紧急动态障碍物，触发停车信号
[2026-09-20 12:06:54] 检测到紧急动态障碍物，触发停车信号
[2026-09-20 12:06:57] 检测到紧急动态障碍物，触发停车信号
[2026-09-20 12:06:57] 检测到紧急动态障碍物，触发停车信号
[2026-09-20 12:07:03] 检测到紧急动态障碍物，触发停车信号
[2026-09-20 12:07:03] 检测到紧急动态障碍物，触发停车信号
[2026-09-20 12:07:03] 检测到紧急动态障碍物，触发停车信号
[2026-09-20 12:07:05] 检测到紧急动态障碍物，触发停车信号
[2026-09-20 12:07:05] 检测到紧急动态障碍物，触发停车信号
[2026-09-20 12:07:06] 检测到紧急动态障碍物，触发停车信号
[2026-09-20 12:07:06] 检测到紧急动态障碍物，触发停车信号
[2026-09-20 12:07:06] 检测到紧急动态障碍物，触发停车信号
[2026-09-20 12:07:06] 检测到紧急动态障碍物，触发停车信号
[2026-09-20 12:07:09] 检测到紧急动态障碍物，触发停车信号
[2026-09-20 12:07:09] 检测到紧急动态障碍物，触发停车信号
[2026-09-20 12:07:09] 检测到紧急动态障碍物，触发停车信号
[0m[ INFO] [1789877539.170851966]: Resetting A* planner to initial state...[0m
[0m[ INFO] [1789877539.171174145]: 状态切换: 0 -> 0(正常状态) - 系统重置，恢复初始状态[0m
[0m[ INFO] [1789877539.171300098]: A* planner state reset to initial values completed[0m
[2026-09-20 12:12:19] 割草任务停止
[2026-09-20 12:13:23] 检测到紧急动态障碍物，触发停车信号
[2026-09-20 12:13:23] 检测到紧急动态障碍物，触发停车信号
[2026-09-20 12:13:24] 检测到紧急动态障碍物，触发停车信号
[2026-09-20 12:13:24] 检测到紧急动态障碍物，触发停车信号
[2026-09-20 12:13:24] 检测到紧急动态障碍物，触发停车信号
[2026-09-20 12:13:24] 检测到紧急动态障碍物，触发停车信号
[2026-09-20 12:13:24] 检测到紧急动态障碍物，触发停车信号
[2026-09-20 12:13:24] 检测到紧急动态障碍物，触发停车信号
[2026-09-20 12:13:24] 检测到紧急动态障碍物，触发停车信号
[2026-09-20 12:13:24] 检测到紧急动态障碍物，触发停车信号
[2026-09-20 12:13:36] 检测到紧急动态障碍物，触发停车信号
[2026-09-20 12:13:36] 检测到紧急动态障碍物，触发停车信号
[2026-09-20 12:14:28] 检测到紧急动态障碍物，触发停车信号
[2026-09-20 12:14:28] 检测到紧急动态障碍物，触发停车信号
[2026-09-20 12:15:49] 检测到紧急动态障碍物，触发停车信号
[2026-09-20 12:15:49] 检测到紧急动态障碍物，触发停车信号
[2026-09-20 12:15:49] 检测到紧急动态障碍物，触发停车信号
[2026-09-20 12:15:49] 检测到紧急动态障碍物，触发停车信号
[2026-09-20 12:15:50] 检测到紧急动态障碍物，触发停车信号
[2026-09-20 12:15:50] 检测到紧急动态障碍物，触发停车信号
[2026-09-20 12:15:58] 检测到紧急动态障碍物，触发停车信号
[2026-09-20 12:15:58] 检测到紧急动态障碍物，触发停车信号
[2026-09-20 12:15:58] 检测到紧急动态障碍物，触发停车信号
[2026-09-20 12:15:58] 检测到紧急动态障碍物，触发停车信号
[2026-09-20 12:15:58] 检测到紧急动态障碍物，触发停车信号
[2026-09-20 12:15:58] 检测到紧急动态障碍物，触发停车信号
[2026-09-20 12:15:58] 检测到紧急动态障碍物，触发停车信号
[2026-09-20 12:15:58] 检测到紧急动态障碍物，触发停车信号
[2026-09-20 12:15:59] 检测到紧急动态障碍物，触发停车信号
[2026-09-20 12:15:59] 检测到紧急动态障碍物，触发停车信号
[2026-09-20 12:17:56] 检测到紧急动态障碍物，触发停车信号
[2026-09-20 12:17:56] 检测到紧急动态障碍物，触发停车信号
[2026-09-20 12:17:56] 检测到紧急动态障碍物，触发停车信号
[2026-09-20 12:17:56] 检测到紧急动态障碍物，触发停车信号
[2026-09-20 12:17:56] 检测到紧急动态障碍物，触发停车信号
[2026-09-20 12:17:56] 检测到紧急动态障碍物，触发停车信号
[2026-09-20 12:17:57] 检测到紧急动态障碍物，触发停车信号
[2026-09-20 12:17:57] 检测到紧急动态障碍物，触发停车信号
[2026-09-20 12:18:15] 检测到紧急动态障碍物，触发停车信号
[2026-09-20 12:18:15] 检测到紧急动态障碍物，触发停车信号
[2026-09-20 12:18:15] 检测到紧急动态障碍物，触发停车信号
[2026-09-20 12:18:15] 检测到紧急动态障碍物，触发停车信号
[2026-09-20 12:18:15] 检测到紧急动态障碍物，触发停车信号
[2026-09-20 12:18:15] 检测到紧急动态障碍物，触发停车信号
[2026-09-20 12:18:15] 检测到紧急动态障碍物，触发停车信号
[2026-09-20 12:18:15] 检测到紧急动态障碍物，触发停车信号
[2026-09-20 12:18:15] 检测到紧急动态障碍物，触发停车信号
[2026-09-20 12:18:15] 检测到紧急动态障碍物，触发停车信号
[2026-09-20 12:18:16] 检测到紧急动态障碍物，触发停车信号
[2026-09-20 12:18:16] 检测到紧急动态障碍物，触发停车信号
[2026-09-20 12:18:16] 检测到紧急动态障碍物，触发停车信号
[2026-09-20 12:18:16] 检测到紧急动态障碍物，触发停车信号
[2026-09-20 12:18:16] 检测到紧急动态障碍物，触发停车信号
[2026-09-20 12:18:16] 检测到紧急动态障碍物，触发停车信号
[2026-09-20 12:18:16] 检测到紧急动态障碍物，触发停车信号
[2026-09-20 12:22:07] 检测到紧急动态障碍物，触发停车信号
[2026-09-20 12:22:07] 检测到紧急动态障碍物，触发停车信号
[2026-09-20 12:22:07] 检测到紧急动态障碍物，触发停车信号
[2026-09-20 12:24:25] 检测到紧急动态障碍物，触发停车信号
[2026-09-20 12:24:25] 检测到紧急动态障碍物，触发停车信号
[2026-09-20 12:24:25] 检测到紧急动态障碍物，触发停车信号
[2026-09-20 12:24:25] 检测到紧急动态障碍物，触发停车信号
[2026-09-20 12:24:25] 检测到紧急动态障碍物，触发停车信号
[2026-09-20 12:24:25] 检测到紧急动态障碍物，触发停车信号
[2026-09-20 12:24:25] 检测到紧急动态障碍物，触发停车信号
[2026-09-20 12:24:25] 检测到紧急动态障碍物，触发停车信号
[2026-09-20 12:24:26] 检测到紧急动态障碍物，触发停车信号
[2026-09-20 12:24:26] 检测到紧急动态障碍物，触发停车信号
[2026-09-20 12:24:26] 检测到紧急动态障碍物，触发停车信号
[2026-09-20 12:24:26] 检测到紧急动态障碍物，触发停车信号
[2026-09-20 12:24:26] 检测到紧急动态障碍物，触发停车信号
[2026-09-20 12:24:26] 检测到紧急动态障碍物，触发停车信号
[2026-09-20 12:24:26] 检测到紧急动态障碍物，触发停车信号
[2026-09-20 12:24:26] 检测到紧急动态障碍物，触发停车信号
[2026-09-20 12:24:26] 检测到紧急动态障碍物，触发停车信号
[2026-09-20 12:24:26] 检测到紧急动态障碍物，触发停车信号
[2026-09-20 12:24:27] 检测到紧急动态障碍物，触发停车信号
[2026-09-20 12:24:27] 检测到紧急动态障碍物，触发停车信号
[2026-09-20 12:24:27] 检测到紧急动态障碍物，触发停车信号
[2026-09-20 12:24:27] 检测到紧急动态障碍物，触发停车信号
[2026-09-20 12:24:27] 检测到紧急动态障碍物，触发停车信号
[2026-09-20 12:24:32] 检测到紧急动态障碍物，触发停车信号
[2026-09-20 12:24:33] 检测到紧急动态障碍物，触发停车信号
[2026-09-20 12:24:33] 检测到紧急动态障碍物，触发停车信号
[2026-09-20 12:24:33] 检测到紧急动态障碍物，触发停车信号
[2026-09-20 12:24:33] 检测到紧急动态障碍物，触发停车信号
[2026-09-20 12:24:33] 检测到紧急动态障碍物，触发停车信号
[2026-09-20 12:24:33] 检测到紧急动态障碍物，触发停车信号
[2026-09-20 12:24:33] 检测到紧急动态障碍物，触发停车信号
[2026-09-20 12:24:33] 检测到紧急动态障碍物，触发停车信号
[2026-09-20 12:24:45] 检测到紧急动态障碍物，触发停车信号
[2026-09-20 12:24:45] 检测到紧急动态障碍物，触发停车信号
[2026-09-20 12:24:46] 检测到紧急动态障碍物，触发停车信号
[2026-09-20 12:24:46] 检测到紧急动态障碍物，触发停车信号
[2026-09-20 12:24:46] 检测到紧急动态障碍物，触发停车信号
[2026-09-20 12:24:46] 检测到紧急动态障碍物，触发停车信号
[2026-09-20 12:24:46] 检测到紧急动态障碍物，触发停车信号
[2026-09-20 12:24:46] 检测到紧急动态障碍物，触发停车信号
[2026-09-20 12:24:46] 检测到紧急动态障碍物，触发停车信号
[2026-09-20 12:25:38] 检测到紧急动态障碍物，触发停车信号
[2026-09-20 12:25:38] 检测到紧急动态障碍物，触发停车信号
[2026-09-20 12:25:38] 检测到紧急动态障碍物，触发停车信号
[2026-09-20 12:25:38] 检测到紧急动态障碍物，触发停车信号
[2026-09-20 12:25:38] 检测到紧急动态障碍物，触发停车信号
[2026-09-20 12:25:38] 检测到紧急动态障碍物，触发停车信号
[2026-09-20 12:25:39] 检测到紧急动态障碍物，触发停车信号
[2026-09-20 12:25:39] 检测到紧急动态障碍物，触发停车信号
[2026-09-20 12:25:39] 检测到紧急动态障碍物，触发停车信号
[2026-09-20 12:25:39] 检测到紧急动态障碍物，触发停车信号
[2026-09-20 12:25:39] 检测到紧急动态障碍物，触发停车信号
[2026-09-20 12:25:39] 检测到紧急动态障碍物，触发停车信号
[2026-09-20 12:25:39] 检测到紧急动态障碍物，触发停车信号
[2026-09-20 12:25:39] 检测到紧急动态障碍物，触发停车信号
[2026-09-20 12:25:39] 检测到紧急动态障碍物，触发停车信号
[2026-09-20 12:25:39] 检测到紧急动态障碍物，触发停车信号
[2026-09-20 12:25:40] 检测到紧急动态障碍物，触发停车信号
[2026-09-20 12:25:40] 检测到紧急动态障碍物，触发停车信号
[2026-09-20 12:25:40] 检测到紧急动态障碍物，触发停车信号
[2026-09-20 12:25:40] 检测到紧急动态障碍物，触发停车信号
[2026-09-20 12:26:12] 检测到紧急动态障碍物，触发停车信号
[2026-09-20 12:26:12] 检测到紧急动态障碍物，触发停车信号
[2026-09-20 12:26:12] 检测到紧急动态障碍物，触发停车信号
[2026-09-20 12:26:12] 检测到紧急动态障碍物，触发停车信号
[2026-09-20 12:26:12] 检测到紧急动态障碍物，触发停车信号
[2026-09-20 12:26:12] 检测到紧急动态障碍物，触发停车信号
[2026-09-20 12:26:12] 检测到紧急动态障碍物，触发停车信号
[2026-09-20 12:26:12] 检测到紧急动态障碍物，触发停车信号
[2026-09-20 12:26:12] 检测到紧急动态障碍物，触发停车信号
[2026-09-20 12:26:12] 检测到紧急动态障碍物，触发停车信号
[2026-09-20 12:26:13] 检测到紧急动态障碍物，触发停车信号
[2026-09-20 12:26:13] 检测到紧急动态障碍物，触发停车信号
[2026-09-20 12:26:51] 检测到紧急动态障碍物，触发停车信号
[2026-09-20 12:26:51] 检测到紧急动态障碍物，触发停车信号
[2026-09-20 12:26:51] 检测到紧急动态障碍物，触发停车信号
[2026-09-20 12:26:51] 检测到紧急动态障碍物，触发停车信号
[2026-09-20 12:26:51] 检测到紧急动态障碍物，触发停车信号
[2026-09-20 12:26:51] 检测到紧急动态障碍物，触发停车信号
[2026-09-20 12:26:51] 检测到紧急动态障碍物，触发停车信号
[2026-09-20 12:27:01] 检测到紧急动态障碍物，触发停车信号
[2026-09-20 12:27:01] 检测到紧急动态障碍物，触发停车信号
[2026-09-20 12:27:01] 检测到紧急动态障碍物，触发停车信号
[2026-09-20 12:27:01] 检测到紧急动态障碍物，触发停车信号
[2026-09-20 12:27:01] 检测到紧急动态障碍物，触发停车信号
[2026-09-20 12:27:01] 检测到紧急动态障碍物，触发停车信号
[2026-09-20 12:27:01] 检测到紧急动态障碍物，触发停车信号
[2026-09-20 12:27:01] 检测到紧急动态障碍物，触发停车信号
[2026-09-20 12:27:02] 检测到紧急动态障碍物，触发停车信号
[2026-09-20 12:27:02] 检测到紧急动态障碍物，触发停车信号
[2026-09-20 12:27:02] 检测到紧急动态障碍物，触发停车信号
[2026-09-20 12:27:02] 检测到紧急动态障碍物，触发停车信号
[2026-09-20 12:27:02] 检测到紧急动态障碍物，触发停车信号
[2026-09-20 12:27:02] 检测到紧急动态障碍物，触发停车信号
[2026-09-20 12:27:07] 检测到紧急动态障碍物，触发停车信号
[2026-09-20 12:27:07] 检测到紧急动态障碍物，触发停车信号
[2026-09-20 12:27:07] 检测到紧急动态障碍物，触发停车信号
[2026-09-20 12:27:07] 检测到紧急动态障碍物，触发停车信号
[2026-09-20 12:27:07] 检测到紧急动态障碍物，触发停车信号
[2026-09-20 12:27:07] 检测到紧急动态障碍物，触发停车信号
[2026-09-20 12:27:07] 检测到紧急动态障碍物，触发停车信号
[2026-09-20 12:27:07] 检测到紧急动态障碍物，触发停车信号
[2026-09-20 12:27:07] 检测到紧急动态障碍物，触发停车信号
[2026-09-20 12:27:08] 检测到紧急动态障碍物，触发停车信号
[2026-09-20 12:27:08] 检测到紧急动态障碍物，触发停车信号
[2026-09-20 12:27:08] 检测到紧急动态障碍物，触发停车信号
[2026-09-20 12:27:08] 检测到紧急动态障碍物，触发停车信号
[2026-09-20 12:27:08] 检测到紧急动态障碍物，触发停车信号
[2026-09-20 12:27:08] 检测到紧急动态障碍物，触发停车信号
[2026-09-20 12:27:08] 检测到紧急动态障碍物，触发停车信号
[2026-09-20 12:27:08] 检测到紧急动态障碍物，触发停车信号
[2026-09-20 12:27:14] 检测到紧急动态障碍物，触发停车信号
[2026-09-20 12:27:14] 检测到紧急动态障碍物，触发停车信号
[2026-09-20 12:27:14] 检测到紧急动态障碍物，触发停车信号
[2026-09-20 12:27:14] 检测到紧急动态障碍物，触发停车信号
[2026-09-20 12:27:14] 检测到紧急动态障碍物，触发停车信号
[2026-09-20 12:27:14] 检测到紧急动态障碍物，触发停车信号
[2026-09-20 12:27:15] 检测到紧急动态障碍物，触发停车信号
[2026-09-20 12:27:15] 检测到紧急动态障碍物，触发停车信号
[2026-09-20 12:27:15] 检测到紧急动态障碍物，触发停车信号
[2026-09-20 12:27:15] 检测到紧急动态障碍物，触发停车信号
[2026-09-20 12:27:15] 检测到紧急动态障碍物，触发停车信号
[2026-09-20 12:27:15] 检测到紧急动态障碍物，触发停车信号
[2026-09-20 12:27:15] 检测到紧急动态障碍物，触发停车信号
[2026-09-20 12:27:15] 检测到紧急动态障碍物，触发停车信号
[2026-09-20 12:27:15] 检测到紧急动态障碍物，触发停车信号
[2026-09-20 12:27:15] 检测到紧急动态障碍物，触发停车信号
[2026-09-20 12:27:16] 检测到紧急动态障碍物，触发停车信号
[2026-09-20 12:27:42] 检测到紧急动态障碍物，触发停车信号
[2026-09-20 12:27:42] 检测到紧急动态障碍物，触发停车信号
[2026-09-20 12:27:43] 检测到紧急动态障碍物，触发停车信号
[2026-09-20 12:27:43] 检测到紧急动态障碍物，触发停车信号
[2026-09-20 12:27:43] 检测到紧急动态障碍物，触发停车信号
[2026-09-20 12:27:43] 检测到紧急动态障碍物，触发停车信号
[2026-09-20 12:27:43] 检测到紧急动态障碍物，触发停车信号
[2026-09-20 12:27:43] 检测到紧急动态障碍物，触发停车信号
[2026-09-20 12:27:43] 检测到紧急动态障碍物，触发停车信号
[2026-09-20 12:27:43] 检测到紧急动态障碍物，触发停车信号
[2026-09-20 12:27:43] 检测到紧急动态障碍物，触发停车信号
[2026-09-20 12:27:43] 检测到紧急动态障碍物，触发停车信号
[2026-09-20 12:27:44] 检测到紧急动态障碍物，触发停车信号
[2026-09-20 12:27:44] 检测到紧急动态障碍物，触发停车信号
[2026-09-20 12:27:44] 检测到紧急动态障碍物，触发停车信号
[2026-09-20 12:27:45] 检测到紧急动态障碍物，触发停车信号
[2026-09-20 12:27:45] 检测到紧急动态障碍物，触发停车信号
[2026-09-20 12:27:45] 检测到紧急动态障碍物，触发停车信号
[2026-09-20 12:27:45] 检测到紧急动态障碍物，触发停车信号
[2026-09-20 12:27:45] 检测到紧急动态障碍物，触发停车信号
[2026-09-20 12:27:46] 检测到紧急动态障碍物，触发停车信号
[2026-09-20 12:27:46] 检测到紧急动态障碍物，触发停车信号
[2026-09-20 12:27:46] 检测到紧急动态障碍物，触发停车信号
[2026-09-20 12:27:46] 检测到紧急动态障碍物，触发停车信号
[2026-09-20 12:27:46] 检测到紧急动态障碍物，触发停车信号
[2026-09-20 12:27:46] 检测到紧急动态障碍物，触发停车信号
[2026-09-20 12:27:46] 检测到紧急动态障碍物，触发停车信号
[2026-09-20 12:27:46] 检测到紧急动态障碍物，触发停车信号
[2026-09-20 12:27:47] 检测到紧急动态障碍物，触发停车信号
[2026-09-20 12:27:47] 检测到紧急动态障碍物，触发停车信号
[2026-09-20 12:27:47] 检测到紧急动态障碍物，触发停车信号
[2026-09-20 12:27:47] 检测到紧急动态障碍物，触发停车信号
[2026-09-20 12:27:47] 检测到紧急动态障碍物，触发停车信号
[2026-09-20 12:27:47] 检测到紧急动态障碍物，触发停车信号
[2026-09-20 12:28:27] 检测到紧急动态障碍物，触发停车信号
[2026-09-20 12:28:27] 检测到紧急动态障碍物，触发停车信号
[2026-09-20 12:28:27] 检测到紧急动态障碍物，触发停车信号
[2026-09-20 12:28:27] 检测到紧急动态障碍物，触发停车信号
[2026-09-20 12:28:27] 检测到紧急动态障碍物，触发停车信号
[2026-09-20 12:28:28] 检测到紧急动态障碍物，触发停车信号
[2026-09-20 12:28:28] 检测到紧急动态障碍物，触发停车信号
[2026-09-20 12:28:28] 检测到紧急动态障碍物，触发停车信号
[2026-09-20 12:28:29] 检测到紧急动态障碍物，触发停车信号
[2026-09-20 12:28:29] 检测到紧急动态障碍物，触发停车信号
[2026-09-20 12:28:29] 检测到紧急动态障碍物，触发停车信号
[2026-09-20 12:28:29] 检测到紧急动态障碍物，触发停车信号
[2026-09-20 12:28:40] 检测到紧急动态障碍物，触发停车信号
[2026-09-20 12:28:41] 检测到紧急动态障碍物，触发停车信号
[2026-09-20 12:28:41] 检测到紧急动态障碍物，触发停车信号
[2026-09-20 12:28:41] 检测到紧急动态障碍物，触发停车信号
[2026-09-20 12:28:41] 检测到紧急动态障碍物，触发停车信号
[2026-09-20 12:28:41] 检测到紧急动态障碍物，触发停车信号
[2026-09-20 12:28:41] 检测到紧急动态障碍物，触发停车信号
[2026-09-20 12:28:41] 检测到紧急动态障碍物，触发停车信号
[2026-09-20 12:28:41] 检测到紧急动态障碍物，触发停车信号
[2026-09-20 12:28:42] 检测到紧急动态障碍物，触发停车信号
[2026-09-20 12:28:42] 检测到紧急动态障碍物，触发停车信号
[2026-09-20 12:28:42] 检测到紧急动态障碍物，触发停车信号
[2026-09-20 12:28:42] 检测到紧急动态障碍物，触发停车信号
[2026-09-20 12:28:42] 检测到紧急动态障碍物，触发停车信号
[2026-09-20 12:28:42] 检测到紧急动态障碍物，触发停车信号
[2026-09-20 12:28:42] 检测到紧急动态障碍物，触发停车信号
[2026-09-20 12:28:42] 检测到紧急动态障碍物，触发停车信号
[2026-09-20 12:28:42] 检测到紧急动态障碍物，触发停车信号
[2026-09-20 12:28:42] 检测到紧急动态障碍物，触发停车信号
[2026-09-20 12:28:43] 检测到紧急动态障碍物，触发停车信号
[2026-09-20 12:28:43] 检测到紧急动态障碍物，触发停车信号
[2026-09-20 12:28:43] 检测到紧急动态障碍物，触发停车信号
[2026-09-20 12:28:43] 检测到紧急动态障碍物，触发停车信号
[2026-09-20 12:28:43] 检测到紧急动态障碍物，触发停车信号
[2026-09-20 12:28:43] 检测到紧急动态障碍物，触发停车信号
[2026-09-20 12:28:43] 检测到紧急动态障碍物，触发停车信号
[2026-09-20 12:28:43] 检测到紧急动态障碍物，触发停车信号
[2026-09-20 12:28:43] 检测到紧急动态障碍物，触发停车信号
[2026-09-20 12:28:43] 检测到紧急动态障碍物，触发停车信号
[2026-09-20 12:28:44] 检测到紧急动态障碍物，触发停车信号
[2026-09-20 12:28:44] 检测到紧急动态障碍物，触发停车信号
[2026-09-20 12:28:44] 检测到紧急动态障碍物，触发停车信号
[2026-09-20 12:28:44] 检测到紧急动态障碍物，触发停车信号
[2026-09-20 12:28:44] 检测到紧急动态障碍物，触发停车信号
[2026-09-20 12:28:44] 检测到紧急动态障碍物，触发停车信号
[2026-09-20 12:28:44] 检测到紧急动态障碍物，触发停车信号
[2026-09-20 12:28:44] 检测到紧急动态障碍物，触发停车信号
[2026-09-20 12:28:44] 检测到紧急动态障碍物，触发停车信号
[2026-09-20 12:28:44] 检测到紧急动态障碍物，触发停车信号
[2026-09-20 12:28:45] 检测到紧急动态障碍物，触发停车信号
[2026-09-20 12:28:45] 检测到紧急动态障碍物，触发停车信号
[2026-09-20 12:28:45] 检测到紧急动态障碍物，触发停车信号
[2026-09-20 12:28:45] 检测到紧急动态障碍物，触发停车信号
[2026-09-20 12:28:45] 检测到紧急动态障碍物，触发停车信号
[2026-09-20 12:28:45] 检测到紧急动态障碍物，触发停车信号
[2026-09-20 12:28:45] 检测到紧急动态障碍物，触发停车信号
[2026-09-20 12:28:45] 检测到紧急动态障碍物，触发停车信号
[2026-09-20 12:28:45] 检测到紧急动态障碍物，触发停车信号
[2026-09-20 12:28:45] 检测到紧急动态障碍物，触发停车信号
[2026-09-20 12:28:46] 检测到紧急动态障碍物，触发停车信号
[2026-09-20 12:28:46] 检测到紧急动态障碍物，触发停车信号
[2026-09-20 12:28:46] 检测到紧急动态障碍物，触发停车信号
[2026-09-20 12:28:46] 检测到紧急动态障碍物，触发停车信号
[2026-09-20 12:28:46] 检测到紧急动态障碍物，触发停车信号
[2026-09-20 12:28:46] 检测到紧急动态障碍物，触发停车信号
[2026-09-20 12:28:46] 检测到紧急动态障碍物，触发停车信号
[2026-09-20 12:28:46] 检测到紧急动态障碍物，触发停车信号
[2026-09-20 12:28:46] 检测到紧急动态障碍物，触发停车信号
[2026-09-20 12:28:46] 检测到紧急动态障碍物，触发停车信号
[2026-09-20 12:28:47] 检测到紧急动态障碍物，触发停车信号
[2026-09-20 12:28:47] 检测到紧急动态障碍物，触发停车信号
[2026-09-20 12:28:47] 检测到紧急动态障碍物，触发停车信号
[2026-09-20 12:28:47] 检测到紧急动态障碍物，触发停车信号
[2026-09-20 12:28:47] 检测到紧急动态障碍物，触发停车信号
[2026-09-20 12:29:06] 检测到紧急动态障碍物，触发停车信号
[2026-09-20 12:29:06] 检测到紧急动态障碍物，触发停车信号
[2026-09-20 12:29:06] 检测到紧急动态障碍物，触发停车信号
[2026-09-20 12:29:06] 检测到紧急动态障碍物，触发停车信号
[2026-09-20 12:29:06] 检测到紧急动态障碍物，触发停车信号
[2026-09-20 12:29:06] 检测到紧急动态障碍物，触发停车信号
[2026-09-20 12:29:06] 检测到紧急动态障碍物，触发停车信号
[2026-09-20 12:29:06] 检测到紧急动态障碍物，触发停车信号
[2026-09-20 12:29:06] 检测到紧急动态障碍物，触发停车信号
[2026-09-20 12:29:06] 检测到紧急动态障碍物，触发停车信号
[2026-09-20 12:29:07] 检测到紧急动态障碍物，触发停车信号
[2026-09-20 12:29:07] 检测到紧急动态障碍物，触发停车信号
[2026-09-20 12:29:07] 检测到紧急动态障碍物，触发停车信号
[2026-09-20 12:29:07] 检测到紧急动态障碍物，触发停车信号
[2026-09-20 12:29:07] 检测到紧急动态障碍物，触发停车信号
[2026-09-20 12:29:07] 检测到紧急动态障碍物，触发停车信号
[2026-09-20 12:29:07] 检测到紧急动态障碍物，触发停车信号
[33m[ WARN] [1789878550.825773825]: ------------------------------Position out of boundary (31.82, -9.74) - sending stop signal[0m
[33m[ WARN] [1789878550.922934607]: ------------------------------Position out of boundary (31.89, -9.73) - sending stop signal[0m
[33m[ WARN] [1789878551.024903853]: ------------------------------Position out of boundary (31.98, -9.72) - sending stop signal[0m
[33m[ WARN] [1789878551.122979684]: ------------------------------Position out of boundary (32.05, -9.70) - sending stop signal[0m
[33m[ WARN] [1789878551.223603253]: ------------------------------Position out of boundary (32.08, -9.70) - sending stop signal[0m
[33m[ WARN] [1789878551.321488042]: ------------------------------Position out of boundary (32.14, -9.69) - sending stop signal[0m
[33m[ WARN] [1789878551.423890988]: ------------------------------Position out of boundary (32.15, -9.69) - sending stop signal[0m
[33m[ WARN] [1789878551.524215417]: ------------------------------Position out of boundary (32.14, -9.69) - sending stop signal[0m
[33m[ WARN] [1789878551.623023288]: ------------------------------Position out of boundary (32.15, -9.69) - sending stop signal[0m
[33m[ WARN] [1789878551.725083162]: ------------------------------Position out of boundary (32.14, -9.69) - sending stop signal[0m
[33m[ WARN] [1789878551.823804123]: ------------------------------Position out of boundary (32.14, -9.69) - sending stop signal[0m
[33m[ WARN] [1789878551.923130690]: ------------------------------Position out of boundary (32.15, -9.70) - sending stop signal[0m
[33m[ WARN] [1789878552.023691797]: ------------------------------Position out of boundary (32.15, -9.69) - sending stop signal[0m
[33m[ WARN] [1789878552.124410282]: ------------------------------Position out of boundary (32.14, -9.70) - sending stop signal[0m
[33m[ WARN] [1789878552.223059115]: ------------------------------Position out of boundary (32.15, -9.70) - sending stop signal[0m
[33m[ WARN] [1789878552.323899969]: ------------------------------Position out of boundary (32.14, -9.70) - sending stop signal[0m
[33m[ WARN] [1789878552.423172391]: ------------------------------Position out of boundary (32.14, -9.71) - sending stop signal[0m
[33m[ WARN] [1789878552.525533196]: ------------------------------Position out of boundary (32.14, -9.70) - sending stop signal[0m
[33m[ WARN] [1789878552.633019075]: ------------------------------Position out of boundary (32.13, -9.70) - sending stop signal[0m
[33m[ WARN] [1789878552.724125882]: ------------------------------Position out of boundary (32.13, -9.70) - sending stop signal[0m
[33m[ WARN] [1789878552.825886649]: ------------------------------Position out of boundary (32.13, -9.71) - sending stop signal[0m
[33m[ WARN] [1789878552.922783272]: ------------------------------Position out of boundary (32.13, -9.71) - sending stop signal[0m
[33m[ WARN] [1789878553.024946027]: ------------------------------Position out of boundary (32.21, -9.68) - sending stop signal[0m
[33m[ WARN] [1789878553.122217822]: ------------------------------Position out of boundary (32.21, -9.68) - sending stop signal[0m
[33m[ WARN] [1789878553.223786107]: ------------------------------Position out of boundary (32.21, -9.67) - sending stop signal[0m
[33m[ WARN] [1789878553.327671215]: ------------------------------Position out of boundary (32.21, -9.66) - sending stop signal[0m
[33m[ WARN] [1789878553.425512775]: ------------------------------Position out of boundary (32.21, -9.66) - sending stop signal[0m
[33m[ WARN] [1789878553.524080391]: ------------------------------Position out of boundary (32.21, -9.66) - sending stop signal[0m
[33m[ WARN] [1789878553.624127477]: ------------------------------Position out of boundary (32.22, -9.67) - sending stop signal[0m
[33m[ WARN] [1789878553.723395228]: ------------------------------Position out of boundary (32.22, -9.66) - sending stop signal[0m
[33m[ WARN] [1789878553.832351297]: ------------------------------Position out of boundary (32.22, -9.66) - sending stop signal[0m
[33m[ WARN] [1789878553.923795931]: ------------------------------Position out of boundary (32.22, -9.66) - sending stop signal[0m
[33m[ WARN] [1789878554.022122649]: ------------------------------Position out of boundary (32.21, -9.66) - sending stop signal[0m
[33m[ WARN] [1789878554.123178705]: ------------------------------Position out of boundary (32.22, -9.65) - sending stop signal[0m
[33m[ WARN] [1789878554.222794747]: ------------------------------Position out of boundary (32.21, -9.66) - sending stop signal[0m
[33m[ WARN] [1789878554.321687582]: ------------------------------Position out of boundary (32.21, -9.66) - sending stop signal[0m
[33m[ WARN] [1789878554.422514579]: ------------------------------Position out of boundary (32.21, -9.67) - sending stop signal[0m
[33m[ WARN] [1789878554.525308188]: ------------------------------Position out of boundary (32.21, -9.67) - sending stop signal[0m
[33m[ WARN] [1789878554.625655021]: ------------------------------Position out of boundary (32.21, -9.68) - sending stop signal[0m
[33m[ WARN] [1789878554.724747826]: ------------------------------Position out of boundary (32.21, -9.67) - sending stop signal[0m
[33m[ WARN] [1789878554.827825918]: ------------------------------Position out of boundary (32.21, -9.67) - sending stop signal[0m
[33m[ WARN] [1789878554.925961754]: ------------------------------Position out of boundary (32.21, -9.67) - sending stop signal[0m
[33m[ WARN] [1789878555.024869661]: ------------------------------Position out of boundary (32.21, -9.67) - sending stop signal[0m
[33m[ WARN] [1789878555.124854346]: ------------------------------Position out of boundary (32.21, -9.67) - sending stop signal[0m
[33m[ WARN] [1789878555.226327078]: ------------------------------Position out of boundary (32.21, -9.66) - sending stop signal[0m
[33m[ WARN] [1789878555.323041236]: ------------------------------Position out of boundary (32.22, -9.67) - sending stop signal[0m
[33m[ WARN] [1789878555.421238576]: ------------------------------Position out of boundary (32.22, -9.67) - sending stop signal[0m
[33m[ WARN] [1789878555.525763658]: ------------------------------Position out of boundary (32.22, -9.66) - sending stop signal[0m
[33m[ WARN] [1789878555.626284509]: ------------------------------Position out of boundary (32.21, -9.67) - sending stop signal[0m
[33m[ WARN] [1789878555.723713102]: ------------------------------Position out of boundary (32.22, -9.66) - sending stop signal[0m
[33m[ WARN] [1789878555.825846222]: ------------------------------Position out of boundary (32.21, -9.67) - sending stop signal[0m
[33m[ WARN] [1789878555.929272506]: ------------------------------Position out of boundary (32.22, -9.66) - sending stop signal[0m
[33m[ WARN] [1789878556.025688930]: ------------------------------Position out of boundary (32.21, -9.66) - sending stop signal[0m
[33m[ WARN] [1789878556.133639322]: ------------------------------Position out of boundary (32.22, -9.65) - sending stop signal[0m
[33m[ WARN] [1789878556.228268880]: ------------------------------Position out of boundary (32.22, -9.65) - sending stop signal[0m
[33m[ WARN] [1789878556.331223959]: ------------------------------Position out of boundary (32.22, -9.66) - sending stop signal[0m
[33m[ WARN] [1789878556.428163652]: ------------------------------Position out of boundary (32.22, -9.66) - sending stop signal[0m
[33m[ WARN] [1789878556.526849218]: ------------------------------Position out of boundary (32.22, -9.67) - sending stop signal[0m
[33m[ WARN] [1789878556.639310342]: ------------------------------Position out of boundary (32.22, -9.68) - sending stop signal[0m
[33m[ WARN] [1789878556.741791337]: ------------------------------Position out of boundary (32.22, -9.67) - sending stop signal[0m
[33m[ WARN] [1789878556.833108127]: ------------------------------Position out of boundary (32.22, -9.67) - sending stop signal[0m
[33m[ WARN] [1789878556.927574644]: ------------------------------Position out of boundary (32.22, -9.67) - sending stop signal[0m
[33m[ WARN] [1789878557.029291247]: ------------------------------Position out of boundary (32.22, -9.66) - sending stop signal[0m
[33m[ WARN] [1789878557.125950522]: ------------------------------Position out of boundary (32.21, -9.66) - sending stop signal[0m
[33m[ WARN] [1789878557.224850234]: ------------------------------Position out of boundary (32.22, -9.65) - sending stop signal[0m
[33m[ WARN] [1789878557.327892162]: ------------------------------Position out of boundary (32.22, -9.65) - sending stop signal[0m
[33m[ WARN] [1789878557.428020270]: ------------------------------Position out of boundary (32.23, -9.65) - sending stop signal[0m
[33m[ WARN] [1789878607.624294261]: ------------------------------Position out of boundary (6.23, 0.98) - sending stop signal[0m
[33m[ WARN] [1789878607.725368521]: ------------------------------Position out of boundary (6.23, 0.98) - sending stop signal[0m
[33m[ WARN] [1789878607.822368948]: ------------------------------Position out of boundary (6.23, 0.98) - sending stop signal[0m
[33m[ WARN] [1789878607.922950944]: ------------------------------Position out of boundary (6.23, 0.99) - sending stop signal[0m
[33m[ WARN] [1789878608.030663954]: ------------------------------Position out of boundary (6.21, 1.01) - sending stop signal[0m
[33m[ WARN] [1789878608.121691395]: ------------------------------Position out of boundary (6.20, 1.02) - sending stop signal[0m
[33m[ WARN] [1789878608.220829506]: ------------------------------Position out of boundary (6.20, 1.03) - sending stop signal[0m
[33m[ WARN] [1789878608.327116582]: ------------------------------Position out of boundary (6.18, 1.04) - sending stop signal[0m
[33m[ WARN] [1789878608.424267441]: ------------------------------Position out of boundary (6.19, 1.03) - sending stop signal[0m
[33m[ WARN] [1789878608.525309986]: ------------------------------Position out of boundary (6.19, 1.03) - sending stop signal[0m
[33m[ WARN] [1789878608.626800216]: ------------------------------Position out of boundary (6.19, 1.03) - sending stop signal[0m
[33m[ WARN] [1789878608.725186160]: ------------------------------Position out of boundary (6.19, 1.03) - sending stop signal[0m
[33m[ WARN] [1789878608.824925396]: ------------------------------Position out of boundary (6.19, 1.03) - sending stop signal[0m
[33m[ WARN] [1789878608.922853191]: ------------------------------Position out of boundary (6.19, 1.03) - sending stop signal[0m
[33m[ WARN] [1789878609.022555660]: ------------------------------Position out of boundary (6.19, 1.03) - sending stop signal[0m
[33m[ WARN] [1789878609.121139493]: ------------------------------Position out of boundary (6.19, 1.03) - sending stop signal[0m
[33m[ WARN] [1789878609.225960859]: ------------------------------Position out of boundary (6.19, 1.03) - sending stop signal[0m
[33m[ WARN] [1789878609.321787706]: ------------------------------Position out of boundary (6.19, 1.03) - sending stop signal[0m
[33m[ WARN] [1789878609.423077422]: ------------------------------Position out of boundary (6.19, 1.03) - sending stop signal[0m
[33m[ WARN] [1789878609.522463119]: ------------------------------Position out of boundary (6.19, 1.03) - sending stop signal[0m
[33m[ WARN] [1789878609.629125526]: ------------------------------Position out of boundary (6.19, 1.03) - sending stop signal[0m
[33m[ WARN] [1789878609.721898872]: ------------------------------Position out of boundary (6.19, 1.03) - sending stop signal[0m
[33m[ WARN] [1789878609.822453412]: ------------------------------Position out of boundary (6.19, 1.03) - sending stop signal[0m
[33m[ WARN] [1789878609.921262816]: ------------------------------Position out of boundary (6.19, 1.03) - sending stop signal[0m
[33m[ WARN] [1789878610.026801437]: ------------------------------Position out of boundary (6.19, 1.03) - sending stop signal[0m
[33m[ WARN] [1789878610.126017884]: ------------------------------Position out of boundary (6.19, 1.03) - sending stop signal[0m
[33m[ WARN] [1789878610.221166293]: ------------------------------Position out of boundary (6.19, 1.03) - sending stop signal[0m
[33m[ WARN] [1789878610.321464959]: ------------------------------Position out of boundary (6.19, 1.03) - sending stop signal[0m
[33m[ WARN] [1789878610.430270491]: ------------------------------Position out of boundary (6.19, 1.03) - sending stop signal[0m
[33m[ WARN] [1789878610.527336454]: ------------------------------Position out of boundary (6.19, 1.03) - sending stop signal[0m
[33m[ WARN] [1789878610.632239292]: ------------------------------Position out of boundary (6.19, 1.03) - sending stop signal[0m
[33m[ WARN] [1789878610.725789285]: ------------------------------Position out of boundary (6.19, 1.03) - sending stop signal[0m
[33m[ WARN] [1789878610.825578570]: ------------------------------Position out of boundary (6.19, 1.03) - sending stop signal[0m
[33m[ WARN] [1789878610.923488477]: ------------------------------Position out of boundary (6.19, 1.03) - sending stop signal[0m
[33m[ WARN] [1789878611.030504040]: ------------------------------Position out of boundary (6.19, 1.03) - sending stop signal[0m
[33m[ WARN] [1789878611.122135743]: ------------------------------Position out of boundary (6.19, 1.03) - sending stop signal[0m
[33m[ WARN] [1789878611.221862787]: ------------------------------Position out of boundary (6.19, 1.03) - sending stop signal[0m
[33m[ WARN] [1789878611.326466423]: ------------------------------Position out of boundary (6.19, 1.03) - sending stop signal[0m
[33m[ WARN] [1789878611.421263596]: ------------------------------Position out of boundary (6.19, 1.03) - sending stop signal[0m
[33m[ WARN] [1789878611.522454911]: ------------------------------Position out of boundary (6.19, 1.03) - sending stop signal[0m
[33m[ WARN] [1789878611.623455119]: ------------------------------Position out of boundary (6.19, 1.03) - sending stop signal[0m
[33m[ WARN] [1789878611.728418798]: ------------------------------Position out of boundary (6.19, 1.03) - sending stop signal[0m
[33m[ WARN] [1789878611.821968514]: ------------------------------Position out of boundary (6.19, 1.03) - sending stop signal[0m
[33m[ WARN] [1789878611.921824403]: ------------------------------Position out of boundary (6.19, 1.03) - sending stop signal[0m
[33m[ WARN] [1789878612.029646194]: ------------------------------Position out of boundary (6.19, 1.03) - sending stop signal[0m
[33m[ WARN] [1789878612.120400427]: ------------------------------Position out of boundary (6.19, 1.03) - sending stop signal[0m
[33m[ WARN] [1789878612.223006199]: ------------------------------Position out of boundary (6.19, 1.03) - sending stop signal[0m
[33m[ WARN] [1789878612.321683517]: ------------------------------Position out of boundary (6.19, 1.03) - sending stop signal[0m
[33m[ WARN] [1789878612.430970859]: ------------------------------Position out of boundary (6.19, 1.03) - sending stop signal[0m
[33m[ WARN] [1789878612.525111812]: ------------------------------Position out of boundary (6.19, 1.03) - sending stop signal[0m
[33m[ WARN] [1789878612.623521671]: ------------------------------Position out of boundary (6.19, 1.03) - sending stop signal[0m
[33m[ WARN] [1789878612.723835453]: ------------------------------Position out of boundary (6.19, 1.03) - sending stop signal[0m
[33m[ WARN] [1789878612.828896578]: ------------------------------Position out of boundary (6.19, 1.03) - sending stop signal[0m
[33m[ WARN] [1789878612.922226835]: ------------------------------Position out of boundary (6.19, 1.03) - sending stop signal[0m
[33m[ WARN] [1789878613.024734110]: ------------------------------Position out of boundary (6.19, 1.03) - sending stop signal[0m
[33m[ WARN] [1789878613.125099189]: ------------------------------Position out of boundary (6.19, 1.03) - sending stop signal[0m
[33m[ WARN] [1789878613.226940090]: ------------------------------Position out of boundary (6.19, 1.03) - sending stop signal[0m
[33m[ WARN] [1789878613.323398666]: ------------------------------Position out of boundary (6.19, 1.03) - sending stop signal[0m
[33m[ WARN] [1789878613.428098571]: ------------------------------Position out of boundary (6.19, 1.03) - sending stop signal[0m
[33m[ WARN] [1789878613.521543229]: ------------------------------Position out of boundary (6.19, 1.03) - sending stop signal[0m
[33m[ WARN] [1789878613.623467715]: ------------------------------Position out of boundary (6.19, 1.03) - sending stop signal[0m
[33m[ WARN] [1789878613.724346046]: ------------------------------Position out of boundary (6.19, 1.02) - sending stop signal[0m
[33m[ WARN] [1789878613.829735270]: ------------------------------Position out of boundary (6.19, 1.02) - sending stop signal[0m
[33m[ WARN] [1789878613.921450184]: ------------------------------Position out of boundary (6.19, 1.02) - sending stop signal[0m
[33m[ WARN] [1789878614.022923977]: ------------------------------Position out of boundary (6.19, 1.02) - sending stop signal[0m
[33m[ WARN] [1789878614.122101075]: ------------------------------Position out of boundary (6.19, 1.02) - sending stop signal[0m
[33m[ WARN] [1789878614.221634082]: ------------------------------Position out of boundary (6.19, 1.02) - sending stop signal[0m
[33m[ WARN] [1789878614.321686965]: ------------------------------Position out of boundary (6.19, 1.02) - sending stop signal[0m
[33m[ WARN] [1789878614.433990240]: ------------------------------Position out of boundary (6.19, 1.02) - sending stop signal[0m
[33m[ WARN] [1789878614.523094248]: ------------------------------Position out of boundary (6.19, 1.02) - sending stop signal[0m
[33m[ WARN] [1789878614.628916340]: ------------------------------Position out of boundary (6.19, 1.02) - sending stop signal[0m
[33m[ WARN] [1789878614.726235629]: ------------------------------Position out of boundary (6.19, 1.02) - sending stop signal[0m
[33m[ WARN] [1789878614.824334509]: ------------------------------Position out of boundary (6.19, 1.02) - sending stop signal[0m
[33m[ WARN] [1789878614.923157908]: ------------------------------Position out of boundary (6.19, 1.02) - sending stop signal[0m
[33m[ WARN] [1789878615.024386515]: ------------------------------Position out of boundary (6.19, 1.02) - sending stop signal[0m
[33m[ WARN] [1789878615.122941848]: ------------------------------Position out of boundary (6.19, 1.02) - sending stop signal[0m
[33m[ WARN] [1789878615.222546983]: ------------------------------Position out of boundary (6.19, 1.02) - sending stop signal[0m
[33m[ WARN] [1789878615.323993160]: ------------------------------Position out of boundary (6.19, 1.02) - sending stop signal[0m
[33m[ WARN] [1789878615.428931691]: ------------------------------Position out of boundary (6.19, 1.02) - sending stop signal[0m
[33m[ WARN] [1789878615.523880588]: ------------------------------Position out of boundary (6.19, 1.02) - sending stop signal[0m
[33m[ WARN] [1789878615.624435428]: ------------------------------Position out of boundary (6.19, 1.02) - sending stop signal[0m
[33m[ WARN] [1789878615.722963801]: ------------------------------Position out of boundary (6.20, 1.02) - sending stop signal[0m
[33m[ WARN] [1789878615.822321450]: ------------------------------Position out of boundary (6.20, 1.02) - sending stop signal[0m
[33m[ WARN] [1789878615.924670070]: ------------------------------Position out of boundary (6.20, 1.02) - sending stop signal[0m
[33m[ WARN] [1789878616.030399939]: ------------------------------Position out of boundary (6.20, 1.02) - sending stop signal[0m
[33m[ WARN] [1789878616.128233029]: ------------------------------Position out of boundary (6.20, 1.02) - sending stop signal[0m
[33m[ WARN] [1789878616.221094840]: ------------------------------Position out of boundary (6.19, 1.03) - sending stop signal[0m
[33m[ WARN] [1789878616.320695370]: ------------------------------Position out of boundary (6.20, 1.02) - sending stop signal[0m
[33m[ WARN] [1789878616.423861759]: ------------------------------Position out of boundary (6.20, 1.02) - sending stop signal[0m
[33m[ WARN] [1789878616.521973827]: ------------------------------Position out of boundary (6.20, 1.02) - sending stop signal[0m
[33m[ WARN] [1789878616.629405568]: ------------------------------Position out of boundary (6.20, 1.02) - sending stop signal[0m
[33m[ WARN] [1789878616.722625590]: ------------------------------Position out of boundary (6.20, 1.02) - sending stop signal[0m
[33m[ WARN] [1789878616.833297042]: ------------------------------Position out of boundary (6.20, 1.02) - sending stop signal[0m
[33m[ WARN] [1789878616.923175081]: ------------------------------Position out of boundary (6.20, 1.02) - sending stop signal[0m
[33m[ WARN] [1789878617.055296464]: ------------------------------Position out of boundary (6.20, 1.02) - sending stop signal[0m
[33m[ WARN] [1789878617.123698810]: ------------------------------Position out of boundary (6.20, 1.02) - sending stop signal[0m
[33m[ WARN] [1789878617.223425006]: ------------------------------Position out of boundary (6.20, 1.02) - sending stop signal[0m
[33m[ WARN] [1789878617.330122724]: ------------------------------Position out of boundary (6.20, 1.02) - sending stop signal[0m
[33m[ WARN] [1789878617.424697511]: ------------------------------Position out of boundary (6.20, 1.02) - sending stop signal[0m
[33m[ WARN] [1789878617.529256169]: ------------------------------Position out of boundary (6.20, 1.02) - sending stop signal[0m
[33m[ WARN] [1789878617.635112599]: ------------------------------Position out of boundary (6.20, 1.02) - sending stop signal[0m
[33m[ WARN] [1789878617.726645117]: ------------------------------Position out of boundary (6.20, 1.02) - sending stop signal[0m
[33m[ WARN] [1789878617.831946918]: ------------------------------Position out of boundary (6.20, 1.02) - sending stop signal[0m
[33m[ WARN] [1789878617.923554349]: ------------------------------Position out of boundary (6.20, 1.02) - sending stop signal[0m
[33m[ WARN] [1789878618.022856636]: ------------------------------Position out of boundary (6.19, 1.02) - sending stop signal[0m
[33m[ WARN] [1789878618.122298797]: ------------------------------Position out of boundary (6.19, 1.02) - sending stop signal[0m
[33m[ WARN] [1789878618.222710472]: ------------------------------Position out of boundary (6.19, 1.02) - sending stop signal[0m
[33m[ WARN] [1789878618.326204415]: ------------------------------Position out of boundary (6.19, 1.02) - sending stop signal[0m
[33m[ WARN] [1789878618.423632733]: ------------------------------Position out of boundary (6.19, 1.02) - sending stop signal[0m
[33m[ WARN] [1789878618.521802851]: ------------------------------Position out of boundary (6.20, 1.02) - sending stop signal[0m
[33m[ WARN] [1789878618.623348392]: ------------------------------Position out of boundary (6.19, 1.02) - sending stop signal[0m
[33m[ WARN] [1789878618.726985441]: ------------------------------Position out of boundary (6.19, 1.02) - sending stop signal[0m
[33m[ WARN] [1789878618.822244394]: ------------------------------Position out of boundary (6.19, 1.02) - sending stop signal[0m
[33m[ WARN] [1789878618.927363537]: ------------------------------Position out of boundary (6.19, 1.02) - sending stop signal[0m
[33m[ WARN] [1789878619.022448313]: ------------------------------Position out of boundary (6.19, 1.02) - sending stop signal[0m
[33m[ WARN] [1789878619.122855563]: ------------------------------Position out of boundary (6.19, 1.02) - sending stop signal[0m
[33m[ WARN] [1789878619.221052813]: ------------------------------Position out of boundary (6.19, 1.02) - sending stop signal[0m
[33m[ WARN] [1789878619.325147529]: ------------------------------Position out of boundary (6.19, 1.02) - sending stop signal[0m
[33m[ WARN] [1789878619.422049503]: ------------------------------Position out of boundary (6.19, 1.02) - sending stop signal[0m
[33m[ WARN] [1789878619.521101386]: ------------------------------Position out of boundary (6.19, 1.02) - sending stop signal[0m
[33m[ WARN] [1789878619.622209449]: ------------------------------Position out of boundary (6.19, 1.02) - sending stop signal[0m
[33m[ WARN] [1789878619.722525792]: ------------------------------Position out of boundary (6.19, 1.02) - sending stop signal[0m
[33m[ WARN] [1789878619.821345609]: ------------------------------Position out of boundary (6.19, 1.02) - sending stop signal[0m
[33m[ WARN] [1789878619.922095908]: ------------------------------Position out of boundary (6.19, 1.02) - sending stop signal[0m
[33m[ WARN] [1789878620.027900785]: ------------------------------Position out of boundary (6.19, 1.02) - sending stop signal[0m
[33m[ WARN] [1789878620.123817917]: ------------------------------Position out of boundary (6.19, 1.02) - sending stop signal[0m
[33m[ WARN] [1789878620.223771824]: ------------------------------Position out of boundary (6.19, 1.02) - sending stop signal[0m
[33m[ WARN] [1789878620.327403464]: ------------------------------Position out of boundary (6.19, 1.02) - sending stop signal[0m
[33m[ WARN] [1789878620.422513644]: ------------------------------Position out of boundary (6.19, 1.02) - sending stop signal[0m
[33m[ WARN] [1789878620.521980731]: ------------------------------Position out of boundary (6.19, 1.02) - sending stop signal[0m
[33m[ WARN] [1789878620.627819848]: ------------------------------Position out of boundary (6.19, 1.02) - sending stop signal[0m
[33m[ WARN] [1789878620.721577407]: ------------------------------Position out of boundary (6.19, 1.02) - sending stop signal[0m
[33m[ WARN] [1789878620.822146136]: ------------------------------Position out of boundary (6.19, 1.02) - sending stop signal[0m
[33m[ WARN] [1789878620.920878336]: ------------------------------Position out of boundary (6.20, 1.02) - sending stop signal[0m
[33m[ WARN] [1789878621.022086368]: ------------------------------Position out of boundary (6.20, 1.02) - sending stop signal[0m
[33m[ WARN] [1789878621.121793745]: ------------------------------Position out of boundary (6.20, 1.02) - sending stop signal[0m
[33m[ WARN] [1789878621.222461899]: ------------------------------Position out of boundary (6.20, 1.02) - sending stop signal[0m
[33m[ WARN] [1789878621.326129443]: ------------------------------Position out of boundary (6.20, 1.02) - sending stop signal[0m
[33m[ WARN] [1789878621.423711487]: ------------------------------Position out of boundary (6.20, 1.02) - sending stop signal[0m
[33m[ WARN] [1789878621.522363302]: ------------------------------Position out of boundary (6.20, 1.02) - sending stop signal[0m
[33m[ WARN] [1789878621.623023297]: ------------------------------Position out of boundary (6.20, 1.02) - sending stop signal[0m
[33m[ WARN] [1789878621.721883657]: ------------------------------Position out of boundary (6.20, 1.02) - sending stop signal[0m
[33m[ WARN] [1789878621.822136864]: ------------------------------Position out of boundary (6.20, 1.02) - sending stop signal[0m
[33m[ WARN] [1789878621.922517431]: ------------------------------Position out of boundary (6.20, 1.02) - sending stop signal[0m
[33m[ WARN] [1789878622.036377875]: ------------------------------Position out of boundary (6.20, 1.02) - sending stop signal[0m
[33m[ WARN] [1789878622.127194509]: ------------------------------Position out of boundary (6.20, 1.02) - sending stop signal[0m
[33m[ WARN] [1789878622.228759025]: ------------------------------Position out of boundary (6.20, 1.02) - sending stop signal[0m
[33m[ WARN] [1789878622.324278585]: ------------------------------Position out of boundary (6.20, 1.02) - sending stop signal[0m
[33m[ WARN] [1789878622.424697137]: ------------------------------Position out of boundary (6.20, 1.02) - sending stop signal[0m
[33m[ WARN] [1789878622.521755784]: ------------------------------Position out of boundary (6.20, 1.02) - sending stop signal[0m
[33m[ WARN] [1789878622.622294369]: ------------------------------Position out of boundary (6.20, 1.02) - sending stop signal[0m
[33m[ WARN] [1789878622.731304109]: ------------------------------Position out of boundary (6.20, 1.02) - sending stop signal[0m
[33m[ WARN] [1789878622.825450184]: ------------------------------Position out of boundary (6.20, 1.02) - sending stop signal[0m
[33m[ WARN] [1789878622.922587520]: ------------------------------Position out of boundary (6.20, 1.02) - sending stop signal[0m
[33m[ WARN] [1789878623.055250676]: ------------------------------Position out of boundary (6.20, 1.02) - sending stop signal[0m
[33m[ WARN] [1789878623.129156968]: ------------------------------Position out of boundary (6.20, 1.02) - sending stop signal[0m
[33m[ WARN] [1789878623.228399797]: ------------------------------Position out of boundary (6.21, 1.02) - sending stop signal[0m
[33m[ WARN] [1789878623.322954291]: ------------------------------Position out of boundary (6.20, 1.02) - sending stop signal[0m
[33m[ WARN] [1789878623.422514275]: ------------------------------Position out of boundary (6.20, 1.02) - sending stop signal[0m
[33m[ WARN] [1789878623.530524453]: ------------------------------Position out of boundary (6.20, 1.02) - sending stop signal[0m
[33m[ WARN] [1789878623.624062842]: ------------------------------Position out of boundary (6.20, 1.02) - sending stop signal[0m
[33m[ WARN] [1789878623.724866583]: ------------------------------Position out of boundary (6.20, 1.02) - sending stop signal[0m
[33m[ WARN] [1789878623.823040507]: ------------------------------Position out of boundary (6.20, 1.02) - sending stop signal[0m
[33m[ WARN] [1789878623.930144375]: ------------------------------Position out of boundary (6.20, 1.02) - sending stop signal[0m
[33m[ WARN] [1789878624.028543678]: ------------------------------Position out of boundary (6.20, 1.02) - sending stop signal[0m
[33m[ WARN] [1789878624.122843324]: ------------------------------Position out of boundary (6.20, 1.02) - sending stop signal[0m
[33m[ WARN] [1789878624.225918544]: ------------------------------Position out of boundary (6.20, 1.02) - sending stop signal[0m
[33m[ WARN] [1789878624.323659952]: ------------------------------Position out of boundary (6.20, 1.02) - sending stop signal[0m
[33m[ WARN] [1789878624.429533088]: ------------------------------Position out of boundary (6.20, 1.02) - sending stop signal[0m
[33m[ WARN] [1789878624.532009678]: ------------------------------Position out of boundary (6.20, 1.02) - sending stop signal[0m
[33m[ WARN] [1789878624.623292943]: ------------------------------Position out of boundary (6.20, 1.02) - sending stop signal[0m
[33m[ WARN] [1789878624.727308268]: ------------------------------Position out of boundary (6.20, 1.02) - sending stop signal[0m
[33m[ WARN] [1789878624.827035840]: ------------------------------Position out of boundary (6.20, 1.02) - sending stop signal[0m
[33m[ WARN] [1789878624.927453434]: ------------------------------Position out of boundary (6.19, 1.02) - sending stop signal[0m
[33m[ WARN] [1789878625.024834423]: ------------------------------Position out of boundary (6.19, 1.02) - sending stop signal[0m
[33m[ WARN] [1789878625.124566442]: ------------------------------Position out of boundary (6.19, 1.02) - sending stop signal[0m
[33m[ WARN] [1789878625.223171122]: ------------------------------Position out of boundary (6.19, 1.02) - sending stop signal[0m
[33m[ WARN] [1789878625.321856636]: ------------------------------Position out of boundary (6.19, 1.02) - sending stop signal[0m
[33m[ WARN] [1789878625.426483423]: ------------------------------Position out of boundary (6.19, 1.02) - sending stop signal[0m
[33m[ WARN] [1789878625.526692119]: ------------------------------Position out of boundary (6.19, 1.02) - sending stop signal[0m
[33m[ WARN] [1789878625.627919770]: ------------------------------Position out of boundary (6.19, 1.02) - sending stop signal[0m
[33m[ WARN] [1789878625.722536795]: ------------------------------Position out of boundary (6.19, 1.02) - sending stop signal[0m
[33m[ WARN] [1789878625.831265031]: ------------------------------Position out of boundary (6.19, 1.02) - sending stop signal[0m
[33m[ WARN] [1789878625.921898881]: ------------------------------Position out of boundary (6.19, 1.02) - sending stop signal[0m
[33m[ WARN] [1789878626.032000026]: ------------------------------Position out of boundary (6.19, 1.02) - sending stop signal[0m
[33m[ WARN] [1789878626.122454227]: ------------------------------Position out of boundary (6.19, 1.03) - sending stop signal[0m
[33m[ WARN] [1789878626.222998382]: ------------------------------Position out of boundary (6.19, 1.03) - sending stop signal[0m
[33m[ WARN] [1789878626.325875617]: ------------------------------Position out of boundary (6.19, 1.03) - sending stop signal[0m
[33m[ WARN] [1789878626.427877802]: ------------------------------Position out of boundary (6.19, 1.03) - sending stop signal[0m
[33m[ WARN] [1789878626.529140397]: ------------------------------Position out of boundary (6.19, 1.03) - sending stop signal[0m
[33m[ WARN] [1789878626.623930864]: ------------------------------Position out of boundary (6.19, 1.03) - sending stop signal[0m
[33m[ WARN] [1789878626.734366541]: ------------------------------Position out of boundary (6.19, 1.03) - sending stop signal[0m
[33m[ WARN] [1789878626.823016819]: ------------------------------Position out of boundary (6.19, 1.03) - sending stop signal[0m
[33m[ WARN] [1789878626.922819175]: ------------------------------Position out of boundary (6.19, 1.03) - sending stop signal[0m
[33m[ WARN] [1789878627.033127523]: ------------------------------Position out of boundary (6.19, 1.03) - sending stop signal[0m
[33m[ WARN] [1789878627.121930763]: ------------------------------Position out of boundary (6.20, 1.03) - sending stop signal[0m
[33m[ WARN] [1789878627.226797937]: ------------------------------Position out of boundary (6.19, 1.03) - sending stop signal[0m
[33m[ WARN] [1789878627.321577012]: ------------------------------Position out of boundary (6.19, 1.03) - sending stop signal[0m
[33m[ WARN] [1789878627.424528903]: ------------------------------Position out of boundary (6.19, 1.03) - sending stop signal[0m
[33m[ WARN] [1789878627.530139700]: ------------------------------Position out of boundary (6.19, 1.02) - sending stop signal[0m
[33m[ WARN] [1789878627.625246362]: ------------------------------Position out of boundary (6.19, 1.02) - sending stop signal[0m
[33m[ WARN] [1789878627.728253005]: ------------------------------Position out of boundary (6.19, 1.02) - sending stop signal[0m
[33m[ WARN] [1789878627.824648702]: ------------------------------Position out of boundary (6.19, 1.02) - sending stop signal[0m
[33m[ WARN] [1789878627.927579791]: ------------------------------Position out of boundary (6.19, 1.02) - sending stop signal[0m
[33m[ WARN] [1789878628.024357444]: ------------------------------Position out of boundary (6.19, 1.02) - sending stop signal[0m
[33m[ WARN] [1789878628.126346443]: ------------------------------Position out of boundary (6.19, 1.02) - sending stop signal[0m
[33m[ WARN] [1789878628.222552987]: ------------------------------Position out of boundary (6.19, 1.02) - sending stop signal[0m
[33m[ WARN] [1789878628.323868060]: ------------------------------Position out of boundary (6.19, 1.03) - sending stop signal[0m
[33m[ WARN] [1789878628.428516606]: ------------------------------Position out of boundary (6.19, 1.03) - sending stop signal[0m
[33m[ WARN] [1789878628.522984572]: ------------------------------Position out of boundary (6.19, 1.03) - sending stop signal[0m
[33m[ WARN] [1789878628.624284797]: ------------------------------Position out of boundary (6.19, 1.03) - sending stop signal[0m
[33m[ WARN] [1789878628.727054124]: ------------------------------Position out of boundary (6.19, 1.03) - sending stop signal[0m
[33m[ WARN] [1789878628.824282085]: ------------------------------Position out of boundary (6.19, 1.03) - sending stop signal[0m
[33m[ WARN] [1789878628.921230876]: ------------------------------Position out of boundary (6.19, 1.03) - sending stop signal[0m
[33m[ WARN] [1789878629.023048450]: ------------------------------Position out of boundary (6.19, 1.03) - sending stop signal[0m
[33m[ WARN] [1789878629.126762395]: ------------------------------Position out of boundary (6.19, 1.03) - sending stop signal[0m
[33m[ WARN] [1789878629.226497996]: ------------------------------Position out of boundary (6.19, 1.03) - sending stop signal[0m
[33m[ WARN] [1789878629.322122166]: ------------------------------Position out of boundary (6.19, 1.03) - sending stop signal[0m
[33m[ WARN] [1789878629.421772007]: ------------------------------Position out of boundary (6.19, 1.03) - sending stop signal[0m
[33m[ WARN] [1789878629.529095939]: ------------------------------Position out of boundary (6.19, 1.03) - sending stop signal[0m
[33m[ WARN] [1789878629.622827290]: ------------------------------Position out of boundary (6.19, 1.03) - sending stop signal[0m
[33m[ WARN] [1789878629.734024284]: ------------------------------Position out of boundary (6.19, 1.03) - sending stop signal[0m
[33m[ WARN] [1789878629.829429123]: ------------------------------Position out of boundary (6.19, 1.03) - sending stop signal[0m
[33m[ WARN] [1789878629.922487955]: ------------------------------Position out of boundary (6.19, 1.03) - sending stop signal[0m
[33m[ WARN] [1789878630.029881104]: ------------------------------Position out of boundary (6.19, 1.03) - sending stop signal[0m
[33m[ WARN] [1789878630.122130232]: ------------------------------Position out of boundary (6.19, 1.03) - sending stop signal[0m
[33m[ WARN] [1789878630.221897418]: ------------------------------Position out of boundary (6.19, 1.03) - sending stop signal[0m
[33m[ WARN] [1789878630.321430330]: ------------------------------Position out of boundary (6.19, 1.03) - sending stop signal[0m
[33m[ WARN] [1789878630.421869395]: ------------------------------Position out of boundary (6.19, 1.03) - sending stop signal[0m
[33m[ WARN] [1789878630.529097550]: ------------------------------Position out of boundary (6.19, 1.03) - sending stop signal[0m
[33m[ WARN] [1789878630.622942118]: ------------------------------Position out of boundary (6.19, 1.03) - sending stop signal[0m
[33m[ WARN] [1789878630.729895838]: ------------------------------Position out of boundary (6.19, 1.03) - sending stop signal[0m
[33m[ WARN] [1789878630.825481383]: ------------------------------Position out of boundary (6.19, 1.03) - sending stop signal[0m
[33m[ WARN] [1789878630.922424446]: ------------------------------Position out of boundary (6.19, 1.03) - sending stop signal[0m
[33m[ WARN] [1789878631.028293836]: ------------------------------Position out of boundary (6.19, 1.03) - sending stop signal[0m
[33m[ WARN] [1789878631.126482286]: ------------------------------Position out of boundary (6.19, 1.03) - sending stop signal[0m
[33m[ WARN] [1789878631.221765620]: ------------------------------Position out of boundary (6.19, 1.03) - sending stop signal[0m
[33m[ WARN] [1789878631.322274125]: ------------------------------Position out of boundary (6.19, 1.03) - sending stop signal[0m
[33m[ WARN] [1789878631.421865406]: ------------------------------Position out of boundary (6.19, 1.03) - sending stop signal[0m
[33m[ WARN] [1789878631.524079144]: ------------------------------Position out of boundary (6.19, 1.03) - sending stop signal[0m
[33m[ WARN] [1789878631.623439030]: ------------------------------Position out of boundary (6.19, 1.03) - sending stop signal[0m
[33m[ WARN] [1789878631.726317543]: ------------------------------Position out of boundary (6.19, 1.03) - sending stop signal[0m
[33m[ WARN] [1789878631.823559777]: ------------------------------Position out of boundary (6.19, 1.03) - sending stop signal[0m
[33m[ WARN] [1789878631.929706803]: ------------------------------Position out of boundary (6.19, 1.03) - sending stop signal[0m
[33m[ WARN] [1789878632.035357536]: ------------------------------Position out of boundary (6.19, 1.03) - sending stop signal[0m
[33m[ WARN] [1789878632.122273461]: ------------------------------Position out of boundary (6.19, 1.03) - sending stop signal[0m
[33m[ WARN] [1789878632.224135421]: ------------------------------Position out of boundary (6.19, 1.03) - sending stop signal[0m
[33m[ WARN] [1789878632.326008997]: ------------------------------Position out of boundary (6.19, 1.03) - sending stop signal[0m
[33m[ WARN] [1789878632.424045799]: ------------------------------Position out of boundary (6.19, 1.03) - sending stop signal[0m
[33m[ WARN] [1789878632.523806298]: ------------------------------Position out of boundary (6.19, 1.03) - sending stop signal[0m
[33m[ WARN] [1789878632.626212007]: ------------------------------Position out of boundary (6.19, 1.03) - sending stop signal[0m
[33m[ WARN] [1789878632.724975377]: ------------------------------Position out of boundary (6.19, 1.03) - sending stop signal[0m
[33m[ WARN] [1789878632.831529062]: ------------------------------Position out of boundary (6.19, 1.03) - sending stop signal[0m
[33m[ WARN] [1789878632.925939493]: ------------------------------Position out of boundary (6.19, 1.03) - sending stop signal[0m
[33m[ WARN] [1789878633.029317276]: ------------------------------Position out of boundary (6.19, 1.03) - sending stop signal[0m
[33m[ WARN] [1789878633.123415287]: ------------------------------Position out of boundary (6.19, 1.03) - sending stop signal[0m
[33m[ WARN] [1789878633.222082176]: ------------------------------Position out of boundary (6.19, 1.03) - sending stop signal[0m
[33m[ WARN] [1789878633.322563162]: ------------------------------Position out of boundary (6.19, 1.03) - sending stop signal[0m
[33m[ WARN] [1789878633.423463448]: ------------------------------Position out of boundary (6.19, 1.03) - sending stop signal[0m
[33m[ WARN] [1789878633.523307468]: ------------------------------Position out of boundary (6.19, 1.03) - sending stop signal[0m
[33m[ WARN] [1789878633.629210875]: ------------------------------Position out of boundary (6.19, 1.03) - sending stop signal[0m
[33m[ WARN] [1789878633.723176438]: ------------------------------Position out of boundary (6.19, 1.03) - sending stop signal[0m
[33m[ WARN] [1789878633.829316135]: ------------------------------Position out of boundary (6.19, 1.03) - sending stop signal[0m
[33m[ WARN] [1789878633.933527686]: ------------------------------Position out of boundary (6.19, 1.03) - sending stop signal[0m
[33m[ WARN] [1789878634.022213325]: ------------------------------Position out of boundary (6.19, 1.03) - sending stop signal[0m
[33m[ WARN] [1789878634.121798590]: ------------------------------Position out of boundary (6.19, 1.03) - sending stop signal[0m
[33m[ WARN] [1789878634.222744477]: ------------------------------Position out of boundary (6.19, 1.03) - sending stop signal[0m
[33m[ WARN] [1789878634.323241847]: ------------------------------Position out of boundary (6.19, 1.03) - sending stop signal[0m
[33m[ WARN] [1789878634.422502917]: ------------------------------Position out of boundary (6.19, 1.03) - sending stop signal[0m
[33m[ WARN] [1789878634.530911885]: ------------------------------Position out of boundary (6.19, 1.03) - sending stop signal[0m
[33m[ WARN] [1789878634.635549264]: ------------------------------Position out of boundary (6.19, 1.03) - sending stop signal[0m
[33m[ WARN] [1789878634.723111596]: ------------------------------Position out of boundary (6.19, 1.03) - sending stop signal[0m
[33m[ WARN] [1789878634.828990907]: ------------------------------Position out of boundary (6.19, 1.03) - sending stop signal[0m
[33m[ WARN] [1789878634.924752615]: ------------------------------Position out of boundary (6.19, 1.03) - sending stop signal[0m
[33m[ WARN] [1789878635.032981997]: ------------------------------Position out of boundary (6.19, 1.03) - sending stop signal[0m
[33m[ WARN] [1789878635.123092162]: ------------------------------Position out of boundary (6.19, 1.03) - sending stop signal[0m
[33m[ WARN] [1789878635.222316431]: ------------------------------Position out of boundary (6.19, 1.03) - sending stop signal[0m
[33m[ WARN] [1789878635.322399206]: ------------------------------Position out of boundary (6.19, 1.03) - sending stop signal[0m
[33m[ WARN] [1789878635.428854011]: ------------------------------Position out of boundary (6.19, 1.03) - sending stop signal[0m
[33m[ WARN] [1789878635.524676295]: ------------------------------Position out of boundary (6.19, 1.03) - sending stop signal[0m
[33m[ WARN] [1789878635.624502811]: ------------------------------Position out of boundary (6.19, 1.03) - sending stop signal[0m
[33m[ WARN] [1789878635.723408933]: ------------------------------Position out of boundary (6.19, 1.03) - sending stop signal[0m
[33m[ WARN] [1789878635.824695654]: ------------------------------Position out of boundary (6.19, 1.03) - sending stop signal[0m
[33m[ WARN] [1789878635.924338935]: ------------------------------Position out of boundary (6.19, 1.03) - sending stop signal[0m
[33m[ WARN] [1789878636.025488246]: ------------------------------Position out of boundary (6.19, 1.03) - sending stop signal[0m
[33m[ WARN] [1789878636.124596290]: ------------------------------Position out of boundary (6.19, 1.03) - sending stop signal[0m
[33m[ WARN] [1789878636.222513858]: ------------------------------Position out of boundary (6.19, 1.03) - sending stop signal[0m
[33m[ WARN] [1789878636.326736223]: ------------------------------Position out of boundary (6.19, 1.03) - sending stop signal[0m
[33m[ WARN] [1789878636.422600651]: ------------------------------Position out of boundary (6.19, 1.03) - sending stop signal[0m
[33m[ WARN] [1789878636.523104037]: ------------------------------Position out of boundary (6.19, 1.03) - sending stop signal[0m
[33m[ WARN] [1789878636.622990808]: ------------------------------Position out of boundary (6.19, 1.03) - sending stop signal[0m
[33m[ WARN] [1789878636.722701929]: ------------------------------Position out of boundary (6.19, 1.03) - sending stop signal[0m
[33m[ WARN] [1789878636.828975739]: ------------------------------Position out of boundary (6.19, 1.03) - sending stop signal[0m
[33m[ WARN] [1789878636.931398023]: ------------------------------Position out of boundary (6.19, 1.03) - sending stop signal[0m
[33m[ WARN] [1789878637.033990965]: ------------------------------Position out of boundary (6.19, 1.03) - sending stop signal[0m
[33m[ WARN] [1789878637.123410177]: ------------------------------Position out of boundary (6.20, 1.03) - sending stop signal[0m
[33m[ WARN] [1789878637.228557704]: ------------------------------Position out of boundary (6.19, 1.03) - sending stop signal[0m
[33m[ WARN] [1789878637.322586882]: ------------------------------Position out of boundary (6.19, 1.03) - sending stop signal[0m
[33m[ WARN] [1789878637.425038958]: ------------------------------Position out of boundary (6.19, 1.03) - sending stop signal[0m
[33m[ WARN] [1789878637.523914840]: ------------------------------Position out of boundary (6.19, 1.03) - sending stop signal[0m
[33m[ WARN] [1789878637.630781263]: ------------------------------Position out of boundary (6.19, 1.03) - sending stop signal[0m
[33m[ WARN] [1789878637.724153763]: ------------------------------Position out of boundary (6.19, 1.03) - sending stop signal[0m
[33m[ WARN] [1789878637.822805578]: ------------------------------Position out of boundary (6.19, 1.03) - sending stop signal[0m
[33m[ WARN] [1789878637.922534715]: ------------------------------Position out of boundary (6.19, 1.03) - sending stop signal[0m
[33m[ WARN] [1789878638.023638138]: ------------------------------Position out of boundary (6.19, 1.03) - sending stop signal[0m
[33m[ WARN] [1789878638.123271595]: ------------------------------Position out of boundary (6.19, 1.03) - sending stop signal[0m
[33m[ WARN] [1789878638.223057597]: ------------------------------Position out of boundary (6.19, 1.03) - sending stop signal[0m
[33m[ WARN] [1789878638.323524790]: ------------------------------Position out of boundary (6.19, 1.03) - sending stop signal[0m
[33m[ WARN] [1789878638.423049382]: ------------------------------Position out of boundary (6.19, 1.03) - sending stop signal[0m
[33m[ WARN] [1789878638.521497739]: ------------------------------Position out of boundary (6.19, 1.03) - sending stop signal[0m
[33m[ WARN] [1789878638.622484649]: ------------------------------Position out of boundary (6.19, 1.03) - sending stop signal[0m
[33m[ WARN] [1789878638.728855932]: ------------------------------Position out of boundary (6.19, 1.03) - sending stop signal[0m
[33m[ WARN] [1789878638.822259055]: ------------------------------Position out of boundary (6.19, 1.03) - sending stop signal[0m
[33m[ WARN] [1789878638.921911776]: ------------------------------Position out of boundary (6.19, 1.03) - sending stop signal[0m
[33m[ WARN] [1789878639.028008048]: ------------------------------Position out of boundary (6.19, 1.03) - sending stop signal[0m
[33m[ WARN] [1789878639.121646374]: ------------------------------Position out of boundary (6.19, 1.03) - sending stop signal[0m
[33m[ WARN] [1789878639.222040831]: ------------------------------Position out of boundary (6.19, 1.03) - sending stop signal[0m
[33m[ WARN] [1789878639.323357664]: ------------------------------Position out of boundary (6.19, 1.03) - sending stop signal[0m
[33m[ WARN] [1789878639.423862425]: ------------------------------Position out of boundary (6.19, 1.03) - sending stop signal[0m
[33m[ WARN] [1789878639.522129308]: ------------------------------Position out of boundary (6.19, 1.03) - sending stop signal[0m
[33m[ WARN] [1789878639.621733741]: ------------------------------Position out of boundary (6.19, 1.03) - sending stop signal[0m
[33m[ WARN] [1789878639.723208719]: ------------------------------Position out of boundary (6.19, 1.03) - sending stop signal[0m
[33m[ WARN] [1789878639.821686226]: ------------------------------Position out of boundary (6.19, 1.03) - sending stop signal[0m
[33m[ WARN] [1789878639.921555044]: ------------------------------Position out of boundary (6.19, 1.03) - sending stop signal[0m
[33m[ WARN] [1789878640.028783293]: ------------------------------Position out of boundary (6.19, 1.03) - sending stop signal[0m
[33m[ WARN] [1789878640.122844437]: ------------------------------Position out of boundary (6.19, 1.03) - sending stop signal[0m
[33m[ WARN] [1789878640.223134411]: ------------------------------Position out of boundary (6.19, 1.03) - sending stop signal[0m
[33m[ WARN] [1789878640.327587049]: ------------------------------Position out of boundary (6.19, 1.03) - sending stop signal[0m
[33m[ WARN] [1789878640.423869847]: ------------------------------Position out of boundary (6.19, 1.03) - sending stop signal[0m
[33m[ WARN] [1789878640.523249635]: ------------------------------Position out of boundary (6.19, 1.03) - sending stop signal[0m
[33m[ WARN] [1789878640.623247542]: ------------------------------Position out of boundary (6.19, 1.03) - sending stop signal[0m
[33m[ WARN] [1789878640.725873826]: ------------------------------Position out of boundary (6.19, 1.03) - sending stop signal[0m
[33m[ WARN] [1789878640.823775328]: ------------------------------Position out of boundary (6.19, 1.03) - sending stop signal[0m
[33m[ WARN] [1789878640.922214339]: ------------------------------Position out of boundary (6.19, 1.03) - sending stop signal[0m
[33m[ WARN] [1789878641.023161951]: ------------------------------Position out of boundary (6.19, 1.03) - sending stop signal[0m
[33m[ WARN] [1789878641.120577112]: ------------------------------Position out of boundary (6.19, 1.03) - sending stop signal[0m
[33m[ WARN] [1789878641.228224918]: ------------------------------Position out of boundary (6.19, 1.03) - sending stop signal[0m
[33m[ WARN] [1789878641.321341381]: ------------------------------Position out of boundary (6.19, 1.03) - sending stop signal[0m
[33m[ WARN] [1789878641.422689668]: ------------------------------Position out of boundary (6.19, 1.03) - sending stop signal[0m
[33m[ WARN] [1789878641.522994810]: ------------------------------Position out of boundary (6.19, 1.03) - sending stop signal[0m
[33m[ WARN] [1789878641.621682848]: ------------------------------Position out of boundary (6.19, 1.03) - sending stop signal[0m
[33m[ WARN] [1789878641.735631323]: ------------------------------Position out of boundary (6.19, 1.03) - sending stop signal[0m
[33m[ WARN] [1789878641.826012335]: ------------------------------Position out of boundary (6.19, 1.03) - sending stop signal[0m
[33m[ WARN] [1789878641.922840578]: ------------------------------Position out of boundary (6.19, 1.03) - sending stop signal[0m
[33m[ WARN] [1789878642.029038546]: ------------------------------Position out of boundary (6.19, 1.03) - sending stop signal[0m
[33m[ WARN] [1789878642.123253131]: ------------------------------Position out of boundary (6.19, 1.03) - sending stop signal[0m
[33m[ WARN] [1789878642.222494455]: ------------------------------Position out of boundary (6.19, 1.03) - sending stop signal[0m
[33m[ WARN] [1789878642.321800962]: ------------------------------Position out of boundary (6.19, 1.03) - sending stop signal[0m
[33m[ WARN] [1789878642.423860969]: ------------------------------Position out of boundary (6.19, 1.03) - sending stop signal[0m
[33m[ WARN] [1789878642.524425761]: ------------------------------Position out of boundary (6.19, 1.03) - sending stop signal[0m
[33m[ WARN] [1789878642.623956975]: ------------------------------Position out of boundary (6.19, 1.03) - sending stop signal[0m
[33m[ WARN] [1789878642.727127168]: ------------------------------Position out of boundary (6.19, 1.03) - sending stop signal[0m
[33m[ WARN] [1789878642.822958218]: ------------------------------Position out of boundary (6.19, 1.03) - sending stop signal[0m
[33m[ WARN] [1789878642.923502498]: ------------------------------Position out of boundary (6.19, 1.03) - sending stop signal[0m
[33m[ WARN] [1789878643.023138449]: ------------------------------Position out of boundary (6.19, 1.03) - sending stop signal[0m
[33m[ WARN] [1789878643.123619624]: ------------------------------Position out of boundary (6.19, 1.03) - sending stop signal[0m
[33m[ WARN] [1789878643.223646011]: ------------------------------Position out of boundary (6.19, 1.03) - sending stop signal[0m
[33m[ WARN] [1789878643.322443266]: ------------------------------Position out of boundary (6.19, 1.03) - sending stop signal[0m
[33m[ WARN] [1789878643.426381115]: ------------------------------Position out of boundary (6.19, 1.03) - sending stop signal[0m
[33m[ WARN] [1789878643.526204524]: ------------------------------Position out of boundary (6.19, 1.03) - sending stop signal[0m
[33m[ WARN] [1789878643.629011897]: ------------------------------Position out of boundary (6.19, 1.03) - sending stop signal[0m
[33m[ WARN] [1789878643.727886145]: ------------------------------Position out of boundary (6.19, 1.03) - sending stop signal[0m
[33m[ WARN] [1789878643.823797932]: ------------------------------Position out of boundary (6.19, 1.03) - sending stop signal[0m
[33m[ WARN] [1789878643.921083621]: ------------------------------Position out of boundary (6.19, 1.03) - sending stop signal[0m
[33m[ WARN] [1789878644.034258297]: ------------------------------Position out of boundary (6.19, 1.03) - sending stop signal[0m
[33m[ WARN] [1789878644.126155389]: ------------------------------Position out of boundary (6.19, 1.03) - sending stop signal[0m
[33m[ WARN] [1789878644.222618190]: ------------------------------Position out of boundary (6.19, 1.03) - sending stop signal[0m
[33m[ WARN] [1789878644.326044194]: ------------------------------Position out of boundary (6.19, 1.03) - sending stop signal[0m
[33m[ WARN] [1789878644.424539335]: ------------------------------Position out of boundary (6.19, 1.03) - sending stop signal[0m
[33m[ WARN] [1789878644.527834042]: ------------------------------Position out of boundary (6.19, 1.03) - sending stop signal[0m
[33m[ WARN] [1789878644.622065941]: ------------------------------Position out of boundary (6.19, 1.03) - sending stop signal[0m
[33m[ WARN] [1789878644.725931310]: ------------------------------Position out of boundary (6.19, 1.03) - sending stop signal[0m
[33m[ WARN] [1789878644.825700959]: ------------------------------Position out of boundary (6.19, 1.03) - sending stop signal[0m
[33m[ WARN] [1789878644.928621295]: ------------------------------Position out of boundary (6.19, 1.03) - sending stop signal[0m
[33m[ WARN] [1789878645.029888462]: ------------------------------Position out of boundary (6.19, 1.03) - sending stop signal[0m
[33m[ WARN] [1789878645.123321121]: ------------------------------Position out of boundary (6.19, 1.03) - sending stop signal[0m
[33m[ WARN] [1789878645.224376031]: ------------------------------Position out of boundary (6.19, 1.03) - sending stop signal[0m
[33m[ WARN] [1789878645.323065989]: ------------------------------Position out of boundary (6.19, 1.03) - sending stop signal[0m
[33m[ WARN] [1789878645.425643089]: ------------------------------Position out of boundary (6.19, 1.03) - sending stop signal[0m
[33m[ WARN] [1789878645.523579984]: ------------------------------Position out of boundary (6.19, 1.03) - sending stop signal[0m
[33m[ WARN] [1789878645.629649055]: ------------------------------Position out of boundary (6.19, 1.03) - sending stop signal[0m
[33m[ WARN] [1789878645.729602098]: ------------------------------Position out of boundary (6.19, 1.03) - sending stop signal[0m
[33m[ WARN] [1789878645.824340145]: ------------------------------Position out of boundary (6.19, 1.03) - sending stop signal[0m
[33m[ WARN] [1789878645.921950861]: ------------------------------Position out of boundary (6.19, 1.03) - sending stop signal[0m
[33m[ WARN] [1789878646.023012715]: ------------------------------Position out of boundary (6.19, 1.03) - sending stop signal[0m
[33m[ WARN] [1789878646.127088838]: ------------------------------Position out of boundary (6.19, 1.03) - sending stop signal[0m
[33m[ WARN] [1789878646.227345756]: ------------------------------Position out of boundary (6.18, 1.03) - sending stop signal[0m
[33m[ WARN] [1789878646.321988570]: ------------------------------Position out of boundary (6.19, 1.03) - sending stop signal[0m
[33m[ WARN] [1789878646.427489475]: ------------------------------Position out of boundary (6.19, 1.03) - sending stop signal[0m
[33m[ WARN] [1789878646.525079871]: ------------------------------Position out of boundary (6.19, 1.03) - sending stop signal[0m
[33m[ WARN] [1789878646.624554797]: ------------------------------Position out of boundary (6.19, 1.03) - sending stop signal[0m
[33m[ WARN] [1789878646.728745321]: ------------------------------Position out of boundary (6.19, 1.03) - sending stop signal[0m
[33m[ WARN] [1789878646.828221367]: ------------------------------Position out of boundary (6.19, 1.03) - sending stop signal[0m
[33m[ WARN] [1789878646.925390287]: ------------------------------Position out of boundary (6.19, 1.03) - sending stop signal[0m
[33m[ WARN] [1789878647.037348535]: ------------------------------Position out of boundary (6.19, 1.03) - sending stop signal[0m
[33m[ WARN] [1789878647.120557318]: ------------------------------Position out of boundary (6.19, 1.03) - sending stop signal[0m
[33m[ WARN] [1789878647.222374347]: ------------------------------Position out of boundary (6.19, 1.03) - sending stop signal[0m
[33m[ WARN] [1789878647.321267667]: ------------------------------Position out of boundary (6.19, 1.03) - sending stop signal[0m
[33m[ WARN] [1789878647.429402550]: ------------------------------Position out of boundary (6.19, 1.03) - sending stop signal[0m
[33m[ WARN] [1789878647.529011461]: ------------------------------Position out of boundary (6.19, 1.03) - sending stop signal[0m
[33m[ WARN] [1789878647.623714245]: ------------------------------Position out of boundary (6.19, 1.03) - sending stop signal[0m
[33m[ WARN] [1789878647.722979761]: ------------------------------Position out of boundary (6.19, 1.03) - sending stop signal[0m
[33m[ WARN] [1789878647.823807788]: ------------------------------Position out of boundary (6.19, 1.03) - sending stop signal[0m
[33m[ WARN] [1789878647.931086631]: ------------------------------Position out of boundary (6.19, 1.03) - sending stop signal[0m
[33m[ WARN] [1789878648.022795817]: ------------------------------Position out of boundary (6.19, 1.03) - sending stop signal[0m
[33m[ WARN] [1789878648.122365048]: ------------------------------Position out of boundary (6.19, 1.03) - sending stop signal[0m
[33m[ WARN] [1789878648.222203498]: ------------------------------Position out of boundary (6.19, 1.03) - sending stop signal[0m
[33m[ WARN] [1789878648.321401909]: ------------------------------Position out of boundary (6.19, 1.03) - sending stop signal[0m
[33m[ WARN] [1789878648.422365714]: ------------------------------Position out of boundary (6.19, 1.03) - sending stop signal[0m
[33m[ WARN] [1789878648.521985282]: ------------------------------Position out of boundary (6.19, 1.03) - sending stop signal[0m
[33m[ WARN] [1789878648.623339042]: ------------------------------Position out of boundary (6.19, 1.03) - sending stop signal[0m
[33m[ WARN] [1789878648.720827293]: ------------------------------Position out of boundary (6.19, 1.03) - sending stop signal[0m
[33m[ WARN] [1789878648.821582008]: ------------------------------Position out of boundary (6.19, 1.03) - sending stop signal[0m
[33m[ WARN] [1789878648.922572213]: ------------------------------Position out of boundary (6.19, 1.03) - sending stop signal[0m
[33m[ WARN] [1789878649.027126901]: ------------------------------Position out of boundary (6.19, 1.03) - sending stop signal[0m
[33m[ WARN] [1789878649.120874347]: ------------------------------Position out of boundary (6.19, 1.03) - sending stop signal[0m
[33m[ WARN] [1789878649.223515096]: ------------------------------Position out of boundary (6.19, 1.03) - sending stop signal[0m
[33m[ WARN] [1789878649.334604920]: ------------------------------Position out of boundary (6.19, 1.03) - sending stop signal[0m
[33m[ WARN] [1789878649.426296442]: ------------------------------Position out of boundary (6.19, 1.03) - sending stop signal[0m
[33m[ WARN] [1789878649.541313953]: ------------------------------Position out of boundary (6.19, 1.03) - sending stop signal[0m
[33m[ WARN] [1789878649.634257199]: ------------------------------Position out of boundary (6.19, 1.03) - sending stop signal[0m
[33m[ WARN] [1789878649.739017841]: ------------------------------Position out of boundary (6.19, 1.03) - sending stop signal[0m
[33m[ WARN] [1789878649.844588091]: ------------------------------Position out of boundary (6.19, 1.03) - sending stop signal[0m
[33m[ WARN] [1789878649.927063426]: ------------------------------Position out of boundary (6.19, 1.03) - sending stop signal[0m
[33m[ WARN] [1789878650.025948491]: ------------------------------Position out of boundary (6.19, 1.03) - sending stop signal[0m
[33m[ WARN] [1789878650.129108061]: ------------------------------Position out of boundary (6.19, 1.03) - sending stop signal[0m
[33m[ WARN] [1789878650.229222386]: ------------------------------Position out of boundary (6.19, 1.04) - sending stop signal[0m
[33m[ WARN] [1789878650.336461388]: ------------------------------Position out of boundary (6.19, 1.03) - sending stop signal[0m
[33m[ WARN] [1789878650.423076156]: ------------------------------Position out of boundary (6.19, 1.03) - sending stop signal[0m
[33m[ WARN] [1789878650.522900430]: ------------------------------Position out of boundary (6.19, 1.03) - sending stop signal[0m
[33m[ WARN] [1789878650.626649286]: ------------------------------Position out of boundary (6.19, 1.03) - sending stop signal[0m
[33m[ WARN] [1789878650.722708787]: ------------------------------Position out of boundary (6.19, 1.04) - sending stop signal[0m
[33m[ WARN] [1789878650.827258931]: ------------------------------Position out of boundary (6.19, 1.04) - sending stop signal[0m
[33m[ WARN] [1789878650.922396470]: ------------------------------Position out of boundary (6.19, 1.03) - sending stop signal[0m
[33m[ WARN] [1789878651.028308036]: ------------------------------Position out of boundary (6.19, 1.03) - sending stop signal[0m
[33m[ WARN] [1789878651.120590219]: ------------------------------Position out of boundary (6.19, 1.03) - sending stop signal[0m
[33m[ WARN] [1789878651.225755793]: ------------------------------Position out of boundary (6.19, 1.03) - sending stop signal[0m
[33m[ WARN] [1789878651.320702419]: ------------------------------Position out of boundary (6.19, 1.03) - sending stop signal[0m
[33m[ WARN] [1789878651.422831195]: ------------------------------Position out of boundary (6.18, 1.03) - sending stop signal[0m
[33m[ WARN] [1789878651.524225820]: ------------------------------Position out of boundary (6.18, 1.03) - sending stop signal[0m
[33m[ WARN] [1789878651.627105100]: ------------------------------Position out of boundary (6.18, 1.03) - sending stop signal[0m
[33m[ WARN] [1789878651.730279550]: ------------------------------Position out of boundary (6.18, 1.03) - sending stop signal[0m
[33m[ WARN] [1789878651.824917726]: ------------------------------Position out of boundary (6.18, 1.03) - sending stop signal[0m
[33m[ WARN] [1789878651.924030697]: ------------------------------Position out of boundary (6.18, 1.03) - sending stop signal[0m
[33m[ WARN] [1789878652.065906807]: ------------------------------Position out of boundary (6.18, 1.03) - sending stop signal[0m
[33m[ WARN] [1789878652.122231679]: ------------------------------Position out of boundary (6.18, 1.04) - sending stop signal[0m
[33m[ WARN] [1789878652.222135954]: ------------------------------Position out of boundary (6.18, 1.03) - sending stop signal[0m
[33m[ WARN] [1789878652.327790237]: ------------------------------Position out of boundary (6.18, 1.03) - sending stop signal[0m
[33m[ WARN] [1789878652.422659615]: ------------------------------Position out of boundary (6.18, 1.03) - sending stop signal[0m
[33m[ WARN] [1789878652.532947063]: ------------------------------Position out of boundary (6.19, 1.03) - sending stop signal[0m
[33m[ WARN] [1789878652.628949060]: ------------------------------Position out of boundary (6.18, 1.03) - sending stop signal[0m
[33m[ WARN] [1789878652.724921104]: ------------------------------Position out of boundary (6.19, 1.03) - sending stop signal[0m
[33m[ WARN] [1789878652.826422867]: ------------------------------Position out of boundary (6.19, 1.03) - sending stop signal[0m
[33m[ WARN] [1789878652.922794275]: ------------------------------Position out of boundary (6.19, 1.03) - sending stop signal[0m
[33m[ WARN] [1789878653.033593441]: ------------------------------Position out of boundary (6.19, 1.03) - sending stop signal[0m
[33m[ WARN] [1789878653.123317296]: ------------------------------Position out of boundary (6.19, 1.03) - sending stop signal[0m
[33m[ WARN] [1789878653.223817640]: ------------------------------Position out of boundary (6.19, 1.03) - sending stop signal[0m
[33m[ WARN] [1789878653.327550721]: ------------------------------Position out of boundary (6.19, 1.03) - sending stop signal[0m
[33m[ WARN] [1789878653.423830832]: ------------------------------Position out of boundary (6.19, 1.03) - sending stop signal[0m
[33m[ WARN] [1789878653.525195985]: ------------------------------Position out of boundary (6.19, 1.04) - sending stop signal[0m
[33m[ WARN] [1789878653.625316422]: ------------------------------Position out of boundary (6.19, 1.04) - sending stop signal[0m
[33m[ WARN] [1789878653.724002957]: ------------------------------Position out of boundary (6.18, 1.04) - sending stop signal[0m
[33m[ WARN] [1789878653.830379744]: ------------------------------Position out of boundary (6.18, 1.04) - sending stop signal[0m
[33m[ WARN] [1789878653.922508966]: ------------------------------Position out of boundary (6.18, 1.03) - sending stop signal[0m
[33m[ WARN] [1789878654.023735046]: ------------------------------Position out of boundary (6.18, 1.03) - sending stop signal[0m
[33m[ WARN] [1789878654.122588335]: ------------------------------Position out of boundary (6.18, 1.03) - sending stop signal[0m
[33m[ WARN] [1789878654.222582371]: ------------------------------Position out of boundary (6.18, 1.03) - sending stop signal[0m
[33m[ WARN] [1789878654.326626398]: ------------------------------Position out of boundary (6.18, 1.03) - sending stop signal[0m
[33m[ WARN] [1789878654.429775665]: ------------------------------Position out of boundary (6.18, 1.03) - sending stop signal[0m
[33m[ WARN] [1789878654.525582267]: ------------------------------Position out of boundary (6.18, 1.03) - sending stop signal[0m
[33m[ WARN] [1789878654.626057108]: ------------------------------Position out of boundary (6.18, 1.03) - sending stop signal[0m
[33m[ WARN] [1789878654.724419704]: ------------------------------Position out of boundary (6.18, 1.03) - sending stop signal[0m
[33m[ WARN] [1789878654.822923389]: ------------------------------Position out of boundary (6.18, 1.03) - sending stop signal[0m
[33m[ WARN] [1789878654.922823600]: ------------------------------Position out of boundary (6.18, 1.03) - sending stop signal[0m
[33m[ WARN] [1789878655.024993337]: ------------------------------Position out of boundary (6.18, 1.03) - sending stop signal[0m
[33m[ WARN] [1789878655.123821185]: ------------------------------Position out of boundary (6.18, 1.03) - sending stop signal[0m
[33m[ WARN] [1789878655.227994782]: ------------------------------Position out of boundary (6.18, 1.03) - sending stop signal[0m
[33m[ WARN] [1789878655.321895830]: ------------------------------Position out of boundary (6.18, 1.03) - sending stop signal[0m
[33m[ WARN] [1789878655.423695995]: ------------------------------Position out of boundary (6.18, 1.03) - sending stop signal[0m
[33m[ WARN] [1789878655.528222043]: ------------------------------Position out of boundary (6.18, 1.03) - sending stop signal[0m
[33m[ WARN] [1789878655.629342778]: ------------------------------Position out of boundary (6.18, 1.03) - sending stop signal[0m
[33m[ WARN] [1789878655.730696058]: ------------------------------Position out of boundary (6.18, 1.03) - sending stop signal[0m
[33m[ WARN] [1789878655.826517378]: ------------------------------Position out of boundary (6.18, 1.03) - sending stop signal[0m
[33m[ WARN] [1789878655.922413739]: ------------------------------Position out of boundary (6.18, 1.03) - sending stop signal[0m
[33m[ WARN] [1789878656.028523159]: ------------------------------Position out of boundary (6.18, 1.03) - sending stop signal[0m
[33m[ WARN] [1789878656.122972465]: ------------------------------Position out of boundary (6.18, 1.03) - sending stop signal[0m
[33m[ WARN] [1789878656.220914990]: ------------------------------Position out of boundary (6.18, 1.03) - sending stop signal[0m
[33m[ WARN] [1789878656.321662790]: ------------------------------Position out of boundary (6.18, 1.03) - sending stop signal[0m
[33m[ WARN] [1789878656.421698487]: ------------------------------Position out of boundary (6.18, 1.03) - sending stop signal[0m
[33m[ WARN] [1789878656.524909223]: ------------------------------Position out of boundary (6.18, 1.03) - sending stop signal[0m
[33m[ WARN] [1789878656.634093969]: ------------------------------Position out of boundary (6.18, 1.03) - sending stop signal[0m
[33m[ WARN] [1789878656.725978035]: ------------------------------Position out of boundary (6.18, 1.04) - sending stop signal[0m
[33m[ WARN] [1789878656.824803032]: ------------------------------Position out of boundary (6.18, 1.04) - sending stop signal[0m
[33m[ WARN] [1789878656.921731498]: ------------------------------Position out of boundary (6.18, 1.03) - sending stop signal[0m
[33m[ WARN] [1789878657.044505689]: ------------------------------Position out of boundary (6.18, 1.03) - sending stop signal[0m
[33m[ WARN] [1789878657.121735820]: ------------------------------Position out of boundary (6.18, 1.03) - sending stop signal[0m
[33m[ WARN] [1789878657.221490170]: ------------------------------Position out of boundary (6.18, 1.03) - sending stop signal[0m
[33m[ WARN] [1789878657.324226437]: ------------------------------Position out of boundary (6.18, 1.03) - sending stop signal[0m
[33m[ WARN] [1789878657.421316697]: ------------------------------Position out of boundary (6.18, 1.03) - sending stop signal[0m
[33m[ WARN] [1789878657.531818545]: ------------------------------Position out of boundary (6.18, 1.03) - sending stop signal[0m
[33m[ WARN] [1789878657.623469552]: ------------------------------Position out of boundary (6.18, 1.03) - sending stop signal[0m
[33m[ WARN] [1789878657.722136147]: ------------------------------Position out of boundary (6.18, 1.03) - sending stop signal[0m
[33m[ WARN] [1789878657.827335575]: ------------------------------Position out of boundary (6.18, 1.03) - sending stop signal[0m
[33m[ WARN] [1789878657.922442712]: ------------------------------Position out of boundary (6.19, 1.03) - sending stop signal[0m
[33m[ WARN] [1789878658.022370760]: ------------------------------Position out of boundary (6.19, 1.03) - sending stop signal[0m
[33m[ WARN] [1789878658.122140118]: ------------------------------Position out of boundary (6.19, 1.03) - sending stop signal[0m
[33m[ WARN] [1789878658.222496842]: ------------------------------Position out of boundary (6.19, 1.03) - sending stop signal[0m
[33m[ WARN] [1789878658.326786661]: ------------------------------Position out of boundary (6.18, 1.03) - sending stop signal[0m
[33m[ WARN] [1789878658.422096327]: ------------------------------Position out of boundary (6.18, 1.03) - sending stop signal[0m
[33m[ WARN] [1789878658.525364888]: ------------------------------Position out of boundary (6.18, 1.04) - sending stop signal[0m
[33m[ WARN] [1789878658.624688514]: ------------------------------Position out of boundary (6.18, 1.04) - sending stop signal[0m
[33m[ WARN] [1789878658.722858849]: ------------------------------Position out of boundary (6.18, 1.03) - sending stop signal[0m
[33m[ WARN] [1789878658.826918681]: ------------------------------Position out of boundary (6.18, 1.03) - sending stop signal[0m
[33m[ WARN] [1789878658.925211065]: ------------------------------Position out of boundary (6.18, 1.03) - sending stop signal[0m
[33m[ WARN] [1789878659.021264707]: ------------------------------Position out of boundary (6.18, 1.03) - sending stop signal[0m
[33m[ WARN] [1789878659.121721560]: ------------------------------Position out of boundary (6.18, 1.03) - sending stop signal[0m
[33m[ WARN] [1789878659.222004620]: ------------------------------Position out of boundary (6.18, 1.03) - sending stop signal[0m
[33m[ WARN] [1789878659.321139412]: ------------------------------Position out of boundary (6.18, 1.03) - sending stop signal[0m
[33m[ WARN] [1789878659.426278199]: ------------------------------Position out of boundary (6.18, 1.03) - sending stop signal[0m
[33m[ WARN] [1789878659.523416139]: ------------------------------Position out of boundary (6.18, 1.03) - sending stop signal[0m
[33m[ WARN] [1789878659.629129940]: ------------------------------Position out of boundary (6.18, 1.03) - sending stop signal[0m
[33m[ WARN] [1789878659.723917075]: ------------------------------Position out of boundary (6.18, 1.03) - sending stop signal[0m
[33m[ WARN] [1789878659.823618151]: ------------------------------Position out of boundary (6.18, 1.03) - sending stop signal[0m
[33m[ WARN] [1789878659.921062148]: ------------------------------Position out of boundary (6.18, 1.03) - sending stop signal[0m
[33m[ WARN] [1789878660.024785727]: ------------------------------Position out of boundary (6.18, 1.03) - sending stop signal[0m
[33m[ WARN] [1789878660.126727945]: ------------------------------Position out of boundary (6.18, 1.03) - sending stop signal[0m
[33m[ WARN] [1789878660.222156563]: ------------------------------Position out of boundary (6.19, 1.03) - sending stop signal[0m
[33m[ WARN] [1789878660.323913915]: ------------------------------Position out of boundary (6.18, 1.04) - sending stop signal[0m
[33m[ WARN] [1789878660.428699392]: ------------------------------Position out of boundary (6.18, 1.04) - sending stop signal[0m
[33m[ WARN] [1789878660.528737431]: ------------------------------Position out of boundary (6.18, 1.04) - sending stop signal[0m
[33m[ WARN] [1789878660.625859698]: ------------------------------Position out of boundary (6.18, 1.04) - sending stop signal[0m
[33m[ WARN] [1789878660.729549293]: ------------------------------Position out of boundary (6.18, 1.04) - sending stop signal[0m
[33m[ WARN] [1789878660.824439697]: ------------------------------Position out of boundary (6.18, 1.04) - sending stop signal[0m
[33m[ WARN] [1789878660.926355610]: ------------------------------Position out of boundary (6.18, 1.04) - sending stop signal[0m
[33m[ WARN] [1789878661.038701418]: ------------------------------Position out of boundary (6.18, 1.04) - sending stop signal[0m
[33m[ WARN] [1789878661.126500585]: ------------------------------Position out of boundary (6.18, 1.04) - sending stop signal[0m
[33m[ WARN] [1789878661.228140752]: ------------------------------Position out of boundary (6.18, 1.04) - sending stop signal[0m
[33m[ WARN] [1789878661.322441998]: ------------------------------Position out of boundary (6.18, 1.04) - sending stop signal[0m
[33m[ WARN] [1789878661.423574672]: ------------------------------Position out of boundary (6.18, 1.04) - sending stop signal[0m
[33m[ WARN] [1789878661.527269003]: ------------------------------Position out of boundary (6.18, 1.04) - sending stop signal[0m
[33m[ WARN] [1789878661.627042879]: ------------------------------Position out of boundary (6.18, 1.04) - sending stop signal[0m
[33m[ WARN] [1789878661.724763488]: ------------------------------Position out of boundary (6.18, 1.03) - sending stop signal[0m
[33m[ WARN] [1789878661.835543328]: ------------------------------Position out of boundary (6.18, 1.03) - sending stop signal[0m
[33m[ WARN] [1789878661.934943473]: ------------------------------Position out of boundary (6.18, 1.03) - sending stop signal[0m
[33m[ WARN] [1789878662.044447589]: ------------------------------Position out of boundary (6.18, 1.03) - sending stop signal[0m
[33m[ WARN] [1789878662.154532671]: ------------------------------Position out of boundary (6.18, 1.03) - sending stop signal[0m
[33m[ WARN] [1789878662.223750439]: ------------------------------Position out of boundary (6.18, 1.04) - sending stop signal[0m
[33m[ WARN] [1789878662.322294223]: ------------------------------Position out of boundary (6.18, 1.03) - sending stop signal[0m
[33m[ WARN] [1789878662.423965174]: ------------------------------Position out of boundary (6.18, 1.03) - sending stop signal[0m
[33m[ WARN] [1789878662.530323499]: ------------------------------Position out of boundary (6.18, 1.03) - sending stop signal[0m
[33m[ WARN] [1789878662.625300369]: ------------------------------Position out of boundary (6.18, 1.03) - sending stop signal[0m
[33m[ WARN] [1789878662.728850954]: ------------------------------Position out of boundary (6.18, 1.03) - sending stop signal[0m
[33m[ WARN] [1789878662.823689102]: ------------------------------Position out of boundary (6.18, 1.03) - sending stop signal[0m
[33m[ WARN] [1789878662.927990255]: ------------------------------Position out of boundary (6.18, 1.03) - sending stop signal[0m
[33m[ WARN] [1789878663.026668792]: ------------------------------Position out of boundary (6.18, 1.03) - sending stop signal[0m
[33m[ WARN] [1789878663.129086055]: ------------------------------Position out of boundary (6.18, 1.03) - sending stop signal[0m
[33m[ WARN] [1789878663.231274771]: ------------------------------Position out of boundary (6.19, 1.03) - sending stop signal[0m
[33m[ WARN] [1789878663.325106093]: ------------------------------Position out of boundary (6.18, 1.03) - sending stop signal[0m
[33m[ WARN] [1789878663.424830177]: ------------------------------Position out of boundary (6.18, 1.03) - sending stop signal[0m
[33m[ WARN] [1789878663.541846239]: ------------------------------Position out of boundary (6.18, 1.03) - sending stop signal[0m
[33m[ WARN] [1789878663.626175067]: ------------------------------Position out of boundary (6.19, 1.03) - sending stop signal[0m
[33m[ WARN] [1789878663.726225747]: ------------------------------Position out of boundary (6.19, 1.03) - sending stop signal[0m
[33m[ WARN] [1789878663.828597218]: ------------------------------Position out of boundary (6.19, 1.03) - sending stop signal[0m
[33m[ WARN] [1789878663.925182232]: ------------------------------Position out of boundary (6.19, 1.03) - sending stop signal[0m
[33m[ WARN] [1789878664.031104843]: ------------------------------Position out of boundary (6.19, 1.03) - sending stop signal[0m
[33m[ WARN] [1789878664.124041725]: ------------------------------Position out of boundary (6.19, 1.03) - sending stop signal[0m
[33m[ WARN] [1789878664.226186858]: ------------------------------Position out of boundary (6.19, 1.03) - sending stop signal[0m
[33m[ WARN] [1789878664.322227707]: ------------------------------Position out of boundary (6.19, 1.03) - sending stop signal[0m
[33m[ WARN] [1789878664.424465033]: ------------------------------Position out of boundary (6.19, 1.03) - sending stop signal[0m
[33m[ WARN] [1789878664.524251135]: ------------------------------Position out of boundary (6.19, 1.03) - sending stop signal[0m
[33m[ WARN] [1789878664.624899614]: ------------------------------Position out of boundary (6.19, 1.03) - sending stop signal[0m
[33m[ WARN] [1789878664.734798199]: ------------------------------Position out of boundary (6.19, 1.03) - sending stop signal[0m
[33m[ WARN] [1789878664.828177038]: ------------------------------Position out of boundary (6.19, 1.03) - sending stop signal[0m
[33m[ WARN] [1789878664.925032999]: ------------------------------Position out of boundary (6.19, 1.03) - sending stop signal[0m
[33m[ WARN] [1789878665.023982965]: ------------------------------Position out of boundary (6.19, 1.03) - sending stop signal[0m
[33m[ WARN] [1789878665.125819295]: ------------------------------Position out of boundary (6.19, 1.03) - sending stop signal[0m
[33m[ WARN] [1789878665.223342238]: ------------------------------Position out of boundary (6.19, 1.03) - sending stop signal[0m
[33m[ WARN] [1789878665.324385280]: ------------------------------Position out of boundary (6.19, 1.03) - sending stop signal[0m
[33m[ WARN] [1789878665.429753101]: ------------------------------Position out of boundary (6.19, 1.03) - sending stop signal[0m
[33m[ WARN] [1789878665.528741499]: ------------------------------Position out of boundary (6.19, 1.03) - sending stop signal[0m
[33m[ WARN] [1789878665.632297078]: ------------------------------Position out of boundary (6.19, 1.03) - sending stop signal[0m
[33m[ WARN] [1789878665.730461276]: ------------------------------Position out of boundary (6.19, 1.03) - sending stop signal[0m
[33m[ WARN] [1789878665.829045862]: ------------------------------Position out of boundary (6.19, 1.03) - sending stop signal[0m
[33m[ WARN] [1789878665.923307206]: ------------------------------Position out of boundary (6.19, 1.03) - sending stop signal[0m
[33m[ WARN] [1789878666.026992834]: ------------------------------Position out of boundary (6.19, 1.03) - sending stop signal[0m
[33m[ WARN] [1789878666.127405470]: ------------------------------Position out of boundary (6.19, 1.03) - sending stop signal[0m
[33m[ WARN] [1789878666.223944980]: ------------------------------Position out of boundary (6.19, 1.03) - sending stop signal[0m
[33m[ WARN] [1789878666.327171180]: ------------------------------Position out of boundary (6.19, 1.03) - sending stop signal[0m
[33m[ WARN] [1789878666.424370120]: ------------------------------Position out of boundary (6.19, 1.03) - sending stop signal[0m
[33m[ WARN] [1789878666.527060411]: ------------------------------Position out of boundary (6.19, 1.04) - sending stop signal[0m
[33m[ WARN] [1789878666.629130855]: ------------------------------Position out of boundary (6.19, 1.04) - sending stop signal[0m
[33m[ WARN] [1789878666.726289379]: ------------------------------Position out of boundary (6.19, 1.03) - sending stop signal[0m
[33m[ WARN] [1789878666.823253533]: ------------------------------Position out of boundary (6.19, 1.03) - sending stop signal[0m
[33m[ WARN] [1789878666.922568462]: ------------------------------Position out of boundary (6.19, 1.03) - sending stop signal[0m
[33m[ WARN] [1789878667.029014630]: ------------------------------Position out of boundary (6.19, 1.03) - sending stop signal[0m
[33m[ WARN] [1789878667.122431741]: ------------------------------Position out of boundary (6.19, 1.04) - sending stop signal[0m
[33m[ WARN] [1789878667.222637527]: ------------------------------Position out of boundary (6.19, 1.03) - sending stop signal[0m
[33m[ WARN] [1789878667.328754091]: ------------------------------Position out of boundary (6.19, 1.03) - sending stop signal[0m
[33m[ WARN] [1789878667.425323393]: ------------------------------Position out of boundary (6.19, 1.03) - sending stop signal[0m
[33m[ WARN] [1789878667.525231768]: ------------------------------Position out of boundary (6.19, 1.03) - sending stop signal[0m
[33m[ WARN] [1789878667.624654027]: ------------------------------Position out of boundary (6.19, 1.03) - sending stop signal[0m
[33m[ WARN] [1789878667.724314336]: ------------------------------Position out of boundary (6.19, 1.03) - sending stop signal[0m
[33m[ WARN] [1789878667.825243879]: ------------------------------Position out of boundary (6.19, 1.03) - sending stop signal[0m
[33m[ WARN] [1789878667.927435738]: ------------------------------Position out of boundary (6.19, 1.03) - sending stop signal[0m
[33m[ WARN] [1789878668.024285207]: ------------------------------Position out of boundary (6.19, 1.03) - sending stop signal[0m
[33m[ WARN] [1789878668.122231488]: ------------------------------Position out of boundary (6.19, 1.04) - sending stop signal[0m
[33m[ WARN] [1789878668.222617089]: ------------------------------Position out of boundary (6.19, 1.04) - sending stop signal[0m
[33m[ WARN] [1789878668.328260982]: ------------------------------Position out of boundary (6.19, 1.04) - sending stop signal[0m
[33m[ WARN] [1789878668.424157803]: ------------------------------Position out of boundary (6.19, 1.04) - sending stop signal[0m
[33m[ WARN] [1789878668.525388660]: ------------------------------Position out of boundary (6.19, 1.04) - sending stop signal[0m
[33m[ WARN] [1789878668.624796075]: ------------------------------Position out of boundary (6.19, 1.04) - sending stop signal[0m
[33m[ WARN] [1789878668.724549574]: ------------------------------Position out of boundary (6.19, 1.03) - sending stop signal[0m
[33m[ WARN] [1789878668.824536643]: ------------------------------Position out of boundary (6.19, 1.03) - sending stop signal[0m
[33m[ WARN] [1789878668.924297694]: ------------------------------Position out of boundary (6.19, 1.03) - sending stop signal[0m
[33m[ WARN] [1789878669.028531141]: ------------------------------Position out of boundary (6.19, 1.03) - sending stop signal[0m
[33m[ WARN] [1789878669.123038732]: ------------------------------Position out of boundary (6.19, 1.04) - sending stop signal[0m
[33m[ WARN] [1789878669.223447821]: ------------------------------Position out of boundary (6.19, 1.04) - sending stop signal[0m
[33m[ WARN] [1789878669.323351529]: ------------------------------Position out of boundary (6.19, 1.04) - sending stop signal[0m
[33m[ WARN] [1789878669.429384738]: ------------------------------Position out of boundary (6.19, 1.04) - sending stop signal[0m
[33m[ WARN] [1789878669.524356173]: ------------------------------Position out of boundary (6.19, 1.04) - sending stop signal[0m
[33m[ WARN] [1789878669.625452245]: ------------------------------Position out of boundary (6.19, 1.04) - sending stop signal[0m
[33m[ WARN] [1789878669.724727979]: ------------------------------Position out of boundary (6.19, 1.04) - sending stop signal[0m
[33m[ WARN] [1789878669.830973414]: ------------------------------Position out of boundary (6.19, 1.04) - sending stop signal[0m
[33m[ WARN] [1789878669.923846589]: ------------------------------Position out of boundary (6.19, 1.03) - sending stop signal[0m
[33m[ WARN] [1789878670.027136794]: ------------------------------Position out of boundary (6.19, 1.03) - sending stop signal[0m
[33m[ WARN] [1789878670.123272113]: ------------------------------Position out of boundary (6.19, 1.03) - sending stop signal[0m
[33m[ WARN] [1789878670.222635176]: ------------------------------Position out of boundary (6.19, 1.03) - sending stop signal[0m
[33m[ WARN] [1789878670.322250978]: ------------------------------Position out of boundary (6.19, 1.03) - sending stop signal[0m
[33m[ WARN] [1789878670.429233892]: ------------------------------Position out of boundary (6.19, 1.03) - sending stop signal[0m
[33m[ WARN] [1789878670.525179353]: ------------------------------Position out of boundary (6.19, 1.03) - sending stop signal[0m
[33m[ WARN] [1789878670.627436076]: ------------------------------Position out of boundary (6.19, 1.03) - sending stop signal[0m
[33m[ WARN] [1789878670.730044835]: ------------------------------Position out of boundary (6.19, 1.03) - sending stop signal[0m
[33m[ WARN] [1789878670.823766882]: ------------------------------Position out of boundary (6.19, 1.03) - sending stop signal[0m
[33m[ WARN] [1789878670.931034983]: ------------------------------Position out of boundary (6.19, 1.03) - sending stop signal[0m
[33m[ WARN] [1789878671.026138292]: ------------------------------Position out of boundary (6.19, 1.03) - sending stop signal[0m
[33m[ WARN] [1789878671.124026108]: ------------------------------Position out of boundary (6.19, 1.03) - sending stop signal[0m
[33m[ WARN] [1789878671.223514132]: ------------------------------Position out of boundary (6.19, 1.03) - sending stop signal[0m
[33m[ WARN] [1789878671.322912523]: ------------------------------Position out of boundary (6.19, 1.04) - sending stop signal[0m
[33m[ WARN] [1789878671.425053566]: ------------------------------Position out of boundary (6.19, 1.04) - sending stop signal[0m
[33m[ WARN] [1789878671.533660208]: ------------------------------Position out of boundary (6.19, 1.04) - sending stop signal[0m
[33m[ WARN] [1789878671.628866302]: ------------------------------Position out of boundary (6.19, 1.04) - sending stop signal[0m
[33m[ WARN] [1789878671.731168595]: ------------------------------Position out of boundary (6.19, 1.04) - sending stop signal[0m
[33m[ WARN] [1789878671.834821690]: ------------------------------Position out of boundary (6.19, 1.04) - sending stop signal[0m
[33m[ WARN] [1789878671.934574939]: ------------------------------Position out of boundary (6.19, 1.04) - sending stop signal[0m
[33m[ WARN] [1789878672.075805432]: ------------------------------Position out of boundary (6.19, 1.04) - sending stop signal[0m
[33m[ WARN] [1789878672.129022089]: ------------------------------Position out of boundary (6.19, 1.04) - sending stop signal[0m
[33m[ WARN] [1789878672.226435123]: ------------------------------Position out of boundary (6.19, 1.04) - sending stop signal[0m
[33m[ WARN] [1789878672.326780153]: ------------------------------Position out of boundary (6.19, 1.04) - sending stop signal[0m
[33m[ WARN] [1789878672.433807298]: ------------------------------Position out of boundary (6.19, 1.04) - sending stop signal[0m
[33m[ WARN] [1789878672.533206847]: ------------------------------Position out of boundary (6.19, 1.04) - sending stop signal[0m
[33m[ WARN] [1789878672.634155883]: ------------------------------Position out of boundary (6.19, 1.04) - sending stop signal[0m
[33m[ WARN] [1789878672.733027875]: ------------------------------Position out of boundary (6.19, 1.04) - sending stop signal[0m
[33m[ WARN] [1789878672.829789894]: ------------------------------Position out of boundary (6.19, 1.04) - sending stop signal[0m
[33m[ WARN] [1789878672.930832531]: ------------------------------Position out of boundary (6.19, 1.04) - sending stop signal[0m
[33m[ WARN] [1789878673.022684997]: ------------------------------Position out of boundary (6.19, 1.04) - sending stop signal[0m
[33m[ WARN] [1789878673.121416795]: ------------------------------Position out of boundary (6.19, 1.04) - sending stop signal[0m
[33m[ WARN] [1789878673.227771965]: ------------------------------Position out of boundary (6.19, 1.04) - sending stop signal[0m
[33m[ WARN] [1789878673.324778243]: ------------------------------Position out of boundary (6.19, 1.04) - sending stop signal[0m
[33m[ WARN] [1789878673.431804107]: ------------------------------Position out of boundary (6.19, 1.04) - sending stop signal[0m
[33m[ WARN] [1789878673.526393784]: ------------------------------Position out of boundary (6.19, 1.04) - sending stop signal[0m
[33m[ WARN] [1789878673.625110639]: ------------------------------Position out of boundary (6.19, 1.04) - sending stop signal[0m
[33m[ WARN] [1789878673.730757226]: ------------------------------Position out of boundary (6.19, 1.04) - sending stop signal[0m
[33m[ WARN] [1789878673.826584323]: ------------------------------Position out of boundary (6.19, 1.04) - sending stop signal[0m
[33m[ WARN] [1789878673.925508827]: ------------------------------Position out of boundary (6.19, 1.04) - sending stop signal[0m
[33m[ WARN] [1789878674.033763953]: ------------------------------Position out of boundary (6.19, 1.04) - sending stop signal[0m
[33m[ WARN] [1789878674.123607310]: ------------------------------Position out of boundary (6.19, 1.03) - sending stop signal[0m
[33m[ WARN] [1789878674.223458320]: ------------------------------Position out of boundary (6.19, 1.03) - sending stop signal[0m
[33m[ WARN] [1789878674.324093273]: ------------------------------Position out of boundary (6.19, 1.03) - sending stop signal[0m
[33m[ WARN] [1789878674.425689932]: ------------------------------Position out of boundary (6.19, 1.03) - sending stop signal[0m
[33m[ WARN] [1789878674.526273781]: ------------------------------Position out of boundary (6.19, 1.03) - sending stop signal[0m
[33m[ WARN] [1789878674.628256267]: ------------------------------Position out of boundary (6.19, 1.03) - sending stop signal[0m
[33m[ WARN] [1789878674.728944597]: ------------------------------Position out of boundary (6.19, 1.03) - sending stop signal[0m
[33m[ WARN] [1789878674.828255569]: ------------------------------Position out of boundary (6.19, 1.03) - sending stop signal[0m
[33m[ WARN] [1789878674.929206206]: ------------------------------Position out of boundary (6.19, 1.03) - sending stop signal[0m
[33m[ WARN] [1789878675.026761480]: ------------------------------Position out of boundary (6.19, 1.03) - sending stop signal[0m
[33m[ WARN] [1789878675.124274259]: ------------------------------Position out of boundary (6.19, 1.03) - sending stop signal[0m
[33m[ WARN] [1789878675.221912542]: ------------------------------Position out of boundary (6.19, 1.03) - sending stop signal[0m
[33m[ WARN] [1789878675.322274821]: ------------------------------Position out of boundary (6.19, 1.03) - sending stop signal[0m
[33m[ WARN] [1789878675.426039437]: ------------------------------Position out of boundary (6.19, 1.03) - sending stop signal[0m
[33m[ WARN] [1789878675.528782827]: ------------------------------Position out of boundary (6.19, 1.03) - sending stop signal[0m
[33m[ WARN] [1789878675.629272528]: ------------------------------Position out of boundary (6.19, 1.03) - sending stop signal[0m
[33m[ WARN] [1789878675.732098142]: ------------------------------Position out of boundary (6.19, 1.03) - sending stop signal[0m
[33m[ WARN] [1789878675.829363171]: ------------------------------Position out of boundary (6.19, 1.03) - sending stop signal[0m
[33m[ WARN] [1789878675.927588402]: ------------------------------Position out of boundary (6.19, 1.03) - sending stop signal[0m
[33m[ WARN] [1789878676.031194334]: ------------------------------Position out of boundary (6.19, 1.03) - sending stop signal[0m
[33m[ WARN] [1789878676.124978459]: ------------------------------Position out of boundary (6.19, 1.03) - sending stop signal[0m
[33m[ WARN] [1789878676.224823900]: ------------------------------Position out of boundary (6.19, 1.04) - sending stop signal[0m
[33m[ WARN] [1789878676.324586973]: ------------------------------Position out of boundary (6.19, 1.04) - sending stop signal[0m
[33m[ WARN] [1789878676.423976569]: ------------------------------Position out of boundary (6.19, 1.04) - sending stop signal[0m
[33m[ WARN] [1789878676.532187961]: ------------------------------Position out of boundary (6.19, 1.04) - sending stop signal[0m
[33m[ WARN] [1789878676.629301755]: ------------------------------Position out of boundary (6.19, 1.04) - sending stop signal[0m
[33m[ WARN] [1789878676.725867864]: ------------------------------Position out of boundary (6.19, 1.04) - sending stop signal[0m
[33m[ WARN] [1789878676.825530871]: ------------------------------Position out of boundary (6.19, 1.04) - sending stop signal[0m
[33m[ WARN] [1789878676.924215564]: ------------------------------Position out of boundary (6.19, 1.04) - sending stop signal[0m
[33m[ WARN] [1789878677.024654932]: ------------------------------Position out of boundary (6.19, 1.04) - sending stop signal[0m
[33m[ WARN] [1789878677.122622272]: ------------------------------Position out of boundary (6.19, 1.04) - sending stop signal[0m
[33m[ WARN] [1789878677.224233122]: ------------------------------Position out of boundary (6.19, 1.04) - sending stop signal[0m
[33m[ WARN] [1789878677.323968598]: ------------------------------Position out of boundary (6.19, 1.04) - sending stop signal[0m
[33m[ WARN] [1789878677.424951446]: ------------------------------Position out of boundary (6.19, 1.04) - sending stop signal[0m
[33m[ WARN] [1789878677.524366407]: ------------------------------Position out of boundary (6.19, 1.03) - sending stop signal[0m
[33m[ WARN] [1789878677.625396327]: ------------------------------Position out of boundary (6.19, 1.03) - sending stop signal[0m
[33m[ WARN] [1789878677.725346557]: ------------------------------Position out of boundary (6.19, 1.03) - sending stop signal[0m
[33m[ WARN] [1789878677.823327679]: ------------------------------Position out of boundary (6.19, 1.03) - sending stop signal[0m
[33m[ WARN] [1789878677.929629140]: ------------------------------Position out of boundary (6.19, 1.03) - sending stop signal[0m
[33m[ WARN] [1789878678.024399511]: ------------------------------Position out of boundary (6.19, 1.03) - sending stop signal[0m
[33m[ WARN] [1789878678.127930032]: ------------------------------Position out of boundary (6.19, 1.03) - sending stop signal[0m
[33m[ WARN] [1789878678.228953328]: ------------------------------Position out of boundary (6.19, 1.04) - sending stop signal[0m
[33m[ WARN] [1789878678.324278072]: ------------------------------Position out of boundary (6.19, 1.03) - sending stop signal[0m
[33m[ WARN] [1789878678.427314989]: ------------------------------Position out of boundary (6.19, 1.03) - sending stop signal[0m
[33m[ WARN] [1789878678.525957270]: ------------------------------Position out of boundary (6.19, 1.03) - sending stop signal[0m
[33m[ WARN] [1789878678.626458897]: ------------------------------Position out of boundary (6.19, 1.03) - sending stop signal[0m
[33m[ WARN] [1789878678.725759072]: ------------------------------Position out of boundary (6.19, 1.03) - sending stop signal[0m
[33m[ WARN] [1789878678.827450503]: ------------------------------Position out of boundary (6.19, 1.03) - sending stop signal[0m
[33m[ WARN] [1789878678.925960463]: ------------------------------Position out of boundary (6.19, 1.03) - sending stop signal[0m
[33m[ WARN] [1789878679.024971068]: ------------------------------Position out of boundary (6.19, 1.03) - sending stop signal[0m
[33m[ WARN] [1789878679.122373016]: ------------------------------Position out of boundary (6.19, 1.03) - sending stop signal[0m
[33m[ WARN] [1789878679.223694172]: ------------------------------Position out of boundary (6.19, 1.03) - sending stop signal[0m
[33m[ WARN] [1789878679.326622927]: ------------------------------Position out of boundary (6.19, 1.03) - sending stop signal[0m
[33m[ WARN] [1789878679.424462192]: ------------------------------Position out of boundary (6.19, 1.03) - sending stop signal[0m
[33m[ WARN] [1789878679.526340185]: ------------------------------Position out of boundary (6.19, 1.03) - sending stop signal[0m
[33m[ WARN] [1789878679.625488231]: ------------------------------Position out of boundary (6.19, 1.03) - sending stop signal[0m
[33m[ WARN] [1789878679.726401897]: ------------------------------Position out of boundary (6.19, 1.03) - sending stop signal[0m
[33m[ WARN] [1789878679.825362060]: ------------------------------Position out of boundary (6.19, 1.03) - sending stop signal[0m
[33m[ WARN] [1789878679.924510449]: ------------------------------Position out of boundary (6.19, 1.03) - sending stop signal[0m
[33m[ WARN] [1789878680.031569862]: ------------------------------Position out of boundary (6.19, 1.03) - sending stop signal[0m
[33m[ WARN] [1789878680.131207024]: ------------------------------Position out of boundary (6.19, 1.03) - sending stop signal[0m
[33m[ WARN] [1789878680.223056396]: ------------------------------Position out of boundary (6.19, 1.04) - sending stop signal[0m
[33m[ WARN] [1789878680.321435305]: ------------------------------Position out of boundary (6.19, 1.03) - sending stop signal[0m
[33m[ WARN] [1789878680.429116356]: ------------------------------Position out of boundary (6.19, 1.03) - sending stop signal[0m
[33m[ WARN] [1789878680.533290396]: ------------------------------Position out of boundary (6.19, 1.03) - sending stop signal[0m
[33m[ WARN] [1789878680.634994075]: ------------------------------Position out of boundary (6.19, 1.03) - sending stop signal[0m
[33m[ WARN] [1789878680.724896707]: ------------------------------Position out of boundary (6.19, 1.03) - sending stop signal[0m
[33m[ WARN] [1789878680.830610122]: ------------------------------Position out of boundary (6.19, 1.03) - sending stop signal[0m
[33m[ WARN] [1789878680.923566513]: ------------------------------Position out of boundary (6.19, 1.03) - sending stop signal[0m
[33m[ WARN] [1789878681.026020344]: ------------------------------Position out of boundary (6.19, 1.03) - sending stop signal[0m
[33m[ WARN] [1789878681.123978513]: ------------------------------Position out of boundary (6.19, 1.03) - sending stop signal[0m
[33m[ WARN] [1789878681.225267180]: ------------------------------Position out of boundary (6.19, 1.03) - sending stop signal[0m
[33m[ WARN] [1789878681.323054083]: ------------------------------Position out of boundary (6.19, 1.04) - sending stop signal[0m
[33m[ WARN] [1789878681.427911458]: ------------------------------Position out of boundary (6.19, 1.04) - sending stop signal[0m
[33m[ WARN] [1789878681.532931266]: ------------------------------Position out of boundary (6.19, 1.04) - sending stop signal[0m
[33m[ WARN] [1789878681.635599563]: ------------------------------Position out of boundary (6.19, 1.04) - sending stop signal[0m
[33m[ WARN] [1789878681.729638589]: ------------------------------Position out of boundary (6.19, 1.04) - sending stop signal[0m
[33m[ WARN] [1789878681.825475617]: ------------------------------Position out of boundary (6.19, 1.04) - sending stop signal[0m
[33m[ WARN] [1789878681.928697679]: ------------------------------Position out of boundary (6.19, 1.04) - sending stop signal[0m
[33m[ WARN] [1789878682.045621159]: ------------------------------Position out of boundary (6.19, 1.04) - sending stop signal[0m
[33m[ WARN] [1789878682.122905936]: ------------------------------Position out of boundary (6.19, 1.04) - sending stop signal[0m
[33m[ WARN] [1789878682.223184769]: ------------------------------Position out of boundary (6.18, 1.04) - sending stop signal[0m
[33m[ WARN] [1789878682.325594407]: ------------------------------Position out of boundary (6.18, 1.04) - sending stop signal[0m
[33m[ WARN] [1789878682.424993070]: ------------------------------Position out of boundary (6.18, 1.04) - sending stop signal[0m
[33m[ WARN] [1789878682.538620677]: ------------------------------Position out of boundary (6.19, 1.04) - sending stop signal[0m
[33m[ WARN] [1789878682.635316274]: ------------------------------Position out of boundary (6.19, 1.03) - sending stop signal[0m
[33m[ WARN] [1789878682.730864467]: ------------------------------Position out of boundary (6.19, 1.03) - sending stop signal[0m
[33m[ WARN] [1789878682.837540324]: ------------------------------Position out of boundary (6.19, 1.03) - sending stop signal[0m
[33m[ WARN] [1789878682.925043412]: ------------------------------Position out of boundary (6.19, 1.03) - sending stop signal[0m
[33m[ WARN] [1789878683.029003306]: ------------------------------Position out of boundary (6.19, 1.03) - sending stop signal[0m
[33m[ WARN] [1789878683.124428713]: ------------------------------Position out of boundary (6.19, 1.03) - sending stop signal[0m
[0m[ INFO] [1789878683.126105722]: Received boundary polygon with 11 points[0m
[0m[ INFO] [1789878683.126235643]: Added first point to the end to form a closed polygon[0m
map_min_x_:-8.96353
map_max_x_:8.05851
map_min_y_:-1.92161
map_max_y_:17.1507
[0m[ INFO] [1789878683.126463614]: Map size: 114 x 128 cells (resolution: 0.15)[0m
地图数量：1
[0m[ INFO] [1789878683.130302660]: Map boundary processed: x=[-8.96, 8.06], y=[-1.92, 17.15][0m
[0m[ INFO] [1789878683.224908220]: Received boundary polygon with 13 points[0m
[0m[ INFO] [1789878683.224967485]: Added first point to the end to form a closed polygon[0m
map_min_x_:-8.96353
map_max_x_:8.05851
map_min_y_:-1.92161
map_max_y_:17.1507
[0m[ INFO] [1789878683.225075966]: Map size: 114 x 128 cells (resolution: 0.15)[0m
地图数量：2
[33m[ WARN] [1789878701.130711466]: Slow down, obstacle ahead[0m
[33m[ WARN] [1789878701.234392564]: Slow down, obstacle ahead[0m
[33m[ WARN] [1789878701.334304504]: Slow down, obstacle ahead[0m
[33m[ WARN] [1789878701.434632449]: Slow down, obstacle ahead[0m
[33m[ WARN] [1789878701.539205748]: Slow down, obstacle ahead[0m
[33m[ WARN] [1789878701.635770679]: Slow down, obstacle ahead[0m
[33m[ WARN] [1789878701.736142400]: Slow down, obstacle ahead[0m
[33m[ WARN] [1789878701.836828396]: Slow down, obstacle ahead[0m
[33m[ WARN] [1789878701.927824759]: Slow down, obstacle ahead[0m
[33m[ WARN] [1789878702.029193514]: Slow down, obstacle ahead[0m
[33m[ WARN] [1789878702.152171764]: Slow down, obstacle ahead[0m
[33m[ WARN] [1789878702.224999275]: Slow down, obstacle ahead[0m
[33m[ WARN] [1789878702.327905581]: Slow down, obstacle ahead[0m
[33m[ WARN] [1789878702.431644887]: Slow down, obstacle ahead[0m
[33m[ WARN] [1789878702.533136875]: Slow down, obstacle ahead[0m
[33m[ WARN] [1789878702.628742405]: Slow down, obstacle ahead[0m
[33m[ WARN] [1789878702.728169572]: Slow down, obstacle ahead[0m
[33m[ WARN] [1789878702.827962695]: Slow down, obstacle ahead[0m
[33m[ WARN] [1789878702.926119482]: Slow down, obstacle ahead[0m
[33m[ WARN] [1789878703.028565848]: Slow down, obstacle ahead[0m
[33m[ WARN] [1789878703.126847820]: Slow down, obstacle ahead[0m
[33m[ WARN] [1789878703.227262389]: Slow down, obstacle ahead[0m
[33m[ WARN] [1789878703.330736957]: Slow down, obstacle ahead[0m
[33m[ WARN] [1789878703.431236711]: Slow down, obstacle ahead[0m
[33m[ WARN] [1789878703.528825717]: Emergency obstacle detected, frame count: 1/6[0m
[33m[ WARN] [1789878703.627840560]: Emergency obstacle detected, frame count: 2/6[0m
[33m[ WARN] [1789878703.735114878]: Emergency obstacle detected, frame count: 3/6[0m
[33m[ WARN] [1789878703.830692402]: Emergency obstacle detected, frame count: 4/6[0m
[33m[ WARN] [1789878703.927825526]: Emergency obstacle detected, frame count: 5/6[0m
[0m[ INFO] [1789878683.227585911]: Map boundary processed: x=[-8.96, 8.06], y=[-1.92, 17.15][0m
[0m[ INFO] [1789878683.229001253]: Boundary false frame count: 1/5[0m
[0m[ INFO] [1789878683.327953384]: Boundary false frame count: 2/5[0m
[0m[ INFO] [1789878683.431208375]: Boundary false frame count: 3/5[0m
[0m[ INFO] [1789878683.530147561]: Boundary false frame count: 4/5[0m
[0m[ INFO] [1789878683.633565064]: Boundary false frame count: 5/5[0m
[0m[ INFO] [1789878683.633707785]: Sending resume signal - position in boundary for 5 consecutive frames[0m
[0m[ INFO] [1789878701.130812427]: 状态切换: 0 -> 2(普通预警) - 检测到较远障碍物，需要减速[0m
[0m[ INFO] [1789878701.234484277]: 状态切换: 2 -> 2(普通预警) - 检测到较远障碍物，需要减速[0m
[0m[ INFO] [1789878701.334387097]: 状态切换: 2 -> 2(普通预警) - 检测到较远障碍物，需要减速[0m
[0m[ INFO] [1789878701.434712514]: 状态切换: 2 -> 2(普通预警) - 检测到较远障碍物，需要减速[0m
[0m[ INFO] [1789878701.539286260]: 状态切换: 2 -> 2(普通预警) - 检测到较远障碍物，需要减速[0m
[0m[ INFO] [1789878701.635853751]: 状态切换: 2 -> 2(普通预警) - 检测到较远障碍物，需要减速[0m
[0m[ INFO] [1789878701.736271329]: 状态切换: 2 -> 2(普通预警) - 检测到较远障碍物，需要减速[0m
[0m[ INFO] [1789878701.836914956]: 状态切换: 2 -> 2(普通预警) - 检测到较远障碍物，需要减速[0m
[0m[ INFO] [1789878701.927915352]: 状态切换: 2 -> 2(普通预警) - 检测到较远障碍物，需要减速[0m
[0m[ INFO] [1789878702.029292619]: 状态切换: 2 -> 2(普通预警) - 检测到较远障碍物，需要减速[0m
[0m[ INFO] [1789878702.152262325]: 状态切换: 2 -> 2(普通预警) - 检测到较远障碍物，需要减速[0m
[0m[ INFO] [1789878702.225088907]: 状态切换: 2 -> 2(普通预警) - 检测到较远障碍物，需要减速[0m
[0m[ INFO] [1789878702.328002862]: 状态切换: 2 -> 2(普通预警) - 检测到较远障碍物，需要减速[0m
[0m[ INFO] [1789878702.431743832]: 状态切换: 2 -> 2(普通预警) - 检测到较远障碍物，需要减速[0m
[0m[ INFO] [1789878702.533275917]: 状态切换: 2 -> 2(普通预警) - 检测到较远障碍物，需要减速[0m
[0m[ INFO] [1789878702.628820005]: 状态切换: 2 -> 2(普通预警) - 检测到较远障碍物，需要减速[0m
[0m[ INFO] [1789878702.728281701]: 状态切换: 2 -> 2(普通预警) - 检测到较远障碍物，需要减速[0m
[0m[ INFO] [1789878702.828055272]: 状态切换: 2 -> 2(普通预警) - 检测到较远障碍物，需要减速[0m
[0m[ INFO] [1789878702.926201019]: 状态切换: 2 -> 2(普通预警) - 检测到较远障碍物，需要减速[0m
[0m[ INFO] [1789878703.028644761]: 状态切换: 2 -> 2(普通预警) - 检测到较远障碍物，需要减速[0m
[0m[ INFO] [1789878703.126957517]: 状态切换: 2 -> 2(普通预警) - 检测到较远障碍物，需要减速[0m
[0m[ INFO] [1789878703.227342134]: 状态切换: 2 -> 2(普通预警) - 检测到较远障碍物，需要减速[0m
[0m[ INFO] [1789878703.330815934]: 状态切换: 2 -> 2(普通预警) - 检测到较远障碍物，需要减速[0m
[0m[ INFO] [1789878703.431328936]: 状态切换: 2 -> 2(普通预警) - 检测到较远障碍物，需要减速[0m
[0m[ INFO] [1789878703.528918005]: 状态切换: 2 -> 3(紧急预警) - 检测到紧急障碍物第1帧，等待确认[0m
[0m[ INFO] [1789878703.528937462]: 状态切换: 2 -> 3(紧急预警) - 检测到紧急障碍物第1帧，等待确认[0m
[0m[ INFO] [1789878703.627936657]: 状态切换: 3 -> 3(紧急预警) - 检测到紧急障碍物第2帧，等待确认[0m
[0m[ INFO] [1789878703.735203966]: 状态切换: 3 -> 3(紧急预警) - 检测到紧急障碍物第3帧，等待确认[0m
[0m[ INFO] [1789878703.830767507]: 状态切换: 3 -> 3(紧急预警) - 检测到紧急障碍物第4帧，等待确认[0m
[0m[ INFO] [1789878703.927908566]: 状态切换: 3 -> 3(紧急预警) - 检测到紧急障碍物第[33m[ WARN] [1789878704.035465954]: Emergency obstacle detected, frame count: 6/6[0m
[33m[ WARN] [1789878704.035781861]: Emergency state confirmed after 6 frames - triggering avoidance[0m
[33m[ WARN] [1789878704.536710063]: Entering obstacle avoidance mode, goal point: (5.66, 4.30)-> (97, 41)[0m
[33m[ WARN] [1789878704.536756624]: cnk0811: - World coords: (6.32, 1.30)[0m
[33m[ WARN] [1789878704.536779568]: cnk0811: - Grid coords: (101, 21)[0m
[33m[ WARN] [1789878704.536805616]: cnk0811: - Is valid: YES[0m
[33m[ WARN] [1789878704.536967122]: cnk0811: Goal point analysis:[0m
[33m[ WARN] [1789878704.536996914]: cnk0811: - World coords: (5.66, 4.30)[0m
[33m[ WARN] [1789878704.537017330]: cnk0811: - Grid coords: (97, 41)[0m
[33m[ WARN] [1789878704.537035858]: cnk0811: - Is valid: YES[0m
[33m[ WARN] [1789878704.537059507]: cnk0811: Grid distance from start to goal: 20.40 cells[0m
[33m[ WARN] [1789878704.537079859]: cnk0811: Number of obstacles: 1[0m
[33m[ WARN] [1789878704.537100819]: cnk0811: First obstacle center: (7.38, 3.20)[0m
[33m[ WARN] [1789878704.537128243]: cnk0811: Starting A* search from (101, 21) to (97, 41)[0m
[33m[ WARN] [1789878704.537148339]: cnk0811: Map bounds - width: 114, height: 128[0m
[33m[ WARN] [1789878704.537168084]: cnk0811: Map world bounds - x: [-8.96, 8.06], y: [-1.92, 17.15][0m
[33m[ WARN] [1789878704.537339157]: cnk0811: Starting A* loop[0m
5帧，等待确认[0m
[0m[ INFO] [1789878704.035593891]: 状态切换: 3 -> 3(紧急预警) - 检测到紧急障碍物，准备避障规划[0m
[0m[ INFO] [1789878704.536360812]: Using current position (6.32, 1.30)-> (101, 21) as start point[0m
[0m[ INFO] [1789878704.536424332]: First time avoidance - finding safe goal point[0m
[0m[ INFO] [1789878704.536637646]: Selected path point 22 as goal: (5.69, 4.24)[0m
[0m[ INFO] [1789878704.536674927]: Selected path point 22 as goal: (5.69, 4.24) -> (97, 41)[0m
Arrived at goal: (97, 41)
[33m[ WARN] [1789878704.546201453]: cnk0811: Path found after 250 iterations![0m
[33m[ WARN] [1789878704.546996981]: Emergency obstacle detected, frame count: 1/12[0m
[0m[ INFO] [1789878704.546413231]: 状态切换: 3 -> 1(避障执行中) - 找到避障路径，开始执行避障[0m
[0m[ INFO] [1789878704.546642898]: [publishPath]: Path published successfully.[0m
[0m[ INFO] [1789878704.546705842]: Path found, publishing[0m
[2026-09-20 12:31:44] 在避障执行中检测到紧急障碍物，触发停车信号
[33m[ WARN] [1789878704.627282194]: Emergency obstacle detected, frame count: 2/12[0m
[2026-09-20 12:31:44] 在避障执行中检测到紧急障碍物，触发停车信号
[33m[ WARN] [1789878704.730442321]: Emergency obstacle detected, frame count: 3/12[0m
[2026-09-20 12:31:44] 在避障执行中检测到紧急障碍物，触发停车信号
[2026-09-20 12:31:46] 在避障执行中检测到很远障碍物，不会切换避障状态
[2026-09-20 12:31:46] 在避障执行中检测到很远障碍物，不会切换避障状态
[2026-09-20 12:31:46] 在避障执行中检测到很远障碍物，不会切换避障状态
[2026-09-20 12:31:46] 在避障执行中检测到很远障碍物，不会切换避障状态
[2026-09-20 12:31:46] 在避障执行中检测到很远障碍物，不会切换避障状态
[2026-09-20 12:31:46] 在避障执行中检测到很远障碍物，不会切换避障状态
[2026-09-20 12:31:46] 在避障执行中检测到很远障碍物，不会切换避障状态
[2026-09-20 12:31:47] 在避障执行中检测到很远障碍物，不会切换避障状态
[2026-09-20 12:31:47] 在避障执行中检测到很远障碍物，不会切换避障状态
[2026-09-20 12:31:47] 在避障执行中检测到很远障碍物，不会切换避障状态
[2026-09-20 12:31:47] 在避障执行中检测到很远障碍物，不会切换避障状态
[2026-09-20 12:31:47] 在避障执行中检测到很远障碍物，不会切换避障状态
[2026-09-20 12:31:47] 在避障执行中检测到很远障碍物，不会切换避障状态
[2026-09-20 12:31:47] 在避障执行中检测到很远障碍物，不会切换避障状态
[2026-09-20 12:31:47] 在避障执行中检测到很远障碍物，不会切换避障状态
[2026-09-20 12:31:47] 在避障执行中检测到很远障碍物，不会切换避障状态
[2026-09-20 12:31:47] 在避障执行中检测到很远障碍物，不会切换避障状态
[2026-09-20 12:31:48] 在避障执行中检测到很远障碍物，不会切换避障状态
[2026-09-20 12:31:48] 在避障执行中检测到很远障碍物，不会切换避障状态
[2026-09-20 12:31:53] 在避障执行中检测到很远障碍物，不会切换避障状态
[2026-09-20 12:31:53] 在避障执行中检测到很远障碍物，不会切换避障状态
[2026-09-20 12:31:53] 在避障执行中检测到很远障碍物，不会切换避障状态
[2026-09-20 12:31:53] 在避障执行中检测到很远障碍物，不会切换避障状态
[2026-09-20 12:31:53] 在避障执行中检测到很远障碍物，不会切换避障状态
[2026-09-20 12:31:53] 在避障执行中检测到很远障碍物，不会切换避障状态
[2026-09-20 12:31:54] 在避障执行中检测到很远障碍物，不会切换避障状态
[2026-09-20 12:31:54] 在避障执行中检测到很远障碍物，不会切换避障状态
[2026-09-20 12:31:54] 在避障执行中检测到很远障碍物，不会切换避障状态
[2026-09-20 12:31:54] 在避障执行中检测到很远障碍物，不会切换避障状态
[2026-09-20 12:31:54] 在避障执行中检测到很远障碍物，不会切换避障状态
[2026-09-20 12:31:54] 在避障执行中检测到很远障碍物，不会切换避障状态
[2026-09-20 12:31:54] 在避障执行中检测到很远障碍物，不会切换避障状态
[2026-09-20 12:31:54] 在避障执行中检测到很远障碍物，不会切换避障状态
[2026-09-20 12:31:54] 在避障执行中检测到很远障碍物，不会切换避障状态
[2026-09-20 12:31:54] 在避障执行中检测到很远障碍物，不会切换避障状态
[2026-09-20 12:31:55] 在避障执行中检测到很远障碍物，不会切换避障状态
[2026-09-20 12:31:55] 在避障执行中检测到很远障碍物，不会切换避障状态
[2026-09-20 12:31:55] 在避障执行中检测到很远障碍物，不会切换避障状态
[2026-09-20 12:31:55] 在避障执行中检测到很远障碍物，不会切换避障状态
[2026-09-20 12:31:55] 在避障执行中检测到很远障碍物，不会切换避障状态
[2026-09-20 12:31:55] 在避障执行中检测到很远障碍物，不会切换避障状态
[2026-09-20 12:31:55] 在避障执行中检测到较远障碍物，不会切换避障状态
[2026-09-20 12:31:55] 在避障执行中检测到较远障碍物，不会切换避障状态
[2026-09-20 12:31:55] 在避障执行中检测到较远障碍物，不会切换避障状态
[2026-09-20 12:31:55] 在避障执行中检测到较远障碍物，不会切换避障状态
[2026-09-20 12:31:56] 在避障执行中检测到较远障碍物，不会切换避障状态
[2026-09-20 12:31:56] 在避障执行中检测到较远障碍物，不会切换避障状态
[2026-09-20 12:31:56] 在避障执行中检测到较远障碍物，不会切换避障状态
[2026-09-20 12:31:56] 在避障执行中检测到较远障碍物，不会切换避障状态
[2026-09-20 12:31:56] 在避障执行中检测到较远障碍物，不会切换避障状态
[2026-09-20 12:31:56] 在避障执行中检测到较远障碍物，不会切换避障状态
[2026-09-20 12:31:56] 在避障执行中检测到较远障碍物，不会切换避障状态
[2026-09-20 12:31:56] 在避障执行中检测到较远障碍物，不会切换避障状态
[2026-09-20 12:31:56] 在避障执行中检测到较远障碍物，不会切换避障状态
[2026-09-20 12:31:56] 在避障执行中检测到较远障碍物，不会切换避障状态
[2026-09-20 12:31:57] 在避障执行中检测到较远障碍物，不会切换避障状态
[2026-09-20 12:31:57] 在避障执行中检测到较远障碍物，不会切换避障状态
[2026-09-20 12:31:57] 在避障执行中检测到较远障碍物，不会切换避障状态
[2026-09-20 12:31:57] 在避障执行中检测到较远障碍物，不会切换避障状态
[2026-09-20 12:31:57] 在避障执行中检测到较远障碍物，不会切换避障状态
[2026-09-20 12:31:57] 在避障执行中检测到较远障碍物，不会切换避障状态
[2026-09-20 12:31:57] 在避障执行中检测到较远障碍物，不会切换避障状态
[2026-09-20 12:31:57] 在避障执行中检测到较远障碍物，不会切换避障状态
[2026-09-20 12:31:57] 在避障执行中检测到较远障碍物，不会切换避障状态
[2026-09-20 12:31:57] 在避障执行中检测到较远障碍物，不会切换避障状态
[2026-09-20 12:31:58] 在避障执行中检测到较远障碍物，不会切换避障状态
[2026-09-20 12:31:58] 在避障执行中检测到较远障碍物，不会切换避障状态
[2026-09-20 12:31:58] 在避障执行中检测到较远障碍物，不会切换避障状态
[2026-09-20 12:31:58] 在避障执行中检测到较远障碍物，不会切换避障状态
[2026-09-20 12:31:58] 在避障执行中检测到较远障碍物，不会切换避障状态
[2026-09-20 12:31:58] 在避障执行中检测到较远障碍物，不会切换避障状态
[2026-09-20 12:31:58] 在避障执行中检测到较远障碍物，不会切换避障状态
[2026-09-20 12:31:58] 在避障执行中检测到较远障碍物，不会切换避障状态
[2026-09-20 12:31:58] 在避障执行中检测到较远障碍物，不会切换避障状态
[2026-09-20 12:31:58] 在避障执行中检测到较远障碍物，不会切换避障状态
[2026-09-20 12:31:59] 在避障执行中检测到较远障碍物，不会切换避障状态
[2026-09-20 12:31:59] 在避障执行中检测到较远障碍物，不会切换避障状态
[2026-09-20 12:31:59] 在避障执行中检测到较远障碍物，不会切换避障状态
[2026-09-20 12:31:59] 在避障执行中检测到较远障碍物，不会切换避障状态
[2026-09-20 12:31:59] 在避障执行中检测到较远障碍物，不会切换避障状态
[2026-09-20 12:31:59] 在避障执行中检测到较远障碍物，不会切换避障状态
[2026-09-20 12:31:59] 在避障执行中检测到较远障碍物，不会切换避障状态
[2026-09-20 12:31:59] 在避障执行中检测到较远障碍物，不会切换避障状态
[2026-09-20 12:31:59] 在避障执行中检测到较远障碍物，不会切换避障状态
[33m[ WARN] [1789878719.930512987]: Emergency obstacle detected, frame count: 4/12[0m
[2026-09-20 12:31:59] 在避障执行中检测到紧急障碍物，触发停车信号
[33m[ WARN] [1789878720.031111250]: Emergency obstacle detected, frame count: 5/12[0m
[2026-09-20 12:32:00] 在避障执行中检测到紧急障碍物，触发停车信号
[33m[ WARN] [1789878720.130581885]: Emergency obstacle detected, frame count: 6/12[0m
[2026-09-20 12:32:00] 在避障执行中检测到紧急障碍物，触发停车信号
[33m[ WARN] [1789878720.230516908]: Emergency obstacle detected, frame count: 7/12[0m
[2026-09-20 12:32:00] 在避障执行中检测到紧急障碍物，触发停车信号
[33m[ WARN] [1789878720.331347205]: Emergency obstacle detected, frame count: 8/12[0m
[2026-09-20 12:32:00] 在避障执行中检测到紧急障碍物，触发停车信号
[33m[ WARN] [1789878720.430897265]: Emergency obstacle detected, frame count: 9/12[0m
[2026-09-20 12:32:00] 在避障执行中检测到紧急障碍物，触发停车信号
[33m[ WARN] [1789878720.531153892]: Emergency obstacle detected, frame count: 10/12[0m
[2026-09-20 12:32:00] 在避障执行中检测到紧急障碍物，触发停车信号
[33m[ WARN] [1789878720.630542286]: Emergency obstacle detected, frame count: 11/12[0m
[2026-09-20 12:32:00] 在避障执行中检测到紧急障碍物，触发停车信号
[33m[ WARN] [1789878720.731520616]: Emergency obstacle detected, frame count: 12/12[0m
[33m[ WARN] [1789878720.738949331]: State 3 timeout (17.2s), forcing reset to normal state[0m
[33m[ WARN] [1789878721.232285986]: Entering obstacle avoidance mode, goal point: (4.16, 6.55)-> (87, 56)[0m
[33m[ WARN] [1789878721.232329026]: cnk0811: - World coords: (5.85, 2.99)[0m
[33m[ WARN] [1789878721.232349890]: cnk0811: - Grid coords: (98, 32)[0m
[33m[ WARN] [1789878721.232368675]: cnk0811: - Is valid: YES[0m
[33m[ WARN] [1789878721.232385251]: cnk0811: Goal point analysis:[0m
[33m[ WARN] [1789878721.232401795]: cnk0811: - World coords: (4.16, 6.55)[0m
[33m[ WARN] [1789878721.232417667]: cnk0811: - Grid coords: (87, 56)[0m
[33m[ WARN] [1789878721.232434051]: cnk0811: - Is valid: YES[0m
[33m[ WARN] [1789878721.232450691]: cnk0811: Grid distance from start to goal: 26.40 cells[0m
[33m[ WARN] [1789878721.232468548]: cnk0811: Number of obstacles: 2[0m
[33m[ WARN] [1789878721.232487300]: cnk0811: First obstacle center: (7.42, 3.17)[0m
[33m[ WARN] [1789878721.232509252]: cnk0811: Starting A* search from (98, 32) to (87, 56)[0m
[33m[ WARN] [1789878721.232526980]: cnk0811: Map bounds - width: 114, height: 128[0m
[33m[ WARN] [1789878721.232544932]: cnk0811: Map world bounds - x: [-8.96, 8.06], y: [-1.92, 17.15][0m
[33m[ WARN] [1789878721.232581925]: cnk0811: Starting A* loop[0m
[31m[ERROR] [1789878721.232660357]: cnk0811: A* failed after 1 iterations! Open set empty: YES[0m
[33m[ WARN] [1789878721.232698374]: No valid path found[0m
[33m[ WARN] [1789878721.232980585]: Emergency obstacle detected, frame count: 1/6[0m
[33m[ WARN] [1789878721.244172122]: Emergency obstacle detected, frame count: 2/6[0m
[33m[ WARN] [1789878721.328561516]: Emergency obstacle detected, frame count: 3/6[0m
[33m[ WARN] [1789878721.427906262]: Emergency obstacle detected, frame count: 4/6[0m
[33m[ WARN] [1789878721.528697743]: Emergency obstacle detected, frame count: 5/6[0m
[33m[ WARN] [1789878721.629639784]: Emergency obstacle detected, frame count: 6/6[0m
[33m[ WARN] [1789878721.629816394]: Emergency state confirmed after 6 frames - triggering avoidance[0m
[0m[ INFO] [1789878720.731688170]: 状态切换: 1 -> 3(紧急预警) - 避障过程中检测到紧急障碍物，准备避障规划[0m
[0m[ INFO] [1789878720.739042964]: 状态切换: 3(紧急预警) -> 0(正常状态) - 紧急预警超时，强制恢复正常[0m
[0m[ INFO] [1789878721.231943998]: Using current position (5.85, 2.99)-> (98, 32) as start point[0m
[0m[ INFO] [1789878721.231996575]: First time avoidance - finding safe goal point[0m
[0m[ INFO] [1789878721.232225281]: Selected path point 18 as goal: (4.19, 6.48)[0m
[0m[ INFO] [1789878721.232261185]: Selected path point 18 as goal: (4.19, 6.48) -> (87, 56)[0m
[0m[ INFO] [1789878721.233042985]: 状态切换: 0 -> 3(紧急预警) - 检测到紧急障碍物第1帧，等待确认[0m
[0m[ INFO] [1789878721.233068874]: 状态切换: 0 -> 3(紧急预警) - 检测到紧急障碍物第1帧，等待确认[0m
[0m[ INFO] [1789878721.244250522]: 状态切换: 3 -> 3(紧急预警) - 检测到紧急障碍物第2帧，等待确认[0m
[0m[ INFO] [1789878721.328656237]: 状态切换: 3 -> 3(紧急预警) - 检测到紧急障碍物第3帧，等待确认[0m
[0m[ INFO] [1789878721.427984183]: 状态切换: 3 -> 3(紧急预警) - 检测到紧急障碍物第4帧，等待确认[0m
[0m[ INFO] [1789878721.528784655]: 状态切换: 3 -> 3(紧急预警) - 检测到紧急障碍物第5帧，等待确认[0m
[0m[ INFO] [1789878721.629720617]: 状态切换: 3 -> 3(紧急预警) - 检测到紧急障碍物，准备避障规划[0m
[0m[ INFO] [1789878722.130321153]: Using current position (5.85, 3.06)-> (98, 33) as start point[0m
[2026-09-20 12:32:02] 触发连续避障
依赖路径长度：182
[33m[ WARN] [1789878722.130715589]: cnk0811: - World coords: (5.85, 3.06)[0m
[33m[ WARN] [1789878722.130741189]: cnk0811: - Grid coords: (98, 33)[0m
[33m[ WARN] [1789878722.130759461]: cnk0811: - Is valid: YES[0m
[33m[ WARN] [1789878722.130774758]: cnk0811: Goal point analysis:[0m
[33m[ WARN] [1789878722.130790854]: cnk0811: - World coords: (4.16, 6.55)[0m
[33m[ WARN] [1789878722.130806342]: cnk0811: - Grid coords: (87, 56)[0m
[33m[ WARN] [1789878722.130821734]: cnk0811: - Is valid: YES[0m
[33m[ WARN] [1789878722.130840326]: cnk0811: Grid distance from start to goal: 25.50 cells[0m
[33m[ WARN] [1789878722.130857126]: cnk0811: Number of obstacles: 2[0m
[33m[ WARN] [1789878722.130919271]: cnk0811: First obstacle center: (7.42, 3.17)[0m
[33m[ WARN] [1789878722.130962023]: cnk0811: Starting A* search from (98, 33) to (87, 56)[0m
[33m[ WARN] [1789878722.130982600]: cnk0811: Map bounds - width: 114, height: 128[0m
[33m[ WARN] [1789878722.131001160]: cnk0811: Map world bounds - x: [-8.96, 8.06], y: [-1.92, 17.15][0m
[33m[ WARN] [1789878722.131038856]: cnk0811: Starting A* loop[0m
[31m[ERROR] [1789878722.131111945]: cnk0811: A* failed after 1 iterations! Open set empty: YES[0m
[33m[ WARN] [1789878722.131148137]: No valid path found[0m
[33m[ WARN] [1789878722.131364139]: Emergency obstacle detected, frame count: 1/6[0m
[33m[ WARN] [1789878722.156661099]: Emergency obstacle detected, frame count: 2/6[0m
[33m[ WARN] [1789878722.232037827]: Emergency obstacle detected, frame count: 3/6[0m
[33m[ WARN] [1789878722.330157376]: Emergency obstacle detected, frame count: 4/6[0m
[33m[ WARN] [1789878722.430418707]: Emergency obstacle detected, frame count: 5/6[0m
[33m[ WARN] [1789878722.530061376]: Emergency obstacle detected, frame count: 6/6[0m
[33m[ WARN] [1789878722.530211297]: Emergency state confirmed after 6 frames - triggering avoidance[0m
[0m[ INFO] [1789878722.130663556]: Selected path point 0 as goal: (4.14, 6.56)[0m
[0m[ INFO] [1789878722.130695813]: Selected path point 0 as goal: (4.14, 6.56) -> (87, 56)[0m
[0m[ INFO] [1789878722.131426540]: 状态切换: 3 -> 3(紧急预警) - 检测到紧急障碍物第1帧，等待确认[0m
[0m[ INFO] [1789878722.156740299]: 状态切换: 3 -> 3(紧急预警) - 检测到紧急障碍物第2帧，等待确认[0m
[0m[ INFO] [1789878722.232180580]: 状态切换: 3 -> 3(紧急预警) - 检测到紧急障碍物第3帧，等待确认[0m
[0m[ INFO] [1789878722.330249153]: 状态切换: 3 -> 3(紧急预警) - 检测到紧急障碍物第4帧，等待确认[0m
[0m[ INFO] [1789878722.430520724]: 状态切换: 3 -> 3(紧急预警) - 检测到紧急障碍物第5帧，等待确认[0m
[0m[ INFO] [1789878722.530160161]: 状态切换: 3 -> 3(紧急预警) - 检测到紧急障碍物，准备避障规划[0m
[0m[ INFO] [1789878723.030687288]: Using current position (5.84, 3.04)-> (98, 33) as start point[0m
[2026-09-20 12:32:03] 触发连续避障
依赖路径长度：181
[33m[ WARN] [1789878723.031006427]: cnk0811: - World coords: (5.84, 3.04)[0m
[33m[ WARN] [1789878723.031080796]: cnk0811: - Grid coords: (98, 33)[0m
[33m[ WARN] [1789878723.031114044]: cnk0811: - Is valid: YES[0m
[33m[ WARN] [1789878723.031139580]: cnk0811: Goal point analysis:[0m
[33m[ WARN] [1789878723.031164573]: cnk0811: - World coords: (4.16, 6.40)[0m
[33m[ WARN] [1789878723.031695298]: cnk0811: - Grid coords: (87, 55)[0m
[33m[ WARN] [1789878723.031742818]: cnk0811: - Is valid: YES[0m
[33m[ WARN] [1789878723.031785347]: cnk0811: Grid distance from start to goal: 24.60 cells[0m
[33m[ WARN] [1789878723.031824355]: cnk0811: Number of obstacles: 2[0m
[33m[ WARN] [1789878723.031855332]: cnk0811: First obstacle center: (7.42, 3.17)[0m
[33m[ WARN] [1789878723.031892932]: cnk0811: Starting A* search from (98, 33) to (87, 55)[0m
[33m[ WARN] [1789878723.031917508]: cnk0811: Map bounds - width: 114, height: 128[0m
[33m[ WARN] [1789878723.031946884]: cnk0811: Map world bounds - x: [-8.96, 8.06], y: [-1.92, 17.15][0m
[33m[ WARN] [1789878723.031997765]: cnk0811: Starting A* loop[0m
[31m[ERROR] [1789878723.032082566]: cnk0811: A* failed after 1 iterations! Open set empty: YES[0m
[33m[ WARN] [1789878723.032119782]: No valid path found[0m
[33m[ WARN] [1789878728.125635705]: State 4 (backup) timeout (5.1s), forcing reset to normal state[0m
[33m[ WARN] [1789878728.131447322]: Emergency obstacle detected, frame count: 1/6[0m
[33m[ WARN] [1789878728.230774410]: Emergency obstacle detected, frame count: 2/6[0m
[33m[ WARN] [1789878728.331893741]: Emergency obstacle detected, frame count: 3/6[0m
[33m[ WARN] [1789878728.433136498]: Emergency obstacle detected, frame count: 4/6[0m
[33m[ WARN] [1789878728.534121556]: Emergency obstacle detected, frame count: 5/6[0m
[33m[ WARN] [1789878728.635594012]: Emergency obstacle detected, frame count: 6/6[0m
[33m[ WARN] [1789878728.635769758]: Emergency state confirmed after 6 frames - triggering avoidance[0m
[33m[ WARN] [1789878729.136715324]: Entering obstacle avoidance mode, goal point: (4.16, 6.55)-> (87, 56)[0m
[33m[ WARN] [1789878729.136766205]: cnk0811: - World coords: (5.85, 2.85)[0m
[33m[ WARN] [1789878729.136797693]: cnk0811: - Grid coords: (98, 31)[0m
[33m[ WARN] [1789878729.136899742]: cnk0811: - Is valid: YES[0m
[33m[ WARN] [1789878729.136935678]: cnk0811: Goal point analysis:[0m
[33m[ WARN] [1789878729.136961471]: cnk0811: - World coords: (4.16, 6.55)[0m
[33m[ WARN] [1789878729.136984703]: cnk0811: - Grid coords: (87, 56)[0m
[33m[ WARN] [1789878729.137005631]: cnk0811: - Is valid: YES[0m
[33m[ WARN] [1789878729.137082688]: cnk0811: Grid distance from start to goal: 27.31 cells[0m
[33m[ WARN] [1789878729.137126785]: cnk0811: Number of obstacles: 2[0m
[33m[ WARN] [1789878729.137156513]: cnk0811: First obstacle center: (7.42, 3.17)[0m
[33m[ WARN] [1789878729.137190081]: cnk0811: Starting A* search from (98, 31) to (87, 56)[0m
[33m[ WARN] [1789878729.137211298]: cnk0811: Map bounds - width: 114, height: 128[0m
[33m[ WARN] [1789878729.137232610]: cnk0811: Map world bounds - x: [-8.96, 8.06], y: [-1.92, 17.15][0m
[33m[ WARN] [1789878729.137277666]: cnk0811: Starting A* loop[0m
[33m[ WARN] [1789878729.189989740]: cnk0811: A* iteration 1000, current: (100, 26), open_set size: 453[0m
[0m[ INFO] [1789878723.030956922]: Selected path point 0 as goal: (4.17, 6.41)[0m
[0m[ INFO] [1789878723.030989659]: Selected path point 0 as goal: (4.17, 6.41) -> (87, 55)[0m
[0m[ INFO] [1789878723.032161767]: 状态切换: 3 -> 4(倒车状态) - 无法找到避障路径，开始倒车[0m
[0m[ INFO] [1789878728.125741178]: 状态切换: 4(倒车状态) -> 0(正常状态) - 倒车超时，强制恢复正常[0m
[0m[ INFO] [1789878728.131520251]: 状态切换: 0 -> 3(紧急预警) - 检测到紧急障碍物第1帧，等待确认[0m
[0m[ INFO] [1789878728.131543131]: 状态切换: 0 -> 3(紧急预警) - 检测到紧急障碍物第1帧，等待确认[0m
[0m[ INFO] [1789878728.230861643]: 状态切换: 3 -> 3(紧急预警) - 检测到紧急障碍物第2帧，等待确认[0m
[0m[ INFO] [1789878728.331975726]: 状态切换: 3 -> 3(紧急预警) - 检测到紧急障碍物第3帧，等待确认[0m
[0m[ INFO] [1789878728.433258195]: 状态切换: 3 -> 3(紧急预警) - 检测到紧急障碍物第4帧，等待确认[0m
[0m[ INFO] [1789878728.534212309]: 状态切换: 3 -> 3(紧急预警) - 检测到紧急障碍物第5帧，等待确认[0m
[0m[ INFO] [1789878728.635673373]: 状态切换: 3 -> 3(紧急预警) - 检测到紧急障碍物，准备避障规划[0m
[0m[ INFO] [1789878729.136224631]: Using current position (5.85, 2.85)-> (98, 31) as start point[0m
[0m[ INFO] [1789878729.136274039]: First time avoidance - finding safe goal point[0m
[0m[ INFO] [1789878729.136580539]: Selected path point 18 as goal: (4.19, 6.48)[0m
[0m[ INFO] [1789878729.136688604]: Selected path point 18 as goal: (4.19, 6.48) -> (87, 56)[0m
Arrived at goal: (87, 56)
[33m[ WARN] [1789878729.215579432]: cnk0811: Path found after 1462 iterations![0m
[33m[ WARN] [1789878729.216444402]: Emergency obstacle detected, frame count: 1/12[0m
[0m[ INFO] [1789878729.215896748]: 状态切换: 3 -> 1(避障执行中) - 找到避障路径，开始执行避障[0m
[0m[ INFO] [1789878729.216062670]: [publishPath]: Path published successfully.[0m
[0m[ INFO] [1789878729.216111022]: Path found, publishing[0m
[2026-09-20 12:32:09] 在避障执行中检测到紧急障碍物，触发停车信号
[33m[ WARN] [1789878729.239700084]: Emergency obstacle detected, frame count: 2/12[0m
[2026-09-20 12:32:09] 在避障执行中检测到紧急障碍物，触发停车信号
[33m[ WARN] [1789878729.330664538]: Emergency obstacle detected, frame count: 3/12[0m
[2026-09-20 12:32:09] 在避障执行中检测到紧急障碍物，触发停车信号
[2026-09-20 12:32:50] 避障路线已经走完
[33m[ WARN] [1789878770.620136551]: Slow down, obstacle ahead[0m
[33m[ WARN] [1789878770.720581981]: Slow down, obstacle ahead[0m
[33m[ WARN] [1789878770.821943676]: Slow down, obstacle ahead[0m
[33m[ WARN] [1789878770.918364649]: Slow down, obstacle ahead[0m
[33m[ WARN] [1789878771.026214986]: Slow down, obstacle ahead[0m
[33m[ WARN] [1789878771.118084201]: Slow down, obstacle ahead[0m
[33m[ WARN] [1789878771.218730977]: Slow down, obstacle ahead[0m
[33m[ WARN] [1789878771.319067862]: Slow down, obstacle ahead[0m
[33m[ WARN] [1789878771.419681261]: Slow down, obstacle ahead[0m
[33m[ WARN] [1789878771.518249552]: Slow down, obstacle ahead[0m
[33m[ WARN] [1789878771.625330089]: Slow down, obstacle ahead[0m
[33m[ WARN] [1789878771.720694027]: Slow down, obstacle ahead[0m
[33m[ WARN] [1789878771.824520167]: Slow down, obstacle ahead[0m
[33m[ WARN] [1789878771.919919153]: Slow down, obstacle ahead[0m
[33m[ WARN] [1789878772.013321510]: Slow down, obstacle ahead[0m
[33m[ WARN] [1789878772.185058808]: Slow down, obstacle ahead[0m
[33m[ WARN] [1789878772.216758235]: Slow down, obstacle ahead[0m
[33m[ WARN] [1789878772.323651481]: Slow down, obstacle ahead[0m
[33m[ WARN] [1789878772.421369147]: Slow down, obstacle ahead[0m
[33m[ WARN] [1789878772.532908265]: Slow down, obstacle ahead[0m
[33m[ WARN] [1789878772.633330918]: Slow down, obstacle ahead[0m
[33m[ WARN] [1789878772.720414459]: Slow down, obstacle ahead[0m
[33m[ WARN] [1789878772.829789107]: Slow down, obstacle ahead[0m
[33m[ WARN] [1789878772.919659844]: Slow down, obstacle ahead[0m
[33m[ WARN] [1789878773.026451394]: Slow down, obstacle ahead[0m
[33m[ WARN] [1789878773.127426309]: Slow down, obstacle ahead[0m
[33m[ WARN] [1789878773.224021659]: Slow down, obstacle ahead[0m
[33m[ WARN] [1789878773.319455749]: Slow down, obstacle ahead[0m
[33m[ WARN] [1789878773.419271676]: Slow down, obstacle ahead[0m
[33m[ WARN] [1789878773.520662850]: Slow down, obstacle ahead[0m
[33m[ WARN] [1789878773.621574852]: Slow down, obstacle ahead[0m
[33m[ WARN] [1789878773.728868871]: Slow down, obstacle ahead[0m
[33m[ WARN] [1789878773.823752172]: Slow down, obstacle ahead[0m
[33m[ WARN] [1789878773.918804114]: Slow down, obstacle ahead[0m
[0m[ INFO] [1789878770.422064024]: 状态切换: 1(避障执行中) -> 0(正常状态) - 避障完成标志触发，恢复正常行驶[0m
[0m[ INFO] [1789878770.620299305]: 状态切换: 0 -> 2(普通预警) - 检测到较远障碍物，需要减速[0m
[0m[ INFO] [1789878770.720825087]: 状态切换: 2 -> 2(普通预警) - 检测到较远障碍物，需要减速[0m
[0m[ INFO] [1789878770.822034365]: 状态切换: 2 -> 2(普通预警) - 检测到较远障碍物，需要减速[0m
[0m[ INFO] [1789878770.918444522]: 状态切换: 2 -> 2(普通预警) - 检测到较远障碍物，需要减速[0m
[0m[ INFO] [1789878771.026336395]: 状态切换: 2 -> 2(普通预警) - 检测到较远障碍物，需要减速[0m
[0m[ INFO] [1789878771.118237611]: 状态切换: 2 -> 2(普通预警) - 检测到较远障碍物，需要减速[0m
[0m[ INFO] [1789878771.218816674]: 状态切换: 2 -> 2(普通预警) - 检测到较远障碍物，需要减速[0m
[0m[ INFO] [1789878771.319164151]: 状态切换: 2 -> 2(普通预警) - 检测到较远障碍物，需要减速[0m
[0m[ INFO] [1789878771.419780238]: 状态切换: 2 -> 2(普通预警) - 检测到较远障碍物，需要减速[0m
[0m[ INFO] [1789878771.518338193]: 状态切换: 2 -> 2(普通预警) - 检测到较远障碍物，需要减速[0m
[0m[ INFO] [1789878771.625418346]: 状态切换: 2 -> 2(普通预警) - 检测到较远障碍物，需要减速[0m
[0m[ INFO] [1789878771.720788524]: 状态切换: 2 -> 2(普通预警) - 检测到较远障碍物，需要减速[0m
[0m[ INFO] [1789878771.824611272]: 状态切换: 2 -> 2(普通预警) - 检测到较远障碍物，需要减速[0m
[0m[ INFO] [1789878771.920003090]: 状态切换: 2 -> 2(普通预警) - 检测到较远障碍物，需要减速[0m
[0m[ INFO] [1789878772.013418567]: 状态切换: 2 -> 2(普通预警) - 检测到较远障碍物，需要减速[0m
[0m[ INFO] [1789878772.185186810]: 状态切换: 2 -> 2(普通预警) - 检测到较远障碍物，需要减速[0m
[0m[ INFO] [1789878772.216838811]: 状态切换: 2 -> 2(普通预警) - 检测到较远障碍物，需要减速[0m
[0m[ INFO] [1789878772.323732122]: 状态切换: 2 -> 2(普通预警) - 检测到较远障碍物，需要减速[0m
[0m[ INFO] [1789878772.421458940]: 状态切换: 2 -> 2(普通预警) - 检测到较远障碍物，需要减速[0m
[0m[ INFO] [1789878772.532995273]: 状态切换: 2 -> 2(普通预警) - 检测到较远障碍物，需要减速[0m
[0m[ INFO] [1789878772.633423494]: 状态切换: 2 -> 2(普通预警) - 检测到较远障碍物，需要减速[0m
[0m[ INFO] [1789878772.720490140]: 状态切换: 2 -> 2(普通预警) - 检测到较远障碍物，需要减速[0m
[0m[ INFO] [1789878772.830076374]: 状态切换: 2 -> 2(普通预警) - 检测到较远障碍物，需要减速[0m
[0m[ INFO] [1789878772.919806118]: 状态切换: 2 -> 2(普通预警) - 检测到较远障碍物，需要减速[0m
[0m[ INFO] [1789878773.026535747]: 状态切换: 2 -> 2(普通预警) - 检测到较远障碍物，需要减速[0m
[0m[ INFO] [1789878773.127505157]: 状态切换: 2 -> 2(普通预警) - 检测到较远障碍物，需要减速[0m
[0m[ INFO] [1789878773.224109276]: 状态切换: 2 -> 2(普通预警) - 检测到较远障碍物，需要减速[0m
[0m[ INFO] [1789878773.319540166]: 状态切换: 2 -> 2(普通预警) - 检测到较远障碍物，需要减速[0m
[0m[ INFO] [1789878773.419361373]: 状态切换: 2 -> 2(普通预警) - 检测到较远障碍物，需要减速[0m
[0m[ INFO] [1789878773.520744483]: 状态切换: 2 -> 2(普通预警) - 检测到较远障碍物，需要减速[0m
[0m[ INFO] [1789878773.621649509]: 状态切换: 2 -> 2(普通预警) - 检测到较远障碍物，需要减速[0m
[0m[ INFO] [1789878773.728959624]: 状态切换: 2 -> 2(普通预警) - 检测到较远障碍物，需要减速[0m
[0m[ INFO] [1789878773.823847789]: 状态切换: 2 -> 2(普通预警) - 检测到较远障碍物，需要减速[0m
[0m[ INFO] [1789878773.918910835]: 状态切换: 2 -> 2(普通预警) - 检测到较远障碍�[33m[ WARN] [1789878774.024484804]: Slow down, obstacle ahead[0m
[33m[ WARN] [1789878774.123551508]: Slow down, obstacle ahead[0m
[33m[ WARN] [1789878774.220065033]: Slow down, obstacle ahead[0m
[33m[ WARN] [1789878774.318708372]: Slow down, obstacle ahead[0m
[33m[ WARN] [1789878774.420474398]: Slow down, obstacle ahead[0m
[33m[ WARN] [1789878774.519494221]: Slow down, obstacle ahead[0m
[33m[ WARN] [1789878774.620882356]: Slow down, obstacle ahead[0m
[33m[ WARN] [1789878774.726258467]: Slow down, obstacle ahead[0m
[33m[ WARN] [1789878774.827099556]: Slow down, obstacle ahead[0m
[33m[ WARN] [1789878774.916960022]: Slow down, obstacle ahead[0m
[33m[ WARN] [1789878775.019500712]: Slow down, obstacle ahead[0m
[33m[ WARN] [1789878775.120212808]: Slow down, obstacle ahead[0m
[33m[ WARN] [1789878775.220934312]: Slow down, obstacle ahead[0m
[33m[ WARN] [1789878775.318906892]: Slow down, obstacle ahead[0m
[33m[ WARN] [1789878775.418738531]: Slow down, obstacle ahead[0m
[33m[ WARN] [1789878775.519490307]: Slow down, obstacle ahead[0m
[33m[ WARN] [1789878775.618353008]: Slow down, obstacle ahead[0m
[33m[ WARN] [1789878775.723687871]: Slow down, obstacle ahead[0m
[33m[ WARN] [1789878775.823262062]: Slow down, obstacle ahead[0m
[33m[ WARN] [1789878775.919894361]: Slow down, obstacle ahead[0m
[33m[ WARN] [1789878776.022758466]: Slow down, obstacle ahead[0m
[33m[ WARN] [1789878776.120267957]: Slow down, obstacle ahead[0m
[33m[ WARN] [1789878776.217367909]: Slow down, obstacle ahead[0m
[33m[ WARN] [1789878776.319304965]: Slow down, obstacle ahead[0m
[33m[ WARN] [1789878776.419805494]: Slow down, obstacle ahead[0m
[33m[ WARN] [1789878776.520494666]: Slow down, obstacle ahead[0m
[33m[ WARN] [1789878776.620480150]: Emergency obstacle detected, frame count: 1/6[0m
[33m[ WARN] [1789878776.719984702]: Emergency obstacle detected, frame count: 2/6[0m
[33m[ WARN] [1789878776.820294989]: Emergency obstacle detected, frame count: 3/6[0m
[33m[ WARN] [1789878776.916521940]: Emergency obstacle detected, frame count: 4/6[0m
[33m[ WARN] [1789878777.022518941]: Emergency obstacle detected, frame count: 5/6[0m
[33m[ WARN] [1789878777.181854269]: Emergency obstacle detected, frame count: 6/6[0m
[33m[ WARN] [1789878777.182064576]: Emergency state confirmed after 6 frames - triggering avoidance[0m
��，需要减速[0m
[0m[ INFO] [1789878774.024616422]: 状态切换: 2 -> 2(普通预警) - 检测到较远障碍物，需要减速[0m
[0m[ INFO] [1789878774.123633876]: 状态切换: 2 -> 2(普通预警) - 检测到较远障碍物，需要减速[0m
[0m[ INFO] [1789878774.220159114]: 状态切换: 2 -> 2(普通预警) - 检测到较远障碍物，需要减速[0m
[0m[ INFO] [1789878774.318805941]: 状态切换: 2 -> 2(普通预警) - 检测到较远障碍物，需要减速[0m
[0m[ INFO] [1789878774.420568671]: 状态切换: 2 -> 2(普通预警) - 检测到较远障碍物，需要减速[0m
[0m[ INFO] [1789878774.519570158]: 状态切换: 2 -> 2(普通预警) - 检测到较远障碍物，需要减速[0m
[0m[ INFO] [1789878774.621041269]: 状态切换: 2 -> 2(普通预警) - 检测到较远障碍物，需要减速[0m
[0m[ INFO] [1789878774.726352164]: 状态切换: 2 -> 2(普通预警) - 检测到较远障碍物，需要减速[0m
[0m[ INFO] [1789878774.827182725]: 状态切换: 2 -> 2(普通预警) - 检测到较远障碍物，需要减速[0m
[0m[ INFO] [1789878774.917047063]: 状态切换: 2 -> 2(普通预警) - 检测到较远障碍物，需要减速[0m
[0m[ INFO] [1789878775.019584873]: 状态切换: 2 -> 2(普通预警) - 检测到较远障碍物，需要减速[0m
[0m[ INFO] [1789878775.120334377]: 状态切换: 2 -> 2(普通预警) - 检测到较远障碍物，需要减速[0m
[0m[ INFO] [1789878775.221013801]: 状态切换: 2 -> 2(普通预警) - 检测到较远障碍物，需要减速[0m
[0m[ INFO] [1789878775.318999533]: 状态切换: 2 -> 2(普通预警) - 检测到较远障碍物，需要减速[0m
[0m[ INFO] [1789878775.418818020]: 状态切换: 2 -> 2(普通预警) - 检测到较远障碍物，需要减速[0m
[0m[ INFO] [1789878775.519581828]: 状态切换: 2 -> 2(普通预警) - 检测到较远障碍物，需要减速[0m
[0m[ INFO] [1789878775.618518738]: 状态切换: 2 -> 2(普通预警) - 检测到较远障碍物，需要减速[0m
[0m[ INFO] [1789878775.723785664]: 状态切换: 2 -> 2(普通预警) - 检测到较远障碍物，需要减速[0m
[0m[ INFO] [1789878775.823350767]: 状态切换: 2 -> 2(普通预警) - 检测到较远障碍物，需要减速[0m
[0m[ INFO] [1789878775.919973657]: 状态切换: 2 -> 2(普通预警) - 检测到较远障碍物，需要减速[0m
[0m[ INFO] [1789878776.022855811]: 状态切换: 2 -> 2(普通预警) - 检测到较远障碍物，需要减速[0m
[0m[ INFO] [1789878776.120349878]: 状态切换: 2 -> 2(普通预警) - 检测到较远障碍物，需要减速[0m
[0m[ INFO] [1789878776.217450662]: 状态切换: 2 -> 2(普通预警) - 检测到较远障碍物，需要减速[0m
[0m[ INFO] [1789878776.319476486]: 状态切换: 2 -> 2(普通预警) - 检测到较远障碍物，需要减速[0m
[0m[ INFO] [1789878776.419896343]: 状态切换: 2 -> 2(普通预警) - 检测到较远障碍物，需要减速[0m
[0m[ INFO] [1789878776.520625803]: 状态切换: 2 -> 2(普通预警) - 检测到较远障碍物，需要减速[0m
[0m[ INFO] [1789878776.620564727]: 状态切换: 2 -> 3(紧急预警) - 检测到紧急障碍物第1帧，等待确认[0m
[0m[ INFO] [1789878776.620583607]: 状态切换: 2 -> 3(紧急预警) - 检测到紧急障碍物第1帧，等待确认[0m
[0m[ INFO] [1789878776.720072319]: 状态切换: 3 -> 3(紧急预警) - 检测到紧急障碍物第2帧，等待确认[0m
[0m[ INFO] [1789878776.820371726]: 状态切换: 3 -> 3(紧急预警) - 检测到紧急障碍物第3帧，等待确认[0m
[0m[ INFO] [1789878776.916601685]: 状态切换: 3 -> 3(紧急预警) - 检测到紧急障碍物第4帧，等待确认[0m
[0m[ INFO] [1789878777.022605726]: 状态切换: 3 -> 3(紧急预警) - 检测到紧急障碍物第5帧，等待确认[0m
[0m[ INFO] [1789878777.181931902]: 状态切换: 3 -> 3(紧急预警) - 检测到紧急障碍物，准备避障规划[0m
[0m[ INFO] [1789878777.682634948]: Using current position (4.19, 6.50)-> (87, 56) as start point[0m
[0m[ INFO] [1789878777.682690309]: First time avoidance - find[33m[ WARN] [1789878777.683084776]: Entering obstacle avoidance mode, goal point: (6.86, 1.15)-> (105, 20)[0m
[33m[ WARN] [1789878777.683117001]: cnk0811: - World coords: (4.19, 6.50)[0m
[33m[ WARN] [1789878777.683136329]: cnk0811: - Grid coords: (87, 56)[0m
[33m[ WARN] [1789878777.683154057]: cnk0811: - Is valid: YES[0m
[33m[ WARN] [1789878777.683168969]: cnk0811: Goal point analysis:[0m
[33m[ WARN] [1789878777.683184745]: cnk0811: - World coords: (6.86, 1.15)[0m
[33m[ WARN] [1789878777.683199914]: cnk0811: - Grid coords: (105, 20)[0m
[33m[ WARN] [1789878777.683216938]: cnk0811: - Is valid: YES[0m
[33m[ WARN] [1789878777.683235722]: cnk0811: Grid distance from start to goal: 40.25 cells[0m
[33m[ WARN] [1789878777.683253194]: cnk0811: Number of obstacles: 3[0m
[33m[ WARN] [1789878777.683270922]: cnk0811: First obstacle center: (7.42, 3.17)[0m
[33m[ WARN] [1789878777.683291371]: cnk0811: Starting A* search from (87, 56) to (105, 20)[0m
[33m[ WARN] [1789878777.683309067]: cnk0811: Map bounds - width: 114, height: 128[0m
[33m[ WARN] [1789878777.683327755]: cnk0811: Map world bounds - x: [-8.96, 8.06], y: [-1.92, 17.15][0m
[33m[ WARN] [1789878777.683365899]: cnk0811: Starting A* loop[0m
ing safe goal point[0m
[0m[ INFO] [1789878777.683042984]: Selected path point 43 as goal: (6.82, 1.20)[0m
[0m[ INFO] [1789878777.683066504]: Selected path point 43 as goal: (6.82, 1.20) -> (105, 20)[0m
Arrived at goal: (105, 20)
[33m[ WARN] [1789878777.745469179]: cnk0811: Path found after 893 iterations![0m
[33m[ WARN] [1789878777.746041505]: Emergency obstacle detected, frame count: 1/12[0m
[0m[ INFO] [1789878777.745625501]: 状态切换: 3 -> 1(避障执行中) - 找到避障路径，开始执行避障[0m
[0m[ INFO] [1789878777.745755934]: [publishPath]: Path published successfully.[0m
[0m[ INFO] [1789878777.745788958]: Path found, publishing[0m
[2026-09-20 12:32:57] 在避障执行中检测到紧急障碍物，触发停车信号
[33m[ WARN] [1789878777.820144073]: Emergency obstacle detected, frame count: 2/12[0m
[2026-09-20 12:32:57] 在避障执行中检测到紧急障碍物，触发停车信号
[33m[ WARN] [1789878777.922273803]: Emergency obstacle detected, frame count: 3/12[0m
[2026-09-20 12:32:57] 在避障执行中检测到紧急障碍物，触发停车信号
[2026-09-20 12:33:20] 检测到紧急动态障碍物，触发停车信号
[2026-09-20 12:33:20] 检测到紧急动态障碍物，触发停车信号
[2026-09-20 12:33:21] 检测到紧急动态障碍物，触发停车信号
[2026-09-20 12:33:21] 检测到紧急动态障碍物，触发停车信号
[2026-09-20 12:33:22] 检测到紧急动态障碍物，触发停车信号
[2026-09-20 12:33:22] 检测到紧急动态障碍物，触发停车信号
[2026-09-20 12:33:22] 检测到紧急动态障碍物，触发停车信号
[2026-09-20 12:33:22] 检测到紧急动态障碍物，触发停车信号
[2026-09-20 12:33:22] 检测到紧急动态障碍物，触发停车信号
[2026-09-20 12:33:22] 检测到紧急动态障碍物，触发停车信号
[2026-09-20 12:33:23] 检测到紧急动态障碍物，触发停车信号
[2026-09-20 12:33:23] 检测到紧急动态障碍物，触发停车信号
[2026-09-20 12:33:23] 检测到紧急动态障碍物，触发停车信号
[2026-09-20 12:33:23] 检测到紧急动态障碍物，触发停车信号
[2026-09-20 12:33:23] 检测到紧急动态障碍物，触发停车信号
[2026-09-20 12:33:23] 检测到紧急动态障碍物，触发停车信号
[2026-09-20 12:33:23] 检测到紧急动态障碍物，触发停车信号
[2026-09-20 12:33:23] 检测到紧急动态障碍物，触发停车信号
[2026-09-20 12:33:23] 检测到紧急动态障碍物，触发停车信号
[2026-09-20 12:33:37] 检测到紧急动态障碍物，触发停车信号
[2026-09-20 12:33:37] 检测到紧急动态障碍物，触发停车信号
[2026-09-20 12:33:38] 检测到紧急动态障碍物，触发停车信号
[2026-09-20 12:33:38] 检测到紧急动态障碍物，触发停车信号
[2026-09-20 12:33:38] 检测到紧急动态障碍物，触发停车信号
[2026-09-20 12:33:38] 检测到紧急动态障碍物，触发停车信号
[2026-09-20 12:33:38] 检测到紧急动态障碍物，触发停车信号
[2026-09-20 12:33:40] 检测到紧急动态障碍物，触发停车信号
[2026-09-20 12:33:40] 检测到紧急动态障碍物，触发停车信号
[2026-09-20 12:33:40] 检测到紧急动态障碍物，触发停车信号
[2026-09-20 12:33:40] 检测到紧急动态障碍物，触发停车信号
[2026-09-20 12:33:40] 检测到紧急动态障碍物，触发停车信号
[2026-09-20 12:33:40] 检测到紧急动态障碍物，触发停车信号
[2026-09-20 12:33:40] 检测到紧急动态障碍物，触发停车信号
[2026-09-20 12:33:40] 检测到紧急动态障碍物，触发停车信号
[2026-09-20 12:33:41] 检测到紧急动态障碍物，触发停车信号
[2026-09-20 12:33:41] 检测到紧急动态障碍物，触发停车信号
[2026-09-20 12:33:41] 检测到紧急动态障碍物，触发停车信号
[2026-09-20 12:33:41] 检测到紧急动态障碍物，触发停车信号
[2026-09-20 12:33:41] 检测到紧急动态障碍物，触发停车信号
[2026-09-20 12:33:41] 检测到紧急动态障碍物，触发停车信号
[2026-09-20 12:33:41] 检测到紧急动态障碍物，触发停车信号
[2026-09-20 12:33:41] 检测到紧急动态障碍物，触发停车信号
[2026-09-20 12:33:41] 检测到紧急动态障碍物，触发停车信号
[2026-09-20 12:33:42] 检测到紧急动态障碍物，触发停车信号
[2026-09-20 12:33:42] 检测到紧急动态障碍物，触发停车信号
[2026-09-20 12:33:42] 检测到紧急动态障碍物，触发停车信号
[2026-09-20 12:33:42] 检测到紧急动态障碍物，触发停车信号
[2026-09-20 12:33:42] 检测到紧急动态障碍物，触发停车信号
[2026-09-20 12:33:42] 检测到紧急动态障碍物，触发停车信号
[2026-09-20 12:33:42] 检测到紧急动态障碍物，触发停车信号
[2026-09-20 12:33:42] 检测到紧急动态障碍物，触发停车信号
[2026-09-20 12:33:42] 检测到紧急动态障碍物，触发停车信号
[2026-09-20 12:33:43] 检测到紧急动态障碍物，触发停车信号
[2026-09-20 12:33:43] 检测到紧急动态障碍物，触发停车信号
[2026-09-20 12:33:43] 检测到紧急动态障碍物，触发停车信号
[2026-09-20 12:33:43] 检测到紧急动态障碍物，触发停车信号
[2026-09-20 12:33:43] 检测到紧急动态障碍物，触发停车信号
[2026-09-20 12:33:43] 检测到紧急动态障碍物，触发停车信号
[2026-09-20 12:33:43] 检测到紧急动态障碍物，触发停车信号
[2026-09-20 12:33:43] 检测到紧急动态障碍物，触发停车信号
[2026-09-20 12:33:43] 检测到紧急动态障碍物，触发停车信号
[2026-09-20 12:33:43] 检测到紧急动态障碍物，触发停车信号
[2026-09-20 12:33:44] 检测到紧急动态障碍物，触发停车信号
[2026-09-20 12:33:44] 检测到紧急动态障碍物，触发停车信号
[2026-09-20 12:33:44] 检测到紧急动态障碍物，触发停车信号
[2026-09-20 12:33:44] 检测到紧急动态障碍物，触发停车信号
[2026-09-20 12:33:44] 检测到紧急动态障碍物，触发停车信号
[2026-09-20 12:33:44] 检测到紧急动态障碍物，触发停车信号
[2026-09-20 12:33:44] 检测到紧急动态障碍物，触发停车信号
[2026-09-20 12:33:44] 检测到紧急动态障碍物，触发停车信号
[2026-09-20 12:33:44] 检测到紧急动态障碍物，触发停车信号
[2026-09-20 12:33:44] 检测到紧急动态障碍物，触发停车信号
[2026-09-20 12:33:45] 检测到紧急动态障碍物，触发停车信号
[2026-09-20 12:33:45] 检测到紧急动态障碍物，触发停车信号
[2026-09-20 12:33:45] 检测到紧急动态障碍物，触发停车信号
[2026-09-20 12:33:45] 检测到紧急动态障碍物，触发停车信号
[2026-09-20 12:33:45] 检测到紧急动态障碍物，触发停车信号
[2026-09-20 12:33:45] 检测到紧急动态障碍物，触发停车信号
[2026-09-20 12:33:45] 检测到紧急动态障碍物，触发停车信号
[2026-09-20 12:33:45] 检测到紧急动态障碍物，触发停车信号
[2026-09-20 12:33:45] 检测到紧急动态障碍物，触发停车信号
[2026-09-20 12:33:45] 检测到紧急动态障碍物，触发停车信号
[2026-09-20 12:33:46] 检测到紧急动态障碍物，触发停车信号
[2026-09-20 12:33:46] 检测到紧急动态障碍物，触发停车信号
[2026-09-20 12:33:46] 检测到紧急动态障碍物，触发停车信号
[2026-09-20 12:33:46] 检测到紧急动态障碍物，触发停车信号
[2026-09-20 12:33:54] 避障路线已经走完
[0m[ INFO] [1789878834.828924951]: 状态切换: 1(避障执行中) -> 0(正常状态) - 避障完成标志触发，恢复正常行驶[0m
[2026-09-20 12:35:06] 检测到紧急动态障碍物，触发停车信号
[2026-09-20 12:35:06] 检测到紧急动态障碍物，触发停车信号
[2026-09-20 12:35:06] 检测到紧急动态障碍物，触发停车信号
[2026-09-20 12:35:50] 检测到紧急动态障碍物，触发停车信号
[2026-09-20 12:35:51] 检测到紧急动态障碍物，触发停车信号
[2026-09-20 12:35:51] 检测到紧急动态障碍物，触发停车信号
[2026-09-20 12:35:51] 检测到紧急动态障碍物，触发停车信号
[2026-09-20 12:35:51] 检测到紧急动态障碍物，触发停车信号
[2026-09-20 12:35:51] 检测到紧急动态障碍物，触发停车信号
[2026-09-20 12:35:51] 检测到紧急动态障碍物，触发停车信号
[2026-09-20 12:35:51] 检测到紧急动态障碍物，触发停车信号
[2026-09-20 12:35:51] 检测到紧急动态障碍物，触发停车信号
[2026-09-20 12:35:51] 检测到紧急动态障碍物，触发停车信号
[2026-09-20 12:35:51] 检测到紧急动态障碍物，触发停车信号
[2026-09-20 12:35:52] 检测到紧急动态障碍物，触发停车信号
[2026-09-20 12:35:52] 检测到紧急动态障碍物，触发停车信号
[2026-09-20 12:35:52] 检测到紧急动态障碍物，触发停车信号
[2026-09-20 12:35:52] 检测到紧急动态障碍物，触发停车信号
[2026-09-20 12:35:52] 检测到紧急动态障碍物，触发停车信号
[33m[ WARN] [1789878953.835736536]: Emergency obstacle detected, frame count: 1/6[0m
[33m[ WARN] [1789878953.928526367]: Emergency obstacle detected, frame count: 2/6[0m
[33m[ WARN] [1789878954.033175137]: Emergency obstacle detected, frame count: 3/6[0m
[33m[ WARN] [1789878954.136957626]: Emergency obstacle detected, frame count: 4/6[0m
[33m[ WARN] [1789878954.230287495]: Emergency obstacle detected, frame count: 5/6[0m
[33m[ WARN] [1789878954.333070262]: Emergency obstacle detected, frame count: 6/6[0m
[33m[ WARN] [1789878954.333204983]: Emergency state confirmed after 6 frames - triggering avoidance[0m
[33m[ WARN] [1789878954.837668671]: Entering obstacle avoidance mode, goal point: (3.86, 2.05)-> (85, 26)[0m
[33m[ WARN] [1789878954.837726272]: cnk0811: - World coords: (4.58, 1.68)[0m
[33m[ WARN] [1789878954.837746432]: cnk0811: - Grid coords: (90, 24)[0m
[33m[ WARN] [1789878954.837769504]: cnk0811: - Is valid: YES[0m
[33m[ WARN] [1789878954.837787616]: cnk0811: Goal point analysis:[0m
[33m[ WARN] [1789878954.837804609]: cnk0811: - World coords: (3.86, 2.05)[0m
[33m[ WARN] [1789878954.837820673]: cnk0811: - Grid coords: (85, 26)[0m
[33m[ WARN] [1789878954.837836225]: cnk0811: - Is valid: YES[0m
[33m[ WARN] [1789878954.837853953]: cnk0811: Grid distance from start to goal: 5.39 cells[0m
[33m[ WARN] [1789878954.837873761]: cnk0811: Number of obstacles: 1[0m
[33m[ WARN] [1789878954.837894402]: cnk0811: First obstacle center: (4.08, 0.11)[0m
[33m[ WARN] [1789878954.837917314]: cnk0811: Starting A* search from (90, 24) to (85, 26)[0m
[33m[ WARN] [1789878954.837934626]: cnk0811: Map bounds - width: 114, height: 128[0m
[33m[ WARN] [1789878954.837955298]: cnk0811: Map world bounds - x: [-8.96, 8.06], y: [-1.92, 17.15][0m
[33m[ WARN] [1789878954.837992707]: cnk0811: Starting A* loop[0m
[0m[ INFO] [1789878953.835822009]: 状态切换: 0 -> 3(紧急预警) - 检测到紧急障碍物第1帧，等待确认[0m
[0m[ INFO] [1789878953.835843129]: 状态切换: 0 -> 3(紧急预警) - 检测到紧急障碍物第1帧，等待确认[0m
[0m[ INFO] [1789878953.928612639]: 状态切换: 3 -> 3(紧急预警) - 检测到紧急障碍物第2帧，等待确认[0m
[0m[ INFO] [1789878954.033269154]: 状态切换: 3 -> 3(紧急预警) - 检测到紧急障碍物第3帧，等待确认[0m
[0m[ INFO] [1789878954.137040379]: 状态切换: 3 -> 3(紧急预警) - 检测到紧急障碍物第4帧，等待确认[0m
[0m[ INFO] [1789878954.230372104]: 状态切换: 3 -> 3(紧急预警) - 检测到紧急障碍物第5帧，等待确认[0m
[0m[ INFO] [1789878954.333149910]: 状态切换: 3 -> 3(紧急预警) - 检测到紧急障碍物，准备避障规划[0m
[0m[ INFO] [1789878954.837404220]: Using current position (4.58, 1.68)-> (90, 24) as start point[0m
[0m[ INFO] [1789878954.837467613]: First time avoidance - finding safe goal point[0m
[0m[ INFO] [1789878954.837626879]: Selected path point 36 as goal: (3.79, 2.02)[0m
[0m[ INFO] [1789878954.837650911]: Selected path point 36 as goal: (3.79, 2.02) -> (85, 26)[0m
Arrived at goal: (85, 26)
[33m[ WARN] [1789878954.838755946]: cnk0811: Path found after 20 iterations![0m
[33m[ WARN] [1789878954.839978359]: Emergency obstacle detected, frame count: 1/12[0m
[0m[ INFO] [1789878954.838805899]: 状态切换: 3 -> 1(避障执行中) - 找到避障路径，开始执行避障[0m
[0m[ INFO] [1789878954.839618707]: [publishPath]: Path published successfully.[0m
[0m[ INFO] [1789878954.839657812]: Path found, publishing[0m
[2026-09-20 12:35:54] 在避障执行中检测到紧急障碍物，触发停车信号
[33m[ WARN] [1789878954.847101761]: Emergency obstacle detected, frame count: 2/12[0m
[2026-09-20 12:35:54] 在避障执行中检测到紧急障碍物，触发停车信号
[33m[ WARN] [1789878954.930943211]: Emergency obstacle detected, frame count: 3/12[0m
[2026-09-20 12:35:54] 在避障执行中检测到紧急障碍物，触发停车信号
[33m[ WARN] [1789878955.032600078]: Emergency obstacle detected, frame count: 4/12[0m
[2026-09-20 12:35:55] 在避障执行中检测到紧急障碍物，触发停车信号
[2026-09-20 12:35:57] 检测到紧急动态障碍物，触发停车信号
[2026-09-20 12:35:58] 检测到紧急动态障碍物，触发停车信号
[2026-09-20 12:35:58] 检测到紧急动态障碍物，触发停车信号
[2026-09-20 12:35:58] 检测到紧急动态障碍物，触发停车信号
[2026-09-20 12:35:58] 检测到紧急动态障碍物，触发停车信号
[2026-09-20 12:36:10] 避障路线已经走完
[33m[ WARN] [1789878970.235953863]: Slow down, obstacle ahead[0m
[33m[ WARN] [1789878970.334854446]: Slow down, obstacle ahead[0m
[33m[ WARN] [1789878970.437876001]: Slow down, obstacle ahead[0m
[33m[ WARN] [1789878970.537454768]: Slow down, obstacle ahead[0m
[33m[ WARN] [1789878970.647250793]: Slow down, obstacle ahead[0m
[33m[ WARN] [1789878970.741936037]: Slow down, obstacle ahead[0m
[33m[ WARN] [1789878970.842221243]: Slow down, obstacle ahead[0m
[33m[ WARN] [1789878970.931036665]: Slow down, obstacle ahead[0m
[33m[ WARN] [1789878971.033001601]: Slow down, obstacle ahead[0m
[33m[ WARN] [1789878971.129351662]: Slow down, obstacle ahead[0m
[33m[ WARN] [1789878971.231720889]: Slow down, obstacle ahead[0m
[33m[ WARN] [1789878971.327111612]: Slow down, obstacle ahead[0m
[33m[ WARN] [1789878971.429442952]: Slow down, obstacle ahead[0m
[33m[ WARN] [1789878971.528889429]: Slow down, obstacle ahead[0m
[33m[ WARN] [1789878971.623653714]: Slow down, obstacle ahead[0m
[33m[ WARN] [1789878971.731815290]: Slow down, obstacle ahead[0m
[33m[ WARN] [1789878971.828438474]: Slow down, obstacle ahead[0m
[33m[ WARN] [1789878971.927477779]: Slow down, obstacle ahead[0m
[33m[ WARN] [1789878972.026057425]: Slow down, obstacle ahead[0m
[33m[ WARN] [1789878972.126441586]: Slow down, obstacle ahead[0m
[33m[ WARN] [1789878972.230289187]: Slow down, obstacle ahead[0m
[33m[ WARN] [1789878972.359186571]: Slow down, obstacle ahead[0m
[33m[ WARN] [1789878972.431412330]: Slow down, obstacle ahead[0m
[33m[ WARN] [1789878972.530339319]: Slow down, obstacle ahead[0m
[33m[ WARN] [1789878972.634121447]: Slow down, obstacle ahead[0m
[33m[ WARN] [1789878972.733587836]: Slow down, obstacle ahead[0m
[33m[ WARN] [1789878972.835886231]: Slow down, obstacle ahead[0m
[33m[ WARN] [1789878972.927946470]: Slow down, obstacle ahead[0m
[33m[ WARN] [1789878973.031292804]: Slow down, obstacle ahead[0m
[33m[ WARN] [1789878973.128011987]: Slow down, obstacle ahead[0m
[33m[ WARN] [1789878973.230853729]: Slow down, obstacle ahead[0m
[33m[ WARN] [1789878973.328345337]: Slow down, obstacle ahead[0m
[33m[ WARN] [1789878973.429921210]: Slow down, obstacle ahead[0m
[33m[ WARN] [1789878973.532392773]: Slow down, obstacle ahead[0m
[0m[ INFO] [1789878970.024704587]: 状态切换: 1(避障执行中) -> 0(正常状态) - 避障完成标志触发，恢复正常行驶[0m
[0m[ INFO] [1789878970.236032936]: 状态切换: 0 -> 2(普通预警) - 检测到较远障碍物，需要减速[0m
[0m[ INFO] [1789878970.334951503]: 状态切换: 2 -> 2(普通预警) - 检测到较远障碍物，需要减速[0m
[0m[ INFO] [1789878970.437957922]: 状态切换: 2 -> 2(普通预警) - 检测到较远障碍物，需要减速[0m
[0m[ INFO] [1789878970.537549553]: 状态切换: 2 -> 2(普通预警) - 检测到较远障碍物，需要减速[0m
[0m[ INFO] [1789878970.647338090]: 状态切换: 2 -> 2(普通预警) - 检测到较远障碍物，需要减速[0m
[0m[ INFO] [1789878970.742032774]: 状态切换: 2 -> 2(普通预警) - 检测到较远障碍物，需要减速[0m
[0m[ INFO] [1789878970.842336028]: 状态切换: 2 -> 2(普通预警) - 检测到较远障碍物，需要减速[0m
[0m[ INFO] [1789878970.931125754]: 状态切换: 2 -> 2(普通预警) - 检测到较远障碍物，需要减速[0m
[0m[ INFO] [1789878971.033084961]: 状态切换: 2 -> 2(普通预警) - 检测到较远障碍物，需要减速[0m
[0m[ INFO] [1789878971.129432590]: 状态切换: 2 -> 2(普通预警) - 检测到较远障碍物，需要减速[0m
[0m[ INFO] [1789878971.231809402]: 状态切换: 2 -> 2(普通预警) - 检测到较远障碍物，需要减速[0m
[0m[ INFO] [1789878971.327191165]: 状态切换: 2 -> 2(普通预警) - 检测到较远障碍物，需要减速[0m
[0m[ INFO] [1789878971.429526153]: 状态切换: 2 -> 2(普通预警) - 检测到较远障碍物，需要减速[0m
[0m[ INFO] [1789878971.528978710]: 状态切换: 2 -> 2(普通预警) - 检测到较远障碍物，需要减速[0m
[0m[ INFO] [1789878971.623735890]: 状态切换: 2 -> 2(普通预警) - 检测到较远障碍物，需要减速[0m
[0m[ INFO] [1789878971.731906203]: 状态切换: 2 -> 2(普通预警) - 检测到较远障碍物，需要减速[0m
[0m[ INFO] [1789878971.828525707]: 状态切换: 2 -> 2(普通预警) - 检测到较远障碍物，需要减速[0m
[0m[ INFO] [1789878971.927576948]: 状态切换: 2 -> 2(普通预警) - 检测到较远障碍物，需要减速[0m
[0m[ INFO] [1789878972.026137618]: 状态切换: 2 -> 2(普通预警) - 检测到较远障碍物，需要减速[0m
[0m[ INFO] [1789878972.126518963]: 状态切换: 2 -> 2(普通预警) - 检测到较远障碍物，需要减速[0m
[0m[ INFO] [1789878972.230380740]: 状态切换: 2 -> 2(普通预警) - 检测到较远障碍物，需要减速[0m
[0m[ INFO] [1789878972.359271532]: 状态切换: 2 -> 2(普通预警) - 检测到较远障碍物，需要减速[0m
[0m[ INFO] [1789878972.431509355]: 状态切换: 2 -> 2(普通预警) - 检测到较远障碍物，需要减速[0m
[0m[ INFO] [1789878972.530433209]: 状态切换: 2 -> 2(普通预警) - 检测到较远障碍物，需要减速[0m
[0m[ INFO] [1789878972.634201896]: 状态切换: 2 -> 2(普通预警) - 检测到较远障碍物，需要减速[0m
[0m[ INFO] [1789878972.733679805]: 状态切换: 2 -> 2(普通预警) - 检测到较远障碍物，需要减速[0m
[0m[ INFO] [1789878972.835986616]: 状态切换: 2 -> 2(普通预警) - 检测到较远障碍物，需要减速[0m
[0m[ INFO] [1789878972.928026119]: 状态切换: 2 -> 2(普通预警) - 检测到较远障碍物，需要减速[0m
[0m[ INFO] [1789878973.031380293]: 状态切换: 2 -> 2(普通预警) - 检测到较远障碍物，需要减速[0m
[0m[ INFO] [1789878973.128091188]: 状态切换: 2 -> 2(普通预警) - 检测到较远障碍物，需要减速[0m
[0m[ INFO] [1789878973.230959043]: 状态切换: 2 -> 2(普通预警) - 检测到较远障碍物，需要减速[0m
[0m[ INFO] [1789878973.328425753]: 状态切换: 2 -> 2(普通预警) - 检测到较远障碍物，需要减速[0m
[0m[ INFO] [1789878973.430006587]: 状态切换: 2 -> 2(普通预警) - 检测到较远障碍物，需要减速[0m
[0m[ INFO] [1789878973.532470502]: 状态切换: 2 -> 2(普通预警) - 检测到较远障碍�[33m[ WARN] [1789878973.633285983]: Slow down, obstacle ahead[0m
[33m[ WARN] [1789878973.728916131]: Slow down, obstacle ahead[0m
[33m[ WARN] [1789878973.833909608]: Slow down, obstacle ahead[0m
[33m[ WARN] [1789878973.920780369]: Slow down, obstacle ahead[0m
[33m[ WARN] [1789878974.021933518]: Slow down, obstacle ahead[0m
[33m[ WARN] [1789878974.121428058]: Slow down, obstacle ahead[0m
[33m[ WARN] [1789878974.216896764]: Slow down, obstacle ahead[0m
[33m[ WARN] [1789878974.318352060]: Slow down, obstacle ahead[0m
[33m[ WARN] [1789878974.427272714]: Slow down, obstacle ahead[0m
[33m[ WARN] [1789878974.524916675]: Slow down, obstacle ahead[0m
[33m[ WARN] [1789878974.624598544]: Slow down, obstacle ahead[0m
[33m[ WARN] [1789878974.721857573]: Slow down, obstacle ahead[0m
[33m[ WARN] [1789878974.822762368]: Slow down, obstacle ahead[0m
[33m[ WARN] [1789878974.922091018]: Slow down, obstacle ahead[0m
[33m[ WARN] [1789878975.022030234]: Slow down, obstacle ahead[0m
[33m[ WARN] [1789878975.123056054]: Slow down, obstacle ahead[0m
[33m[ WARN] [1789878975.217442349]: Slow down, obstacle ahead[0m
[33m[ WARN] [1789878975.318615914]: Slow down, obstacle ahead[0m
[33m[ WARN] [1789878975.420448270]: Slow down, obstacle ahead[0m
[33m[ WARN] [1789878975.518231784]: Slow down, obstacle ahead[0m
[33m[ WARN] [1789878975.622591367]: Slow down, obstacle ahead[0m
[33m[ WARN] [1789878975.723954918]: Slow down, obstacle ahead[0m
[33m[ WARN] [1789878975.823238640]: Slow down, obstacle ahead[0m
[33m[ WARN] [1789878975.920029600]: Slow down, obstacle ahead[0m
[33m[ WARN] [1789878976.033628684]: Slow down, obstacle ahead[0m
[33m[ WARN] [1789878976.128264040]: Slow down, obstacle ahead[0m
[33m[ WARN] [1789878976.220123170]: Slow down, obstacle ahead[0m
[33m[ WARN] [1789878976.320301348]: Slow down, obstacle ahead[0m
[33m[ WARN] [1789878976.419736348]: Slow down, obstacle ahead[0m
[33m[ WARN] [1789878976.521802326]: Slow down, obstacle ahead[0m
[33m[ WARN] [1789878976.628271622]: Emergency obstacle detected, frame count: 1/6[0m
[33m[ WARN] [1789878976.722181465]: Emergency obstacle detected, frame count: 2/6[0m
[33m[ WARN] [1789878976.825149502]: Emergency obstacle detected, frame count: 3/6[0m
[33m[ WARN] [1789878976.915927466]: Emergency obstacle detected, frame count: 4/6[0m
��，需要减速[0m
[0m[ INFO] [1789878973.633358848]: 状态切换: 2 -> 2(普通预警) - 检测到较远障碍物，需要减速[0m
[0m[ INFO] [1789878973.728991716]: 状态切换: 2 -> 2(普通预警) - 检测到较远障碍物，需要减速[0m
[0m[ INFO] [1789878973.833988073]: 状态切换: 2 -> 2(普通预警) - 检测到较远障碍物，需要减速[0m
[0m[ INFO] [1789878973.920859601]: 状态切换: 2 -> 2(普通预警) - 检测到较远障碍物，需要减速[0m
[0m[ INFO] [1789878974.022101424]: 状态切换: 2 -> 2(普通预警) - 检测到较远障碍物，需要减速[0m
[0m[ INFO] [1789878974.121511259]: 状态切换: 2 -> 2(普通预警) - 检测到较远障碍物，需要减速[0m
[0m[ INFO] [1789878974.216977372]: 状态切换: 2 -> 2(普通预警) - 检测到较远障碍物，需要减速[0m
[0m[ INFO] [1789878974.318431069]: 状态切换: 2 -> 2(普通预警) - 检测到较远障碍物，需要减速[0m
[0m[ INFO] [1789878974.427366379]: 状态切换: 2 -> 2(普通预警) - 检测到较远障碍物，需要减速[0m
[0m[ INFO] [1789878974.524997507]: 状态切换: 2 -> 2(普通预警) - 检测到较远障碍物，需要减速[0m
[0m[ INFO] [1789878974.624684177]: 状态切换: 2 -> 2(普通预警) - 检测到较远障碍物，需要减速[0m
[0m[ INFO] [1789878974.721940582]: 状态切换: 2 -> 2(普通预警) - 检测到较远障碍物，需要减速[0m
[0m[ INFO] [1789878974.822844288]: 状态切换: 2 -> 2(普通预警) - 检测到较远障碍物，需要减速[0m
[0m[ INFO] [1789878974.922171531]: 状态切换: 2 -> 2(普通预警) - 检测到较远障碍物，需要减速[0m
[0m[ INFO] [1789878975.022127355]: 状态切换: 2 -> 2(普通预警) - 检测到较远障碍物，需要减速[0m
[0m[ INFO] [1789878975.123144727]: 状态切换: 2 -> 2(普通预警) - 检测到较远障碍物，需要减速[0m
[0m[ INFO] [1789878975.217526350]: 状态切换: 2 -> 2(普通预警) - 检测到较远障碍物，需要减速[0m
[0m[ INFO] [1789878975.318712107]: 状态切换: 2 -> 2(普通预警) - 检测到较远障碍物，需要减速[0m
[0m[ INFO] [1789878975.420538927]: 状态切换: 2 -> 2(普通预警) - 检测到较远障碍物，需要减速[0m
[0m[ INFO] [1789878975.518312041]: 状态切换: 2 -> 2(普通预警) - 检测到较远障碍物，需要减速[0m
[0m[ INFO] [1789878975.622681800]: 状态切换: 2 -> 2(普通预警) - 检测到较远障碍物，需要减速[0m
[0m[ INFO] [1789878975.724034343]: 状态切换: 2 -> 2(普通预警) - 检测到较远障碍物，需要减速[0m
[0m[ INFO] [1789878975.823362385]: 状态切换: 2 -> 2(普通预警) - 检测到较远障碍物，需要减速[0m
[0m[ INFO] [1789878975.920108448]: 状态切换: 2 -> 2(普通预警) - 检测到较远障碍物，需要减速[0m
[0m[ INFO] [1789878976.033725197]: 状态切换: 2 -> 2(普通预警) - 检测到较远障碍物，需要减速[0m
[0m[ INFO] [1789878976.128346633]: 状态切换: 2 -> 2(普通预警) - 检测到较远障碍物，需要减速[0m
[0m[ INFO] [1789878976.220201475]: 状态切换: 2 -> 2(普通预警) - 检测到较远障碍物，需要减速[0m
[0m[ INFO] [1789878976.320377381]: 状态切换: 2 -> 2(普通预警) - 检测到较远障碍物，需要减速[0m
[0m[ INFO] [1789878976.419815997]: 状态切换: 2 -> 2(普通预警) - 检测到较远障碍物，需要减速[0m
[0m[ INFO] [1789878976.521890615]: 状态切换: 2 -> 2(普通预警) - 检测到较远障碍物，需要减速[0m
[0m[ INFO] [1789878976.628368295]: 状态切换: 2 -> 3(紧急预警) - 检测到紧急障碍物第1帧，等待确认[0m
[0m[ INFO] [1789878976.628389831]: 状态切换: 2 -> 3(紧急预警) - 检测到紧急障碍物第1帧，等待确认[0m
[0m[ INFO] [1789878976.722267419]: 状态切换: 3 -> 3(紧急预警) - 检测到紧急障碍物第2帧，等待确认[0m
[0m[ INFO] [1789878976.825240383]: 状态切换: 3 -> 3(紧急预警) - 检测到紧急障碍物第3帧，等待确认[0m
[0m[ INFO] [1789878976.916017452]: 状态切换: 3 -> 3(紧急预�[33m[ WARN] [1789878977.086541745]: Emergency obstacle detected, frame count: 5/6[0m
[33m[ WARN] [1789878977.130236860]: Emergency obstacle detected, frame count: 6/6[0m
[33m[ WARN] [1789878977.130388062]: Emergency state confirmed after 6 frames - triggering avoidance[0m
[33m[ WARN] [1789878977.631500913]: Entering obstacle avoidance mode, goal point: (1.91, 0.85)-> (72, 18)[0m
[33m[ WARN] [1789878977.631552370]: cnk0811: - World coords: (3.76, 1.83)[0m
[33m[ WARN] [1789878977.631578866]: cnk0811: - Grid coords: (84, 25)[0m
[33m[ WARN] [1789878977.631602770]: cnk0811: - Is valid: YES[0m
[33m[ WARN] [1789878977.631623059]: cnk0811: Goal point analysis:[0m
[33m[ WARN] [1789878977.631646387]: cnk0811: - World coords: (1.91, 0.85)[0m
[33m[ WARN] [1789878977.631667091]: cnk0811: - Grid coords: (72, 18)[0m
[33m[ WARN] [1789878977.631687731]: cnk0811: - Is valid: YES[0m
[33m[ WARN] [1789878977.631711155]: cnk0811: Grid distance from start to goal: 13.89 cells[0m
[33m[ WARN] [1789878977.631733268]: cnk0811: Number of obstacles: 1[0m
[33m[ WARN] [1789878977.631755764]: cnk0811: First obstacle center: (4.08, 0.11)[0m
[33m[ WARN] [1789878977.631781652]: cnk0811: Starting A* search from (84, 25) to (72, 18)[0m
[33m[ WARN] [1789878977.631805428]: cnk0811: Map bounds - width: 114, height: 128[0m
[33m[ WARN] [1789878977.631828533]: cnk0811: Map world bounds - x: [-8.96, 8.06], y: [-1.92, 17.15][0m
[33m[ WARN] [1789878977.631871541]: cnk0811: Starting A* loop[0m
�) - 检测到紧急障碍物第4帧，等待确认[0m
[0m[ INFO] [1789878977.086628626]: 状态切换: 3 -> 3(紧急预警) - 检测到紧急障碍物第5帧，等待确认[0m
[0m[ INFO] [1789878977.130334941]: 状态切换: 3 -> 3(紧急预警) - 检测到紧急障碍物，准备避障规划[0m
[0m[ INFO] [1789878977.631166126]: Using current position (3.76, 1.83)-> (84, 25) as start point[0m
[0m[ INFO] [1789878977.631229966]: First time avoidance - finding safe goal point[0m
[0m[ INFO] [1789878977.631456561]: Selected path point 77 as goal: (1.96, 0.86)[0m
[0m[ INFO] [1789878977.631482161]: Selected path point 77 as goal: (1.96, 0.86) -> (72, 18)[0m
Arrived at goal: (72, 18)
[33m[ WARN] [1789878977.633365733]: cnk0811: Path found after 45 iterations![0m
[33m[ WARN] [1789878977.633836650]: Emergency obstacle detected, frame count: 1/12[0m
[0m[ INFO] [1789878977.633451142]: 状态切换: 3 -> 1(避障执行中) - 找到避障路径，开始执行避障[0m
[0m[ INFO] [1789878977.633538919]: [publishPath]: Path published successfully.[0m
[0m[ INFO] [1789878977.633565607]: Path found, publishing[0m
[2026-09-20 12:36:17] 在避障执行中检测到紧急障碍物，触发停车信号
[33m[ WARN] [1789878977.734162888]: Emergency obstacle detected, frame count: 2/12[0m
[2026-09-20 12:36:17] 在避障执行中检测到紧急障碍物，触发停车信号
[2026-09-20 12:36:32] 避障路线已经走完
[0m[ INFO] [1789878992.929971377]: 状态切换: 1(避障执行中) -> 0(正常状态) - 避障完成标志触发，恢复正常行驶[0m
[2026-09-20 12:37:15] 检测到紧急动态障碍物，触发停车信号
[2026-09-20 12:37:15] 检测到紧急动态障碍物，触发停车信号
[2026-09-20 12:37:16] 检测到紧急动态障碍物，触发停车信号
[2026-09-20 12:37:16] 检测到紧急动态障碍物，触发停车信号
[2026-09-20 12:37:16] 检测到紧急动态障碍物，触发停车信号
[2026-09-20 12:37:16] 检测到紧急动态障碍物，触发停车信号
[2026-09-20 12:37:23] 检测到紧急动态障碍物，触发停车信号
[2026-09-20 12:37:23] 检测到紧急动态障碍物，触发停车信号
[2026-09-20 12:37:23] 检测到紧急动态障碍物，触发停车信号
[2026-09-20 12:37:23] 检测到紧急动态障碍物，触发停车信号
[2026-09-20 12:37:23] 检测到紧急动态障碍物，触发停车信号
[2026-09-20 12:37:23] 检测到紧急动态障碍物，触发停车信号
[2026-09-20 12:37:23] 检测到紧急动态障碍物，触发停车信号
[2026-09-20 12:37:23] 检测到紧急动态障碍物，触发停车信号
[2026-09-20 12:37:24] 检测到紧急动态障碍物，触发停车信号
[2026-09-20 12:37:24] 检测到紧急动态障碍物，触发停车信号
[2026-09-20 12:37:24] 检测到紧急动态障碍物，触发停车信号
[2026-09-20 12:37:24] 检测到紧急动态障碍物，触发停车信号
[2026-09-20 12:37:24] 检测到紧急动态障碍物，触发停车信号
[2026-09-20 12:37:24] 检测到紧急动态障碍物，触发停车信号
[2026-09-20 12:37:24] 检测到紧急动态障碍物，触发停车信号
[2026-09-20 12:37:24] 检测到紧急动态障碍物，触发停车信号
[2026-09-20 12:37:24] 检测到紧急动态障碍物，触发停车信号
[2026-09-20 12:37:24] 检测到紧急动态障碍物，触发停车信号
[2026-09-20 12:37:25] 检测到紧急动态障碍物，触发停车信号
[2026-09-20 12:37:25] 检测到紧急动态障碍物，触发停车信号
[2026-09-20 12:37:25] 检测到紧急动态障碍物，触发停车信号
[2026-09-20 12:37:25] 检测到紧急动态障碍物，触发停车信号
[2026-09-20 12:37:25] 检测到紧急动态障碍物，触发停车信号
[2026-09-20 12:37:25] 检测到紧急动态障碍物，触发停车信号
[2026-09-20 12:37:25] 检测到紧急动态障碍物，触发停车信号
[2026-09-20 12:37:25] 检测到紧急动态障碍物，触发停车信号
[2026-09-20 12:37:26] 检测到紧急动态障碍物，触发停车信号
[2026-09-20 12:37:26] 检测到紧急动态障碍物，触发停车信号
[2026-09-20 12:37:26] 检测到紧急动态障碍物，触发停车信号
[2026-09-20 12:37:26] 检测到紧急动态障碍物，触发停车信号
[2026-09-20 12:37:27] 检测到紧急动态障碍物，触发停车信号
[2026-09-20 12:37:27] 检测到紧急动态障碍物，触发停车信号
[2026-09-20 12:37:27] 检测到紧急动态障碍物，触发停车信号
[2026-09-20 12:37:27] 检测到紧急动态障碍物，触发停车信号
[2026-09-20 12:37:27] 检测到紧急动态障碍物，触发停车信号
[2026-09-20 12:37:51] 检测到紧急动态障碍物，触发停车信号
[2026-09-20 12:37:51] 检测到紧急动态障碍物，触发停车信号
[2026-09-20 12:37:51] 检测到紧急动态障碍物，触发停车信号
[2026-09-20 12:37:51] 检测到紧急动态障碍物，触发停车信号
[2026-09-20 12:37:53] 检测到紧急动态障碍物，触发停车信号
[2026-09-20 12:37:53] 检测到紧急动态障碍物，触发停车信号
[2026-09-20 12:37:53] 检测到紧急动态障碍物，触发停车信号
[2026-09-20 12:37:53] 检测到紧急动态障碍物，触发停车信号
[2026-09-20 12:37:53] 检测到紧急动态障碍物，触发停车信号
[33m[ WARN] [1789879102.461450216]: Slow down, obstacle ahead[0m
[33m[ WARN] [1789879102.529767360]: Slow down, obstacle ahead[0m
[33m[ WARN] [1789879102.627254991]: Slow down, obstacle ahead[0m
[33m[ WARN] [1789879102.730363226]: Slow down, obstacle ahead[0m
[33m[ WARN] [1789879102.827381060]: Slow down, obstacle ahead[0m
[33m[ WARN] [1789879102.929374210]: Slow down, obstacle ahead[0m
[33m[ WARN] [1789879103.029308715]: Slow down, obstacle ahead[0m
[33m[ WARN] [1789879103.129086611]: Slow down, obstacle ahead[0m
[33m[ WARN] [1789879103.231544407]: Slow down, obstacle ahead[0m
[33m[ WARN] [1789879103.326111686]: Slow down, obstacle ahead[0m
[33m[ WARN] [1789879103.432566773]: Slow down, obstacle ahead[0m
[33m[ WARN] [1789879103.534501139]: Slow down, obstacle ahead[0m
[33m[ WARN] [1789879103.637212442]: Slow down, obstacle ahead[0m
[33m[ WARN] [1789879103.731165699]: Slow down, obstacle ahead[0m
[33m[ WARN] [1789879103.828072267]: Slow down, obstacle ahead[0m
[33m[ WARN] [1789879103.925769501]: Slow down, obstacle ahead[0m
[33m[ WARN] [1789879104.033805628]: Slow down, obstacle ahead[0m
[33m[ WARN] [1789879104.130219938]: Slow down, obstacle ahead[0m
[33m[ WARN] [1789879104.230544146]: Slow down, obstacle ahead[0m
[33m[ WARN] [1789879104.346352455]: Slow down, obstacle ahead[0m
[33m[ WARN] [1789879104.444705954]: Slow down, obstacle ahead[0m
[33m[ WARN] [1789879104.537709700]: Slow down, obstacle ahead[0m
[33m[ WARN] [1789879104.630892167]: Slow down, obstacle ahead[0m
[33m[ WARN] [1789879104.737812158]: Slow down, obstacle ahead[0m
[33m[ WARN] [1789879104.833602013]: Slow down, obstacle ahead[0m
[33m[ WARN] [1789879104.930829804]: Slow down, obstacle ahead[0m
[33m[ WARN] [1789879105.034119131]: Slow down, obstacle ahead[0m
[33m[ WARN] [1789879105.130426304]: Slow down, obstacle ahead[0m
[33m[ WARN] [1789879105.230369324]: Slow down, obstacle ahead[0m
[33m[ WARN] [1789879105.327404537]: Slow down, obstacle ahead[0m
[33m[ WARN] [1789879105.432632733]: Slow down, obstacle ahead[0m
[33m[ WARN] [1789879105.535400743]: Slow down, obstacle ahead[0m
[33m[ WARN] [1789879105.630579136]: Slow down, obstacle ahead[0m
[33m[ WARN] [1789879105.732709091]: Slow down, obstacle ahead[0m
[33m[ WARN] [1789879105.835069385]: Slow down, obstacle ahead[0m
[33m[ WARN] [1789879105.927749703]: Slow down, obstacle ahead[0m
[0m[ INFO] [1789879102.461797516]: 状态切换: 0 -> 2(普通预警) - 检测到较远障碍物，需要减速[0m
[0m[ INFO] [1789879102.529862305]: 状态切换: 2 -> 2(普通预警) - 检测到较远障碍物，需要减速[0m
[0m[ INFO] [1789879102.627334256]: 状态切换: 2 -> 2(普通预警) - 检测到较远障碍物，需要减速[0m
[0m[ INFO] [1789879102.730490043]: 状态切换: 2 -> 2(普通预警) - 检测到较远障碍物，需要减速[0m
[0m[ INFO] [1789879102.827468804]: 状态切换: 2 -> 2(普通预警) - 检测到较远障碍物，需要减速[0m
[0m[ INFO] [1789879102.929457731]: 状态切换: 2 -> 2(普通预警) - 检测到较远障碍物，需要减速[0m
[0m[ INFO] [1789879103.029386828]: 状态切换: 2 -> 2(普通预警) - 检测到较远障碍物，需要减速[0m
[0m[ INFO] [1789879103.129183380]: 状态切换: 2 -> 2(普通预警) - 检测到较远障碍物，需要减速[0m
[0m[ INFO] [1789879103.231631095]: 状态切换: 2 -> 2(普通预警) - 检测到较远障碍物，需要减速[0m
[0m[ INFO] [1789879103.326188071]: 状态切换: 2 -> 2(普通预警) - 检测到较远障碍物，需要减速[0m
[0m[ INFO] [1789879103.432728470]: 状态切换: 2 -> 2(普通预警) - 检测到较远障碍物，需要减速[0m
[0m[ INFO] [1789879103.534584372]: 状态切换: 2 -> 2(普通预警) - 检测到较远障碍物，需要减速[0m
[0m[ INFO] [1789879103.637290362]: 状态切换: 2 -> 2(普通预警) - 检测到较远障碍物，需要减速[0m
[0m[ INFO] [1789879103.731265988]: 状态切换: 2 -> 2(普通预警) - 检测到较远障碍物，需要减速[0m
[0m[ INFO] [1789879103.828264973]: 状态切换: 2 -> 2(普通预警) - 检测到较远障碍物，需要减速[0m
[0m[ INFO] [1789879103.925850717]: 状态切换: 2 -> 2(普通预警) - 检测到较远障碍物，需要减速[0m
[0m[ INFO] [1789879104.033906333]: 状态切换: 2 -> 2(普通预警) - 检测到较远障碍物，需要减速[0m
[0m[ INFO] [1789879104.130298595]: 状态切换: 2 -> 2(普通预警) - 检测到较远障碍物，需要减速[0m
[0m[ INFO] [1789879104.230671027]: 状态切换: 2 -> 2(普通预警) - 检测到较远障碍物，需要减速[0m
[0m[ INFO] [1789879104.346433448]: 状态切换: 2 -> 2(普通预警) - 检测到较远障碍物，需要减速[0m
[0m[ INFO] [1789879104.444800099]: 状态切换: 2 -> 2(普通预警) - 检测到较远障碍物，需要减速[0m
[0m[ INFO] [1789879104.537813253]: 状态切换: 2 -> 2(普通预警) - 检测到较远障碍物，需要减速[0m
[0m[ INFO] [1789879104.631009480]: 状态切换: 2 -> 2(普通预警) - 检测到较远障碍物，需要减速[0m
[0m[ INFO] [1789879104.737994144]: 状态切换: 2 -> 2(普通预警) - 检测到较远障碍物，需要减速[0m
[0m[ INFO] [1789879104.833692734]: 状态切换: 2 -> 2(普通预警) - 检测到较远障碍物，需要减速[0m
[0m[ INFO] [1789879104.930935821]: 状态切换: 2 -> 2(普通预警) - 检测到较远障碍物，需要减速[0m
[0m[ INFO] [1789879105.034199164]: 状态切换: 2 -> 2(普通预警) - 检测到较远障碍物，需要减速[0m
[0m[ INFO] [1789879105.130527841]: 状态切换: 2 -> 2(普通预警) - 检测到较远障碍物，需要减速[0m
[0m[ INFO] [1789879105.230453421]: 状态切换: 2 -> 2(普通预警) - 检测到较远障碍物，需要减速[0m
[0m[ INFO] [1789879105.327493594]: 状态切换: 2 -> 2(普通预警) - 检测到较远障碍物，需要减速[0m
[0m[ INFO] [1789879105.432728862]: 状态切换: 2 -> 2(普通预警) - 检测到较远障碍物，需要减速[0m
[0m[ INFO] [1789879105.535490472]: 状态切换: 2 -> 2(普通预警) - 检测到较远障碍物，需要减速[0m
[0m[ INFO] [1789879105.630788642]: 状态切换: 2 -> 2(普通预警) - 检测到较远障碍物，需要减速[0m
[0m[ INFO] [1789879105.732841156]: 状态切换: 2 -> 2(普通预警) - 检测到较远障碍物，需要减速[0m
[0m[ INFO] [1789879105.835161674]: 状态切换: 2 -> 2(普通预警) - 检测到较远障碍物，需要减速[0m
[33m[ WARN] [1789879106.032098370]: Slow down, obstacle ahead[0m
[33m[ WARN] [1789879106.132808246]: Slow down, obstacle ahead[0m
[33m[ WARN] [1789879106.229287805]: Slow down, obstacle ahead[0m
[33m[ WARN] [1789879106.329682445]: Slow down, obstacle ahead[0m
[33m[ WARN] [1789879106.434239274]: Slow down, obstacle ahead[0m
[33m[ WARN] [1789879106.536238892]: Slow down, obstacle ahead[0m
[33m[ WARN] [1789879106.630650237]: Slow down, obstacle ahead[0m
[33m[ WARN] [1789879106.732502173]: Slow down, obstacle ahead[0m
[33m[ WARN] [1789879106.835065925]: Slow down, obstacle ahead[0m
[33m[ WARN] [1789879106.937308937]: Slow down, obstacle ahead[0m
[33m[ WARN] [1789879107.033790416]: Emergency obstacle detected, frame count: 1/6[0m
[33m[ WARN] [1789879107.136703995]: Emergency obstacle detected, frame count: 2/6[0m
[33m[ WARN] [1789879107.232528987]: Emergency obstacle detected, frame count: 3/6[0m
[33m[ WARN] [1789879107.334953922]: Emergency obstacle detected, frame count: 4/6[0m
[33m[ WARN] [1789879107.467253255]: Emergency obstacle detected, frame count: 5/6[0m
[33m[ WARN] [1789879107.538348607]: Emergency obstacle detected, frame count: 6/6[0m
[33m[ WARN] [1789879107.538636130]: Emergency state confirmed after 6 frames - triggering avoidance[0m
[33m[ WARN] [1789879108.039795468]: Entering obstacle avoidance mode, goal point: (5.51, 7.00)-> (96, 59)[0m
[33m[ WARN] [1789879108.039843916]: cnk0811: - World coords: (4.08, 2.97)[0m
[33m[ WARN] [1789879108.039866893]: cnk0811: - Grid coords: (86, 32)[0m
[33m[ WARN] [1789879108.039888077]: cnk0811: - Is valid: YES[0m
[33m[ WARN] [1789879108.039904333]: cnk0811: Goal point analysis:[0m
[33m[ WARN] [1789879108.039957038]: cnk0811: - World coords: (5.51, 7.00)[0m
[33m[ WARN] [1789879108.039975822]: cnk0811: - Grid coords: (96, 59)[0m
[33m[ WARN] [1789879108.039993326]: cnk0811: - Is valid: YES[0m
[33m[ WARN] [1789879108.040042639]: cnk0811: Grid distance from start to goal: 28.79 cells[0m
[33m[ WARN] [1789879108.040063823]: cnk0811: Number of obstacles: 3[0m
[33m[ WARN] [1789879108.040088847]: cnk0811: First obstacle center: (-0.04, 0.51)[0m
[33m[ WARN] [1789879108.040124783]: cnk0811: Starting A* search from (86, 32) to (96, 59)[0m
[33m[ WARN] [1789879108.040153008]: cnk0811: Map bounds - width: 114, height: 128[0m
[33m[ WARN] [1789879108.040175440]: cnk0811: Map world bounds - x: [-8.96, 8.06], y: [-1.92, 17.15][0m
[33m[ WARN] [1789879108.040213488]: cnk0811: Starting A* loop[0m
[0m[ INFO] [1789879105.927844744]: 状态切换: 2 -> 2(普通预警) - 检测到较远障碍物，需要减速[0m
[0m[ INFO] [1789879106.032190755]: 状态切换: 2 -> 2(普通预警) - 检测到较远障碍物，需要减速[0m
[0m[ INFO] [1789879106.132887703]: 状态切换: 2 -> 2(普通预警) - 检测到较远障碍物，需要减速[0m
[0m[ INFO] [1789879106.229370365]: 状态切换: 2 -> 2(普通预警) - 检测到较远障碍物，需要减速[0m
[0m[ INFO] [1789879106.329768974]: 状态切换: 2 -> 2(普通预警) - 检测到较远障碍物，需要减速[0m
[0m[ INFO] [1789879106.434318603]: 状态切换: 2 -> 2(普通预警) - 检测到较远障碍物，需要减速[0m
[0m[ INFO] [1789879106.536327533]: 状态切换: 2 -> 2(普通预警) - 检测到较远障碍物，需要减速[0m
[0m[ INFO] [1789879106.630733374]: 状态切换: 2 -> 2(普通预警) - 检测到较远障碍物，需要减速[0m
[0m[ INFO] [1789879106.732597342]: 状态切换: 2 -> 2(普通预警) - 检测到较远障碍物，需要减速[0m
[0m[ INFO] [1789879106.835168454]: 状态切换: 2 -> 2(普通预警) - 检测到较远障碍物，需要减速[0m
[0m[ INFO] [1789879106.937401610]: 状态切换: 2 -> 2(普通预警) - 检测到较远障碍物，需要减速[0m
[0m[ INFO] [1789879107.033888913]: 状态切换: 2 -> 3(紧急预警) - 检测到紧急障碍物第1帧，等待确认[0m
[0m[ INFO] [1789879107.033910449]: 状态切换: 2 -> 3(紧急预警) - 检测到紧急障碍物第1帧，等待确认[0m
[0m[ INFO] [1789879107.136785212]: 状态切换: 3 -> 3(紧急预警) - 检测到紧急障碍物第2帧，等待确认[0m
[0m[ INFO] [1789879107.232609180]: 状态切换: 3 -> 3(紧急预警) - 检测到紧急障碍物第3帧，等待确认[0m
[0m[ INFO] [1789879107.335034978]: 状态切换: 3 -> 3(紧急预警) - 检测到紧急障碍物第4帧，等待确认[0m
[0m[ INFO] [1789879107.467348904]: 状态切换: 3 -> 3(紧急预警) - 检测到紧急障碍物第5帧，等待确认[0m
[0m[ INFO] [1789879107.538430847]: 状态切换: 3 -> 3(紧急预警) - 检测到紧急障碍物，准备避障规划[0m
[0m[ INFO] [1789879108.039271174]: Using current position (4.08, 2.97)-> (86, 32) as start point[0m
[0m[ INFO] [1789879108.039337799]: First time avoidance - finding safe goal point[0m
[0m[ INFO] [1789879108.039741387]: Selected path point 27 as goal: (5.46, 6.95)[0m
[0m[ INFO] [1789879108.039774028]: Selected path point 27 as goal: (5.46, 6.95) -> (96, 59)[0m
Arrived at goal: (96, 59)
[33m[ WARN] [1789879108.108870764]: cnk0811: Path found after 903 iterations![0m
[33m[ WARN] [1789879108.109583636]: Emergency obstacle detected, frame count: 1/12[0m
[0m[ INFO] [1789879108.109051822]: 状态切换: 3 -> 1(避障执行中) - 找到避障路径，开始执行避障[0m
[0m[ INFO] [1789879108.109198576]: [publishPath]: Path published successfully.[0m
[0m[ INFO] [1789879108.109227984]: Path found, publishing[0m
[2026-09-20 12:38:28] 在避障执行中检测到紧急障碍物，触发停车信号
[33m[ WARN] [1789879108.136160783]: Emergency obstacle detected, frame count: 2/12[0m
[2026-09-20 12:38:28] 在避障执行中检测到紧急障碍物，触发停车信号
[2026-09-20 12:39:12] 避障路线已经走完
[33m[ WARN] [1789879176.226653042]: Emergency obstacle detected, frame count: 1/6[0m
[33m[ WARN] [1789879176.325478474]: Emergency obstacle detected, frame count: 2/6[0m
[33m[ WARN] [1789879176.425793778]: Emergency obstacle detected, frame count: 3/6[0m
[33m[ WARN] [1789879176.526510431]: Emergency obstacle detected, frame count: 4/6[0m
[33m[ WARN] [1789879176.629346499]: Emergency obstacle detected, frame count: 5/6[0m
[33m[ WARN] [1789879176.724492339]: Emergency obstacle detected, frame count: 6/6[0m
[33m[ WARN] [1789879176.724649620]: Emergency state confirmed after 6 frames - triggering avoidance[0m
[33m[ WARN] [1789879177.226088413]: Entering obstacle avoidance mode, goal point: (4.76, 7.15)-> (91, 60)[0m
[33m[ WARN] [1789879177.226135133]: cnk0811: - World coords: (5.53, 6.42)[0m
[33m[ WARN] [1789879177.226156894]: cnk0811: - Grid coords: (96, 55)[0m
[33m[ WARN] [1789879177.226178622]: cnk0811: - Is valid: YES[0m
[33m[ WARN] [1789879177.226195678]: cnk0811: Goal point analysis:[0m
[33m[ WARN] [1789879177.226213758]: cnk0811: - World coords: (4.76, 7.15)[0m
[33m[ WARN] [1789879177.226231070]: cnk0811: - Grid coords: (91, 60)[0m
[33m[ WARN] [1789879177.226247423]: cnk0811: - Is valid: YES[0m
[33m[ WARN] [1789879177.226263871]: cnk0811: Grid distance from start to goal: 7.07 cells[0m
[33m[ WARN] [1789879177.226279647]: cnk0811: Number of obstacles: 4[0m
[33m[ WARN] [1789879177.226299455]: cnk0811: First obstacle center: (3.97, -0.12)[0m
[33m[ WARN] [1789879177.226320927]: cnk0811: Starting A* search from (96, 55) to (91, 60)[0m
[33m[ WARN] [1789879177.226338624]: cnk0811: Map bounds - width: 114, height: 128[0m
[33m[ WARN] [1789879177.226357568]: cnk0811: Map world bounds - x: [-8.96, 8.06], y: [-1.92, 17.15][0m
[33m[ WARN] [1789879177.226396000]: cnk0811: Starting A* loop[0m
[0m[ INFO] [1789879152.453420279]: 状态切换: 1(避障执行中) -> 0(正常状态) - 避障完成标志触发，恢复正常行驶[0m
[0m[ INFO] [1789879176.226740178]: 状态切换: 0 -> 3(紧急预警) - 检测到紧急障碍物第1帧，等待确认[0m
[0m[ INFO] [1789879176.226759699]: 状态切换: 0 -> 3(紧急预警) - 检测到紧急障碍物第1帧，等待确认[0m
[0m[ INFO] [1789879176.325554698]: 状态切换: 3 -> 3(紧急预警) - 检测到紧急障碍物第2帧，等待确认[0m
[0m[ INFO] [1789879176.425886227]: 状态切换: 3 -> 3(紧急预警) - 检测到紧急障碍物第3帧，等待确认[0m
[0m[ INFO] [1789879176.526603552]: 状态切换: 3 -> 3(紧急预警) - 检测到紧急障碍物第4帧，等待确认[0m
[0m[ INFO] [1789879176.629431876]: 状态切换: 3 -> 3(紧急预警) - 检测到紧急障碍物第5帧，等待确认[0m
[0m[ INFO] [1789879176.724591060]: 状态切换: 3 -> 3(紧急预警) - 检测到紧急障碍物，准备避障规划[0m
[0m[ INFO] [1789879177.225589111]: Using current position (5.53, 6.42)-> (96, 55) as start point[0m
[0m[ INFO] [1789879177.225655384]: First time avoidance - finding safe goal point[0m
[0m[ INFO] [1789879177.226024604]: Selected path point 39 as goal: (4.77, 7.14)[0m
[0m[ INFO] [1789879177.226066717]: Selected path point 39 as goal: (4.77, 7.14) -> (91, 60)[0m
Arrived at goal: (91, 60)
[33m[ WARN] [1789879177.226978471]: cnk0811: Path found after 6 iterations![0m
[33m[ WARN] [1789879177.227848784]: Emergency obstacle detected, frame count: 1/12[0m
[0m[ INFO] [1789879177.227030503]: 状态切换: 3 -> 1(避障执行中) - 找到避障路径，开始执行避障[0m
[0m[ INFO] [1789879177.227110344]: [publishPath]: Path published successfully.[0m
[0m[ INFO] [1789879177.227128904]: Path found, publishing[0m
[2026-09-20 12:39:37] 在避障执行中检测到紧急障碍物，触发停车信号
[33m[ WARN] [1789879177.228487607]: Emergency obstacle detected, frame count: 2/12[0m
[2026-09-20 12:39:37] 在避障执行中检测到紧急障碍物，触发停车信号
[2026-09-20 12:39:47] 避障路线已经走完
[33m[ WARN] [1789879276.929348366]: Slow down, obstacle ahead[0m
[33m[ WARN] [1789879277.583651132]: Slow down, obstacle ahead[0m
[33m[ WARN] [1789879277.635641295]: Slow down, obstacle ahead[0m
[33m[ WARN] [1789879277.727502802]: Slow down, obstacle ahead[0m
[33m[ WARN] [1789879277.836471342]: Slow down, obstacle ahead[0m
[33m[ WARN] [1789879277.927913388]: Slow down, obstacle ahead[0m
[33m[ WARN] [1789879278.030841702]: Emergency obstacle detected, frame count: 1/6[0m
[33m[ WARN] [1789879278.127225722]: Emergency obstacle detected, frame count: 2/6[0m
[33m[ WARN] [1789879278.226451405]: Emergency obstacle detected, frame count: 3/6[0m
[33m[ WARN] [1789879278.326254085]: Emergency obstacle detected, frame count: 4/6[0m
[33m[ WARN] [1789879278.434125462]: Emergency obstacle detected, frame count: 5/6[0m
[33m[ WARN] [1789879278.527931373]: Emergency obstacle detected, frame count: 6/6[0m
[33m[ WARN] [1789879278.528147632]: Emergency state confirmed after 6 frames - triggering avoidance[0m
[33m[ WARN] [1789879279.029316355]: Entering obstacle avoidance mode, goal point: (6.71, 3.70)-> (104, 37)[0m
[33m[ WARN] [1789879279.029366116]: cnk0811: - World coords: (4.54, 7.21)[0m
[33m[ WARN] [1789879279.029388612]: cnk0811: - Grid coords: (89, 60)[0m
[33m[ WARN] [1789879279.029408324]: cnk0811: - Is valid: YES[0m
[33m[ WARN] [1789879279.029425700]: cnk0811: Goal point analysis:[0m
[33m[ WARN] [1789879279.029443332]: cnk0811: - World coords: (6.71, 3.70)[0m
[33m[ WARN] [1789879279.029521477]: cnk0811: - Grid coords: (104, 37)[0m
[33m[ WARN] [1789879279.029550630]: cnk0811: - Is valid: YES[0m
[33m[ WARN] [1789879279.029574598]: cnk0811: Grid distance from start to goal: 27.46 cells[0m
[33m[ WARN] [1789879279.029629286]: cnk0811: Number of obstacles: 3[0m
[33m[ WARN] [1789879279.029657031]: cnk0811: First obstacle center: (3.97, -0.12)[0m
[33m[ WARN] [1789879279.029681799]: cnk0811: Starting A* search from (89, 60) to (104, 37)[0m
[33m[ WARN] [1789879279.029700679]: cnk0811: Map bounds - width: 114, height: 128[0m
[33m[ WARN] [1789879279.029731175]: cnk0811: Map world bounds - x: [-8.96, 8.06], y: [-1.92, 17.15][0m
[33m[ WARN] [1789879279.029772136]: cnk0811: Starting A* loop[0m
[0m[ INFO] [1789879187.926024553]: 状态切换: 1(避障执行中) -> 0(正常状态) - 避障完成标志触发，恢复正常行驶[0m
[0m[ INFO] [1789879276.930187575]: 状态切换: 0 -> 2(普通预警) - 检测到较远障碍物，需要减速[0m
[0m[ INFO] [1789879277.028296318]: 状态切换: 2 -> 0(正常状态) - 障碍物距离变远，切换为正常状态[0m
[0m[ INFO] [1789879277.583752829]: 状态切换: 0 -> 2(普通预警) - 检测到较远障碍物，需要减速[0m
[0m[ INFO] [1789879277.635732816]: 状态切换: 2 -> 2(普通预警) - 检测到较远障碍物，需要减速[0m
[0m[ INFO] [1789879277.727707572]: 状态切换: 2 -> 2(普通预警) - 检测到较远障碍物，需要减速[0m
[0m[ INFO] [1789879277.836561935]: 状态切换: 2 -> 2(普通预警) - 检测到较远障碍物，需要减速[0m
[0m[ INFO] [1789879277.927995149]: 状态切换: 2 -> 2(普通预警) - 检测到较远障碍物，需要减速[0m
[0m[ INFO] [1789879278.030941832]: 状态切换: 2 -> 3(紧急预警) - 检测到紧急障碍物第1帧，等待确认[0m
[0m[ INFO] [1789879278.030962600]: 状态切换: 2 -> 3(紧急预警) - 检测到紧急障碍物第1帧，等待确认[0m
[0m[ INFO] [1789879278.127301083]: 状态切换: 3 -> 3(紧急预警) - 检测到紧急障碍物第2帧，等待确认[0m
[0m[ INFO] [1789879278.226531694]: 状态切换: 3 -> 3(紧急预警) - 检测到紧急障碍物第3帧，等待确认[0m
[0m[ INFO] [1789879278.326333350]: 状态切换: 3 -> 3(紧急预警) - 检测到紧急障碍物第4帧，等待确认[0m
[0m[ INFO] [1789879278.434203478]: 状态切换: 3 -> 3(紧急预警) - 检测到紧急障碍物第5帧，等待确认[0m
[0m[ INFO] [1789879278.528012238]: 状态切换: 3 -> 3(紧急预警) - 检测到紧急障碍物，准备避障规划[0m
[0m[ INFO] [1789879279.028727357]: Using current position (4.54, 7.21)-> (89, 60) as start point[0m
[0m[ INFO] [1789879279.028798909]: First time avoidance - finding safe goal point[0m
[0m[ INFO] [1789879279.029255010]: Selected path point 27 as goal: (6.70, 3.71)[0m
[0m[ INFO] [1789879279.029296611]: Selected path point 27 as goal: (6.70, 3.71) -> (104, 37)[0m
Arrived at goal: (104, 37)
[33m[ WARN] [1789879279.047875308]: cnk0811: Path found after 200 iterations![0m
[33m[ WARN] [1789879279.048701973]: Emergency obstacle detected, frame count: 1/12[0m
[0m[ INFO] [1789879279.048089070]: 状态切换: 3 -> 1(避障执行中) - 找到避障路径，开始执行避障[0m
[0m[ INFO] [1789879279.048237776]: [publishPath]: Path published successfully.[0m
[0m[ INFO] [1789879279.048260592]: Path found, publishing[0m
[2026-09-20 12:41:19] 在避障执行中检测到紧急障碍物，触发停车信号
[33m[ WARN] [1789879279.126959620]: Emergency obstacle detected, frame count: 2/12[0m
[2026-09-20 12:41:19] 在避障执行中检测到紧急障碍物，触发停车信号
[2026-09-20 12:41:31] 在避障执行中检测到很远障碍物，不会切换避障状态
[2026-09-20 12:41:31] 在避障执行中检测到很远障碍物，不会切换避障状态
[2026-09-20 12:41:32] 在避障执行中检测到很远障碍物，不会切换避障状态
[2026-09-20 12:41:32] 在避障执行中检测到很远障碍物，不会切换避障状态
[2026-09-20 12:41:32] 在避障执行中检测到较远障碍物，不会切换避障状态
[2026-09-20 12:41:32] 在避障执行中检测到很远障碍物，不会切换避障状态
[2026-09-20 12:41:32] 在避障执行中检测到很远障碍物，不会切换避障状态
[2026-09-20 12:41:32] 在避障执行中检测到很远障碍物，不会切换避障状态
