[0m[ INFO] [1789877216.499563257]: Mower SN: HL-G-0001[0m
[0m[ INFO] [1789877539.201890196]: Mower SN: HL-G-0001[0m
[2026-09-20 12:12:19] 局部规划器重置成功！
[2026-09-20 12:12:19] 割草任务停止
[0m[ INFO] [1789878669.202004057]: Opened CSV file: /home/nvidia/Mower/waypoints/09181.csv[0m
[0m[ INFO] [1789878669.202079897]: use_map signal received, using map: 0918, CSV file: /home/nvidia/Mower/waypoints/09181.csv[0m
[0m[ INFO] [1789878685.601888315]: [2026-09-20 12:31:25] 接收到全局轨迹，轨迹点数为2006[0m
[2026-09-20 12:31:25] 进入割草跟踪轨迹模式，最近点索引为：0
[2026-09-20 12:31:25] 控制路径段: 起点索引=0, 提取点数=1
[2026-09-20 12:31:25] 避障检测路径段: 起点索引=0, 提取点数=200
[0m[ INFO] [1789878685.801731998]: local_x: -0.0016, local_y: 0.0024, gear: 2,  error_heading: 1.2059[0m
[2026-09-20 12:31:25] 还未完成转向!
[0m[ INFO] [1789878685.803751475]: 0 points is not droped, 6.1860, 1.0334, 1.1388, 2, 6.1866, 1.0363, 2.3447[0m
[2026-09-20 12:31:25] 控制路径段: 起点索引=0, 提取点数=1
[2026-09-20 12:31:25] 避障检测路径段: 起点索引=0, 提取点数=200
[0m[ INFO] [1789878685.901679328]: local_x: -0.0018, local_y: 0.0025, gear: 2,  error_heading: 1.2059[0m
[2026-09-20 12:31:25] 还未完成转向!
[0m[ INFO] [1789878685.903523155]: 0 points is not droped, 6.1860, 1.0334, 1.1388, 2, 6.1865, 1.0364, 2.3447[0m
[2026-09-20 12:31:25] 控制路径段: 起点索引=0, 提取点数=1
[2026-09-20 12:31:25] 避障检测路径段: 起点索引=0, 提取点数=200
[0m[ INFO] [1789878686.002138376]: local_x: -0.0018, local_y: 0.0026, gear: 2,  error_heading: 1.2059[0m
[2026-09-20 12:31:26] 还未完成转向!
[0m[ INFO] [1789878686.003864409]: 0 points is not droped, 6.1860, 1.0334, 1.1388, 2, 6.1866, 1.0365, 2.3447[0m
[2026-09-20 12:31:26] 控制路径段: 起点索引=0, 提取点数=1
[2026-09-20 12:31:26] 避障检测路径段: 起点索引=0, 提取点数=200
[0m[ INFO] [1789878686.101661509]: local_x: -0.0020, local_y: 0.0028, gear: 2,  error_heading: 1.2059[0m
[2026-09-20 12:31:26] 还未完成转向!
[0m[ INFO] [1789878686.103407543]: 0 points is not droped, 6.1860, 1.0334, 1.1388, 2, 6.1866, 1.0368, 2.3447[0m
[2026-09-20 12:31:26] 控制路径段: 起点索引=0, 提取点数=1
[2026-09-20 12:31:26] 避障检测路径段: 起点索引=0, 提取点数=200
[0m[ INFO] [1789878686.201697352]: local_x: -0.0020, local_y: 0.0028, gear: 2,  error_heading: 1.2059[0m
[2026-09-20 12:31:26] 还未完成转向!
[0m[ INFO] [1789878686.203244088]: 0 points is not droped, 6.1860, 1.0334, 1.1388, 2, 6.1866, 1.0368, 2.3447[0m
[2026-09-20 12:31:26] 控制路径段: 起点索引=0, 提取点数=1
[2026-09-20 12:31:26] 避障检测路径段: 起点索引=0, 提取点数=200
[0m[ INFO] [1789878686.301718827]: local_x: -0.0021, local_y: 0.0029, gear: 2,  error_heading: 1.2059[0m
[2026-09-20 12:31:26] 还未完成转向!
[0m[ INFO] [1789878686.303698943]: 0 points is not droped, 6.1860, 1.0334, 1.1388, 2, 6.1866, 1.0369, 2.3447[0m
[2026-09-20 12:31:26] 控制路径段: 起点索引=0, 提取点数=1
[2026-09-20 12:31:26] 避障检测路径段: 起点索引=0, 提取点数=200
[0m[ INFO] [1789878686.401749390]: local_x: -0.0022, local_y: 0.0024, gear: 2,  error_heading: 1.2059[0m
[2026-09-20 12:31:26] 还未完成转向!
[0m[ INFO] [1789878686.403600032]: 0 points is not droped, 6.1860, 1.0334, 1.1388, 2, 6.1862, 1.0367, 2.3447[0m
[2026-09-20 12:31:26] 控制路径段: 起点索引=0, 提取点数=1
[2026-09-20 12:31:26] 避障检测路径段: 起点索引=0, 提取点数=200
[0m[ INFO] [1789878686.501717168]: local_x: -0.0022, local_y: 0.0025, gear: 2,  error_heading: 1.2059[0m
[2026-09-20 12:31:26] 还未完成转向!
[0m[ INFO] [1789878686.503393153]: 0 points is not droped, 6.1860, 1.0334, 1.1388, 2, 6.1862, 1.0368, 2.3447[0m
[2026-09-20 12:31:26] 控制路径段: 起点索引=0, 提取点数=1
[2026-09-20 12:31:26] 避障检测路径段: 起点索引=0, 提取点数=200
[0m[ INFO] [1789878686.601721171]: local_x: -0.0019, local_y: 0.0027, gear: 2,  error_heading: 1.2059[0m
[2026-09-20 12:31:26] 还未完成转向!
[0m[ INFO] [1789878686.603654758]: 0 points is not droped, 6.1860, 1.0334, 1.1388, 2, 6.1865, 1.0367, 2.3447[0m
[2026-09-20 12:31:26] 控制路径段: 起点索引=0, 提取点数=1
[2026-09-20 12:31:26] 避障检测路径段: 起点索引=0, 提取点数=200
[0m[ INFO] [1789878686.701708885]: local_x: -0.0020, local_y: 0.0027, gear: 2,  error_heading: 1.2059[0m
[2026-09-20 12:31:26] 还未完成转向!
[0m[ INFO] [1789878686.703569320]: 0 points is not droped, 6.1860, 1.0334, 1.1388, 2, 6.1865, 1.0367, 2.3447[0m
[2026-09-20 12:31:26] 控制路径段: 起点索引=0, 提取点数=1
[2026-09-20 12:31:26] 避障检测路径段: 起点索引=0, 提取点数=200
[0m[ INFO] [1789878686.801698776]: local_x: -0.0020, local_y: 0.0026, gear: 2,  error_heading: 1.2059[0m
[2026-09-20 12:31:26] 还未完成转向!
[0m[ INFO] [1789878686.803430089]: 0 points is not droped, 6.1860, 1.0334, 1.1388, 2, 6.1864, 1.0366, 2.3446[0m
[2026-09-20 12:31:26] 控制路径段: 起点索引=0, 提取点数=1
[2026-09-20 12:31:26] 避障检测路径段: 起点索引=0, 提取点数=200
[0m[ INFO] [1789878686.901755003]: local_x: -0.0026, local_y: 0.0026, gear: 2,  error_heading: 1.2059[0m
[2026-09-20 12:31:26] 还未完成转向!
[0m[ INFO] [1789878686.903553325]: 0 points is not droped, 6.1860, 1.0334, 1.1388, 2, 6.1861, 1.0371, 2.3447[0m
[2026-09-20 12:31:26] 控制路径段: 起点索引=0, 提取点数=1
[2026-09-20 12:31:26] 避障检测路径段: 起点索引=0, 提取点数=200
[0m[ INFO] [1789878687.001810558]: local_x: -0.0026, local_y: 0.0027, gear: 2,  error_heading: 1.2059[0m
[2026-09-20 12:31:27] 还未完成转向!
[0m[ INFO] [1789878687.003790066]: 0 points is not droped, 6.1860, 1.0334, 1.1388, 2, 6.1861, 1.0372, 2.3447[0m
[2026-09-20 12:31:27] 控制路径段: 起点索引=0, 提取点数=1
[2026-09-20 12:31:27] 避障检测路径段: 起点索引=0, 提取点数=200
[0m[ INFO] [1789878687.101653727]: local_x: -0.0027, local_y: 0.0027, gear: 2,  error_heading: 1.2059[0m
[2026-09-20 12:31:27] 还未完成转向!
[0m[ INFO] [1789878687.103235727]: 0 points is not droped, 6.1860, 1.0334, 1.1388, 2, 6.1861, 1.0372, 2.3447[0m
[2026-09-20 12:31:27] 控制路径段: 起点索引=0, 提取点数=1
[2026-09-20 12:31:27] 避障检测路径段: 起点索引=0, 提取点数=200
[0m[ INFO] [1789878687.201675426]: local_x: -0.0029, local_y: 0.0031, gear: 2,  error_heading: 1.2059[0m
[2026-09-20 12:31:27] 还未完成转向!
[0m[ INFO] [1789878687.203481588]: 0 points is not droped, 6.1860, 1.0334, 1.1388, 2, 6.1862, 1.0377, 2.3447[0m
[2026-09-20 12:31:27] 控制路径段: 起点索引=0, 提取点数=1
[2026-09-20 12:31:27] 避障检测路径段: 起点索引=0, 提取点数=200
[0m[ INFO] [1789878687.301685188]: local_x: -0.0041, local_y: 0.0063, gear: 2,  error_heading: 1.2063[0m
[2026-09-20 12:31:27] 还未完成转向!
[0m[ INFO] [1789878687.303295348]: 0 points is not droped, 6.1860, 1.0334, 1.1388, 2, 6.1876, 1.0407, 2.3451[0m
[2026-09-20 12:31:27] 控制路径段: 起点索引=0, 提取点数=1
[2026-09-20 12:31:27] 避障检测路径段: 起点索引=0, 提取点数=200
[0m[ INFO] [1789878687.401659591]: local_x: -0.0033, local_y: 0.0029, gear: 2,  error_heading: 1.2059[0m
[2026-09-20 12:31:27] 还未完成转向!
[0m[ INFO] [1789878687.403282711]: 0 points is not droped, 6.1860, 1.0334, 1.1388, 2, 6.1858, 1.0378, 2.3446[0m
[2026-09-20 12:31:27] 控制路径段: 起点索引=0, 提取点数=1
[2026-09-20 12:31:27] 避障检测路径段: 起点索引=0, 提取点数=200
[0m[ INFO] [1789878687.501722282]: local_x: -0.0034, local_y: 0.0028, gear: 2,  error_heading: 1.2059[0m
[2026-09-20 12:31:27] 还未完成转向!
[0m[ INFO] [1789878687.503417819]: 0 points is not droped, 6.1860, 1.0334, 1.1388, 2, 6.1857, 1.0378, 2.3446[0m
[2026-09-20 12:31:27] 控制路径段: 起点索引=0, 提取点数=1
[2026-09-20 12:31:27] 避障检测路径段: 起点索引=0, 提取点数=200
[0m[ INFO] [1789878687.601709164]: local_x: -0.0033, local_y: 0.0030, gear: 2,  error_heading: 1.2059[0m
[2026-09-20 12:31:27] 还未完成转向!
[0m[ INFO] [1789878687.603119386]: 0 points is not droped, 6.1860, 1.0334, 1.1388, 2, 6.1858, 1.0379, 2.3446[0m
[2026-09-20 12:31:27] 控制路径段: 起点索引=0, 提取点数=1
[2026-09-20 12:31:27] 避障检测路径段: 起点索引=0, 提取点数=200
[0m[ INFO] [1789878687.701721839]: local_x: -0.0034, local_y: 0.0029, gear: 2,  error_heading: 1.2059[0m
[2026-09-20 12:31:27] 还未完成转向!
[0m[ INFO] [1789878687.703235166]: 0 points is not droped, 6.1860, 1.0334, 1.1388, 2, 6.1857, 1.0379, 2.3446[0m
[2026-09-20 12:31:27] 控制路径段: 起点索引=0, 提取点数=1
[2026-09-20 12:31:27] 避障检测路径段: 起点索引=0, 提取点数=200
[0m[ INFO] [1789878687.801676334]: local_x: -0.0031, local_y: 0.0030, gear: 2,  error_heading: 1.2059[0m
[2026-09-20 12:31:27] 还未完成转向!
[0m[ INFO] [1789878687.803047291]: 0 points is not droped, 6.1860, 1.0334, 1.1388, 2, 6.1860, 1.0377, 2.3447[0m
[2026-09-20 12:31:27] 控制路径段: 起点索引=0, 提取点数=1
[2026-09-20 12:31:27] 避障检测路径段: 起点索引=0, 提取点数=200
[0m[ INFO] [1789878687.901689740]: local_x: -0.0031, local_y: 0.0029, gear: 2,  error_heading: 1.2059[0m
[2026-09-20 12:31:27] 还未完成转向!
[0m[ INFO] [1789878687.903452766]: 0 points is not droped, 6.1860, 1.0334, 1.1388, 2, 6.1859, 1.0377, 2.3447[0m
[2026-09-20 12:31:27] 控制路径段: 起点索引=0, 提取点数=1
[2026-09-20 12:31:27] 避障检测路径段: 起点索引=0, 提取点数=200
[0m[ INFO] [1789878688.001683435]: local_x: -0.0027, local_y: 0.0025, gear: 2,  error_heading: 1.2059[0m
[2026-09-20 12:31:28] 还未完成转向!
[0m[ INFO] [1789878688.003878977]: 0 points is not droped, 6.1860, 1.0334, 1.1388, 2, 6.1859, 1.0371, 2.3447[0m
[2026-09-20 12:31:28] 控制路径段: 起点索引=0, 提取点数=1
[2026-09-20 12:31:28] 避障检测路径段: 起点索引=0, 提取点数=200
[0m[ INFO] [1789878688.101678313]: local_x: -0.0027, local_y: 0.0024, gear: 2,  error_heading: 1.2059[0m
[2026-09-20 12:31:28] 还未完成转向!
[0m[ INFO] [1789878688.103278809]: 0 points is not droped, 6.1860, 1.0334, 1.1388, 2, 6.1858, 1.0370, 2.3447[0m
[2026-09-20 12:31:28] 控制路径段: 起点索引=0, 提取点数=1
[2026-09-20 12:31:28] 避障检测路径段: 起点索引=0, 提取点数=200
[0m[ INFO] [1789878688.201686632]: local_x: -0.0026, local_y: 0.0022, gear: 2,  error_heading: 1.2059[0m
[2026-09-20 12:31:28] 还未完成转向!
[0m[ INFO] [1789878688.203145174]: 0 points is not droped, 6.1860, 1.0334, 1.1388, 2, 6.1857, 1.0368, 2.3447[0m
[2026-09-20 12:31:28] 控制路径段: 起点索引=0, 提取点数=1
[2026-09-20 12:31:28] 避障检测路径段: 起点索引=0, 提取点数=200
[0m[ INFO] [1789878688.301664614]: local_x: -0.0026, local_y: 0.0020, gear: 2,  error_heading: 1.2059[0m
[2026-09-20 12:31:28] 还未完成转向!
[0m[ INFO] [1789878688.303141365]: 0 points is not droped, 6.1860, 1.0334, 1.1388, 2, 6.1856, 1.0367, 2.3447[0m
[2026-09-20 12:31:28] 控制路径段: 起点索引=0, 提取点数=1
[2026-09-20 12:31:28] 避障检测路径段: 起点索引=0, 提取点数=200
[0m[ INFO] [1789878688.401701829]: local_x: -0.0025, local_y: 0.0020, gear: 2,  error_heading: 1.2059[0m
[2026-09-20 12:31:28] 还未完成转向!
[0m[ INFO] [1789878688.403493047]: 0 points is not droped, 6.1860, 1.0334, 1.1388, 2, 6.1856, 1.0366, 2.3447[0m
[2026-09-20 12:31:28] 控制路径段: 起点索引=0, 提取点数=1
[2026-09-20 12:31:28] 避障检测路径段: 起点索引=0, 提取点数=200
[0m[ INFO] [1789878688.501715204]: local_x: -0.0026, local_y: 0.0018, gear: 2,  error_heading: 1.2059[0m
[2026-09-20 12:31:28] 还未完成转向!
[0m[ INFO] [1789878688.503419509]: 0 points is not droped, 6.1860, 1.0334, 1.1388, 2, 6.1855, 1.0365, 2.3447[0m
[2026-09-20 12:31:28] 控制路径段: 起点索引=0, 提取点数=1
[2026-09-20 12:31:28] 避障检测路径段: 起点索引=0, 提取点数=200
[0m[ INFO] [1789878688.601697474]: local_x: -0.0022, local_y: 0.0021, gear: 2,  error_heading: 1.2059[0m
[2026-09-20 12:31:28] 还未完成转向!
[0m[ INFO] [1789878688.603456980]: 0 points is not droped, 6.1860, 1.0334, 1.1388, 2, 6.1859, 1.0364, 2.3447[0m
[2026-09-20 12:31:28] 控制路径段: 起点索引=0, 提取点数=1
[2026-09-20 12:31:28] 避障检测路径段: 起点索引=0, 提取点数=200
[0m[ INFO] [1789878688.701703841]: local_x: -0.0022, local_y: 0.0019, gear: 2,  error_heading: 1.2059[0m
[2026-09-20 12:31:28] 还未完成转向!
[0m[ INFO] [1789878688.703344337]: 0 points is not droped, 6.1860, 1.0334, 1.1388, 2, 6.1858, 1.0363, 2.3447[0m
[2026-09-20 12:31:28] 控制路径段: 起点索引=0, 提取点数=1
[2026-09-20 12:31:28] 避障检测路径段: 起点索引=0, 提取点数=200
[0m[ INFO] [1789878688.801694047]: local_x: -0.0025, local_y: 0.0024, gear: 2,  error_heading: 1.2059[0m
[2026-09-20 12:31:28] 还未完成转向!
[0m[ INFO] [1789878688.803268751]: 0 points is not droped, 6.1860, 1.0334, 1.1388, 2, 6.1860, 1.0368, 2.3447[0m
[2026-09-20 12:31:28] 控制路径段: 起点索引=0, 提取点数=1
[2026-09-20 12:31:28] 避障检测路径段: 起点索引=0, 提取点数=200
[0m[ INFO] [1789878688.901681598]: local_x: -0.0025, local_y: 0.0022, gear: 2,  error_heading: 1.2059[0m
[2026-09-20 12:31:28] 还未完成转向!
[0m[ INFO] [1789878688.903762354]: 0 points is not droped, 6.1860, 1.0334, 1.1388, 2, 6.1859, 1.0368, 2.3447[0m
[2026-09-20 12:31:28] 控制路径段: 起点索引=0, 提取点数=1
[2026-09-20 12:31:28] 避障检测路径段: 起点索引=0, 提取点数=200
[0m[ INFO] [1789878689.001693788]: local_x: -0.0024, local_y: 0.0025, gear: 2,  error_heading: 1.2059[0m
[2026-09-20 12:31:29] 还未完成转向!
[0m[ INFO] [1789878689.004744411]: 0 points is not droped, 6.1860, 1.0334, 1.1388, 2, 6.1861, 1.0369, 2.3447[0m
[2026-09-20 12:31:29] 控制路径段: 起点索引=0, 提取点数=1
[2026-09-20 12:31:29] 避障检测路径段: 起点索引=0, 提取点数=200
[0m[ INFO] [1789878689.101717691]: local_x: -0.0025, local_y: 0.0023, gear: 2,  error_heading: 1.2059[0m
[2026-09-20 12:31:29] 还未完成转向!
[0m[ INFO] [1789878689.103620398]: 0 points is not droped, 6.1860, 1.0334, 1.1388, 2, 6.1859, 1.0368, 2.3447[0m
[2026-09-20 12:31:29] 控制路径段: 起点索引=0, 提取点数=1
[2026-09-20 12:31:29] 避障检测路径段: 起点索引=0, 提取点数=200
[0m[ INFO] [1789878689.201783258]: local_x: -0.0028, local_y: 0.0022, gear: 2,  error_heading: 1.2059[0m
[2026-09-20 12:31:29] 还未完成转向!
[0m[ INFO] [1789878689.203496107]: 0 points is not droped, 6.1860, 1.0334, 1.1388, 2, 6.1856, 1.0369, 2.3447[0m
[2026-09-20 12:31:29] 控制路径段: 起点索引=0, 提取点数=1
[2026-09-20 12:31:29] 避障检测路径段: 起点索引=0, 提取点数=200
[0m[ INFO] [1789878689.301670104]: local_x: -0.0028, local_y: 0.0021, gear: 2,  error_heading: 1.2059[0m
[2026-09-20 12:31:29] 还未完成转向!
[0m[ INFO] [1789878689.303338024]: 0 points is not droped, 6.1860, 1.0334, 1.1388, 2, 6.1856, 1.0369, 2.3447[0m
[2026-09-20 12:31:29] 控制路径段: 起点索引=0, 提取点数=1
[2026-09-20 12:31:29] 避障检测路径段: 起点索引=0, 提取点数=200
[0m[ INFO] [1789878689.401667062]: local_x: -0.0028, local_y: 0.0024, gear: 2,  error_heading: 1.2059[0m
[2026-09-20 12:31:29] 还未完成转向!
[0m[ INFO] [1789878689.403407848]: 0 points is not droped, 6.1860, 1.0334, 1.1388, 2, 6.1858, 1.0371, 2.3447[0m
[2026-09-20 12:31:29] 控制路径段: 起点索引=0, 提取点数=1
[2026-09-20 12:31:29] 避障检测路径段: 起点索引=0, 提取点数=200
[0m[ INFO] [1789878689.501732438]: local_x: -0.0028, local_y: 0.0024, gear: 2,  error_heading: 1.2059[0m
[2026-09-20 12:31:29] 还未完成转向!
[0m[ INFO] [1789878689.504123853]: 0 points is not droped, 6.1860, 1.0334, 1.1388, 2, 6.1858, 1.0371, 2.3447[0m
[2026-09-20 12:31:29] 控制路径段: 起点索引=0, 提取点数=1
[2026-09-20 12:31:29] 避障检测路径段: 起点索引=0, 提取点数=200
[0m[ INFO] [1789878689.601721972]: local_x: -0.0032, local_y: 0.0025, gear: 2,  error_heading: 1.2059[0m
[2026-09-20 12:31:29] 还未完成转向!
[0m[ INFO] [1789878689.603263075]: 0 points is not droped, 6.1860, 1.0334, 1.1388, 2, 6.1855, 1.0375, 2.3447[0m
[2026-09-20 12:31:29] 控制路径段: 起点索引=0, 提取点数=1
[2026-09-20 12:31:29] 避障检测路径段: 起点索引=0, 提取点数=200
[0m[ INFO] [1789878689.701713330]: local_x: -0.0033, local_y: 0.0024, gear: 2,  error_heading: 1.2059[0m
[2026-09-20 12:31:29] 还未完成转向!
[0m[ INFO] [1789878689.703450884]: 0 points is not droped, 6.1860, 1.0334, 1.1388, 2, 6.1854, 1.0374, 2.3447[0m
[2026-09-20 12:31:29] 控制路径段: 起点索引=0, 提取点数=1
[2026-09-20 12:31:29] 避障检测路径段: 起点索引=0, 提取点数=200
[0m[ INFO] [1789878689.801683537]: local_x: -0.0039, local_y: 0.0026, gear: 2,  error_heading: 1.2059[0m
[2026-09-20 12:31:29] 还未完成转向!
[0m[ INFO] [1789878689.804700815]: 0 points is not droped, 6.1860, 1.0334, 1.1388, 2, 6.1851, 1.0380, 2.3447[0m
[2026-09-20 12:31:29] 控制路径段: 起点索引=0, 提取点数=1
[2026-09-20 12:31:29] 避障检测路径段: 起点索引=0, 提取点数=200
[0m[ INFO] [1789878689.901672431]: local_x: -0.0039, local_y: 0.0026, gear: 2,  error_heading: 1.2059[0m
[2026-09-20 12:31:29] 还未完成转向!
[0m[ INFO] [1789878689.903958662]: 0 points is not droped, 6.1860, 1.0334, 1.1388, 2, 6.1851, 1.0380, 2.3447[0m
[2026-09-20 12:31:29] 控制路径段: 起点索引=0, 提取点数=1
[2026-09-20 12:31:29] 避障检测路径段: 起点索引=0, 提取点数=200
[0m[ INFO] [1789878690.001732878]: local_x: -0.0039, local_y: 0.0032, gear: 2,  error_heading: 1.2059[0m
[2026-09-20 12:31:30] 还未完成转向!
[0m[ INFO] [1789878690.004459721]: 0 points is not droped, 6.1860, 1.0334, 1.1388, 2, 6.1855, 1.0384, 2.3447[0m
[2026-09-20 12:31:30] 控制路径段: 起点索引=0, 提取点数=1
[2026-09-20 12:31:30] 避障检测路径段: 起点索引=0, 提取点数=200
[0m[ INFO] [1789878690.101724301]: local_x: -0.0041, local_y: 0.0030, gear: 2,  error_heading: 1.2059[0m
[2026-09-20 12:31:30] 还未完成转向!
[0m[ INFO] [1789878690.103553311]: 0 points is not droped, 6.1860, 1.0334, 1.1388, 2, 6.1853, 1.0384, 2.3447[0m
[2026-09-20 12:31:30] 控制路径段: 起点索引=0, 提取点数=1
[2026-09-20 12:31:30] 避障检测路径段: 起点索引=0, 提取点数=200
[0m[ INFO] [1789878690.201764972]: local_x: -0.0041, local_y: 0.0030, gear: 2,  error_heading: 1.2059[0m
[2026-09-20 12:31:30] 还未完成转向!
[0m[ INFO] [1789878690.203325595]: 0 points is not droped, 6.1860, 1.0334, 1.1388, 2, 6.1853, 1.0384, 2.3447[0m
[2026-09-20 12:31:30] 控制路径段: 起点索引=0, 提取点数=1
[2026-09-20 12:31:30] 避障检测路径段: 起点索引=0, 提取点数=200
[0m[ INFO] [1789878690.301666921]: local_x: -0.0041, local_y: 0.0031, gear: 2,  error_heading: 1.2059[0m
[2026-09-20 12:31:30] 还未完成转向!
[0m[ INFO] [1789878690.303284729]: 0 points is not droped, 6.1860, 1.0334, 1.1388, 2, 6.1854, 1.0385, 2.3447[0m
[2026-09-20 12:31:30] 控制路径段: 起点索引=0, 提取点数=1
[2026-09-20 12:31:30] 避障检测路径段: 起点索引=0, 提取点数=200
[0m[ INFO] [1789878690.403866718]: local_x: -0.0044, local_y: 0.0029, gear: 2,  error_heading: 1.2059[0m
[2026-09-20 12:31:30] 还未完成转向!
[0m[ INFO] [1789878690.406118484]: 0 points is not droped, 6.1860, 1.0334, 1.1388, 2, 6.1851, 1.0386, 2.3447[0m
[2026-09-20 12:31:30] 控制路径段: 起点索引=0, 提取点数=1
[2026-09-20 12:31:30] 避障检测路径段: 起点索引=0, 提取点数=200
[0m[ INFO] [1789878690.501713831]: local_x: -0.0044, local_y: 0.0030, gear: 2,  error_heading: 1.2059[0m
[2026-09-20 12:31:30] 还未完成转向!
[0m[ INFO] [1789878690.503444792]: 0 points is not droped, 6.1860, 1.0334, 1.1388, 2, 6.1851, 1.0387, 2.3447[0m
[2026-09-20 12:31:30] 控制路径段: 起点索引=0, 提取点数=1
[2026-09-20 12:31:30] 避障检测路径段: 起点索引=0, 提取点数=200
[0m[ INFO] [1789878690.602597582]: local_x: -0.0048, local_y: 0.0033, gear: 2,  error_heading: 1.2059[0m
[2026-09-20 12:31:30] 还未完成转向!
[0m[ INFO] [1789878690.604468513]: 0 points is not droped, 6.1860, 1.0334, 1.1388, 2, 6.1850, 1.0392, 2.3447[0m
[2026-09-20 12:31:30] 控制路径段: 起点索引=0, 提取点数=1
[2026-09-20 12:31:30] 避障检测路径段: 起点索引=0, 提取点数=200
[0m[ INFO] [1789878690.703404981]: local_x: -0.0047, local_y: 0.0030, gear: 2,  error_heading: 1.2059[0m
[2026-09-20 12:31:30] 还未完成转向!
[0m[ INFO] [1789878690.704912356]: 0 points is not droped, 6.1860, 1.0334, 1.1388, 2, 6.1848, 1.0389, 2.3447[0m
[2026-09-20 12:31:30] 控制路径段: 起点索引=0, 提取点数=1
[2026-09-20 12:31:30] 避障检测路径段: 起点索引=0, 提取点数=200
[0m[ INFO] [1789878690.801764003]: local_x: -0.0048, local_y: 0.0030, gear: 2,  error_heading: 1.2059[0m
[2026-09-20 12:31:30] 还未完成转向!
[0m[ INFO] [1789878690.807234713]: 0 points is not droped, 6.1860, 1.0334, 1.1388, 2, 6.1848, 1.0389, 2.3447[0m
[2026-09-20 12:31:30] 控制路径段: 起点索引=0, 提取点数=1
[2026-09-20 12:31:30] 避障检测路径段: 起点索引=0, 提取点数=200
[0m[ INFO] [1789878690.901762465]: local_x: -0.0041, local_y: 0.0026, gear: 2,  error_heading: 1.2059[0m
[2026-09-20 12:31:30] 还未完成转向!
[0m[ INFO] [1789878690.903672500]: 0 points is not droped, 6.1860, 1.0334, 1.1388, 2, 6.1849, 1.0382, 2.3446[0m
[2026-09-20 12:31:30] 控制路径段: 起点索引=0, 提取点数=1
[2026-09-20 12:31:30] 避障检测路径段: 起点索引=0, 提取点数=200
[0m[ INFO] [1789878691.002369606]: local_x: -0.0041, local_y: 0.0025, gear: 2,  error_heading: 1.2059[0m
[2026-09-20 12:31:31] 还未完成转向!
[0m[ INFO] [1789878691.004263033]: 0 points is not droped, 6.1860, 1.0334, 1.1388, 2, 6.1849, 1.0382, 2.3446[0m
[2026-09-20 12:31:31] 控制路径段: 起点索引=0, 提取点数=1
[2026-09-20 12:31:31] 避障检测路径段: 起点索引=0, 提取点数=200
[0m[ INFO] [1789878691.101960832]: local_x: -0.0030, local_y: 0.0021, gear: 2,  error_heading: 1.2058[0m
[2026-09-20 12:31:31] 还未完成转向!
[0m[ INFO] [1789878691.103876403]: 0 points is not droped, 6.1860, 1.0334, 1.1388, 2, 6.1854, 1.0370, 2.3446[0m
[2026-09-20 12:31:31] 控制路径段: 起点索引=0, 提取点数=1
[2026-09-20 12:31:31] 避障检测路径段: 起点索引=0, 提取点数=200
[0m[ INFO] [1789878691.204220981]: local_x: -0.0030, local_y: 0.0021, gear: 2,  error_heading: 1.2059[0m
[2026-09-20 12:31:31] 还未完成转向!
[0m[ INFO] [1789878691.206843887]: 0 points is not droped, 6.1860, 1.0334, 1.1388, 2, 6.1854, 1.0370, 2.3446[0m
[2026-09-20 12:31:31] 控制路径段: 起点索引=0, 提取点数=1
[2026-09-20 12:31:31] 避障检测路径段: 起点索引=0, 提取点数=200
[0m[ INFO] [1789878691.301673307]: local_x: -0.0029, local_y: 0.0020, gear: 2,  error_heading: 1.2059[0m
[2026-09-20 12:31:31] 还未完成转向!
[0m[ INFO] [1789878691.304160275]: 0 points is not droped, 6.1860, 1.0334, 1.1388, 2, 6.1854, 1.0369, 2.3446[0m
[2026-09-20 12:31:31] 控制路径段: 起点索引=0, 提取点数=1
[2026-09-20 12:31:31] 避障检测路径段: 起点索引=0, 提取点数=200
[0m[ INFO] [1789878691.403530636]: local_x: -0.0027, local_y: 0.0017, gear: 2,  error_heading: 1.2059[0m
[2026-09-20 12:31:31] 还未完成转向!
[0m[ INFO] [1789878691.405067131]: 0 points is not droped, 6.1860, 1.0334, 1.1388, 2, 6.1853, 1.0365, 2.3446[0m
[2026-09-20 12:31:31] 控制路径段: 起点索引=0, 提取点数=1
[2026-09-20 12:31:31] 避障检测路径段: 起点索引=0, 提取点数=200
[0m[ INFO] [1789878691.501718776]: local_x: -0.0026, local_y: 0.0017, gear: 2,  error_heading: 1.2059[0m
[2026-09-20 12:31:31] 还未完成转向!
[0m[ INFO] [1789878691.506061667]: 0 points is not droped, 6.1860, 1.0334, 1.1388, 2, 6.1854, 1.0364, 2.3446[0m
[2026-09-20 12:31:31] 控制路径段: 起点索引=0, 提取点数=1
[2026-09-20 12:31:31] 避障检测路径段: 起点索引=0, 提取点数=200
[0m[ INFO] [1789878691.601719415]: local_x: -0.0019, local_y: 0.0015, gear: 2,  error_heading: 1.2059[0m
[2026-09-20 12:31:31] 还未完成转向!
[0m[ INFO] [1789878691.603314983]: 0 points is not droped, 6.1860, 1.0334, 1.1388, 2, 6.1857, 1.0358, 2.3446[0m
[2026-09-20 12:31:31] 控制路径段: 起点索引=0, 提取点数=1
[2026-09-20 12:31:31] 避障检测路径段: 起点索引=0, 提取点数=200
[0m[ INFO] [1789878691.705635100]: local_x: -0.0018, local_y: 0.0014, gear: 2,  error_heading: 1.2059[0m
[2026-09-20 12:31:31] 还未完成转向!
[0m[ INFO] [1789878691.707191212]: 0 points is not droped, 6.1860, 1.0334, 1.1388, 2, 6.1857, 1.0357, 2.3446[0m
[2026-09-20 12:31:31] 控制路径段: 起点索引=0, 提取点数=1
[2026-09-20 12:31:31] 避障检测路径段: 起点索引=0, 提取点数=200
[0m[ INFO] [1789878691.801684649]: local_x: -0.0017, local_y: 0.0022, gear: 2,  error_heading: 1.2059[0m
[2026-09-20 12:31:31] 还未完成转向!
[0m[ INFO] [1789878691.803956351]: 0 points is not droped, 6.1860, 1.0334, 1.1388, 2, 6.1864, 1.0362, 2.3446[0m
[2026-09-20 12:31:31] 控制路径段: 起点索引=0, 提取点数=1
[2026-09-20 12:31:31] 避障检测路径段: 起点索引=0, 提取点数=200
[0m[ INFO] [1789878691.901942300]: local_x: -0.0017, local_y: 0.0022, gear: 2,  error_heading: 1.2059[0m
[2026-09-20 12:31:31] 还未完成转向!
[0m[ INFO] [1789878691.903711374]: 0 points is not droped, 6.1860, 1.0334, 1.1388, 2, 6.1864, 1.0362, 2.3446[0m
[2026-09-20 12:31:31] 控制路径段: 起点索引=0, 提取点数=1
[2026-09-20 12:31:31] 避障检测路径段: 起点索引=0, 提取点数=200
[0m[ INFO] [1789878692.001690955]: local_x: -0.0016, local_y: 0.0020, gear: 2,  error_heading: 1.2059[0m
[2026-09-20 12:31:32] 还未完成转向!
[0m[ INFO] [1789878692.003260538]: 0 points is not droped, 6.1860, 1.0334, 1.1388, 2, 6.1863, 1.0360, 2.3446[0m
[2026-09-20 12:31:32] 控制路径段: 起点索引=0, 提取点数=1
[2026-09-20 12:31:32] 避障检测路径段: 起点索引=0, 提取点数=200
[0m[ INFO] [1789878692.101991135]: local_x: -0.0016, local_y: 0.0020, gear: 2,  error_heading: 1.2059[0m
[2026-09-20 12:31:32] 还未完成转向!
[0m[ INFO] [1789878692.106367722]: 0 points is not droped, 6.1860, 1.0334, 1.1388, 2, 6.1863, 1.0360, 2.3446[0m
[2026-09-20 12:31:32] 控制路径段: 起点索引=0, 提取点数=1
[2026-09-20 12:31:32] 避障检测路径段: 起点索引=0, 提取点数=200
[0m[ INFO] [1789878692.202037040]: local_x: -0.0015, local_y: 0.0027, gear: 2,  error_heading: 1.2059[0m
[2026-09-20 12:31:32] 还未完成转向!
[0m[ INFO] [1789878692.204704843]: 0 points is not droped, 6.1860, 1.0334, 1.1388, 2, 6.1868, 1.0364, 2.3446[0m
[2026-09-20 12:31:32] 控制路径段: 起点索引=0, 提取点数=1
[2026-09-20 12:31:32] 避障检测路径段: 起点索引=0, 提取点数=200
[0m[ INFO] [1789878692.303079852]: local_x: -0.0020, local_y: 0.0045, gear: 2,  error_heading: 1.2067[0m
[2026-09-20 12:31:32] 还未完成转向!
[0m[ INFO] [1789878692.304554554]: 0 points is not droped, 6.1860, 1.0334, 1.1388, 2, 6.1878, 1.0380, 2.3455[0m
[2026-09-20 12:31:32] 控制路径段: 起点索引=0, 提取点数=1
[2026-09-20 12:31:32] 避障检测路径段: 起点索引=0, 提取点数=200
[0m[ INFO] [1789878692.403079965]: local_x: -0.0018, local_y: 0.0031, gear: 2,  error_heading: 1.2059[0m
[2026-09-20 12:31:32] 还未完成转向!
[0m[ INFO] [1789878692.404631596]: 0 points is not droped, 6.1860, 1.0334, 1.1388, 2, 6.1870, 1.0369, 2.3447[0m
[2026-09-20 12:31:32] 控制路径段: 起点索引=0, 提取点数=1
[2026-09-20 12:31:32] 避障检测路径段: 起点索引=0, 提取点数=200
[0m[ INFO] [1789878692.501763873]: local_x: -0.0018, local_y: 0.0032, gear: 2,  error_heading: 1.2059[0m
[2026-09-20 12:31:32] 还未完成转向!
[0m[ INFO] [1789878692.511745794]: 0 points is not droped, 6.1860, 1.0334, 1.1388, 2, 6.1870, 1.0369, 2.3447[0m
[2026-09-20 12:31:32] 控制路径段: 起点索引=0, 提取点数=1
[2026-09-20 12:31:32] 避障检测路径段: 起点索引=0, 提取点数=200
[0m[ INFO] [1789878692.602177974]: local_x: -0.0014, local_y: 0.0030, gear: 2,  error_heading: 1.2059[0m
[2026-09-20 12:31:32] 还未完成转向!
[0m[ INFO] [1789878692.605150771]: 0 points is not droped, 6.1860, 1.0334, 1.1388, 2, 6.1872, 1.0366, 2.3447[0m
[2026-09-20 12:31:32] 控制路径段: 起点索引=0, 提取点数=1
[2026-09-20 12:31:32] 避障检测路径段: 起点索引=0, 提取点数=200
[0m[ INFO] [1789878692.701712674]: local_x: -0.0015, local_y: 0.0030, gear: 2,  error_heading: 1.2059[0m
[2026-09-20 12:31:32] 还未完成转向!
[0m[ INFO] [1789878692.703356082]: 0 points is not droped, 6.1860, 1.0334, 1.1388, 2, 6.1871, 1.0366, 2.3447[0m
[2026-09-20 12:31:32] 控制路径段: 起点索引=0, 提取点数=1
[2026-09-20 12:31:32] 避障检测路径段: 起点索引=0, 提取点数=200
[0m[ INFO] [1789878692.802296665]: local_x: -0.0014, local_y: 0.0025, gear: 2,  error_heading: 1.2059[0m
[2026-09-20 12:31:32] 还未完成转向!
[0m[ INFO] [1789878692.809709410]: 0 points is not droped, 6.1860, 1.0334, 1.1388, 2, 6.1868, 1.0362, 2.3447[0m
[2026-09-20 12:31:32] 控制路径段: 起点索引=0, 提取点数=1
[2026-09-20 12:31:32] 避障检测路径段: 起点索引=0, 提取点数=200
[0m[ INFO] [1789878692.901692420]: local_x: -0.0014, local_y: 0.0024, gear: 2,  error_heading: 1.2059[0m
[2026-09-20 12:31:32] 还未完成转向!
[0m[ INFO] [1789878692.903508214]: 0 points is not droped, 6.1860, 1.0334, 1.1388, 2, 6.1867, 1.0362, 2.3447[0m
[2026-09-20 12:31:32] 控制路径段: 起点索引=0, 提取点数=1
[2026-09-20 12:31:32] 避障检测路径段: 起点索引=0, 提取点数=200
[0m[ INFO] [1789878693.001696917]: local_x: -0.0017, local_y: 0.0024, gear: 2,  error_heading: 1.2059[0m
[2026-09-20 12:31:33] 还未完成转向!
[0m[ INFO] [1789878693.003029346]: 0 points is not droped, 6.1860, 1.0334, 1.1388, 2, 6.1865, 1.0363, 2.3447[0m
[2026-09-20 12:31:33] 控制路径段: 起点索引=0, 提取点数=1
[2026-09-20 12:31:33] 避障检测路径段: 起点索引=0, 提取点数=200
[0m[ INFO] [1789878693.101666438]: local_x: -0.0017, local_y: 0.0024, gear: 2,  error_heading: 1.2059[0m
[2026-09-20 12:31:33] 还未完成转向!
[0m[ INFO] [1789878693.103183669]: 0 points is not droped, 6.1860, 1.0334, 1.1388, 2, 6.1865, 1.0363, 2.3447[0m
[2026-09-20 12:31:33] 控制路径段: 起点索引=0, 提取点数=1
[2026-09-20 12:31:33] 避障检测路径段: 起点索引=0, 提取点数=200
[0m[ INFO] [1789878693.201998778]: local_x: -0.0018, local_y: 0.0020, gear: 2,  error_heading: 1.2059[0m
[2026-09-20 12:31:33] 还未完成转向!
[0m[ INFO] [1789878693.203936525]: 0 points is not droped, 6.1860, 1.0334, 1.1388, 2, 6.1862, 1.0361, 2.3447[0m
[2026-09-20 12:31:33] 控制路径段: 起点索引=0, 提取点数=1
[2026-09-20 12:31:33] 避障检测路径段: 起点索引=0, 提取点数=200
[0m[ INFO] [1789878693.303051542]: local_x: -0.0073, local_y: -0.0020, gear: 2,  error_heading: 1.2048[0m
[2026-09-20 12:31:33] 还未完成转向!
[0m[ INFO] [1789878693.305020009]: 0 points is not droped, 6.1860, 1.0334, 1.1388, 2, 6.1794, 1.0373, 2.3436[0m
[2026-09-20 12:31:33] 控制路径段: 起点索引=0, 提取点数=1
[2026-09-20 12:31:33] 避障检测路径段: 起点索引=0, 提取点数=200
[0m[ INFO] [1789878693.401716346]: local_x: -0.0019, local_y: 0.0020, gear: 2,  error_heading: 1.2059[0m
[2026-09-20 12:31:33] 还未完成转向!
[0m[ INFO] [1789878693.403458539]: 0 points is not droped, 6.1860, 1.0334, 1.1388, 2, 6.1860, 1.0362, 2.3447[0m
[2026-09-20 12:31:33] 控制路径段: 起点索引=0, 提取点数=1
[2026-09-20 12:31:33] 避障检测路径段: 起点索引=0, 提取点数=200
[0m[ INFO] [1789878693.501742539]: local_x: -0.0019, local_y: 0.0020, gear: 2,  error_heading: 1.2059[0m
[2026-09-20 12:31:33] 还未完成转向!
[0m[ INFO] [1789878693.504306404]: 0 points is not droped, 6.1860, 1.0334, 1.1388, 2, 6.1860, 1.0362, 2.3447[0m
[2026-09-20 12:31:33] 控制路径段: 起点索引=0, 提取点数=1
[2026-09-20 12:31:33] 避障检测路径段: 起点索引=0, 提取点数=200
[0m[ INFO] [1789878693.602699461]: local_x: -0.0016, local_y: 0.0016, gear: 2,  error_heading: 1.2059[0m
[2026-09-20 12:31:33] 还未完成转向!
[0m[ INFO] [1789878693.604275221]: 0 points is not droped, 6.1860, 1.0334, 1.1388, 2, 6.1860, 1.0357, 2.3447[0m
[2026-09-20 12:31:33] 控制路径段: 起点索引=0, 提取点数=1
[2026-09-20 12:31:33] 避障检测路径段: 起点索引=0, 提取点数=200
[0m[ INFO] [1789878693.702107376]: local_x: -0.0020, local_y: 0.0021, gear: 2,  error_heading: 1.2059[0m
[2026-09-20 12:31:33] 还未完成转向!
[0m[ INFO] [1789878693.705447089]: 0 points is not droped, 6.1860, 1.0334, 1.1388, 2, 6.1861, 1.0363, 2.3447[0m
[2026-09-20 12:31:33] 控制路径段: 起点索引=0, 提取点数=1
[2026-09-20 12:31:33] 避障检测路径段: 起点索引=0, 提取点数=200
[0m[ INFO] [1789878693.802161890]: local_x: -0.0020, local_y: 0.0021, gear: 2,  error_heading: 1.2059[0m
[2026-09-20 12:31:33] 还未完成转向!
[0m[ INFO] [1789878693.804059349]: 0 points is not droped, 6.1860, 1.0334, 1.1388, 2, 6.1861, 1.0363, 2.3447[0m
[2026-09-20 12:31:33] 控制路径段: 起点索引=0, 提取点数=1
[2026-09-20 12:31:33] 避障检测路径段: 起点索引=0, 提取点数=200
[0m[ INFO] [1789878693.901686702]: local_x: -0.0020, local_y: 0.0021, gear: 2,  error_heading: 1.2059[0m
[2026-09-20 12:31:33] 还未完成转向!
[0m[ INFO] [1789878693.903638913]: 0 points is not droped, 6.1860, 1.0334, 1.1388, 2, 6.1861, 1.0363, 2.3447[0m
[2026-09-20 12:31:33] 控制路径段: 起点索引=0, 提取点数=1
[2026-09-20 12:31:33] 避障检测路径段: 起点索引=0, 提取点数=200
[0m[ INFO] [1789878694.001739296]: local_x: -0.0019, local_y: 0.0023, gear: 2,  error_heading: 1.2059[0m
[2026-09-20 12:31:34] 还未完成转向!
[0m[ INFO] [1789878694.003414064]: 0 points is not droped, 6.1860, 1.0334, 1.1388, 2, 6.1863, 1.0364, 2.3447[0m
[2026-09-20 12:31:34] 控制路径段: 起点索引=0, 提取点数=1
[2026-09-20 12:31:34] 避障检测路径段: 起点索引=0, 提取点数=200
[0m[ INFO] [1789878694.101688496]: local_x: -0.0019, local_y: 0.0023, gear: 2,  error_heading: 1.2059[0m
[2026-09-20 12:31:34] 还未完成转向!
[0m[ INFO] [1789878694.103349313]: 0 points is not droped, 6.1860, 1.0334, 1.1388, 2, 6.1863, 1.0364, 2.3447[0m
[2026-09-20 12:31:34] 控制路径段: 起点索引=0, 提取点数=1
[2026-09-20 12:31:34] 避障检测路径段: 起点索引=0, 提取点数=200
[0m[ INFO] [1789878694.201721634]: local_x: -0.0019, local_y: 0.0024, gear: 2,  error_heading: 1.2059[0m
[2026-09-20 12:31:34] 还未完成转向!
[0m[ INFO] [1789878694.203871831]: 0 points is not droped, 6.1860, 1.0334, 1.1388, 2, 6.1864, 1.0365, 2.3447[0m
[2026-09-20 12:31:34] 控制路径段: 起点索引=0, 提取点数=1
[2026-09-20 12:31:34] 避障检测路径段: 起点索引=0, 提取点数=200
[0m[ INFO] [1789878694.301945365]: local_x: -0.0011, local_y: 0.0014, gear: 2,  error_heading: 1.2055[0m
[2026-09-20 12:31:34] 还未完成转向!
[0m[ INFO] [1789878694.304194923]: 0 points is not droped, 6.1860, 1.0334, 1.1388, 2, 6.1862, 1.0352, 2.3443[0m
[2026-09-20 12:31:34] 控制路径段: 起点索引=0, 提取点数=1
[2026-09-20 12:31:34] 避障检测路径段: 起点索引=0, 提取点数=200
[0m[ INFO] [1789878694.401717956]: local_x: -0.0023, local_y: 0.0022, gear: 2,  error_heading: 1.2059[0m
[2026-09-20 12:31:34] 还未完成转向!
[0m[ INFO] [1789878694.405837388]: 0 points is not droped, 6.1860, 1.0334, 1.1388, 2, 6.1859, 1.0366, 2.3447[0m
[2026-09-20 12:31:34] 控制路径段: 起点索引=0, 提取点数=1
[2026-09-20 12:31:34] 避障检测路径段: 起点索引=0, 提取点数=200
[0m[ INFO] [1789878694.501824086]: local_x: -0.0024, local_y: 0.0022, gear: 2,  error_heading: 1.2059[0m
[2026-09-20 12:31:34] 还未完成转向!
[0m[ INFO] [1789878694.504502864]: 0 points is not droped, 6.1860, 1.0334, 1.1388, 2, 6.1859, 1.0367, 2.3447[0m
[2026-09-20 12:31:34] 控制路径段: 起点索引=0, 提取点数=1
[2026-09-20 12:31:34] 避障检测路径段: 起点索引=0, 提取点数=200
[0m[ INFO] [1789878694.601752646]: local_x: -0.0024, local_y: 0.0021, gear: 2,  error_heading: 1.2059[0m
[2026-09-20 12:31:34] 还未完成转向!
[0m[ INFO] [1789878694.605426794]: 0 points is not droped, 6.1860, 1.0334, 1.1388, 2, 6.1858, 1.0366, 2.3447[0m
[2026-09-20 12:31:34] 控制路径段: 起点索引=0, 提取点数=1
[2026-09-20 12:31:34] 避障检测路径段: 起点索引=0, 提取点数=200
[0m[ INFO] [1789878694.701812792]: local_x: -0.0025, local_y: 0.0021, gear: 2,  error_heading: 1.2059[0m
[2026-09-20 12:31:34] 还未完成转向!
[0m[ INFO] [1789878694.703589769]: 0 points is not droped, 6.1860, 1.0334, 1.1388, 2, 6.1857, 1.0367, 2.3447[0m
[2026-09-20 12:31:34] 控制路径段: 起点索引=0, 提取点数=1
[2026-09-20 12:31:34] 避障检测路径段: 起点索引=0, 提取点数=200
[0m[ INFO] [1789878694.802816467]: local_x: -0.0020, local_y: 0.0019, gear: 2,  error_heading: 1.2059[0m
[2026-09-20 12:31:34] 还未完成转向!
[0m[ INFO] [1789878694.809786839]: 0 points is not droped, 6.1860, 1.0334, 1.1388, 2, 6.1859, 1.0361, 2.3447[0m
[2026-09-20 12:31:34] 控制路径段: 起点索引=0, 提取点数=1
[2026-09-20 12:31:34] 避障检测路径段: 起点索引=0, 提取点数=200
[0m[ INFO] [1789878694.901694393]: local_x: -0.0017, local_y: 0.0017, gear: 2,  error_heading: 1.2059[0m
[2026-09-20 12:31:34] 还未完成转向!
[0m[ INFO] [1789878694.903369801]: 0 points is not droped, 6.1860, 1.0334, 1.1388, 2, 6.1860, 1.0358, 2.3447[0m
[2026-09-20 12:31:34] 控制路径段: 起点索引=0, 提取点数=1
[2026-09-20 12:31:34] 避障检测路径段: 起点索引=0, 提取点数=200
[0m[ INFO] [1789878695.001754986]: local_x: -0.0017, local_y: 0.0017, gear: 2,  error_heading: 1.2059[0m
[2026-09-20 12:31:35] 还未完成转向!
[0m[ INFO] [1789878695.010534144]: 0 points is not droped, 6.1860, 1.0334, 1.1388, 2, 6.1860, 1.0358, 2.3447[0m
[2026-09-20 12:31:35] 控制路径段: 起点索引=0, 提取点数=1
[2026-09-20 12:31:35] 避障检测路径段: 起点索引=0, 提取点数=200
[0m[ INFO] [1789878695.101678075]: local_x: -0.0013, local_y: 0.0016, gear: 2,  error_heading: 1.2059[0m
[2026-09-20 12:31:35] 还未完成转向!
[0m[ INFO] [1789878695.103930353]: 0 points is not droped, 6.1860, 1.0334, 1.1388, 2, 6.1863, 1.0355, 2.3447[0m
[2026-09-20 12:31:35] 控制路径段: 起点索引=0, 提取点数=1
[2026-09-20 12:31:35] 避障检测路径段: 起点索引=0, 提取点数=200
[0m[ INFO] [1789878695.201744044]: local_x: -0.0012, local_y: 0.0016, gear: 2,  error_heading: 1.2059[0m
[2026-09-20 12:31:35] 还未完成转向!
[0m[ INFO] [1789878695.203483581]: 0 points is not droped, 6.1860, 1.0334, 1.1388, 2, 6.1863, 1.0354, 2.3447[0m
[2026-09-20 12:31:35] 控制路径段: 起点索引=0, 提取点数=1
[2026-09-20 12:31:35] 避障检测路径段: 起点索引=0, 提取点数=200
[0m[ INFO] [1789878695.301726397]: local_x: 0.0013, local_y: -0.0017, gear: 2,  error_heading: 1.2054[0m
[2026-09-20 12:31:35] 还未完成转向!
[0m[ INFO] [1789878695.304114900]: 0 points is not droped, 6.1860, 1.0334, 1.1388, 2, 6.1857, 1.0313, 2.3442[0m
[2026-09-20 12:31:35] 控制路径段: 起点索引=0, 提取点数=1
[2026-09-20 12:31:35] 避障检测路径段: 起点索引=0, 提取点数=200
[0m[ INFO] [1789878695.403989444]: local_x: -0.0016, local_y: 0.0016, gear: 2,  error_heading: 1.2059[0m
[2026-09-20 12:31:35] 还未完成转向!
[0m[ INFO] [1789878695.411557710]: 0 points is not droped, 6.1860, 1.0334, 1.1388, 2, 6.1860, 1.0357, 2.3447[0m
[2026-09-20 12:31:35] 控制路径段: 起点索引=0, 提取点数=1
[2026-09-20 12:31:35] 避障检测路径段: 起点索引=0, 提取点数=200
[0m[ INFO] [1789878695.501765888]: local_x: -0.0016, local_y: 0.0018, gear: 2,  error_heading: 1.2059[0m
[2026-09-20 12:31:35] 还未完成转向!
[0m[ INFO] [1789878695.503054285]: 0 points is not droped, 6.1860, 1.0334, 1.1388, 2, 6.1861, 1.0358, 2.3447[0m
[2026-09-20 12:31:35] 控制路径段: 起点索引=0, 提取点数=1
[2026-09-20 12:31:35] 避障检测路径段: 起点索引=0, 提取点数=200
[0m[ INFO] [1789878695.603344143]: local_x: -0.0016, local_y: 0.0018, gear: 2,  error_heading: 1.2059[0m
[2026-09-20 12:31:35] 还未完成转向!
[0m[ INFO] [1789878695.605028896]: 0 points is not droped, 6.1860, 1.0334, 1.1388, 2, 6.1861, 1.0358, 2.3447[0m
[2026-09-20 12:31:35] 控制路径段: 起点索引=0, 提取点数=1
[2026-09-20 12:31:35] 避障检测路径段: 起点索引=0, 提取点数=200
[0m[ INFO] [1789878695.702275172]: local_x: -0.0012, local_y: 0.0022, gear: 2,  error_heading: 1.2059[0m
[2026-09-20 12:31:35] 还未完成转向!
[0m[ INFO] [1789878695.704230999]: 0 points is not droped, 6.1860, 1.0334, 1.1388, 2, 6.1868, 1.0358, 2.3447[0m
[2026-09-20 12:31:35] 控制路径段: 起点索引=0, 提取点数=1
[2026-09-20 12:31:35] 避障检测路径段: 起点索引=0, 提取点数=200
[0m[ INFO] [1789878695.801715865]: local_x: -0.0012, local_y: 0.0023, gear: 2,  error_heading: 1.2059[0m
[2026-09-20 12:31:35] 还未完成转向!
[0m[ INFO] [1789878695.803389706]: 0 points is not droped, 6.1860, 1.0334, 1.1388, 2, 6.1868, 1.0359, 2.3447[0m
[2026-09-20 12:31:35] 控制路径段: 起点索引=0, 提取点数=1
[2026-09-20 12:31:35] 避障检测路径段: 起点索引=0, 提取点数=200
[0m[ INFO] [1789878695.901694803]: local_x: -0.0013, local_y: 0.0027, gear: 2,  error_heading: 1.2059[0m
[2026-09-20 12:31:35] 还未完成转向!
[0m[ INFO] [1789878695.903189986]: 0 points is not droped, 6.1860, 1.0334, 1.1388, 2, 6.1870, 1.0362, 2.3447[0m
[2026-09-20 12:31:35] 控制路径段: 起点索引=0, 提取点数=1
[2026-09-20 12:31:35] 避障检测路径段: 起点索引=0, 提取点数=200
[0m[ INFO] [1789878696.002089456]: local_x: -0.0013, local_y: 0.0027, gear: 2,  error_heading: 1.2059[0m
[2026-09-20 12:31:36] 还未完成转向!
[0m[ INFO] [1789878696.008831763]: 0 points is not droped, 6.1860, 1.0334, 1.1388, 2, 6.1870, 1.0362, 2.3447[0m
[2026-09-20 12:31:36] 控制路径段: 起点索引=0, 提取点数=1
[2026-09-20 12:31:36] 避障检测路径段: 起点索引=0, 提取点数=200
[0m[ INFO] [1789878696.101724166]: local_x: -0.0013, local_y: 0.0028, gear: 2,  error_heading: 1.2059[0m
[2026-09-20 12:31:36] 还未完成转向!
[0m[ INFO] [1789878696.103641497]: 0 points is not droped, 6.1860, 1.0334, 1.1388, 2, 6.1871, 1.0363, 2.3447[0m
[2026-09-20 12:31:36] 控制路径段: 起点索引=0, 提取点数=1
[2026-09-20 12:31:36] 避障检测路径段: 起点索引=0, 提取点数=200
[0m[ INFO] [1789878696.201673376]: local_x: -0.0009, local_y: 0.0032, gear: 2,  error_heading: 1.2059[0m
[2026-09-20 12:31:36] 还未完成转向!
[0m[ INFO] [1789878696.202991213]: 0 points is not droped, 6.1860, 1.0334, 1.1388, 2, 6.1876, 1.0363, 2.3447[0m
[2026-09-20 12:31:36] 控制路径段: 起点索引=0, 提取点数=1
[2026-09-20 12:31:36] 避障检测路径段: 起点索引=0, 提取点数=200
[0m[ INFO] [1789878696.301661689]: local_x: -0.0010, local_y: 0.0032, gear: 2,  error_heading: 1.2059[0m
[2026-09-20 12:31:36] 还未完成转向!
[0m[ INFO] [1789878696.303453259]: 0 points is not droped, 6.1860, 1.0334, 1.1388, 2, 6.1876, 1.0364, 2.3447[0m
[2026-09-20 12:31:36] 控制路径段: 起点索引=0, 提取点数=1
[2026-09-20 12:31:36] 避障检测路径段: 起点索引=0, 提取点数=200
[0m[ INFO] [1789878696.401694035]: local_x: -0.0006, local_y: 0.0035, gear: 2,  error_heading: 1.2059[0m
[2026-09-20 12:31:36] 还未完成转向!
[0m[ INFO] [1789878696.403446148]: 0 points is not droped, 6.1860, 1.0334, 1.1388, 2, 6.1881, 1.0363, 2.3447[0m
[2026-09-20 12:31:36] 控制路径段: 起点索引=0, 提取点数=1
[2026-09-20 12:31:36] 避障检测路径段: 起点索引=0, 提取点数=200
[0m[ INFO] [1789878696.501704269]: local_x: -0.0006, local_y: 0.0036, gear: 2,  error_heading: 1.2059[0m
[2026-09-20 12:31:36] 还未完成转向!
[0m[ INFO] [1789878696.503453374]: 0 points is not droped, 6.1860, 1.0334, 1.1388, 2, 6.1881, 1.0364, 2.3447[0m
[2026-09-20 12:31:36] 控制路径段: 起点索引=0, 提取点数=1
[2026-09-20 12:31:36] 避障检测路径段: 起点索引=0, 提取点数=200
[0m[ INFO] [1789878696.601796968]: local_x: -0.0003, local_y: 0.0039, gear: 2,  error_heading: 1.2059[0m
[2026-09-20 12:31:36] 还未完成转向!
[0m[ INFO] [1789878696.603552153]: 0 points is not droped, 6.1860, 1.0334, 1.1388, 2, 6.1886, 1.0364, 2.3447[0m
[2026-09-20 12:31:36] 控制路径段: 起点索引=0, 提取点数=1
[2026-09-20 12:31:36] 避障检测路径段: 起点索引=0, 提取点数=200
[0m[ INFO] [1789878696.701716417]: local_x: -0.0004, local_y: 0.0040, gear: 2,  error_heading: 1.2059[0m
[2026-09-20 12:31:36] 还未完成转向!
[0m[ INFO] [1789878696.703363217]: 0 points is not droped, 6.1860, 1.0334, 1.1388, 2, 6.1886, 1.0365, 2.3447[0m
[2026-09-20 12:31:36] 控制路径段: 起点索引=0, 提取点数=1
[2026-09-20 12:31:36] 避障检测路径段: 起点索引=0, 提取点数=200
[0m[ INFO] [1789878696.801698042]: local_x: -0.0002, local_y: 0.0044, gear: 2,  error_heading: 1.2059[0m
[2026-09-20 12:31:36] 还未完成转向!
[0m[ INFO] [1789878696.803418027]: 0 points is not droped, 6.1860, 1.0334, 1.1388, 2, 6.1890, 1.0366, 2.3447[0m
[2026-09-20 12:31:36] 控制路径段: 起点索引=0, 提取点数=1
[2026-09-20 12:31:36] 避障检测路径段: 起点索引=0, 提取点数=200
[0m[ INFO] [1789878696.901651539]: local_x: -0.0002, local_y: 0.0044, gear: 2,  error_heading: 1.2059[0m
[2026-09-20 12:31:36] 还未完成转向!
[0m[ INFO] [1789878696.903313284]: 0 points is not droped, 6.1860, 1.0334, 1.1388, 2, 6.1890, 1.0366, 2.3447[0m
[2026-09-20 12:31:36] 控制路径段: 起点索引=0, 提取点数=1
[2026-09-20 12:31:36] 避障检测路径段: 起点索引=0, 提取点数=200
[0m[ INFO] [1789878697.001727502]: local_x: 0.0007, local_y: 0.0046, gear: 2,  error_heading: 1.2059[0m
[2026-09-20 12:31:37] 还未完成转向!
[0m[ INFO] [1789878697.003546368]: 0 points is not droped, 6.1860, 1.0334, 1.1388, 2, 6.1897, 1.0361, 2.3447[0m
[2026-09-20 12:31:37] 控制路径段: 起点索引=0, 提取点数=1
[2026-09-20 12:31:37] 避障检测路径段: 起点索引=0, 提取点数=200
[0m[ INFO] [1789878697.101647655]: local_x: 0.0022, local_y: 0.0044, gear: 2,  error_heading: 1.2059[0m
[2026-09-20 12:31:37] 还未完成转向!
[0m[ INFO] [1789878697.102934515]: 0 points is not droped, 6.1860, 1.0334, 1.1388, 2, 6.1906, 1.0350, 2.3447[0m
[2026-09-20 12:31:37] 控制路径段: 起点索引=0, 提取点数=1
[2026-09-20 12:31:37] 避障检测路径段: 起点索引=0, 提取点数=200
[0m[ INFO] [1789878697.201722817]: local_x: -0.0032, local_y: -0.0029, gear: 2,  error_heading: 1.2053[0m
[2026-09-20 12:31:37] 还未完成转向!
[0m[ INFO] [1789878697.203183471]: 0 points is not droped, 6.1860, 1.0334, 1.1388, 2, 6.1817, 1.0336, 2.3441[0m
[2026-09-20 12:31:37] 控制路径段: 起点索引=0, 提取点数=1
[2026-09-20 12:31:37] 避障检测路径段: 起点索引=0, 提取点数=200
[0m[ INFO] [1789878697.301695130]: local_x: 0.0022, local_y: 0.0044, gear: 2,  error_heading: 1.2059[0m
[2026-09-20 12:31:37] 还未完成转向!
[0m[ INFO] [1789878697.303165577]: 0 points is not droped, 6.1860, 1.0334, 1.1388, 2, 6.1907, 1.0349, 2.3447[0m
[2026-09-20 12:31:37] 控制路径段: 起点索引=0, 提取点数=1
[2026-09-20 12:31:37] 避障检测路径段: 起点索引=0, 提取点数=200
[0m[ INFO] [1789878697.401657812]: local_x: 0.0023, local_y: 0.0046, gear: 2,  error_heading: 1.2059[0m
[2026-09-20 12:31:37] 还未完成转向!
[0m[ INFO] [1789878697.403060034]: 0 points is not droped, 6.1860, 1.0334, 1.1388, 2, 6.1909, 1.0349, 2.3447[0m
[2026-09-20 12:31:37] 控制路径段: 起点索引=0, 提取点数=1
[2026-09-20 12:31:37] 避障检测路径段: 起点索引=0, 提取点数=200
[0m[ INFO] [1789878697.501680622]: local_x: 0.0024, local_y: 0.0045, gear: 2,  error_heading: 1.2059[0m
[2026-09-20 12:31:37] 还未完成转向!
[0m[ INFO] [1789878697.503485919]: 0 points is not droped, 6.1860, 1.0334, 1.1388, 2, 6.1909, 1.0349, 2.3447[0m
[2026-09-20 12:31:37] 控制路径段: 起点索引=0, 提取点数=1
[2026-09-20 12:31:37] 避障检测路径段: 起点索引=0, 提取点数=200
[0m[ INFO] [1789878697.601682919]: local_x: 0.0027, local_y: 0.0037, gear: 2,  error_heading: 1.2059[0m
[2026-09-20 12:31:37] 还未完成转向!
[0m[ INFO] [1789878697.603307191]: 0 points is not droped, 6.1860, 1.0334, 1.1388, 2, 6.1905, 1.0341, 2.3447[0m
[2026-09-20 12:31:37] 控制路径段: 起点索引=0, 提取点数=1
[2026-09-20 12:31:37] 避障检测路径段: 起点索引=0, 提取点数=200
[0m[ INFO] [1789878697.701710817]: local_x: 0.0027, local_y: 0.0036, gear: 2,  error_heading: 1.2059[0m
[2026-09-20 12:31:37] 还未完成转向!
[0m[ INFO] [1789878697.703312177]: 0 points is not droped, 6.1860, 1.0334, 1.1388, 2, 6.1904, 1.0340, 2.3447[0m
[2026-09-20 12:31:37] 控制路径段: 起点索引=0, 提取点数=1
[2026-09-20 12:31:37] 避障检测路径段: 起点索引=0, 提取点数=200
[0m[ INFO] [1789878697.801715099]: local_x: 0.0017, local_y: 0.0033, gear: 2,  error_heading: 1.2059[0m
[2026-09-20 12:31:37] 还未完成转向!
[0m[ INFO] [1789878697.803641070]: 0 points is not droped, 6.1860, 1.0334, 1.1388, 2, 6.1895, 1.0345, 2.3447[0m
[2026-09-20 12:31:37] 控制路径段: 起点索引=0, 提取点数=1
[2026-09-20 12:31:37] 避障检测路径段: 起点索引=0, 提取点数=200
[0m[ INFO] [1789878697.901864694]: local_x: 0.0016, local_y: 0.0032, gear: 2,  error_heading: 1.2059[0m
[2026-09-20 12:31:37] 还未完成转向!
[0m[ INFO] [1789878697.903502662]: 0 points is not droped, 6.1860, 1.0334, 1.1388, 2, 6.1894, 1.0345, 2.3447[0m
[2026-09-20 12:31:37] 控制路径段: 起点索引=0, 提取点数=1
[2026-09-20 12:31:37] 避障检测路径段: 起点索引=0, 提取点数=200
[0m[ INFO] [1789878698.001697294]: local_x: 0.0010, local_y: 0.0012, gear: 2,  error_heading: 1.2059[0m
[2026-09-20 12:31:38] 还未完成转向!
[0m[ INFO] [1789878698.003278686]: 0 points is not droped, 6.1860, 1.0334, 1.1388, 2, 6.1875, 1.0336, 2.3447[0m
[2026-09-20 12:31:38] 控制路径段: 起点索引=0, 提取点数=1
[2026-09-20 12:31:38] 避障检测路径段: 起点索引=0, 提取点数=200
[0m[ INFO] [1789878698.102089260]: local_x: 0.0009, local_y: 0.0010, gear: 2,  error_heading: 1.2059[0m
[2026-09-20 12:31:38] 还未完成转向!
[0m[ INFO] [1789878698.112424434]: 0 points is not droped, 6.1860, 1.0334, 1.1388, 2, 6.1873, 1.0335, 2.3447[0m
[2026-09-20 12:31:38] 控制路径段: 起点索引=0, 提取点数=1
[2026-09-20 12:31:38] 避障检测路径段: 起点索引=0, 提取点数=200
[0m[ INFO] [1789878698.201693218]: local_x: -0.0008, local_y: -0.0017, gear: 2,  error_heading: 1.2059[0m
[2026-09-20 12:31:38] 还未完成转向!
[0m[ INFO] [1789878698.203465747]: 0 points is not droped, 6.1860, 1.0334, 1.1388, 2, 6.1843, 1.0328, 2.3447[0m
[2026-09-20 12:31:38] 控制路径段: 起点索引=0, 提取点数=1
[2026-09-20 12:31:38] 避障检测路径段: 起点索引=0, 提取点数=200
[0m[ INFO] [1789878698.301706491]: local_x: -0.0009, local_y: -0.0019, gear: 2,  error_heading: 1.2059[0m
[2026-09-20 12:31:38] 还未完成转向!
[0m[ INFO] [1789878698.304024754]: 0 points is not droped, 6.1860, 1.0334, 1.1388, 2, 6.1840, 1.0327, 2.3447[0m
[2026-09-20 12:31:38] 控制路径段: 起点索引=0, 提取点数=1
[2026-09-20 12:31:38] 避障检测路径段: 起点索引=0, 提取点数=200
[0m[ INFO] [1789878698.401693397]: local_x: -0.0022, local_y: -0.0025, gear: 2,  error_heading: 1.2059[0m
[2026-09-20 12:31:38] 还未完成转向!
[0m[ INFO] [1789878698.403171043]: 0 points is not droped, 6.1860, 1.0334, 1.1388, 2, 6.1827, 1.0333, 2.3447[0m
[2026-09-20 12:31:38] 控制路径段: 起点索引=0, 提取点数=1
[2026-09-20 12:31:38] 避障检测路径段: 起点索引=0, 提取点数=200
[0m[ INFO] [1789878698.501698575]: local_x: -0.0024, local_y: -0.0027, gear: 2,  error_heading: 1.2059[0m
[2026-09-20 12:31:38] 还未完成转向!
[0m[ INFO] [1789878698.509248025]: 0 points is not droped, 6.1860, 1.0334, 1.1388, 2, 6.1823, 1.0333, 2.3447[0m
[2026-09-20 12:31:38] 控制路径段: 起点索引=0, 提取点数=1
[2026-09-20 12:31:38] 避障检测路径段: 起点索引=0, 提取点数=200
[0m[ INFO] [1789878698.601681320]: local_x: -0.0034, local_y: -0.0025, gear: 2,  error_heading: 1.2059[0m
[2026-09-20 12:31:38] 还未完成转向!
[0m[ INFO] [1789878698.603419865]: 0 points is not droped, 6.1860, 1.0334, 1.1388, 2, 6.1819, 1.0341, 2.3447[0m
[2026-09-20 12:31:38] 控制路径段: 起点索引=0, 提取点数=1
[2026-09-20 12:31:38] 避障检测路径段: 起点索引=0, 提取点数=200
[0m[ INFO] [1789878698.701694114]: local_x: -0.0036, local_y: -0.0027, gear: 2,  error_heading: 1.2059[0m
[2026-09-20 12:31:38] 还未完成转向!
[0m[ INFO] [1789878698.703733622]: 0 points is not droped, 6.1860, 1.0334, 1.1388, 2, 6.1816, 1.0341, 2.3447[0m
[2026-09-20 12:31:38] 控制路径段: 起点索引=0, 提取点数=1
[2026-09-20 12:31:38] 避障检测路径段: 起点索引=0, 提取点数=200
[0m[ INFO] [1789878698.801759100]: local_x: -0.0025, local_y: -0.0024, gear: 2,  error_heading: 1.2059[0m
[2026-09-20 12:31:38] 还未完成转向!
[0m[ INFO] [1789878698.803997970]: 0 points is not droped, 6.1860, 1.0334, 1.1388, 2, 6.1825, 1.0336, 2.3447[0m
[2026-09-20 12:31:38] 控制路径段: 起点索引=0, 提取点数=1
[2026-09-20 12:31:38] 避障检测路径段: 起点索引=0, 提取点数=200
[0m[ INFO] [1789878698.901819255]: local_x: 0.0005, local_y: -0.0041, gear: 2,  error_heading: 1.2059[0m
[2026-09-20 12:31:38] 还未完成转向!
[0m[ INFO] [1789878698.903870667]: 0 points is not droped, 6.1860, 1.0334, 1.1388, 2, 6.1834, 1.0302, 2.3447[0m
[2026-09-20 12:31:38] 控制路径段: 起点索引=0, 提取点数=1
[2026-09-20 12:31:38] 避障检测路径段: 起点索引=0, 提取点数=200
[0m[ INFO] [1789878699.001770800]: local_x: 0.0006, local_y: -0.0043, gear: 2,  error_heading: 1.2059[0m
[2026-09-20 12:31:39] 还未完成转向!
[0m[ INFO] [1789878699.004736749]: 0 points is not droped, 6.1860, 1.0334, 1.1388, 2, 6.1834, 1.0300, 2.3447[0m
[2026-09-20 12:31:39] 控制路径段: 起点索引=0, 提取点数=1
[2026-09-20 12:31:39] 避障检测路径段: 起点索引=0, 提取点数=200
[0m[ INFO] [1789878699.101693833]: local_x: 0.0006, local_y: -0.0043, gear: 2,  error_heading: 1.2059[0m
[2026-09-20 12:31:39] 还未完成转向!
[0m[ INFO] [1789878699.103816958]: 0 points is not droped, 6.1860, 1.0334, 1.1388, 2, 6.1834, 1.0300, 2.3447[0m
[2026-09-20 12:31:39] 控制路径段: 起点索引=0, 提取点数=1
[2026-09-20 12:31:39] 避障检测路径段: 起点索引=0, 提取点数=200
[0m[ INFO] [1789878699.201707363]: local_x: 0.0039, local_y: -0.0030, gear: 2,  error_heading: 1.2059[0m
[2026-09-20 12:31:39] 还未完成转向!
[0m[ INFO] [1789878699.248185933]: 0 points is not droped, 6.1860, 1.0334, 1.1388, 2, 6.1866, 1.0285, 2.3447[0m
[2026-09-20 12:31:39] 控制路径段: 起点索引=0, 提取点数=1
[2026-09-20 12:31:39] 避障检测路径段: 起点索引=0, 提取点数=200
[0m[ INFO] [1789878699.301666108]: local_x: 0.0067, local_y: 0.0009, gear: 2,  error_heading: 1.2057[0m
[2026-09-20 12:31:39] 还未完成转向!
[0m[ INFO] [1789878699.348135302]: 0 points is not droped, 6.1860, 1.0334, 1.1388, 2, 6.1913, 1.0293, 2.3445[0m
[2026-09-20 12:31:39] 控制路径段: 起点索引=0, 提取点数=1
[2026-09-20 12:31:39] 避障检测路径段: 起点索引=0, 提取点数=200
[0m[ INFO] [1789878699.401728342]: local_x: 0.0019, local_y: -0.0048, gear: 2,  error_heading: 1.2059[0m
[2026-09-20 12:31:39] 还未完成转向!
[0m[ INFO] [1789878699.448210240]: 0 points is not droped, 6.1860, 1.0334, 1.1388, 2, 6.1839, 1.0288, 2.3447[0m
[2026-09-20 12:31:39] 控制路径段: 起点索引=0, 提取点数=1
[2026-09-20 12:31:39] 避障检测路径段: 起点索引=0, 提取点数=200
[0m[ INFO] [1789878699.501689135]: local_x: 0.0018, local_y: -0.0049, gear: 2,  error_heading: 1.2059[0m
[2026-09-20 12:31:39] 还未完成转向!
[0m[ INFO] [1789878699.548177402]: 0 points is not droped, 6.1860, 1.0334, 1.1388, 2, 6.1838, 1.0287, 2.3447[0m
[2026-09-20 12:31:39] 控制路径段: 起点索引=0, 提取点数=1
[2026-09-20 12:31:39] 避障检测路径段: 起点索引=0, 提取点数=200
[0m[ INFO] [1789878699.602027436]: local_x: 0.0006, local_y: -0.0064, gear: 2,  error_heading: 1.2059[0m
[2026-09-20 12:31:39] 还未完成转向!
[0m[ INFO] [1789878699.648199252]: 0 points is not droped, 6.1860, 1.0334, 1.1388, 2, 6.1819, 1.0285, 2.3447[0m
[2026-09-20 12:31:39] 控制路径段: 起点索引=0, 提取点数=1
[2026-09-20 12:31:39] 避障检测路径段: 起点索引=0, 提取点数=200
[0m[ INFO] [1789878699.701696451]: local_x: 0.0005, local_y: -0.0066, gear: 2,  error_heading: 1.2059[0m
[2026-09-20 12:31:39] 还未完成转向!
[0m[ INFO] [1789878699.748186671]: 0 points is not droped, 6.1860, 1.0334, 1.1388, 2, 6.1816, 1.0284, 2.3447[0m
[2026-09-20 12:31:39] 控制路径段: 起点索引=0, 提取点数=1
[2026-09-20 12:31:39] 避障检测路径段: 起点索引=0, 提取点数=200
[0m[ INFO] [1789878699.801661189]: local_x: -0.0003, local_y: -0.0088, gear: 2,  error_heading: 1.2044[0m
[2026-09-20 12:31:39] 还未完成转向!
[0m[ INFO] [1789878699.848169460]: 0 points is not droped, 6.1860, 1.0334, 1.1388, 2, 6.1795, 1.0276, 2.3431[0m
[2026-09-20 12:31:39] 控制路径段: 起点索引=0, 提取点数=1
[2026-09-20 12:31:39] 避障检测路径段: 起点索引=0, 提取点数=200
[0m[ INFO] [1789878699.901680682]: local_x: -0.0065, local_y: -0.0114, gear: 2,  error_heading: 1.1534[0m
[2026-09-20 12:31:39] 还未完成转向!
[0m[ INFO] [1789878699.948228858]: 0 points is not droped, 6.1860, 1.0334, 1.1388, 2, 6.1732, 1.0308, 2.2922[0m
[2026-09-20 12:31:39] 控制路径段: 起点索引=0, 提取点数=1
[2026-09-20 12:31:39] 避障检测路径段: 起点索引=0, 提取点数=200
[0m[ INFO] [1789878700.001698703]: local_x: -0.0086, local_y: -0.0115, gear: 2,  error_heading: 1.1154[0m
[2026-09-20 12:31:40] 还未完成转向!
[0m[ INFO] [1789878700.048904870]: 0 points is not droped, 6.1860, 1.0334, 1.1388, 2, 6.1716, 1.0329, 2.2542[0m
[2026-09-20 12:31:40] 控制路径段: 起点索引=0, 提取点数=1
[2026-09-20 12:31:40] 避障检测路径段: 起点索引=0, 提取点数=200
[0m[ INFO] [1789878700.101691988]: local_x: -0.0085, local_y: -0.0116, gear: 2,  error_heading: 1.0633[0m
[2026-09-20 12:31:40] 还未完成转向!
[0m[ INFO] [1789878700.148104835]: 0 points is not droped, 6.1860, 1.0334, 1.1388, 2, 6.1716, 1.0335, 2.2021[0m
[2026-09-20 12:31:40] 控制路径段: 起点索引=0, 提取点数=1
[2026-09-20 12:31:40] 避障检测路径段: 起点索引=0, 提取点数=200
[0m[ INFO] [1789878700.201693946]: local_x: -0.0081, local_y: -0.0100, gear: 2,  error_heading: 1.0064[0m
[2026-09-20 12:31:40] 还未完成转向!
[0m[ INFO] [1789878700.248216714]: 0 points is not droped, 6.1860, 1.0334, 1.1388, 2, 6.1732, 1.0348, 2.1452[0m
[2026-09-20 12:31:40] 控制路径段: 起点索引=0, 提取点数=1
[2026-09-20 12:31:40] 避障检测路径段: 起点索引=0, 提取点数=200
[0m[ INFO] [1789878700.301676255]: local_x: -0.0143, local_y: -0.0065, gear: 2,  error_heading: 0.9547[0m
[2026-09-20 12:31:40] 还未完成转向!
[0m[ INFO] [1789878700.348138606]: 0 points is not droped, 6.1860, 1.0334, 1.1388, 2, 6.1732, 1.0426, 2.0935[0m
[2026-09-20 12:31:40] 控制路径段: 起点索引=0, 提取点数=1
[2026-09-20 12:31:40] 避障检测路径段: 起点索引=0, 提取点数=200
[0m[ INFO] [1789878700.401657732]: local_x: -0.0083, local_y: -0.0080, gear: 2,  error_heading: 0.9144[0m
[2026-09-20 12:31:40] 还未完成转向!
[0m[ INFO] [1789878700.448178132]: 0 points is not droped, 6.1860, 1.0334, 1.1388, 2, 6.1750, 1.0371, 2.0532[0m
[2026-09-20 12:31:40] 控制路径段: 起点索引=0, 提取点数=1
[2026-09-20 12:31:40] 避障检测路径段: 起点索引=0, 提取点数=200
[0m[ INFO] [1789878700.502434449]: local_x: -0.0077, local_y: -0.0063, gear: 2,  error_heading: 0.8357[0m
[2026-09-20 12:31:40] 还未完成转向!
[0m[ INFO] [1789878700.548165433]: 0 points is not droped, 6.1860, 1.0334, 1.1388, 2, 6.1771, 1.0381, 1.9744[0m
[2026-09-20 12:31:40] 控制路径段: 起点索引=0, 提取点数=1
[2026-09-20 12:31:40] 避障检测路径段: 起点索引=0, 提取点数=200
[0m[ INFO] [1789878700.601675854]: local_x: -0.0070, local_y: -0.0063, gear: 2,  error_heading: 0.7862[0m
[2026-09-20 12:31:40] 还未完成转向!
[0m[ INFO] [1789878700.648142782]: 0 points is not droped, 6.1860, 1.0334, 1.1388, 2, 6.1776, 1.0378, 1.9250[0m
[2026-09-20 12:31:40] 控制路径段: 起点索引=0, 提取点数=1
[2026-09-20 12:31:40] 避障检测路径段: 起点索引=0, 提取点数=200
[0m[ INFO] [1789878700.701692820]: local_x: -0.0059, local_y: -0.0051, gear: 2,  error_heading: 0.7310[0m
[2026-09-20 12:31:40] 还未完成转向!
[0m[ INFO] [1789878700.748162531]: 0 points is not droped, 6.1860, 1.0334, 1.1388, 2, 6.1793, 1.0376, 1.8698[0m
[2026-09-20 12:31:40] 控制路径段: 起点索引=0, 提取点数=1
[2026-09-20 12:31:40] 避障检测路径段: 起点索引=0, 提取点数=200
[0m[ INFO] [1789878700.801661305]: local_x: -0.0066, local_y: -0.0038, gear: 2,  error_heading: 0.6768[0m
[2026-09-20 12:31:40] 还未完成转向!
[0m[ INFO] [1789878700.848193033]: 0 points is not droped, 6.1860, 1.0334, 1.1388, 2, 6.1807, 1.0389, 1.8156[0m
[2026-09-20 12:31:40] 控制路径段: 起点索引=0, 提取点数=1
[2026-09-20 12:31:40] 避障检测路径段: 起点索引=0, 提取点数=200
[0m[ INFO] [1789878700.901654558]: local_x: -0.0074, local_y: -0.0033, gear: 2,  error_heading: 0.6228[0m
[2026-09-20 12:31:40] 还未完成转向!
[0m[ INFO] [1789878700.948117933]: 0 points is not droped, 6.1860, 1.0334, 1.1388, 2, 6.1813, 1.0400, 1.7616[0m
[2026-09-20 12:31:40] 控制路径段: 起点索引=0, 提取点数=1
[2026-09-20 12:31:40] 避障检测路径段: 起点索引=0, 提取点数=200
[0m[ INFO] [1789878701.001711492]: local_x: -0.0082, local_y: -0.0017, gear: 2,  error_heading: 0.5822[0m
[2026-09-20 12:31:41] 还未完成转向!
[0m[ INFO] [1789878701.048220083]: 0 points is not droped, 6.1860, 1.0334, 1.1388, 2, 6.1831, 1.0413, 1.7210[0m
[2026-09-20 12:31:41] 控制路径段: 起点索引=0, 提取点数=1
[2026-09-20 12:31:41] 避障检测路径段: 起点索引=0, 提取点数=200
[0m[ INFO] [1789878701.101713033]: local_x: -0.0076, local_y: -0.0041, gear: 2,  error_heading: 0.5469[0m
[2026-09-20 12:31:41] 还未完成转向!
[0m[ INFO] [1789878701.148182456]: 0 points is not droped, 6.1860, 1.0334, 1.1388, 2, 6.1811, 1.0405, 1.6857[0m
[2026-09-20 12:31:41] 控制路径段: 起点索引=0, 提取点数=1
[2026-09-20 12:31:41] 避障检测路径段: 起点索引=0, 提取点数=200
[0m[ INFO] [1789878701.201682414]: local_x: -0.0081, local_y: -0.0042, gear: 2,  error_heading: 0.5084[0m
[2026-09-20 12:31:41] 还未完成转向!
[0m[ INFO] [1789878701.248326815]: 0 points is not droped, 6.1860, 1.0334, 1.1388, 2, 6.1812, 1.0412, 1.6472[0m
[2026-09-20 12:31:41] 控制路径段: 起点索引=0, 提取点数=1
[2026-09-20 12:31:41] 避障检测路径段: 起点索引=0, 提取点数=200
[0m[ INFO] [1789878701.301664947]: local_x: -0.0088, local_y: -0.0037, gear: 2,  error_heading: 0.4873[0m
[2026-09-20 12:31:41] 还未完成转向!
[0m[ INFO] [1789878701.348133762]: 0 points is not droped, 6.1860, 1.0334, 1.1388, 2, 6.1819, 1.0420, 1.6261[0m
[2026-09-20 12:31:41] 控制路径段: 起点索引=0, 提取点数=1
[2026-09-20 12:31:41] 避障检测路径段: 起点索引=0, 提取点数=200
[0m[ INFO] [1789878701.401755065]: local_x: -0.0066, local_y: -0.0067, gear: 2,  error_heading: 0.4468[0m
[2026-09-20 12:31:41] 还未完成转向!
[0m[ INFO] [1789878701.448170824]: 0 points is not droped, 6.1860, 1.0334, 1.1388, 2, 6.1792, 1.0400, 1.5856[0m
[2026-09-20 12:31:41] 控制路径段: 起点索引=0, 提取点数=1
[2026-09-20 12:31:41] 避障检测路径段: 起点索引=0, 提取点数=200
[0m[ INFO] [1789878701.501672349]: local_x: -0.0056, local_y: -0.0092, gear: 2,  error_heading: 0.3848[0m
[2026-09-20 12:31:41] 还未完成转向!
[0m[ INFO] [1789878701.548259438]: 0 points is not droped, 6.1860, 1.0334, 1.1388, 2, 6.1771, 1.0394, 1.5236[0m
[2026-09-20 12:31:41] 控制路径段: 起点索引=0, 提取点数=1
[2026-09-20 12:31:41] 避障检测路径段: 起点索引=0, 提取点数=200
[0m[ INFO] [1789878701.601669827]: local_x: -0.0053, local_y: -0.0100, gear: 2,  error_heading: 0.3462[0m
[2026-09-20 12:31:41] 还未完成转向!
[0m[ INFO] [1789878701.648133298]: 0 points is not droped, 6.1860, 1.0334, 1.1388, 2, 6.1765, 1.0396, 1.4850[0m
[2026-09-20 12:31:41] 控制路径段: 起点索引=0, 提取点数=1
[2026-09-20 12:31:41] 避障检测路径段: 起点索引=0, 提取点数=200
[0m[ INFO] [1789878701.702603857]: local_x: -0.0034, local_y: -0.0114, gear: 2,  error_heading: 0.3046[0m
[2026-09-20 12:31:41] 还未完成转向!
[0m[ INFO] [1789878701.748200824]: 0 points is not droped, 6.1860, 1.0334, 1.1388, 2, 6.1751, 1.0382, 1.4434[0m
[2026-09-20 12:31:41] 控制路径段: 起点索引=0, 提取点数=1
[2026-09-20 12:31:41] 避障检测路径段: 起点索引=0, 提取点数=200
[0m[ INFO] [1789878701.801682477]: local_x: -0.0034, local_y: -0.0113, gear: 2,  error_heading: 0.2646[0m
[2026-09-20 12:31:41] 还未完成转向!
[0m[ INFO] [1789878701.848230909]: 0 points is not droped, 6.1860, 1.0334, 1.1388, 2, 6.1754, 1.0387, 1.4034[0m
[2026-09-20 12:31:41] 控制路径段: 起点索引=0, 提取点数=1
[2026-09-20 12:31:41] 避障检测路径段: 起点索引=0, 提取点数=200
[0m[ INFO] [1789878701.901633906]: local_x: -0.0032, local_y: -0.0081, gear: 2,  error_heading: 0.2256[0m
[2026-09-20 12:31:41] 还未完成转向!
[0m[ INFO] [1789878701.948115745]: 0 points is not droped, 6.1860, 1.0334, 1.1388, 2, 6.1787, 1.0382, 1.3644[0m
[2026-09-20 12:31:41] 控制路径段: 起点索引=0, 提取点数=1
[2026-09-20 12:31:41] 避障检测路径段: 起点索引=0, 提取点数=200
[0m[ INFO] [1789878702.003432585]: local_x: -0.0026, local_y: -0.0088, gear: 2,  error_heading: 0.1843[0m
[2026-09-20 12:31:42] 还未完成转向!
[0m[ INFO] [1789878702.048251240]: 0 points is not droped, 6.1860, 1.0334, 1.1388, 2, 6.1781, 1.0381, 1.3231[0m
[2026-09-20 12:31:42] 控制路径段: 起点索引=0, 提取点数=1
[2026-09-20 12:31:42] 避障检测路径段: 起点索引=0, 提取点数=200
[0m[ INFO] [1789878702.101681501]: local_x: -0.0041, local_y: -0.0047, gear: 2,  error_heading: 0.1463[0m
[2026-09-20 12:31:42] 还未完成转向!
[0m[ INFO] [1789878702.148238381]: 0 points is not droped, 6.1860, 1.0334, 1.1388, 2, 6.1826, 1.0387, 1.2851[0m
[2026-09-20 12:31:42] 控制路径段: 起点索引=0, 提取点数=1
[2026-09-20 12:31:42] 避障检测路径段: 起点索引=0, 提取点数=200
[0m[ INFO] [1789878702.201706818]: local_x: -0.0046, local_y: -0.0044, gear: 2,  error_heading: 0.1294[0m
[2026-09-20 12:31:42] 还未完成转向!
[0m[ INFO] [1789878702.248140593]: 0 points is not droped, 6.1860, 1.0334, 1.1388, 2, 6.1831, 1.0392, 1.2682[0m
[2026-09-20 12:31:42] 控制路径段: 起点索引=0, 提取点数=1
[2026-09-20 12:31:42] 避障检测路径段: 起点索引=0, 提取点数=200
[0m[ INFO] [1789878702.301671719]: local_x: -0.0051, local_y: -0.0043, gear: 2,  error_heading: 0.0961[0m
[2026-09-20 12:31:42] 还未完成转向!
[0m[ INFO] [1789878702.348150103]: 0 points is not droped, 6.1860, 1.0334, 1.1388, 2, 6.1836, 1.0396, 1.2349[0m
[2026-09-20 12:31:42] 控制路径段: 起点索引=0, 提取点数=1
[2026-09-20 12:31:42] 避障检测路径段: 起点索引=0, 提取点数=200
[33m[ WARN] [1789878702.448249309]: First gear=2 point is dropped[0m
[0m[ INFO] [1789878702.401711085]: local_x: -0.0084, local_y: 0.0018, gear: 2,  error_heading: 0.0631[0m
[0m[ INFO] [1789878702.448160860]: gear=2 points is droped, 6.1860, 1.0334[0m
[2026-09-20 12:31:42] 转向完成!
[2026-09-20 12:31:42] 控制路径段: 起点索引=1, 提取点数=11
[2026-09-20 12:31:42] 避障检测路径段: 起点索引=1, 提取点数=200
[0m[ INFO] [1789878702.502719036]: local_x: 0.1407, local_y: -0.0024, gear: 1,  error_heading: 0.0348[0m
[0m[ INFO] [1789878702.502787613]: 1 points is not droped, 6.2488, 1.1696, 1.1388, 1, 6.1922, 1.0408, 1.1736[0m
[2026-09-20 12:31:42] 控制路径段: 起点索引=1, 提取点数=11
[2026-09-20 12:31:42] 避障检测路径段: 起点索引=1, 提取点数=200
[0m[ INFO] [1789878702.601663639]: local_x: 0.1432, local_y: 0.0035, gear: 1,  error_heading: -0.0057[0m
[0m[ INFO] [1789878702.601729047]: 1 points is not droped, 6.2488, 1.1696, 1.1388, 1, 6.1913, 1.0384, 1.1331[0m
[2026-09-20 12:31:42] 控制路径段: 起点索引=1, 提取点数=11
[2026-09-20 12:31:42] 避障检测路径段: 起点索引=1, 提取点数=200
[0m[ INFO] [1789878702.701697500]: local_x: 0.1505, local_y: -0.0039, gear: 1,  error_heading: -0.0068[0m
[0m[ INFO] [1789878702.701772701]: 1 points is not droped, 6.2488, 1.1696, 1.1388, 1, 6.1814, 1.0350, 1.1320[0m
[2026-09-20 12:31:42] 控制路径段: 起点索引=1, 提取点数=11
[2026-09-20 12:31:42] 避障检测路径段: 起点索引=1, 提取点数=200
[0m[ INFO] [1789878702.801696257]: local_x: 0.1490, local_y: -0.0063, gear: 1,  error_heading: -0.0011[0m
[0m[ INFO] [1789878702.801770626]: 1 points is not droped, 6.2488, 1.1696, 1.1388, 1, 6.1806, 1.0370, 1.1377[0m
[2026-09-20 12:31:42] 控制路径段: 起点索引=1, 提取点数=11
[2026-09-20 12:31:42] 避障检测路径段: 起点索引=1, 提取点数=200
[0m[ INFO] [1789878702.901691271]: local_x: 0.1318, local_y: -0.0085, gear: 1,  error_heading: 0.0031[0m
[0m[ INFO] [1789878702.901755239]: 1 points is not droped, 6.2488, 1.1696, 1.1388, 1, 6.1862, 1.0533, 1.1419[0m
[2026-09-20 12:31:42] 控制路径段: 起点索引=1, 提取点数=11
[2026-09-20 12:31:42] 避障检测路径段: 起点索引=1, 提取点数=200
[0m[ INFO] [1789878703.001806029]: local_x: 0.1018, local_y: -0.0057, gear: 1,  error_heading: -0.0005[0m
[0m[ INFO] [1789878703.001864718]: 1 points is not droped, 6.2488, 1.1696, 1.1388, 1, 6.2009, 1.0796, 1.1383[0m
[2026-09-20 12:31:43] 控制路径段: 起点索引=1, 提取点数=11
[2026-09-20 12:31:43] 避障检测路径段: 起点索引=1, 提取点数=200
[0m[ INFO] [1789878703.101601872]: local_x: 0.0702, local_y: -0.0014, gear: 1,  error_heading: -0.0142[0m
[0m[ INFO] [1789878703.101665553]: gear=1 points is droped, 6.2488, 1.1696[0m
[2026-09-20 12:31:43] 控制路径段: 起点索引=2, 提取点数=10
[2026-09-20 12:31:43] 避障检测路径段: 起点索引=2, 提取点数=200
[0m[ INFO] [1789878703.201669622]: local_x: 0.2045, local_y: 0.0017, gear: 1,  error_heading: -0.0213[0m
[0m[ INFO] [1789878703.201728663]: 2 points is not droped, 6.3116, 1.3059, 1.1388, 1, 6.2236, 1.1212, 1.1175[0m
[2026-09-20 12:31:43] 控制路径段: 起点索引=2, 提取点数=10
[2026-09-20 12:31:43] 避障检测路径段: 起点索引=2, 提取点数=200
[0m[ INFO] [1789878703.301679483]: local_x: 0.1634, local_y: 0.0003, gear: 1,  error_heading: -0.0307[0m
[0m[ INFO] [1789878703.301734236]: 2 points is not droped, 6.3116, 1.3059, 1.1388, 1, 6.2390, 1.1595, 1.1081[0m
[2026-09-20 12:31:43] 控制路径段: 起点索引=2, 提取点数=10
[2026-09-20 12:31:43] 避障检测路径段: 起点索引=2, 提取点数=200
[0m[ INFO] [1789878703.401609664]: local_x: 0.1279, local_y: -0.0007, gear: 1,  error_heading: -0.0302[0m
[0m[ INFO] [1789878703.401682401]: 2 points is not droped, 6.3116, 1.3059, 1.1388, 1, 6.2540, 1.1917, 1.1086[0m
[2026-09-20 12:31:43] 控制路径段: 起点索引=2, 提取点数=10
[2026-09-20 12:31:43] 避障检测路径段: 起点索引=2, 提取点数=200
[0m[ INFO] [1789878703.501664934]: local_x: 0.0816, local_y: 0.0002, gear: 1,  error_heading: -0.0353[0m
[0m[ INFO] [1789878703.501719174]: gear=1 points is droped, 6.3116, 1.3059[0m
[2026-09-20 12:31:43] 控制路径段: 起点索引=3, 提取点数=9
[2026-09-20 12:31:43] 避障检测路径段: 起点索引=3, 提取点数=200
[0m[ INFO] [1789878704.601752852]: [2026-09-20 12:31:44] 接收到避障轨迹，轨迹点数为20[0m
avoid_path_: 6.11147 , 1.45339, 2.35619, 2
avoid_path_: 5.96147 , 1.60339, 2.35619, 1
avoid_path_: 5.81147 , 1.75339, 1.5708, 2
avoid_path_: 5.81147 , 1.90339, 1.5708, 1
avoid_path_: 5.81147 , 2.05339, 1.5708, 1
avoid_path_: 5.81147 , 2.20339, 1.5708, 1
avoid_path_: 5.81147 , 2.35339, 1.5708, 1
avoid_path_: 5.81147 , 2.50339, 1.5708, 1
avoid_path_: 5.81147 , 2.65339, 1.5708, 1
avoid_path_: 5.81147 , 2.80339, 1.5708, 1
avoid_path_: 5.81147 , 2.95339, 1.5708, 1
avoid_path_: 5.81147 , 3.10339, 1.5708, 1
avoid_path_: 5.81147 , 3.25339, 1.5708, 1
avoid_path_: 5.81147 , 3.40339, 1.5708, 1
avoid_path_: 5.81147 , 3.55339, 1.5708, 1
avoid_path_: 5.81147 , 3.70339, 1.5708, 1
avoid_path_: 5.81147 , 3.85339, 1.5708, 1
avoid_path_: 5.81147 , 4.00339, 1.5708, 1
avoid_path_: 5.81147 , 4.15339, 2.35619, 2
avoid_path_: 5.66147 , 4.30339, 2.35619, 1
[2026-09-20 12:31:44] 避障轨迹已生成，首次进入避障模式
避障轨迹最近点索引为：0
[0m[ INFO] [1789878704.701749621]: local_x: 0.0420, local_y: 0.2540, gear: 2,  error_heading: -1.2528[0m
[2026-09-20 12:31:44] 还未完成转向!
[0m[ INFO] [1789878704.748291010]: 3 points is not droped, 6.1115, 1.4534, 2.3562, 2, 6.3193, 1.3015, 1.1034[0m
[2026-09-20 12:31:44] 控制路径段: 起点索引=0, 提取点数=1
[2026-09-20 12:31:44] 避障检测路径段: 起点索引=0, 提取点数=20
[2026-09-20 12:31:44] 当前避障路径段长度为：20
避障轨迹最近点索引为：0
[0m[ INFO] [1789878704.801666836]: local_x: 0.0394, local_y: 0.2540, gear: 2,  error_heading: -1.2529[0m
[2026-09-20 12:31:44] 还未完成转向!
[0m[ INFO] [1789878704.848177217]: 3 points is not droped, 6.1115, 1.4534, 2.3562, 2, 6.3204, 1.3037, 1.1033[0m
[2026-09-20 12:31:44] 控制路径段: 起点索引=0, 提取点数=1
[2026-09-20 12:31:44] 避障检测路径段: 起点索引=0, 提取点数=20
[2026-09-20 12:31:44] 当前避障路径段长度为：20
避障轨迹最近点索引为：0
[0m[ INFO] [1789878704.901739349]: local_x: 0.0410, local_y: 0.2585, gear: 2,  error_heading: -1.2528[0m
[2026-09-20 12:31:44] 还未完成转向!
[0m[ INFO] [1789878704.948198850]: 3 points is not droped, 6.1115, 1.4534, 2.3562, 2, 6.3238, 1.3003, 1.1034[0m
[2026-09-20 12:31:44] 控制路径段: 起点索引=0, 提取点数=1
[2026-09-20 12:31:44] 避障检测路径段: 起点索引=0, 提取点数=20
[2026-09-20 12:31:44] 当前避障路径段长度为：20
避障轨迹最近点索引为：0
[0m[ INFO] [1789878705.001714581]: local_x: 0.0385, local_y: 0.2586, gear: 2,  error_heading: -1.2527[0m
[2026-09-20 12:31:45] 还未完成转向!
[0m[ INFO] [1789878705.048433188]: 3 points is not droped, 6.1115, 1.4534, 2.3562, 2, 6.3250, 1.3025, 1.1034[0m
[2026-09-20 12:31:45] 控制路径段: 起点索引=0, 提取点数=1
[2026-09-20 12:31:45] 避障检测路径段: 起点索引=0, 提取点数=20
[2026-09-20 12:31:45] 当前避障路径段长度为：20
避障轨迹最近点索引为：0
[0m[ INFO] [1789878705.101703765]: local_x: 0.0414, local_y: 0.2611, gear: 2,  error_heading: -1.2527[0m
[2026-09-20 12:31:45] 还未完成转向!
[0m[ INFO] [1789878705.148119394]: 3 points is not droped, 6.1115, 1.4534, 2.3562, 2, 6.3259, 1.2988, 1.1035[0m
[2026-09-20 12:31:45] 控制路径段: 起点索引=0, 提取点数=1
[2026-09-20 12:31:45] 避障检测路径段: 起点索引=0, 提取点数=20
[2026-09-20 12:31:45] 当前避障路径段长度为：20
避障轨迹最近点索引为：0
[0m[ INFO] [1789878705.201729781]: local_x: 0.0430, local_y: 0.2639, gear: 2,  error_heading: -1.2401[0m
[2026-09-20 12:31:45] 还未完成转向!
[0m[ INFO] [1789878705.248140706]: 3 points is not droped, 6.1115, 1.4534, 2.3562, 2, 6.3297, 1.2988, 1.1161[0m
[2026-09-20 12:31:45] 控制路径段: 起点索引=0, 提取点数=1
[2026-09-20 12:31:45] 避障检测路径段: 起点索引=0, 提取点数=20
[2026-09-20 12:31:45] 当前避障路径段长度为：20
避障轨迹最近点索引为：0
[0m[ INFO] [1789878705.301788598]: local_x: 0.0460, local_y: 0.2542, gear: 2,  error_heading: -1.2127[0m
[2026-09-20 12:31:45] 还未完成转向!
[0m[ INFO] [1789878705.348128354]: 3 points is not droped, 6.1115, 1.4534, 2.3562, 2, 6.3237, 1.3062, 1.1435[0m
[2026-09-20 12:31:45] 控制路径段: 起点索引=0, 提取点数=1
[2026-09-20 12:31:45] 避障检测路径段: 起点索引=0, 提取点数=20
[2026-09-20 12:31:45] 当前避障路径段长度为：20
避障轨迹最近点索引为：0
[0m[ INFO] [1789878705.402243995]: local_x: 0.0538, local_y: 0.2640, gear: 2,  error_heading: -1.1930[0m
[2026-09-20 12:31:45] 还未完成转向!
[0m[ INFO] [1789878705.448175587]: 3 points is not droped, 6.1115, 1.4534, 2.3562, 2, 6.3325, 1.2993, 1.1632[0m
[2026-09-20 12:31:45] 控制路径段: 起点索引=0, 提取点数=1
[2026-09-20 12:31:45] 避障检测路径段: 起点索引=0, 提取点数=20
[2026-09-20 12:31:45] 当前避障路径段长度为：20
避障轨迹最近点索引为：0
[0m[ INFO] [1789878705.502754048]: local_x: 0.0581, local_y: 0.2656, gear: 2,  error_heading: -1.1507[0m
[2026-09-20 12:31:45] 还未完成转向!
[0m[ INFO] [1789878705.548126210]: 3 points is not droped, 6.1115, 1.4534, 2.3562, 2, 6.3388, 1.3043, 1.2055[0m
[2026-09-20 12:31:45] 控制路径段: 起点索引=0, 提取点数=1
[2026-09-20 12:31:45] 避障检测路径段: 起点索引=0, 提取点数=20
[2026-09-20 12:31:45] 当前避障路径段长度为：20
避障轨迹最近点索引为：0
[0m[ INFO] [1789878705.601748023]: local_x: 0.0574, local_y: 0.2650, gear: 2,  error_heading: -1.1279[0m
[2026-09-20 12:31:45] 还未完成转向!
[0m[ INFO] [1789878705.648119683]: 3 points is not droped, 6.1115, 1.4534, 2.3562, 2, 6.3418, 1.3104, 1.2283[0m
[2026-09-20 12:31:45] 控制路径段: 起点索引=0, 提取点数=1
[2026-09-20 12:31:45] 避障检测路径段: 起点索引=0, 提取点数=20
[2026-09-20 12:31:45] 当前避障路径段长度为：20
避障轨迹最近点索引为：0
[0m[ INFO] [1789878705.701762295]: local_x: 0.0568, local_y: 0.2654, gear: 2,  error_heading: -1.1050[0m
[2026-09-20 12:31:45] 还未完成转向!
[0m[ INFO] [1789878705.748155075]: 3 points is not droped, 6.1115, 1.4534, 2.3562, 2, 6.3456, 1.3160, 1.2512[0m
[2026-09-20 12:31:45] 控制路径段: 起点索引=0, 提取点数=1
[2026-09-20 12:31:45] 避障检测路径段: 起点索引=0, 提取点数=20
[2026-09-20 12:31:45] 当前避障路径段长度为：20
避障轨迹最近点索引为：0
[0m[ INFO] [1789878705.801789847]: local_x: 0.0598, local_y: 0.2659, gear: 2,  error_heading: -1.0762[0m
[2026-09-20 12:31:45] 还未完成转向!
[0m[ INFO] [1789878705.848169220]: 3 points is not droped, 6.1115, 1.4534, 2.3562, 2, 6.3490, 1.3199, 1.2800[0m
[2026-09-20 12:31:45] 控制路径段: 起点索引=0, 提取点数=1
[2026-09-20 12:31:45] 避障检测路径段: 起点索引=0, 提取点数=20
[2026-09-20 12:31:45] 当前避障路径段长度为：20
避障轨迹最近点索引为：0
[0m[ INFO] [1789878705.901686039]: local_x: 0.0680, local_y: 0.2645, gear: 2,  error_heading: -1.0352[0m
[2026-09-20 12:31:45] 还未完成转向!
[0m[ INFO] [1789878705.948132995]: 3 points is not droped, 6.1115, 1.4534, 2.3562, 2, 6.3510, 1.3221, 1.3210[0m
[2026-09-20 12:31:45] 控制路径段: 起点索引=0, 提取点数=1
[2026-09-20 12:31:45] 避障检测路径段: 起点索引=0, 提取点数=20
[2026-09-20 12:31:45] 当前避障路径段长度为：20
避障轨迹最近点索引为：0
[0m[ INFO] [1789878706.001727671]: local_x: 0.0833, local_y: 0.2611, gear: 2,  error_heading: -0.9827[0m
[2026-09-20 12:31:46] 还未完成转向!
[0m[ INFO] [1789878706.048489607]: 3 points is not droped, 6.1115, 1.4534, 2.3562, 2, 6.3512, 1.3205, 1.3735[0m
[2026-09-20 12:31:46] 控制路径段: 起点索引=0, 提取点数=1
[2026-09-20 12:31:46] 避障检测路径段: 起点索引=0, 提取点数=20
[2026-09-20 12:31:46] 当前避障路径段长度为：20
避障轨迹最近点索引为：0
[0m[ INFO] [1789878706.101715735]: local_x: 0.0966, local_y: 0.2567, gear: 2,  error_heading: -0.9296[0m
[2026-09-20 12:31:46] 还未完成转向!
[0m[ INFO] [1789878706.148115076]: 3 points is not droped, 6.1115, 1.4534, 2.3562, 2, 6.3516, 1.3209, 1.4266[0m
[2026-09-20 12:31:46] 控制路径段: 起点索引=0, 提取点数=1
[2026-09-20 12:31:46] 避障检测路径段: 起点索引=0, 提取点数=20
[2026-09-20 12:31:46] 当前避障路径段长度为：20
避障轨迹最近点索引为：0
[0m[ INFO] [1789878706.201684023]: local_x: 0.1104, local_y: 0.2529, gear: 2,  error_heading: -0.8803[0m
[2026-09-20 12:31:46] 还未完成转向!
[0m[ INFO] [1789878706.248129220]: 3 points is not droped, 6.1115, 1.4534, 2.3562, 2, 6.3527, 1.3195, 1.4759[0m
[2026-09-20 12:31:46] 控制路径段: 起点索引=0, 提取点数=1
[2026-09-20 12:31:46] 避障检测路径段: 起点索引=0, 提取点数=20
[2026-09-20 12:31:46] 当前避障路径段长度为：20
避障轨迹最近点索引为：0
[0m[ INFO] [1789878706.301711192]: local_x: 0.1173, local_y: 0.2506, gear: 2,  error_heading: -0.8555[0m
[2026-09-20 12:31:46] 还未完成转向!
[0m[ INFO] [1789878706.348113892]: 3 points is not droped, 6.1115, 1.4534, 2.3562, 2, 6.3532, 1.3188, 1.5007[0m
[2026-09-20 12:31:46] 控制路径段: 起点索引=0, 提取点数=1
[2026-09-20 12:31:46] 避障检测路径段: 起点索引=0, 提取点数=20
[2026-09-20 12:31:46] 当前避障路径段长度为：20
避障轨迹最近点索引为：0
[0m[ INFO] [1789878706.401670103]: local_x: 0.1311, local_y: 0.2423, gear: 2,  error_heading: -0.7992[0m
[2026-09-20 12:31:46] 还未完成转向!
[0m[ INFO] [1789878706.448185381]: 3 points is not droped, 6.1115, 1.4534, 2.3562, 2, 6.3520, 1.3190, 1.5570[0m
[2026-09-20 12:31:46] 控制路径段: 起点索引=0, 提取点数=1
[2026-09-20 12:31:46] 避障检测路径段: 起点索引=0, 提取点数=20
[2026-09-20 12:31:46] 当前避障路径段长度为：20
避障轨迹最近点索引为：0
[0m[ INFO] [1789878706.501779321]: local_x: 0.1482, local_y: 0.2337, gear: 2,  error_heading: -0.7232[0m
[2026-09-20 12:31:46] 还未完成转向!
[0m[ INFO] [1789878706.548136773]: 3 points is not droped, 6.1115, 1.4534, 2.3562, 2, 6.3540, 1.3200, 1.6329[0m
[2026-09-20 12:31:46] 控制路径段: 起点索引=0, 提取点数=1
[2026-09-20 12:31:46] 避障检测路径段: 起点索引=0, 提取点数=20
[2026-09-20 12:31:46] 当前避障路径段长度为：20
避障轨迹最近点索引为：0
[0m[ INFO] [1789878706.601732216]: local_x: 0.1542, local_y: 0.2310, gear: 2,  error_heading: -0.6999[0m
[2026-09-20 12:31:46] 还未完成转向!
[0m[ INFO] [1789878706.648117701]: 3 points is not droped, 6.1115, 1.4534, 2.3562, 2, 6.3548, 1.3195, 1.6563[0m
[2026-09-20 12:31:46] 控制路径段: 起点索引=0, 提取点数=1
[2026-09-20 12:31:46] 避障检测路径段: 起点索引=0, 提取点数=20
[2026-09-20 12:31:46] 当前避障路径段长度为：20
避障轨迹最近点索引为：0
[0m[ INFO] [1789878706.701685656]: local_x: 0.1667, local_y: 0.2237, gear: 2,  error_heading: -0.6489[0m
[2026-09-20 12:31:46] 还未完成转向!
[0m[ INFO] [1789878706.748157829]: 3 points is not droped, 6.1115, 1.4534, 2.3562, 2, 6.3558, 1.3187, 1.7073[0m
[2026-09-20 12:31:46] 控制路径段: 起点索引=0, 提取点数=1
[2026-09-20 12:31:46] 避障检测路径段: 起点索引=0, 提取点数=20
[2026-09-20 12:31:46] 当前避障路径段长度为：20
避障轨迹最近点索引为：0
[0m[ INFO] [1789878706.801704537]: local_x: 0.1806, local_y: 0.2122, gear: 2,  error_heading: -0.5799[0m
[2026-09-20 12:31:46] 还未完成转向!
[0m[ INFO] [1789878706.848117349]: 3 points is not droped, 6.1115, 1.4534, 2.3562, 2, 6.3560, 1.3199, 1.7763[0m
[2026-09-20 12:31:46] 控制路径段: 起点索引=0, 提取点数=1
[2026-09-20 12:31:46] 避障检测路径段: 起点索引=0, 提取点数=20
[2026-09-20 12:31:46] 当前避障路径段长度为：20
避障轨迹最近点索引为：0
[0m[ INFO] [1789878706.901717529]: local_x: 0.1876, local_y: 0.2073, gear: 2,  error_heading: -0.5406[0m
[2026-09-20 12:31:46] 还未完成转向!
[0m[ INFO] [1789878706.948172166]: 3 points is not droped, 6.1115, 1.4534, 2.3562, 2, 6.3580, 1.3216, 1.8155[0m
[2026-09-20 12:31:46] 控制路径段: 起点索引=0, 提取点数=1
[2026-09-20 12:31:46] 避障检测路径段: 起点索引=0, 提取点数=20
[2026-09-20 12:31:46] 当前避障路径段长度为：20
避障轨迹最近点索引为：0
[0m[ INFO] [1789878707.001693657]: local_x: 0.1921, local_y: 0.2044, gear: 2,  error_heading: -0.5220[0m
[2026-09-20 12:31:47] 还未完成转向!
[0m[ INFO] [1789878707.048175462]: 3 points is not droped, 6.1115, 1.4534, 2.3562, 2, 6.3588, 1.3211, 1.8342[0m
[2026-09-20 12:31:47] 控制路径段: 起点索引=0, 提取点数=1
[2026-09-20 12:31:47] 避障检测路径段: 起点索引=0, 提取点数=20
[2026-09-20 12:31:47] 当前避障路径段长度为：20
避障轨迹最近点索引为：0
[0m[ INFO] [1789878707.101677945]: local_x: 0.2017, local_y: 0.1976, gear: 2,  error_heading: -0.4804[0m
[2026-09-20 12:31:47] 还未完成转向!
[0m[ INFO] [1789878707.148128390]: 3 points is not droped, 6.1115, 1.4534, 2.3562, 2, 6.3605, 1.3203, 1.8758[0m
[2026-09-20 12:31:47] 控制路径段: 起点索引=0, 提取点数=1
[2026-09-20 12:31:47] 避障检测路径段: 起点索引=0, 提取点数=20
[2026-09-20 12:31:47] 当前避障路径段长度为：20
避障轨迹最近点索引为：0
[0m[ INFO] [1789878707.201714202]: local_x: 0.2140, local_y: 0.1848, gear: 2,  error_heading: -0.4156[0m
[2026-09-20 12:31:47] 还未完成转向!
[0m[ INFO] [1789878707.248112646]: 3 points is not droped, 6.1115, 1.4534, 2.3562, 2, 6.3612, 1.3206, 1.9406[0m
[2026-09-20 12:31:47] 控制路径段: 起点索引=0, 提取点数=1
[2026-09-20 12:31:47] 避障检测路径段: 起点索引=0, 提取点数=20
[2026-09-20 12:31:47] 当前避障路径段长度为：20
避障轨迹最近点索引为：0
[0m[ INFO] [1789878707.301681785]: local_x: 0.2202, local_y: 0.1782, gear: 2,  error_heading: -0.3839[0m
[2026-09-20 12:31:47] 还未完成转向!
[0m[ INFO] [1789878707.348139142]: 3 points is not droped, 6.1115, 1.4534, 2.3562, 2, 6.3616, 1.3204, 1.9723[0m
[2026-09-20 12:31:47] 控制路径段: 起点索引=0, 提取点数=1
[2026-09-20 12:31:47] 避障检测路径段: 起点索引=0, 提取点数=20
[2026-09-20 12:31:47] 当前避障路径段长度为：20
避障轨迹最近点索引为：0
[0m[ INFO] [1789878707.401708346]: local_x: 0.2205, local_y: 0.1730, gear: 2,  error_heading: -0.3508[0m
[2026-09-20 12:31:47] 还未完成转向!
[0m[ INFO] [1789878707.448193735]: 3 points is not droped, 6.1115, 1.4534, 2.3562, 2, 6.3612, 1.3263, 2.0053[0m
[2026-09-20 12:31:47] 控制路径段: 起点索引=0, 提取点数=1
[2026-09-20 12:31:47] 避障检测路径段: 起点索引=0, 提取点数=20
[2026-09-20 12:31:47] 当前避障路径段长度为：20
避障轨迹最近点索引为：0
[0m[ INFO] [1789878707.501737754]: local_x: 0.2288, local_y: 0.1643, gear: 2,  error_heading: -0.3102[0m
[2026-09-20 12:31:47] 还未完成转向!
[0m[ INFO] [1789878707.548160071]: 3 points is not droped, 6.1115, 1.4534, 2.3562, 2, 6.3623, 1.3251, 2.0460[0m
[2026-09-20 12:31:47] 控制路径段: 起点索引=0, 提取点数=1
[2026-09-20 12:31:47] 避障检测路径段: 起点索引=0, 提取点数=20
[2026-09-20 12:31:47] 当前避障路径段长度为：20
避障轨迹最近点索引为：0
[0m[ INFO] [1789878707.601718906]: local_x: 0.2366, local_y: 0.1514, gear: 2,  error_heading: -0.2485[0m
[2026-09-20 12:31:47] 还未完成转向!
[0m[ INFO] [1789878707.648163655]: 3 points is not droped, 6.1115, 1.4534, 2.3562, 2, 6.3626, 1.3275, 2.1077[0m
[2026-09-20 12:31:47] 控制路径段: 起点索引=0, 提取点数=1
[2026-09-20 12:31:47] 避障检测路径段: 起点索引=0, 提取点数=20
[2026-09-20 12:31:47] 当前避障路径段长度为：20
避障轨迹最近点索引为：0
[0m[ INFO] [1789878707.701722555]: local_x: 0.2414, local_y: 0.1429, gear: 2,  error_heading: -0.2080[0m
[2026-09-20 12:31:47] 还未完成转向!
[0m[ INFO] [1789878707.748160264]: 3 points is not droped, 6.1115, 1.4534, 2.3562, 2, 6.3630, 1.3291, 2.1482[0m
[2026-09-20 12:31:47] 控制路径段: 起点索引=0, 提取点数=1
[2026-09-20 12:31:47] 避障检测路径段: 起点索引=0, 提取点数=20
[2026-09-20 12:31:47] 当前避障路径段长度为：20
避障轨迹最近点索引为：0
[0m[ INFO] [1789878707.801785568]: local_x: 0.2474, local_y: 0.1322, gear: 2,  error_heading: -0.1685[0m
[2026-09-20 12:31:47] 还未完成转向!
[0m[ INFO] [1789878707.848158383]: 3 points is not droped, 6.1115, 1.4534, 2.3562, 2, 6.3624, 1.3281, 2.1877[0m
[2026-09-20 12:31:47] 控制路径段: 起点索引=0, 提取点数=1
[2026-09-20 12:31:47] 避障检测路径段: 起点索引=0, 提取点数=20
[2026-09-20 12:31:47] 当前避障路径段长度为：20
避障轨迹最近点索引为：0
[0m[ INFO] [1789878707.901727622]: local_x: 0.2502, local_y: 0.1259, gear: 2,  error_heading: -0.1369[0m
[2026-09-20 12:31:47] 还未完成转向!
[0m[ INFO] [1789878707.948111253]: 3 points is not droped, 6.1115, 1.4534, 2.3562, 2, 6.3630, 1.3301, 2.2193[0m
[2026-09-20 12:31:47] 控制路径段: 起点索引=0, 提取点数=1
[2026-09-20 12:31:47] 避障检测路径段: 起点索引=0, 提取点数=20
[2026-09-20 12:31:47] 当前避障路径段长度为：20
避障轨迹最近点索引为：0
[0m[ INFO] [1789878708.001699276]: local_x: 0.2527, local_y: 0.1231, gear: 2,  error_heading: -0.1218[0m
[2026-09-20 12:31:48] 还未完成转向!
[0m[ INFO] [1789878708.048214909]: 3 points is not droped, 6.1115, 1.4534, 2.3562, 2, 6.3641, 1.3301, 2.2344[0m
[2026-09-20 12:31:48] 控制路径段: 起点索引=0, 提取点数=1
[2026-09-20 12:31:48] 避障检测路径段: 起点索引=0, 提取点数=20
[2026-09-20 12:31:48] 当前避障路径段长度为：20
避障轨迹最近点索引为：0
[0m[ INFO] [1789878708.101790932]: local_x: 0.2569, local_y: 0.1162, gear: 2,  error_heading: -0.0921[0m
[2026-09-20 12:31:48] 还未完成转向!
[0m[ INFO] [1789878708.148099395]: 3 points is not droped, 6.1115, 1.4534, 2.3562, 2, 6.3650, 1.3301, 2.2641[0m
[2026-09-20 12:31:48] 控制路径段: 起点索引=0, 提取点数=1
[2026-09-20 12:31:48] 避障检测路径段: 起点索引=0, 提取点数=20
[2026-09-20 12:31:48] 当前避障路径段长度为：20
避障轨迹最近点索引为：0
[0m[ INFO] [1789878708.201685722]: local_x: 0.2596, local_y: 0.1094, gear: 2,  error_heading: -0.0605[0m
[0m[ INFO] [1789878708.248228939]: gear=2 points is droped, 6.1115, 1.4534[0m
[2026-09-20 12:31:48] 转向完成!
[2026-09-20 12:31:48] 新的最近点索引: 1
[2026-09-20 12:31:48] 控制路径段: 起点索引=1, 提取点数=2
[2026-09-20 12:31:48] 避障检测路径段: 起点索引=1, 提取点数=19
[2026-09-20 12:31:48] 当前避障路径段长度为：19
避障轨迹最近点索引为：1
[0m[ INFO] [1789878708.301752193]: local_x: 0.4740, local_y: 0.1153, gear: 1,  error_heading: -0.0442[0m
[0m[ INFO] [1789878708.301818018]: 3 points is not droped, 5.9615, 1.6034, 2.3562, 1, 6.3665, 1.3316, 2.3120[0m
[2026-09-20 12:31:48] 控制路径段: 起点索引=1, 提取点数=2
[2026-09-20 12:31:48] 避障检测路径段: 起点索引=1, 提取点数=19
[2026-09-20 12:31:48] 当前避障路径段长度为：19
避障轨迹最近点索引为：1
[0m[ INFO] [1789878708.401825225]: local_x: 0.4756, local_y: 0.0942, gear: 1,  error_heading: 0.0000[0m
[0m[ INFO] [1789878708.401953610]: 3 points is not droped, 5.9615, 1.6034, 2.3562, 1, 6.3644, 1.3338, 2.3562[0m
[2026-09-20 12:31:48] 控制路径段: 起点索引=1, 提取点数=2
[2026-09-20 12:31:48] 避障检测路径段: 起点索引=1, 提取点数=19
[2026-09-20 12:31:48] 当前避障路径段长度为：19
避障轨迹最近点索引为：1
[0m[ INFO] [1789878708.501757391]: local_x: 0.4769, local_y: 0.0909, gear: 1,  error_heading: 0.0081[0m
[0m[ INFO] [1789878708.501831631]: 3 points is not droped, 5.9615, 1.6034, 2.3562, 1, 6.3651, 1.3337, 2.3643[0m
[2026-09-20 12:31:48] 控制路径段: 起点索引=1, 提取点数=2
[2026-09-20 12:31:48] 避障检测路径段: 起点索引=1, 提取点数=19
[2026-09-20 12:31:48] 当前避障路径段长度为：19
避障轨迹最近点索引为：1
[0m[ INFO] [1789878708.601705781]: local_x: 0.4707, local_y: 0.0998, gear: 1,  error_heading: -0.0054[0m
[0m[ INFO] [1789878708.601773781]: 3 points is not droped, 5.9615, 1.6034, 2.3562, 1, 6.3634, 1.3389, 2.3508[0m
[2026-09-20 12:31:48] 控制路径段: 起点索引=1, 提取点数=2
[2026-09-20 12:31:48] 避障检测路径段: 起点索引=1, 提取点数=19
[2026-09-20 12:31:48] 当前避障路径段长度为：19
避障轨迹最近点索引为：1
[0m[ INFO] [1789878708.701746684]: local_x: 0.4494, local_y: 0.1035, gear: 1,  error_heading: -0.0101[0m
[0m[ INFO] [1789878708.701815677]: 3 points is not droped, 5.9615, 1.6034, 2.3562, 1, 6.3499, 1.3549, 2.3461[0m
[2026-09-20 12:31:48] 控制路径段: 起点索引=1, 提取点数=2
[2026-09-20 12:31:48] 避障检测路径段: 起点索引=1, 提取点数=19
[2026-09-20 12:31:48] 当前避障路径段长度为：19
避障轨迹最近点索引为：1
[0m[ INFO] [1789878708.801715490]: local_x: 0.4369, local_y: 0.1018, gear: 1,  error_heading: -0.0071[0m
[0m[ INFO] [1789878708.801786755]: 3 points is not droped, 5.9615, 1.6034, 2.3562, 1, 6.3407, 1.3637, 2.3491[0m
[2026-09-20 12:31:48] 控制路径段: 起点索引=1, 提取点数=2
[2026-09-20 12:31:48] 避障检测路径段: 起点索引=1, 提取点数=19
[2026-09-20 12:31:48] 当前避障路径段长度为：19
避障轨迹最近点索引为：1
[0m[ INFO] [1789878708.901768201]: local_x: 0.4053, local_y: 0.0899, gear: 1,  error_heading: 0.0192[0m
[0m[ INFO] [1789878708.901838890]: 3 points is not droped, 5.9615, 1.6034, 2.3562, 1, 6.3158, 1.3871, 2.3754[0m
[2026-09-20 12:31:48] 控制路径段: 起点索引=1, 提取点数=2
[2026-09-20 12:31:48] 避障检测路径段: 起点索引=1, 提取点数=19
[2026-09-20 12:31:48] 当前避障路径段长度为：19
避障轨迹最近点索引为：1
[0m[ INFO] [1789878709.001783024]: local_x: 0.3819, local_y: 0.0857, gear: 1,  error_heading: 0.0343[0m
[0m[ INFO] [1789878709.001855953]: 3 points is not droped, 5.9615, 1.6034, 2.3562, 1, 6.2991, 1.4054, 2.3905[0m
[2026-09-20 12:31:49] 控制路径段: 起点索引=1, 提取点数=2
[2026-09-20 12:31:49] 避障检测路径段: 起点索引=1, 提取点数=19
[2026-09-20 12:31:49] 当前避障路径段长度为：19
避障轨迹最近点索引为：1
[0m[ INFO] [1789878709.101746903]: local_x: 0.3589, local_y: 0.0809, gear: 1,  error_heading: 0.0492[0m
[0m[ INFO] [1789878709.101828375]: 3 points is not droped, 5.9615, 1.6034, 2.3562, 1, 6.2818, 1.4223, 2.4054[0m
[2026-09-20 12:31:49] 控制路径段: 起点索引=1, 提取点数=2
[2026-09-20 12:31:49] 避障检测路径段: 起点索引=1, 提取点数=19
[2026-09-20 12:31:49] 当前避障路径段长度为：19
避障轨迹最近点索引为：1
[0m[ INFO] [1789878709.201724765]: local_x: 0.3477, local_y: 0.0790, gear: 1,  error_heading: 0.0544[0m
[0m[ INFO] [1789878709.201792510]: 3 points is not droped, 5.9615, 1.6034, 2.3562, 1, 6.2731, 1.4301, 2.4106[0m
[2026-09-20 12:31:49] 控制路径段: 起点索引=1, 提取点数=2
[2026-09-20 12:31:49] 避障检测路径段: 起点索引=1, 提取点数=19
[2026-09-20 12:31:49] 当前避障路径段长度为：19
避障轨迹最近点索引为：1
[0m[ INFO] [1789878709.301818949]: local_x: 0.3361, local_y: 0.0774, gear: 1,  error_heading: 0.0609[0m
[0m[ INFO] [1789878709.301936070]: 3 points is not droped, 5.9615, 1.6034, 2.3562, 1, 6.2645, 1.4386, 2.4171[0m
[2026-09-20 12:31:49] 控制路径段: 起点索引=1, 提取点数=2
[2026-09-20 12:31:49] 避障检测路径段: 起点索引=1, 提取点数=19
[2026-09-20 12:31:49] 当前避障路径段长度为：19
避障轨迹最近点索引为：1
[0m[ INFO] [1789878709.401737387]: local_x: 0.3163, local_y: 0.0690, gear: 1,  error_heading: 0.0789[0m
[0m[ INFO] [1789878709.401811083]: 3 points is not droped, 5.9615, 1.6034, 2.3562, 1, 6.2469, 1.4505, 2.4351[0m
[2026-09-20 12:31:49] 控制路径段: 起点索引=1, 提取点数=2
[2026-09-20 12:31:49] 避障检测路径段: 起点索引=1, 提取点数=19
[2026-09-20 12:31:49] 当前避障路径段长度为：19
避障轨迹最近点索引为：1
[0m[ INFO] [1789878709.501724817]: local_x: 0.2817, local_y: 0.0659, gear: 1,  error_heading: 0.0952[0m
[0m[ INFO] [1789878709.501785586]: 3 points is not droped, 5.9615, 1.6034, 2.3562, 1, 6.2206, 1.4748, 2.4514[0m
[2026-09-20 12:31:49] 控制路径段: 起点索引=1, 提取点数=2
[2026-09-20 12:31:49] 避障检测路径段: 起点索引=1, 提取点数=19
[2026-09-20 12:31:49] 当前避障路径段长度为：19
避障轨迹最近点索引为：1
[0m[ INFO] [1789878709.601758776]: local_x: 0.2620, local_y: 0.0635, gear: 1,  error_heading: 0.1053[0m
[0m[ INFO] [1789878709.601886874]: 3 points is not droped, 5.9615, 1.6034, 2.3562, 1, 6.2052, 1.4880, 2.4615[0m
[2026-09-20 12:31:49] 控制路径段: 起点索引=1, 提取点数=2
[2026-09-20 12:31:49] 避障检测路径段: 起点索引=1, 提取点数=19
[2026-09-20 12:31:49] 当前避障路径段长度为：19
避障轨迹最近点索引为：1
[0m[ INFO] [1789878709.702360869]: local_x: 0.2245, local_y: 0.0674, gear: 1,  error_heading: 0.1134[0m
[0m[ INFO] [1789878709.702467718]: 3 points is not droped, 5.9615, 1.6034, 2.3562, 1, 6.1791, 1.5164, 2.4696[0m
[2026-09-20 12:31:49] 控制路径段: 起点索引=1, 提取点数=2
[2026-09-20 12:31:49] 避障检测路径段: 起点索引=1, 提取点数=19
[2026-09-20 12:31:49] 当前避障路径段长度为：19
避障轨迹最近点索引为：1
[0m[ INFO] [1789878709.801895271]: local_x: 0.2039, local_y: 0.0657, gear: 1,  error_heading: 0.1225[0m
[0m[ INFO] [1789878709.801988264]: 3 points is not droped, 5.9615, 1.6034, 2.3562, 1, 6.1626, 1.5297, 2.4787[0m
[2026-09-20 12:31:49] 控制路径段: 起点索引=1, 提取点数=2
[2026-09-20 12:31:49] 避障检测路径段: 起点索引=1, 提取点数=19
[2026-09-20 12:31:49] 当前避障路径段长度为：19
避障轨迹最近点索引为：1
[0m[ INFO] [1789878709.902636725]: local_x: 0.1790, local_y: 0.0635, gear: 1,  error_heading: 0.1326[0m
[0m[ INFO] [1789878709.902716214]: 3 points is not droped, 5.9615, 1.6034, 2.3562, 1, 6.1423, 1.5451, 2.4888[0m
[2026-09-20 12:31:49] 控制路径段: 起点索引=1, 提取点数=2
[2026-09-20 12:31:49] 避障检测路径段: 起点索引=1, 提取点数=19
[2026-09-20 12:31:49] 当前避障路径段长度为：19
避障轨迹最近点索引为：1
[0m[ INFO] [1789878710.001854772]: local_x: 0.1579, local_y: 0.0614, gear: 1,  error_heading: 0.1419[0m
[0m[ INFO] [1789878710.001941237]: 3 points is not droped, 5.9615, 1.6034, 2.3562, 1, 6.1246, 1.5578, 2.4981[0m
[2026-09-20 12:31:50] 控制路径段: 起点索引=1, 提取点数=2
[2026-09-20 12:31:50] 避障检测路径段: 起点索引=1, 提取点数=19
[2026-09-20 12:31:50] 当前避障路径段长度为：19
避障轨迹最近点索引为：1
[0m[ INFO] [1789878710.101771642]: local_x: 0.1324, local_y: 0.0593, gear: 1,  error_heading: 0.1519[0m
[0m[ INFO] [1789878710.101840443]: 3 points is not droped, 5.9615, 1.6034, 2.3562, 1, 6.1033, 1.5728, 2.5081[0m
[2026-09-20 12:31:50] 控制路径段: 起点索引=1, 提取点数=2
[2026-09-20 12:31:50] 避障检测路径段: 起点索引=1, 提取点数=19
[2026-09-20 12:31:50] 当前避障路径段长度为：19
避障轨迹最近点索引为：1
[0m[ INFO] [1789878710.201745184]: local_x: 0.1221, local_y: 0.0586, gear: 1,  error_heading: 0.1568[0m
[0m[ INFO] [1789878710.201810177]: 3 points is not droped, 5.9615, 1.6034, 2.3562, 1, 6.0947, 1.5790, 2.5130[0m
[2026-09-20 12:31:50] 控制路径段: 起点索引=1, 提取点数=2
[2026-09-20 12:31:50] 避障检测路径段: 起点索引=1, 提取点数=19
[2026-09-20 12:31:50] 当前避障路径段长度为：19
避障轨迹最近点索引为：1
[0m[ INFO] [1789878710.301703911]: local_x: 0.1117, local_y: 0.0579, gear: 1,  error_heading: 0.1617[0m
[0m[ INFO] [1789878710.301769863]: 3 points is not droped, 5.9615, 1.6034, 2.3562, 1, 6.0859, 1.5851, 2.5179[0m
[2026-09-20 12:31:50] 控制路径段: 起点索引=1, 提取点数=2
[2026-09-20 12:31:50] 避障检测路径段: 起点索引=1, 提取点数=19
[2026-09-20 12:31:50] 当前避障路径段长度为：19
避障轨迹最近点索引为：1
[0m[ INFO] [1789878710.401732686]: local_x: 0.0674, local_y: 0.0573, gear: 1,  error_heading: 0.1767[0m
[0m[ INFO] [1789878710.401796942]: gear=1 points is droped, 5.9615, 1.6034[0m
[2026-09-20 12:31:50] 新的最近点索引: 2
[2026-09-20 12:31:50] 控制路径段: 起点索引=2, 提取点数=1
[2026-09-20 12:31:50] 避障检测路径段: 起点索引=2, 提取点数=18
[2026-09-20 12:31:50] 当前避障路径段长度为：18
避障轨迹最近点索引为：2
[0m[ INFO] [1789878710.501744372]: local_x: 0.2525, local_y: 0.0168, gear: 2,  error_heading: 0.9729[0m
[2026-09-20 12:31:50] 还未完成转向!
[0m[ INFO] [1789878710.548179428]: 3 points is not droped, 5.8115, 1.7534, 1.5708, 2, 6.0296, 1.6251, 2.5437[0m
[2026-09-20 12:31:50] 控制路径段: 起点索引=2, 提取点数=1
[2026-09-20 12:31:50] 避障检测路径段: 起点索引=2, 提取点数=18
[2026-09-20 12:31:50] 当前避障路径段长度为：18
避障轨迹最近点索引为：2
[0m[ INFO] [1789878710.601684539]: local_x: 0.2147, local_y: 0.0141, gear: 2,  error_heading: 0.9887[0m
[2026-09-20 12:31:50] 还未完成转向!
[0m[ INFO] [1789878710.648214091]: 3 points is not droped, 5.8115, 1.7534, 1.5708, 2, 5.9985, 1.6472, 2.5595[0m
[2026-09-20 12:31:50] 控制路径段: 起点索引=2, 提取点数=1
[2026-09-20 12:31:50] 避障检测路径段: 起点索引=2, 提取点数=18
[2026-09-20 12:31:50] 当前避障路径段长度为：18
避障轨迹最近点索引为：2
[0m[ INFO] [1789878710.701740354]: local_x: 0.1889, local_y: 0.0121, gear: 2,  error_heading: 0.9997[0m
[2026-09-20 12:31:50] 还未完成转向!
[0m[ INFO] [1789878710.748193970]: 3 points is not droped, 5.8115, 1.7534, 1.5708, 2, 5.9770, 1.6615, 2.5705[0m
[2026-09-20 12:31:50] 控制路径段: 起点索引=2, 提取点数=1
[2026-09-20 12:31:50] 避障检测路径段: 起点索引=2, 提取点数=18
[2026-09-20 12:31:50] 当前避障路径段长度为：18
避障轨迹最近点索引为：2
[0m[ INFO] [1789878710.801762761]: local_x: 0.1739, local_y: 0.0105, gear: 2,  error_heading: 1.0096[0m
[2026-09-20 12:31:50] 还未完成转向!
[0m[ INFO] [1789878710.848200504]: 3 points is not droped, 5.8115, 1.7534, 1.5708, 2, 5.9643, 1.6698, 2.5804[0m
[2026-09-20 12:31:50] 控制路径段: 起点索引=2, 提取点数=1
[2026-09-20 12:31:50] 避障检测路径段: 起点索引=2, 提取点数=18
[2026-09-20 12:31:50] 当前避障路径段长度为：18
避障轨迹最近点索引为：2
[0m[ INFO] [1789878710.901735599]: local_x: 0.1602, local_y: 0.0138, gear: 2,  error_heading: 1.0123[0m
[2026-09-20 12:31:50] 还未完成转向!
[0m[ INFO] [1789878710.948164447]: 3 points is not droped, 5.8115, 1.7534, 1.5708, 2, 5.9547, 1.6802, 2.5831[0m
[2026-09-20 12:31:50] 控制路径段: 起点索引=2, 提取点数=1
[2026-09-20 12:31:50] 避障检测路径段: 起点索引=2, 提取点数=18
[2026-09-20 12:31:50] 当前避障路径段长度为：18
避障轨迹最近点索引为：2
[0m[ INFO] [1789878711.001754678]: local_x: 0.1504, local_y: 0.0138, gear: 2,  error_heading: 1.0229[0m
[2026-09-20 12:31:51] 还未完成转向!
[0m[ INFO] [1789878711.048249958]: 3 points is not droped, 5.8115, 1.7534, 1.5708, 2, 5.9471, 1.6868, 2.5937[0m
[2026-09-20 12:31:51] 控制路径段: 起点索引=2, 提取点数=1
[2026-09-20 12:31:51] 避障检测路径段: 起点索引=2, 提取点数=18
[2026-09-20 12:31:51] 当前避障路径段长度为：18
避障轨迹最近点索引为：2
[0m[ INFO] [1789878711.101701980]: local_x: 0.1437, local_y: 0.0132, gear: 2,  error_heading: 1.0321[0m
[2026-09-20 12:31:51] 还未完成转向!
[0m[ INFO] [1789878711.148107532]: 3 points is not droped, 5.8115, 1.7534, 1.5708, 2, 5.9416, 1.6910, 2.6029[0m
[2026-09-20 12:31:51] 控制路径段: 起点索引=2, 提取点数=1
[2026-09-20 12:31:51] 避障检测路径段: 起点索引=2, 提取点数=18
[2026-09-20 12:31:51] 当前避障路径段长度为：18
避障轨迹最近点索引为：2
[0m[ INFO] [1789878711.201713475]: local_x: 0.1398, local_y: 0.0125, gear: 2,  error_heading: 1.0405[0m
[2026-09-20 12:31:51] 还未完成转向!
[0m[ INFO] [1789878711.248166963]: 3 points is not droped, 5.8115, 1.7534, 1.5708, 2, 5.9384, 1.6934, 2.6113[0m
[2026-09-20 12:31:51] 控制路径段: 起点索引=2, 提取点数=1
[2026-09-20 12:31:51] 避障检测路径段: 起点索引=2, 提取点数=18
[2026-09-20 12:31:51] 当前避障路径段长度为：18
避障轨迹最近点索引为：2
[0m[ INFO] [1789878711.301717386]: local_x: 0.1351, local_y: 0.0115, gear: 2,  error_heading: 1.0466[0m
[2026-09-20 12:31:51] 还未完成转向!
[0m[ INFO] [1789878711.348170586]: 3 points is not droped, 5.8115, 1.7534, 1.5708, 2, 5.9342, 1.6957, 2.6174[0m
[2026-09-20 12:31:51] 控制路径段: 起点索引=2, 提取点数=1
[2026-09-20 12:31:51] 避障检测路径段: 起点索引=2, 提取点数=18
[2026-09-20 12:31:51] 当前避障路径段长度为：18
避障轨迹最近点索引为：2
[0m[ INFO] [1789878711.402202773]: local_x: 0.1184, local_y: 0.0135, gear: 2,  error_heading: 1.0614[0m
[2026-09-20 12:31:51] 还未完成转向!
[0m[ INFO] [1789878711.448204705]: 3 points is not droped, 5.8115, 1.7534, 1.5708, 2, 5.9214, 1.7074, 2.6322[0m
[2026-09-20 12:31:51] 控制路径段: 起点索引=2, 提取点数=1
[2026-09-20 12:31:51] 避障检测路径段: 起点索引=2, 提取点数=18
[2026-09-20 12:31:51] 当前避障路径段长度为：18
避障轨迹最近点索引为：2
[0m[ INFO] [1789878711.501706999]: local_x: 0.1085, local_y: 0.0133, gear: 2,  error_heading: 1.0704[0m
[2026-09-20 12:31:51] 还未完成转向!
[0m[ INFO] [1789878711.548197383]: 3 points is not droped, 5.8115, 1.7534, 1.5708, 2, 5.9130, 1.7130, 2.6412[0m
[2026-09-20 12:31:51] 控制路径段: 起点索引=2, 提取点数=1
[2026-09-20 12:31:51] 避障检测路径段: 起点索引=2, 提取点数=18
[2026-09-20 12:31:51] 当前避障路径段长度为：18
避障轨迹最近点索引为：2
[0m[ INFO] [1789878711.601730622]: local_x: 0.0951, local_y: 0.0138, gear: 2,  error_heading: 1.0879[0m
[2026-09-20 12:31:51] 还未完成转向!
[0m[ INFO] [1789878711.648360304]: 3 points is not droped, 5.8115, 1.7534, 1.5708, 2, 5.9021, 1.7214, 2.6587[0m
[2026-09-20 12:31:51] 控制路径段: 起点索引=2, 提取点数=1
[2026-09-20 12:31:51] 避障检测路径段: 起点索引=2, 提取点数=18
[2026-09-20 12:31:51] 当前避障路径段长度为：18
避障轨迹最近点索引为：2
[0m[ INFO] [1789878711.704488224]: local_x: 0.0871, local_y: 0.0142, gear: 2,  error_heading: 1.1032[0m
[2026-09-20 12:31:51] 还未完成转向!
[0m[ INFO] [1789878711.748187765]: 3 points is not droped, 5.8115, 1.7534, 1.5708, 2, 5.8956, 1.7268, 2.6740[0m
[2026-09-20 12:31:51] 控制路径段: 起点索引=2, 提取点数=1
[2026-09-20 12:31:51] 避障检测路径段: 起点索引=2, 提取点数=18
[2026-09-20 12:31:51] 当前避障路径段长度为：18
避障轨迹最近点索引为：2
[0m[ INFO] [1789878711.802339925]: local_x: 0.0774, local_y: 0.0138, gear: 2,  error_heading: 1.1262[0m
[2026-09-20 12:31:51] 还未完成转向!
[0m[ INFO] [1789878711.848540164]: 3 points is not droped, 5.8115, 1.7534, 1.5708, 2, 5.8873, 1.7326, 2.6970[0m
[2026-09-20 12:31:51] 控制路径段: 起点索引=2, 提取点数=1
[2026-09-20 12:31:51] 避障检测路径段: 起点索引=2, 提取点数=18
[2026-09-20 12:31:51] 当前避障路径段长度为：18
避障轨迹最近点索引为：2
[0m[ INFO] [1789878711.902263871]: local_x: 0.0702, local_y: 0.0131, gear: 2,  error_heading: 1.1559[0m
[2026-09-20 12:31:51] 还未完成转向!
[0m[ INFO] [1789878711.948140940]: 3 points is not droped, 5.8115, 1.7534, 1.5708, 2, 5.8810, 1.7370, 2.7267[0m
[2026-09-20 12:31:51] 控制路径段: 起点索引=2, 提取点数=1
[2026-09-20 12:31:51] 避障检测路径段: 起点索引=2, 提取点数=18
[2026-09-20 12:31:51] 当前避障路径段长度为：18
避障轨迹最近点索引为：2
[0m[ INFO] [1789878712.002223626]: local_x: 0.0605, local_y: 0.0121, gear: 2,  error_heading: 1.1906[0m
[2026-09-20 12:31:52] 还未完成转向!
[0m[ INFO] [1789878712.048643836]: 3 points is not droped, 5.8115, 1.7534, 1.5708, 2, 5.8721, 1.7422, 2.7614[0m
[2026-09-20 12:31:52] 控制路径段: 起点索引=2, 提取点数=1
[2026-09-20 12:31:52] 避障检测路径段: 起点索引=2, 提取点数=18
[2026-09-20 12:31:52] 当前避障路径段长度为：18
避障轨迹最近点索引为：2
[0m[ INFO] [1789878712.101677264]: local_x: 0.0548, local_y: 0.0120, gear: 2,  error_heading: 1.2310[0m
[2026-09-20 12:31:52] 还未完成转向!
[0m[ INFO] [1789878712.148207459]: 3 points is not droped, 5.8115, 1.7534, 1.5708, 2, 5.8672, 1.7465, 2.8018[0m
[2026-09-20 12:31:52] 控制路径段: 起点索引=2, 提取点数=1
[2026-09-20 12:31:52] 避障检测路径段: 起点索引=2, 提取点数=18
[2026-09-20 12:31:52] 当前避障路径段长度为：18
避障轨迹最近点索引为：2
[0m[ INFO] [1789878712.201715036]: local_x: 0.0525, local_y: 0.0057, gear: 2,  error_heading: 1.2533[0m
[2026-09-20 12:31:52] 还未完成转向!
[0m[ INFO] [1789878712.248391633]: 3 points is not droped, 5.8115, 1.7534, 1.5708, 2, 5.8631, 1.7424, 2.8241[0m
[2026-09-20 12:31:52] 控制路径段: 起点索引=2, 提取点数=1
[2026-09-20 12:31:52] 避障检测路径段: 起点索引=2, 提取点数=18
[2026-09-20 12:31:52] 当前避障路径段长度为：18
避障轨迹最近点索引为：2
[0m[ INFO] [1789878712.301730216]: local_x: 0.0548, local_y: -0.0030, gear: 2,  error_heading: 1.2409[0m
[2026-09-20 12:31:52] 还未完成转向!
[0m[ INFO] [1789878712.348163098]: 3 points is not droped, 5.8115, 1.7534, 1.5708, 2, 5.8624, 1.7328, 2.8117[0m
[2026-09-20 12:31:52] 控制路径段: 起点索引=2, 提取点数=1
[2026-09-20 12:31:52] 避障检测路径段: 起点索引=2, 提取点数=18
[2026-09-20 12:31:52] 当前避障路径段长度为：18
避障轨迹最近点索引为：2
[0m[ INFO] [1789878712.401802068]: local_x: 0.0322, local_y: 0.0108, gear: 2,  error_heading: 1.2522[0m
[2026-09-20 12:31:52] 还未完成转向!
[0m[ INFO] [1789878712.448247462]: 3 points is not droped, 5.8115, 1.7534, 1.5708, 2, 5.8455, 1.7535, 2.8230[0m
[2026-09-20 12:31:52] 控制路径段: 起点索引=2, 提取点数=1
[2026-09-20 12:31:52] 避障检测路径段: 起点索引=2, 提取点数=18
[2026-09-20 12:31:52] 当前避障路径段长度为：18
避障轨迹最近点索引为：2
[0m[ INFO] [1789878712.504766365]: local_x: 0.0278, local_y: 0.0190, gear: 2,  error_heading: 1.1999[0m
[2026-09-20 12:31:52] 还未完成转向!
[0m[ INFO] [1789878712.548247474]: 3 points is not droped, 5.8115, 1.7534, 1.5708, 2, 5.8443, 1.7611, 2.7707[0m
[2026-09-20 12:31:52] 控制路径段: 起点索引=2, 提取点数=1
[2026-09-20 12:31:52] 避障检测路径段: 起点索引=2, 提取点数=18
[2026-09-20 12:31:52] 当前避障路径段长度为：18
避障轨迹最近点索引为：2
[0m[ INFO] [1789878712.601739371]: local_x: 0.0307, local_y: 0.0213, gear: 2,  error_heading: 1.1379[0m
[2026-09-20 12:31:52] 还未完成转向!
[0m[ INFO] [1789878712.648464735]: 3 points is not droped, 5.8115, 1.7534, 1.5708, 2, 5.8483, 1.7599, 2.7087[0m
[2026-09-20 12:31:52] 控制路径段: 起点索引=2, 提取点数=1
[2026-09-20 12:31:52] 避障检测路径段: 起点索引=2, 提取点数=18
[2026-09-20 12:31:52] 当前避障路径段长度为：18
避障轨迹最近点索引为：2
[0m[ INFO] [1789878712.701987481]: local_x: 0.0284, local_y: 0.0220, gear: 2,  error_heading: 1.0754[0m
[2026-09-20 12:31:52] 还未完成转向!
[0m[ INFO] [1789878712.748154536]: 3 points is not droped, 5.8115, 1.7534, 1.5708, 2, 5.8469, 1.7593, 2.6462[0m
[2026-09-20 12:31:52] 控制路径段: 起点索引=2, 提取点数=1
[2026-09-20 12:31:52] 避障检测路径段: 起点索引=2, 提取点数=18
[2026-09-20 12:31:52] 当前避障路径段长度为：18
避障轨迹最近点索引为：2
[0m[ INFO] [1789878712.801746242]: local_x: 0.0257, local_y: 0.0224, gear: 2,  error_heading: 1.0542[0m
[2026-09-20 12:31:52] 还未完成转向!
[0m[ INFO] [1789878712.848257492]: 3 points is not droped, 5.8115, 1.7534, 1.5708, 2, 5.8449, 1.7602, 2.6250[0m
[2026-09-20 12:31:52] 控制路径段: 起点索引=2, 提取点数=1
[2026-09-20 12:31:52] 避障检测路径段: 起点索引=2, 提取点数=18
[2026-09-20 12:31:52] 当前避障路径段长度为：18
避障轨迹最近点索引为：2
[0m[ INFO] [1789878712.901714157]: local_x: 0.0188, local_y: 0.0263, gear: 2,  error_heading: 1.0038[0m
[2026-09-20 12:31:52] 还未完成转向!
[0m[ INFO] [1789878712.948181151]: 3 points is not droped, 5.8115, 1.7534, 1.5708, 2, 5.8414, 1.7655, 2.5746[0m
[2026-09-20 12:31:52] 控制路径段: 起点索引=2, 提取点数=1
[2026-09-20 12:31:52] 避障检测路径段: 起点索引=2, 提取点数=18
[2026-09-20 12:31:52] 当前避障路径段长度为：18
避障轨迹最近点索引为：2
[0m[ INFO] [1789878713.001720280]: local_x: 0.0162, local_y: 0.0297, gear: 2,  error_heading: 0.9186[0m
[2026-09-20 12:31:53] 还未完成转向!
[0m[ INFO] [1789878713.048233419]: 3 points is not droped, 5.8115, 1.7534, 1.5708, 2, 5.8424, 1.7672, 2.4894[0m
[2026-09-20 12:31:53] 控制路径段: 起点索引=2, 提取点数=1
[2026-09-20 12:31:53] 避障检测路径段: 起点索引=2, 提取点数=18
[2026-09-20 12:31:53] 当前避障路径段长度为：18
避障轨迹最近点索引为：2
[0m[ INFO] [1789878713.101747652]: local_x: 0.0200, local_y: 0.0298, gear: 2,  error_heading: 0.8665[0m
[2026-09-20 12:31:53] 还未完成转向!
[0m[ INFO] [1789878713.148125909]: 3 points is not droped, 5.8115, 1.7534, 1.5708, 2, 5.8460, 1.7632, 2.4373[0m
[2026-09-20 12:31:53] 控制路径段: 起点索引=2, 提取点数=1
[2026-09-20 12:31:53] 避障检测路径段: 起点索引=2, 提取点数=18
[2026-09-20 12:31:53] 当前避障路径段长度为：18
避障轨迹最近点索引为：2
[0m[ INFO] [1789878713.201721199]: local_x: 0.0166, local_y: 0.0307, gear: 2,  error_heading: 0.8419[0m
[2026-09-20 12:31:53] 还未完成转向!
[0m[ INFO] [1789878713.248175521]: 3 points is not droped, 5.8115, 1.7534, 1.5708, 2, 5.8443, 1.7653, 2.4126[0m
[2026-09-20 12:31:53] 控制路径段: 起点索引=2, 提取点数=1
[2026-09-20 12:31:53] 避障检测路径段: 起点索引=2, 提取点数=18
[2026-09-20 12:31:53] 当前避障路径段长度为：18
避障轨迹最近点索引为：2
[0m[ INFO] [1789878713.301756507]: local_x: 0.0135, local_y: 0.0313, gear: 2,  error_heading: 0.8157[0m
[2026-09-20 12:31:53] 还未完成转向!
[0m[ INFO] [1789878713.348114860]: 3 points is not droped, 5.8115, 1.7534, 1.5708, 2, 5.8427, 1.7669, 2.3865[0m
[2026-09-20 12:31:53] 控制路径段: 起点索引=2, 提取点数=1
[2026-09-20 12:31:53] 避障检测路径段: 起点索引=2, 提取点数=18
[2026-09-20 12:31:53] 当前避障路径段长度为：18
避障轨迹最近点索引为：2
[0m[ INFO] [1789878713.401699302]: local_x: 0.0215, local_y: 0.0282, gear: 2,  error_heading: 0.7343[0m
[2026-09-20 12:31:53] 还未完成转向!
[0m[ INFO] [1789878713.448168248]: 3 points is not droped, 5.8115, 1.7534, 1.5708, 2, 5.8468, 1.7563, 2.3051[0m
[2026-09-20 12:31:53] 控制路径段: 起点索引=2, 提取点数=1
[2026-09-20 12:31:53] 避障检测路径段: 起点索引=2, 提取点数=18
[2026-09-20 12:31:53] 当前避障路径段长度为：18
避障轨迹最近点索引为：2
[0m[ INFO] [1789878713.502032021]: local_x: 0.0154, local_y: 0.0284, gear: 2,  error_heading: 0.6738[0m
[2026-09-20 12:31:53] 还未完成转向!
[0m[ INFO] [1789878713.548169860]: 3 points is not droped, 5.8115, 1.7534, 1.5708, 2, 5.8433, 1.7591, 2.2446[0m
[2026-09-20 12:31:53] 控制路径段: 起点索引=2, 提取点数=1
[2026-09-20 12:31:53] 避障检测路径段: 起点索引=2, 提取点数=18
[2026-09-20 12:31:53] 当前避障路径段长度为：18
避障轨迹最近点索引为：2
[0m[ INFO] [1789878713.601737469]: local_x: 0.0165, local_y: 0.0297, gear: 2,  error_heading: 0.6021[0m
[2026-09-20 12:31:53] 还未完成转向!
[0m[ INFO] [1789878713.648156111]: 3 points is not droped, 5.8115, 1.7534, 1.5708, 2, 5.8453, 1.7566, 2.1729[0m
[2026-09-20 12:31:53] 控制路径段: 起点索引=2, 提取点数=1
[2026-09-20 12:31:53] 避障检测路径段: 起点索引=2, 提取点数=18
[2026-09-20 12:31:53] 当前避障路径段长度为：18
避障轨迹最近点索引为：2
[0m[ INFO] [1789878713.701754473]: local_x: 0.0204, local_y: 0.0300, gear: 2,  error_heading: 0.5617[0m
[2026-09-20 12:31:53] 还未完成转向!
[0m[ INFO] [1789878713.748162619]: 3 points is not droped, 5.8115, 1.7534, 1.5708, 2, 5.8478, 1.7521, 2.1325[0m
[2026-09-20 12:31:53] 控制路径段: 起点索引=2, 提取点数=1
[2026-09-20 12:31:53] 避障检测路径段: 起点索引=2, 提取点数=18
[2026-09-20 12:31:53] 当前避障路径段长度为：18
避障轨迹最近点索引为：2
[0m[ INFO] [1789878713.801794869]: local_x: 0.0188, local_y: 0.0299, gear: 2,  error_heading: 0.5429[0m
[2026-09-20 12:31:53] 还未完成转向!
[0m[ INFO] [1789878713.848194503]: 3 points is not droped, 5.8115, 1.7534, 1.5708, 2, 5.8468, 1.7528, 2.1137[0m
[2026-09-20 12:31:53] 控制路径段: 起点索引=2, 提取点数=1
[2026-09-20 12:31:53] 避障检测路径段: 起点索引=2, 提取点数=18
[2026-09-20 12:31:53] 当前避障路径段长度为：18
避障轨迹最近点索引为：2
[0m[ INFO] [1789878713.901746944]: local_x: 0.0201, local_y: 0.0306, gear: 2,  error_heading: 0.4841[0m
[2026-09-20 12:31:53] 还未完成转向!
[0m[ INFO] [1789878713.948140497]: 3 points is not droped, 5.8115, 1.7534, 1.5708, 2, 5.8479, 1.7498, 2.0549[0m
[2026-09-20 12:31:53] 控制路径段: 起点索引=2, 提取点数=1
[2026-09-20 12:31:53] 避障检测路径段: 起点索引=2, 提取点数=18
[2026-09-20 12:31:53] 当前避障路径段长度为：18
避障轨迹最近点索引为：2
[0m[ INFO] [1789878714.001693291]: local_x: 0.0165, local_y: 0.0304, gear: 2,  error_heading: 0.4414[0m
[2026-09-20 12:31:54] 还未完成转向!
[0m[ INFO] [1789878714.048270110]: 3 points is not droped, 5.8115, 1.7534, 1.5708, 2, 5.8460, 1.7514, 2.0122[0m
[2026-09-20 12:31:54] 控制路径段: 起点索引=2, 提取点数=1
[2026-09-20 12:31:54] 避障检测路径段: 起点索引=2, 提取点数=18
[2026-09-20 12:31:54] 当前避障路径段长度为：18
避障轨迹最近点索引为：2
[0m[ INFO] [1789878714.101735703]: local_x: 0.0196, local_y: 0.0312, gear: 2,  error_heading: 0.3979[0m
[2026-09-20 12:31:54] 还未完成转向!
[0m[ INFO] [1789878714.148111528]: 3 points is not droped, 5.8115, 1.7534, 1.5708, 2, 5.8478, 1.7475, 1.9687[0m
[2026-09-20 12:31:54] 控制路径段: 起点索引=2, 提取点数=1
[2026-09-20 12:31:54] 避障检测路径段: 起点索引=2, 提取点数=18
[2026-09-20 12:31:54] 当前避障路径段长度为：18
避障轨迹最近点索引为：2
[0m[ INFO] [1789878714.201694306]: local_x: 0.0180, local_y: 0.0312, gear: 2,  error_heading: 0.3762[0m
[2026-09-20 12:31:54] 还未完成转向!
[0m[ INFO] [1789878714.248120980]: 3 points is not droped, 5.8115, 1.7534, 1.5708, 2, 5.8471, 1.7481, 1.9470[0m
[2026-09-20 12:31:54] 控制路径段: 起点索引=2, 提取点数=1
[2026-09-20 12:31:54] 避障检测路径段: 起点索引=2, 提取点数=18
[2026-09-20 12:31:54] 当前避障路径段长度为：18
避障轨迹最近点索引为：2
[0m[ INFO] [1789878714.301735310]: local_x: 0.0162, local_y: 0.0309, gear: 2,  error_heading: 0.3536[0m
[2026-09-20 12:31:54] 还未完成转向!
[0m[ INFO] [1789878714.348147264]: 3 points is not droped, 5.8115, 1.7534, 1.5708, 2, 5.8461, 1.7488, 1.9244[0m
[2026-09-20 12:31:54] 控制路径段: 起点索引=2, 提取点数=1
[2026-09-20 12:31:54] 避障检测路径段: 起点索引=2, 提取点数=18
[2026-09-20 12:31:54] 当前避障路径段长度为：18
避障轨迹最近点索引为：2
[0m[ INFO] [1789878714.402076125]: local_x: 0.0183, local_y: 0.0327, gear: 2,  error_heading: 0.2669[0m
[2026-09-20 12:31:54] 还未完成转向!
[0m[ INFO] [1789878714.448211468]: 3 points is not droped, 5.8115, 1.7534, 1.5708, 2, 5.8478, 1.7444, 1.8377[0m
[2026-09-20 12:31:54] 控制路径段: 起点索引=2, 提取点数=1
[2026-09-20 12:31:54] 避障检测路径段: 起点索引=2, 提取点数=18
[2026-09-20 12:31:54] 当前避障路径段长度为：18
避障轨迹最近点索引为：2
[0m[ INFO] [1789878714.501811878]: local_x: 0.0202, local_y: 0.0339, gear: 2,  error_heading: 0.2241[0m
[2026-09-20 12:31:54] 还未完成转向!
[0m[ INFO] [1789878714.548196311]: 3 points is not droped, 5.8115, 1.7534, 1.5708, 2, 5.8490, 1.7412, 1.7949[0m
[2026-09-20 12:31:54] 控制路径段: 起点索引=2, 提取点数=1
[2026-09-20 12:31:54] 避障检测路径段: 起点索引=2, 提取点数=18
[2026-09-20 12:31:54] 当前避障路径段长度为：18
避障轨迹最近点索引为：2
[0m[ INFO] [1789878714.601704912]: local_x: 0.0182, local_y: 0.0324, gear: 2,  error_heading: 0.1847[0m
[2026-09-20 12:31:54] 还未完成转向!
[0m[ INFO] [1789878714.648238467]: 3 points is not droped, 5.8115, 1.7534, 1.5708, 2, 5.8466, 1.7414, 1.7555[0m
[2026-09-20 12:31:54] 控制路径段: 起点索引=2, 提取点数=1
[2026-09-20 12:31:54] 避障检测路径段: 起点索引=2, 提取点数=18
[2026-09-20 12:31:54] 当前避障路径段长度为：18
避障轨迹最近点索引为：2
[0m[ INFO] [1789878714.702024799]: local_x: 0.0203, local_y: 0.0345, gear: 2,  error_heading: 0.1462[0m
[2026-09-20 12:31:54] 还未完成转向!
[0m[ INFO] [1789878714.748202862]: 3 points is not droped, 5.8115, 1.7534, 1.5708, 2, 5.8485, 1.7383, 1.7170[0m
[2026-09-20 12:31:54] 控制路径段: 起点索引=2, 提取点数=1
[2026-09-20 12:31:54] 避障检测路径段: 起点索引=2, 提取点数=18
[2026-09-20 12:31:54] 当前避障路径段长度为：18
避障轨迹最近点索引为：2
[0m[ INFO] [1789878714.801728935]: local_x: 0.0190, local_y: 0.0337, gear: 2,  error_heading: 0.1101[0m
[2026-09-20 12:31:54] 还未完成转向!
[0m[ INFO] [1789878714.848116697]: 3 points is not droped, 5.8115, 1.7534, 1.5708, 2, 5.8470, 1.7382, 1.6809[0m
[2026-09-20 12:31:54] 控制路径段: 起点索引=2, 提取点数=1
[2026-09-20 12:31:54] 避障检测路径段: 起点索引=2, 提取点数=18
[2026-09-20 12:31:54] 当前避障路径段长度为：18
避障轨迹最近点索引为：2
[0m[ INFO] [1789878714.903621446]: local_x: 0.0207, local_y: 0.0350, gear: 2,  error_heading: 0.0801[0m
[0m[ INFO] [1789878714.948184869]: gear=2 points is droped, 5.8115, 1.7534[0m
[2026-09-20 12:31:54] 转向完成!
[2026-09-20 12:31:54] 新的最近点索引: 3
[2026-09-20 12:31:54] 控制路径段: 起点索引=3, 提取点数=16
[2026-09-20 12:31:54] 避障检测路径段: 起点索引=3, 提取点数=17
[2026-09-20 12:31:54] 当前避障路径段长度为：17
避障轨迹最近点索引为：3
[0m[ INFO] [1789878715.001790111]: local_x: 0.1685, local_y: 0.0270, gear: 1,  error_heading: 0.0499[0m
[0m[ INFO] [1789878715.001900096]: 3 points is not droped, 5.8115, 1.9034, 1.5708, 1, 5.8468, 1.7365, 1.6207[0m
[2026-09-20 12:31:55] 控制路径段: 起点索引=3, 提取点数=16
[2026-09-20 12:31:55] 避障检测路径段: 起点索引=3, 提取点数=17
[2026-09-20 12:31:55] 当前避障路径段长度为：17
避障轨迹最近点索引为：3
[0m[ INFO] [1789878715.101711465]: local_x: 0.1706, local_y: 0.0332, gear: 1,  error_heading: 0.0215[0m
[0m[ INFO] [1789878715.101769834]: 3 points is not droped, 5.8115, 1.9034, 1.5708, 1, 5.8484, 1.7335, 1.5923[0m
[2026-09-20 12:31:55] 控制路径段: 起点索引=3, 提取点数=16
[2026-09-20 12:31:55] 避障检测路径段: 起点索引=3, 提取点数=17
[2026-09-20 12:31:55] 当前避障路径段长度为：17
避障轨迹最近点索引为：3
[0m[ INFO] [1789878715.201714005]: local_x: 0.1693, local_y: 0.0354, gear: 1,  error_heading: 0.0143[0m
[0m[ INFO] [1789878715.201772694]: 3 points is not droped, 5.8115, 1.9034, 1.5708, 1, 5.8493, 1.7346, 1.5851[0m
[2026-09-20 12:31:55] 控制路径段: 起点索引=3, 提取点数=16
[2026-09-20 12:31:55] 避障检测路径段: 起点索引=3, 提取点数=17
[2026-09-20 12:31:55] 当前避障路径段长度为：17
避障轨迹最近点索引为：3
[0m[ INFO] [1789878715.301702560]: local_x: 0.1684, local_y: 0.0436, gear: 1,  error_heading: 0.0152[0m
[0m[ INFO] [1789878715.301767233]: 3 points is not droped, 5.8115, 1.9034, 1.5708, 1, 5.8576, 1.7357, 1.5860[0m
[2026-09-20 12:31:55] 控制路径段: 起点索引=3, 提取点数=16
[2026-09-20 12:31:55] 避障检测路径段: 起点索引=3, 提取点数=17
[2026-09-20 12:31:55] 当前避障路径段长度为：17
避障轨迹最近点索引为：3
[0m[ INFO] [1789878715.401740620]: local_x: 0.1609, local_y: 0.0673, gear: 1,  error_heading: 0.0244[0m
[0m[ INFO] [1789878715.401806701]: 3 points is not droped, 5.8115, 1.9034, 1.5708, 1, 5.8827, 1.7442, 1.5952[0m
[2026-09-20 12:31:55] 控制路径段: 起点索引=3, 提取点数=16
[2026-09-20 12:31:55] 避障检测路径段: 起点索引=3, 提取点数=17
[2026-09-20 12:31:55] 当前避障路径段长度为：17
避障轨迹最近点索引为：3
[0m[ INFO] [1789878715.501752216]: local_x: 0.1364, local_y: 0.0678, gear: 1,  error_heading: 0.0241[0m
[0m[ INFO] [1789878715.501826233]: 3 points is not droped, 5.8115, 1.9034, 1.5708, 1, 5.8826, 1.7687, 1.5949[0m
[2026-09-20 12:31:55] 控制路径段: 起点索引=3, 提取点数=16
[2026-09-20 12:31:55] 避障检测路径段: 起点索引=3, 提取点数=17
[2026-09-20 12:31:55] 当前避障路径段长度为：17
避障轨迹最近点索引为：3
[0m[ INFO] [1789878715.602204456]: local_x: 0.0985, local_y: 0.0551, gear: 1,  error_heading: 0.0142[0m
[0m[ INFO] [1789878715.602274505]: gear=1 points is droped, 5.8115, 1.9034[0m
[2026-09-20 12:31:55] 新的最近点索引: 4
[2026-09-20 12:31:55] 控制路径段: 起点索引=4, 提取点数=15
[2026-09-20 12:31:55] 避障检测路径段: 起点索引=4, 提取点数=16
[2026-09-20 12:31:55] 当前避障路径段长度为：16
避障轨迹最近点索引为：4
[0m[ INFO] [1789878715.701737775]: local_x: 0.2219, local_y: 0.0459, gear: 1,  error_heading: 0.0103[0m
[0m[ INFO] [1789878715.701803855]: 3 points is not droped, 5.8115, 2.0534, 1.5708, 1, 5.8597, 1.8320, 1.5811[0m
[2026-09-20 12:31:55] 控制路径段: 起点索引=4, 提取点数=15
[2026-09-20 12:31:55] 避障检测路径段: 起点索引=4, 提取点数=16
[2026-09-20 12:31:55] 当前避障路径段长度为：16
避障轨迹最近点索引为：4
[0m[ INFO] [1789878715.801690100]: local_x: 0.1992, local_y: 0.0500, gear: 1,  error_heading: 0.0101[0m
[0m[ INFO] [1789878715.801755925]: 3 points is not droped, 5.8115, 2.0534, 1.5708, 1, 5.8634, 1.8547, 1.5808[0m
[2026-09-20 12:31:55] 控制路径段: 起点索引=4, 提取点数=15
[2026-09-20 12:31:55] 避障检测路径段: 起点索引=4, 提取点数=16
[2026-09-20 12:31:55] 当前避障路径段长度为：16
避障轨迹最近点索引为：4
[0m[ INFO] [1789878715.901676631]: local_x: 0.1766, local_y: 0.0436, gear: 1,  error_heading: 0.0082[0m
[0m[ INFO] [1789878715.901735927]: 3 points is not droped, 5.8115, 2.0534, 1.5708, 1, 5.8565, 1.8771, 1.5790[0m
[2026-09-20 12:31:55] 控制路径段: 起点索引=4, 提取点数=15
[2026-09-20 12:31:55] 避障检测路径段: 起点索引=4, 提取点数=16
[2026-09-20 12:31:55] 当前避障路径段长度为：16
避障轨迹最近点索引为：4
[0m[ INFO] [1789878716.001746842]: local_x: 0.1540, local_y: 0.0474, gear: 1,  error_heading: 0.0092[0m
[0m[ INFO] [1789878716.001817723]: 3 points is not droped, 5.8115, 2.0534, 1.5708, 1, 5.8603, 1.8998, 1.5800[0m
[2026-09-20 12:31:56] 控制路径段: 起点索引=4, 提取点数=15
[2026-09-20 12:31:56] 避障检测路径段: 起点索引=4, 提取点数=16
[2026-09-20 12:31:56] 当前避障路径段长度为：16
避障轨迹最近点索引为：4
[0m[ INFO] [1789878716.101698812]: local_x: 0.1311, local_y: 0.0440, gear: 1,  error_heading: 0.0111[0m
[0m[ INFO] [1789878716.101755517]: 3 points is not droped, 5.8115, 2.0534, 1.5708, 1, 5.8569, 1.9228, 1.5819[0m
[2026-09-20 12:31:56] 控制路径段: 起点索引=4, 提取点数=15
[2026-09-20 12:31:56] 避障检测路径段: 起点索引=4, 提取点数=16
[2026-09-20 12:31:56] 当前避障路径段长度为：16
避障轨迹最近点索引为：4
[0m[ INFO] [1789878716.201693215]: local_x: 0.1082, local_y: 0.0475, gear: 1,  error_heading: 0.0135[0m
[0m[ INFO] [1789878716.201751840]: 3 points is not droped, 5.8115, 2.0534, 1.5708, 1, 5.8604, 1.9459, 1.5843[0m
[2026-09-20 12:31:56] 控制路径段: 起点索引=4, 提取点数=15
[2026-09-20 12:31:56] 避障检测路径段: 起点索引=4, 提取点数=16
[2026-09-20 12:31:56] 当前避障路径段长度为：16
避障轨迹最近点索引为：4
[0m[ INFO] [1789878716.301687618]: local_x: 0.0917, local_y: 0.0594, gear: 1,  error_heading: 0.0144[0m
[0m[ INFO] [1789878716.301740002]: gear=1 points is droped, 5.8115, 2.0534[0m
[2026-09-20 12:31:56] 新的最近点索引: 5
[2026-09-20 12:31:56] 控制路径段: 起点索引=5, 提取点数=14
[2026-09-20 12:31:56] 避障检测路径段: 起点索引=5, 提取点数=15
[2026-09-20 12:31:56] 当前避障路径段长度为：15
避障轨迹最近点索引为：5
[0m[ INFO] [1789878716.401678788]: local_x: 0.2034, local_y: 0.0470, gear: 1,  error_heading: 0.0132[0m
[0m[ INFO] [1789878716.401732613]: 3 points is not droped, 5.8115, 2.2034, 1.5708, 1, 5.8612, 2.0006, 1.5840[0m
[2026-09-20 12:31:56] 控制路径段: 起点索引=5, 提取点数=14
[2026-09-20 12:31:56] 避障检测路径段: 起点索引=5, 提取点数=15
[2026-09-20 12:31:56] 当前避障路径段长度为：15
避障轨迹最近点索引为：5
[0m[ INFO] [1789878716.501894025]: local_x: 0.1909, local_y: 0.0476, gear: 1,  error_heading: 0.0133[0m
[0m[ INFO] [1789878716.501995018]: 3 points is not droped, 5.8115, 2.2034, 1.5708, 1, 5.8616, 2.0132, 1.5841[0m
[2026-09-20 12:31:56] 控制路径段: 起点索引=5, 提取点数=14
[2026-09-20 12:31:56] 避障检测路径段: 起点索引=5, 提取点数=15
[2026-09-20 12:31:56] 当前避障路径段长度为：15
避障轨迹最近点索引为：5
[0m[ INFO] [1789878716.601897804]: local_x: 0.1538, local_y: 0.0446, gear: 1,  error_heading: 0.0167[0m
[0m[ INFO] [1789878716.601972141]: 3 points is not droped, 5.8115, 2.2034, 1.5708, 1, 5.8586, 2.0504, 1.5875[0m
[2026-09-20 12:31:56] 控制路径段: 起点索引=5, 提取点数=14
[2026-09-20 12:31:56] 避障检测路径段: 起点索引=5, 提取点数=15
[2026-09-20 12:31:56] 当前避障路径段长度为：15
避障轨迹最近点索引为：5
[0m[ INFO] [1789878716.701767981]: local_x: 0.1305, local_y: 0.0415, gear: 1,  error_heading: 0.0175[0m
[0m[ INFO] [1789878716.701832942]: 3 points is not droped, 5.8115, 2.2034, 1.5708, 1, 5.8553, 2.0736, 1.5883[0m
[2026-09-20 12:31:56] 控制路径段: 起点索引=5, 提取点数=14
[2026-09-20 12:31:56] 避障检测路径段: 起点索引=5, 提取点数=15
[2026-09-20 12:31:56] 当前避障路径段长度为：15
避障轨迹最近点索引为：5
[0m[ INFO] [1789878716.802642265]: local_x: 0.1053, local_y: 0.0433, gear: 1,  error_heading: 0.0193[0m
[0m[ INFO] [1789878716.802720281]: 3 points is not droped, 5.8115, 2.2034, 1.5708, 1, 5.8568, 2.0989, 1.5901[0m
[2026-09-20 12:31:56] 控制路径段: 起点索引=5, 提取点数=14
[2026-09-20 12:31:56] 避障检测路径段: 起点索引=5, 提取点数=15
[2026-09-20 12:31:56] 当前避障路径段长度为：15
避障轨迹最近点索引为：5
[0m[ INFO] [1789878716.901710290]: local_x: 0.0821, local_y: 0.0429, gear: 1,  error_heading: 0.0201[0m
[0m[ INFO] [1789878716.901772915]: gear=1 points is droped, 5.8115, 2.2034[0m
[2026-09-20 12:31:56] 新的最近点索引: 6
[2026-09-20 12:31:56] 控制路径段: 起点索引=6, 提取点数=13
[2026-09-20 12:31:56] 避障检测路径段: 起点索引=6, 提取点数=14
[2026-09-20 12:31:56] 当前避障路径段长度为：14
避障轨迹最近点索引为：6
[0m[ INFO] [1789878717.001753781]: local_x: 0.2074, local_y: 0.0413, gear: 1,  error_heading: 0.0222[0m
[0m[ INFO] [1789878717.001832246]: 3 points is not droped, 5.8115, 2.3534, 1.5708, 1, 5.8574, 2.1470, 1.5930[0m
[2026-09-20 12:31:57] 控制路径段: 起点索引=6, 提取点数=13
[2026-09-20 12:31:57] 避障检测路径段: 起点索引=6, 提取点数=14
[2026-09-20 12:31:57] 当前避障路径段长度为：14
避障轨迹最近点索引为：6
[0m[ INFO] [1789878717.101688727]: local_x: 0.1868, local_y: 0.0406, gear: 1,  error_heading: 0.0231[0m
[0m[ INFO] [1789878717.101743384]: 3 points is not droped, 5.8115, 2.3534, 1.5708, 1, 5.8564, 2.1676, 1.5939[0m
[2026-09-20 12:31:57] 控制路径段: 起点索引=6, 提取点数=13
[2026-09-20 12:31:57] 避障检测路径段: 起点索引=6, 提取点数=14
[2026-09-20 12:31:57] 当前避障路径段长度为：14
避障轨迹最近点索引为：6
[0m[ INFO] [1789878717.201735899]: local_x: 0.1747, local_y: 0.0417, gear: 1,  error_heading: 0.0241[0m
[0m[ INFO] [1789878717.201806011]: 3 points is not droped, 5.8115, 2.3534, 1.5708, 1, 5.8574, 2.1798, 1.5949[0m
[2026-09-20 12:31:57] 控制路径段: 起点索引=6, 提取点数=13
[2026-09-20 12:31:57] 避障检测路径段: 起点索引=6, 提取点数=14
[2026-09-20 12:31:57] 当前避障路径段长度为：14
避障轨迹最近点索引为：6
[0m[ INFO] [1789878717.301764382]: local_x: 0.1430, local_y: 0.0421, gear: 1,  error_heading: 0.0247[0m
[0m[ INFO] [1789878717.301836030]: 3 points is not droped, 5.8115, 2.3534, 1.5708, 1, 5.8571, 2.2114, 1.5955[0m
[2026-09-20 12:31:57] 控制路径段: 起点索引=6, 提取点数=13
[2026-09-20 12:31:57] 避障检测路径段: 起点索引=6, 提取点数=14
[2026-09-20 12:31:57] 当前避障路径段长度为：14
避障轨迹最近点索引为：6
[0m[ INFO] [1789878717.401734912]: local_x: 0.1283, local_y: 0.0441, gear: 1,  error_heading: 0.0259[0m
[0m[ INFO] [1789878717.401809249]: 3 points is not droped, 5.8115, 2.3534, 1.5708, 1, 5.8589, 2.2262, 1.5967[0m
[2026-09-20 12:31:57] 控制路径段: 起点索引=6, 提取点数=13
[2026-09-20 12:31:57] 避障检测路径段: 起点索引=6, 提取点数=14
[2026-09-20 12:31:57] 当前避障路径段长度为：14
避障轨迹最近点索引为：6
[0m[ INFO] [1789878717.501838468]: local_x: 0.0906, local_y: 0.0423, gear: 1,  error_heading: 0.0282[0m
[0m[ INFO] [1789878717.501919140]: gear=1 points is droped, 5.8115, 2.3534[0m
[2026-09-20 12:31:57] 新的最近点索引: 7
[2026-09-20 12:31:57] 控制路径段: 起点索引=7, 提取点数=12
[2026-09-20 12:31:57] 避障检测路径段: 起点索引=7, 提取点数=13
[2026-09-20 12:31:57] 当前避障路径段长度为：13
避障轨迹最近点索引为：7
[0m[ INFO] [1789878717.601766022]: local_x: 0.2285, local_y: 0.0384, gear: 1,  error_heading: 0.0287[0m
[0m[ INFO] [1789878717.601853767]: 3 points is not droped, 5.8115, 2.5034, 1.5708, 1, 5.8564, 2.2761, 1.5995[0m
[2026-09-20 12:31:57] 控制路径段: 起点索引=7, 提取点数=12
[2026-09-20 12:31:57] 避障检测路径段: 起点索引=7, 提取点数=13
[2026-09-20 12:31:57] 当前避障路径段长度为：13
避障轨迹最近点索引为：7
[0m[ INFO] [1789878717.701757800]: local_x: 0.1897, local_y: 0.0364, gear: 1,  error_heading: 0.0302[0m
[0m[ INFO] [1789878717.701849705]: 3 points is not droped, 5.8115, 2.5034, 1.5708, 1, 5.8536, 2.3149, 1.6010[0m
[2026-09-20 12:31:57] 控制路径段: 起点索引=7, 提取点数=12
[2026-09-20 12:31:57] 避障检测路径段: 起点索引=7, 提取点数=13
[2026-09-20 12:31:57] 当前避障路径段长度为：13
避障轨迹最近点索引为：7
[0m[ INFO] [1789878717.801785611]: local_x: 0.1655, local_y: 0.0369, gear: 1,  error_heading: 0.0311[0m
[0m[ INFO] [1789878717.801860908]: 3 points is not droped, 5.8115, 2.5034, 1.5708, 1, 5.8535, 2.3391, 1.6019[0m
[2026-09-20 12:31:57] 控制路径段: 起点索引=7, 提取点数=12
[2026-09-20 12:31:57] 避障检测路径段: 起点索引=7, 提取点数=13
[2026-09-20 12:31:57] 当前避障路径段长度为：13
避障轨迹最近点索引为：7
[0m[ INFO] [1789878717.901746350]: local_x: 0.1413, local_y: 0.0394, gear: 1,  error_heading: 0.0317[0m
[0m[ INFO] [1789878717.901818126]: 3 points is not droped, 5.8115, 2.5034, 1.5708, 1, 5.8553, 2.3634, 1.6024[0m
[2026-09-20 12:31:57] 控制路径段: 起点索引=7, 提取点数=12
[2026-09-20 12:31:57] 避障检测路径段: 起点索引=7, 提取点数=13
[2026-09-20 12:31:57] 当前避障路径段长度为：13
避障轨迹最近点索引为：7
[0m[ INFO] [1789878718.001729872]: local_x: 0.1173, local_y: 0.0401, gear: 1,  error_heading: 0.0332[0m
[0m[ INFO] [1789878718.001796753]: 3 points is not droped, 5.8115, 2.5034, 1.5708, 1, 5.8555, 2.3875, 1.6040[0m
[2026-09-20 12:31:58] 控制路径段: 起点索引=7, 提取点数=12
[2026-09-20 12:31:58] 避障检测路径段: 起点索引=7, 提取点数=13
[2026-09-20 12:31:58] 当前避障路径段长度为：13
避障轨迹最近点索引为：7
[0m[ INFO] [1789878718.101696434]: local_x: 0.1055, local_y: 0.0395, gear: 1,  error_heading: 0.0332[0m
[0m[ INFO] [1789878718.101755955]: 3 points is not droped, 5.8115, 2.5034, 1.5708, 1, 5.8545, 2.3992, 1.6040[0m
[2026-09-20 12:31:58] 控制路径段: 起点索引=7, 提取点数=12
[2026-09-20 12:31:58] 避障检测路径段: 起点索引=7, 提取点数=13
[2026-09-20 12:31:58] 当前避障路径段长度为：13
避障轨迹最近点索引为：7
[0m[ INFO] [1789878718.201680629]: local_x: 0.0809, local_y: 0.0441, gear: 1,  error_heading: 0.0337[0m
[0m[ INFO] [1789878718.201732854]: gear=1 points is droped, 5.8115, 2.5034[0m
[2026-09-20 12:31:58] 新的最近点索引: 8
[2026-09-20 12:31:58] 控制路径段: 起点索引=8, 提取点数=11
[2026-09-20 12:31:58] 避障检测路径段: 起点索引=8, 提取点数=12
[2026-09-20 12:31:58] 当前避障路径段长度为：12
避障轨迹最近点索引为：8
[0m[ INFO] [1789878718.301708760]: local_x: 0.1926, local_y: 0.0401, gear: 1,  error_heading: 0.0337[0m
[0m[ INFO] [1789878718.301772761]: 3 points is not droped, 5.8115, 2.6534, 1.5708, 1, 5.8581, 2.4622, 1.6045[0m
[2026-09-20 12:31:58] 控制路径段: 起点索引=8, 提取点数=11
[2026-09-20 12:31:58] 避障检测路径段: 起点索引=8, 提取点数=12
[2026-09-20 12:31:58] 当前避障路径段长度为：12
避障轨迹最近点索引为：8
[0m[ INFO] [1789878718.401770299]: local_x: 0.1815, local_y: 0.0440, gear: 1,  error_heading: 0.0326[0m
[0m[ INFO] [1789878718.401907325]: 3 points is not droped, 5.8115, 2.6534, 1.5708, 1, 5.8613, 2.4734, 1.6034[0m
[2026-09-20 12:31:58] 控制路径段: 起点索引=8, 提取点数=11
[2026-09-20 12:31:58] 避障检测路径段: 起点索引=8, 提取点数=12
[2026-09-20 12:31:58] 当前避障路径段长度为：12
避障轨迹最近点索引为：8
[0m[ INFO] [1789878718.501682781]: local_x: 0.1470, local_y: 0.0446, gear: 1,  error_heading: 0.0308[0m
[0m[ INFO] [1789878718.501733822]: 3 points is not droped, 5.8115, 2.6534, 1.5708, 1, 5.8606, 2.5079, 1.6016[0m
[2026-09-20 12:31:58] 控制路径段: 起点索引=8, 提取点数=11
[2026-09-20 12:31:58] 避障检测路径段: 起点索引=8, 提取点数=12
[2026-09-20 12:31:58] 当前避障路径段长度为：12
避障轨迹最近点索引为：8
[0m[ INFO] [1789878718.601698432]: local_x: 0.1232, local_y: 0.0446, gear: 1,  error_heading: 0.0304[0m
[0m[ INFO] [1789878718.601761697]: 3 points is not droped, 5.8115, 2.6534, 1.5708, 1, 5.8598, 2.5316, 1.6012[0m
[2026-09-20 12:31:58] 控制路径段: 起点索引=8, 提取点数=11
[2026-09-20 12:31:58] 避障检测路径段: 起点索引=8, 提取点数=12
[2026-09-20 12:31:58] 当前避障路径段长度为：12
避障轨迹最近点索引为：8
[0m[ INFO] [1789878718.701696547]: local_x: 0.0967, local_y: 0.0444, gear: 1,  error_heading: 0.0303[0m
[0m[ INFO] [1789878718.701749603]: gear=1 points is droped, 5.8115, 2.6534[0m
[2026-09-20 12:31:58] 新的最近点索引: 9
[2026-09-20 12:31:58] 控制路径段: 起点索引=9, 提取点数=10
[2026-09-20 12:31:58] 避障检测路径段: 起点索引=9, 提取点数=11
[2026-09-20 12:31:58] 当前避障路径段长度为：11
避障轨迹最近点索引为：9
[0m[ INFO] [1789878718.801684549]: local_x: 0.2223, local_y: 0.0403, gear: 1,  error_heading: 0.0304[0m
[0m[ INFO] [1789878718.801743430]: 3 points is not droped, 5.8115, 2.8034, 1.5708, 1, 5.8585, 2.5824, 1.6012[0m
[2026-09-20 12:31:58] 控制路径段: 起点索引=9, 提取点数=10
[2026-09-20 12:31:58] 避障检测路径段: 起点索引=9, 提取点数=11
[2026-09-20 12:31:58] 当前避障路径段长度为：11
避障轨迹最近点索引为：9
[0m[ INFO] [1789878718.901761193]: local_x: 0.1961, local_y: 0.0399, gear: 1,  error_heading: 0.0303[0m
[0m[ INFO] [1789878718.901860490]: 3 points is not droped, 5.8115, 2.8034, 1.5708, 1, 5.8573, 2.6086, 1.6011[0m
[2026-09-20 12:31:58] 控制路径段: 起点索引=9, 提取点数=10
[2026-09-20 12:31:58] 避障检测路径段: 起点索引=9, 提取点数=11
[2026-09-20 12:31:58] 当前避障路径段长度为：11
避障轨迹最近点索引为：9
[0m[ INFO] [1789878719.001721643]: local_x: 0.1722, local_y: 0.0404, gear: 1,  error_heading: 0.0298[0m
[0m[ INFO] [1789878719.001785868]: 3 points is not droped, 5.8115, 2.8034, 1.5708, 1, 5.8570, 2.6324, 1.6006[0m
[2026-09-20 12:31:59] 控制路径段: 起点索引=9, 提取点数=10
[2026-09-20 12:31:59] 避障检测路径段: 起点索引=9, 提取点数=11
[2026-09-20 12:31:59] 当前避障路径段长度为：11
避障轨迹最近点索引为：9
[0m[ INFO] [1789878719.101715630]: local_x: 0.1448, local_y: 0.0433, gear: 1,  error_heading: 0.0290[0m
[0m[ INFO] [1789878719.101788078]: 3 points is not droped, 5.8115, 2.8034, 1.5708, 1, 5.8590, 2.6599, 1.5998[0m
[2026-09-20 12:31:59] 控制路径段: 起点索引=9, 提取点数=10
[2026-09-20 12:31:59] 避障检测路径段: 起点索引=9, 提取点数=11
[2026-09-20 12:31:59] 当前避障路径段长度为：11
避障轨迹最近点索引为：9
[0m[ INFO] [1789878719.201727889]: local_x: 0.1207, local_y: 0.0436, gear: 1,  error_heading: 0.0280[0m
[0m[ INFO] [1789878719.201791793]: 3 points is not droped, 5.8115, 2.8034, 1.5708, 1, 5.8584, 2.6840, 1.5988[0m
[2026-09-20 12:31:59] 控制路径段: 起点索引=9, 提取点数=10
[2026-09-20 12:31:59] 避障检测路径段: 起点索引=9, 提取点数=11
[2026-09-20 12:31:59] 当前避障路径段长度为：11
避障轨迹最近点索引为：9
[0m[ INFO] [1789878719.301730515]: local_x: 0.1007, local_y: 0.0448, gear: 1,  error_heading: 0.0275[0m
[0m[ INFO] [1789878719.301792212]: 3 points is not droped, 5.8115, 2.8034, 1.5708, 1, 5.8591, 2.7039, 1.5983[0m
[2026-09-20 12:31:59] 控制路径段: 起点索引=9, 提取点数=10
[2026-09-20 12:31:59] 避障检测路径段: 起点索引=9, 提取点数=11
[2026-09-20 12:31:59] 当前避障路径段长度为：11
避障轨迹最近点索引为：9
[0m[ INFO] [1789878719.401717718]: local_x: 0.0715, local_y: 0.0448, gear: 1,  error_heading: 0.0274[0m
[0m[ INFO] [1789878719.401775894]: gear=1 points is droped, 5.8115, 2.8034[0m
[2026-09-20 12:31:59] 新的最近点索引: 10
[2026-09-20 12:31:59] 控制路径段: 起点索引=10, 提取点数=9
[2026-09-20 12:31:59] 避障检测路径段: 起点索引=10, 提取点数=10
[2026-09-20 12:31:59] 当前避障路径段长度为：10
避障轨迹最近点索引为：10
[0m[ INFO] [1789878719.501711640]: local_x: 0.1981, local_y: 0.0415, gear: 1,  error_heading: 0.0274[0m
[0m[ INFO] [1789878719.501777529]: 3 points is not droped, 5.8115, 2.9534, 1.5708, 1, 5.8584, 2.7565, 1.5981[0m
[2026-09-20 12:31:59] 控制路径段: 起点索引=10, 提取点数=9
[2026-09-20 12:31:59] 避障检测路径段: 起点索引=10, 提取点数=10
[2026-09-20 12:31:59] 当前避障路径段长度为：10
避障轨迹最近点索引为：10
[0m[ INFO] [1789878719.601724379]: local_x: 0.1742, local_y: 0.0423, gear: 1,  error_heading: 0.0272[0m
[0m[ INFO] [1789878719.601797980]: 3 points is not droped, 5.8115, 2.9534, 1.5708, 1, 5.8585, 2.7805, 1.5980[0m
[2026-09-20 12:31:59] 控制路径段: 起点索引=10, 提取点数=9
[2026-09-20 12:31:59] 避障检测路径段: 起点索引=10, 提取点数=10
[2026-09-20 12:31:59] 当前避障路径段长度为：10
避障轨迹最近点索引为：10
[0m[ INFO] [1789878719.701710462]: local_x: 0.1619, local_y: 0.0433, gear: 1,  error_heading: 0.0270[0m
[0m[ INFO] [1789878719.701764382]: 3 points is not droped, 5.8115, 2.9534, 1.5708, 1, 5.8591, 2.7927, 1.5978[0m
[2026-09-20 12:31:59] 控制路径段: 起点索引=10, 提取点数=9
[2026-09-20 12:31:59] 避障检测路径段: 起点索引=10, 提取点数=10
[2026-09-20 12:31:59] 当前避障路径段长度为：10
避障轨迹最近点索引为：10
[0m[ INFO] [1789878719.801698248]: local_x: 0.1248, local_y: 0.0417, gear: 1,  error_heading: 0.0269[0m
[0m[ INFO] [1789878719.801753577]: 3 points is not droped, 5.8115, 2.9534, 1.5708, 1, 5.8565, 2.8298, 1.5977[0m
[2026-09-20 12:31:59] 控制路径段: 起点索引=10, 提取点数=9
[2026-09-20 12:31:59] 避障检测路径段: 起点索引=10, 提取点数=10
[2026-09-20 12:31:59] 当前避障路径段长度为：10
避障轨迹最近点索引为：10
[0m[ INFO] [1789878719.902165758]: local_x: 0.0998, local_y: 0.0406, gear: 1,  error_heading: 0.0280[0m
[0m[ INFO] [1789878719.902222238]: gear=1 points is droped, 5.8115, 2.9534[0m
[2026-09-20 12:31:59] 新的最近点索引: 11
[2026-09-20 12:31:59] 控制路径段: 起点索引=11, 提取点数=8
[2026-09-20 12:31:59] 避障检测路径段: 起点索引=11, 提取点数=9
[2026-09-20 12:31:59] 当前避障路径段长度为：9
避障轨迹最近点索引为：11
[0m[ INFO] [1789878720.001704937]: local_x: 0.2260, local_y: 0.0380, gear: 1,  error_heading: 0.0286[0m
[0m[ INFO] [1789878720.001757866]: 3 points is not droped, 5.8115, 3.1034, 1.5708, 1, 5.8559, 2.8786, 1.5994[0m
[2026-09-20 12:32:00] 控制路径段: 起点索引=11, 提取点数=8
[2026-09-20 12:32:00] 避障检测路径段: 起点索引=11, 提取点数=9
[2026-09-20 12:32:00] 当前避障路径段长度为：9
避障轨迹最近点索引为：11
[0m[ INFO] [1789878720.101741722]: local_x: 0.2010, local_y: 0.0382, gear: 1,  error_heading: 0.0282[0m
[0m[ INFO] [1789878720.101799547]: 3 points is not droped, 5.8115, 3.1034, 1.5708, 1, 5.8553, 2.9036, 1.5990[0m
[2026-09-20 12:32:00] 控制路径段: 起点索引=11, 提取点数=8
[2026-09-20 12:32:00] 避障检测路径段: 起点索引=11, 提取点数=9
[2026-09-20 12:32:00] 当前避障路径段长度为：9
避障轨迹最近点索引为：11
[0m[ INFO] [1789878720.201730666]: local_x: 0.1816, local_y: 0.0392, gear: 1,  error_heading: 0.0285[0m
[0m[ INFO] [1789878720.201794987]: 3 points is not droped, 5.8115, 3.1034, 1.5708, 1, 5.8558, 2.9230, 1.5993[0m
[2026-09-20 12:32:00] 控制路径段: 起点索引=11, 提取点数=8
[2026-09-20 12:32:00] 避障检测路径段: 起点索引=11, 提取点数=9
[2026-09-20 12:32:00] 当前避障路径段长度为：9
避障轨迹最近点索引为：11
[0m[ INFO] [1789878720.301687962]: local_x: 0.1989, local_y: 0.0454, gear: 1,  error_heading: 0.0280[0m
[0m[ INFO] [1789878720.301738459]: 3 points is not droped, 5.8115, 3.1034, 1.5708, 1, 5.8624, 2.9058, 1.5988[0m
[2026-09-20 12:32:00] 控制路径段: 起点索引=11, 提取点数=8
[2026-09-20 12:32:00] 避障检测路径段: 起点索引=11, 提取点数=9
[2026-09-20 12:32:00] 当前避障路径段长度为：9
避障轨迹最近点索引为：11
[0m[ INFO] [1789878720.401806412]: local_x: 0.1716, local_y: 0.0406, gear: 1,  error_heading: 0.0286[0m
[0m[ INFO] [1789878720.401887756]: 3 points is not droped, 5.8115, 3.1034, 1.5708, 1, 5.8569, 2.9330, 1.5994[0m
[2026-09-20 12:32:00] 控制路径段: 起点索引=11, 提取点数=8
[2026-09-20 12:32:00] 避障检测路径段: 起点索引=11, 提取点数=9
[2026-09-20 12:32:00] 当前避障路径段长度为：9
避障轨迹最近点索引为：11
[0m[ INFO] [1789878720.502472611]: local_x: 0.1634, local_y: 0.0415, gear: 1,  error_heading: 0.0287[0m
[0m[ INFO] [1789878720.502629956]: 3 points is not droped, 5.8115, 3.1034, 1.5708, 1, 5.8577, 2.9413, 1.5995[0m
[2026-09-20 12:32:00] 控制路径段: 起点索引=11, 提取点数=8
[2026-09-20 12:32:00] 避障检测路径段: 起点索引=11, 提取点数=9
[2026-09-20 12:32:00] 当前避障路径段长度为：9
避障轨迹最近点索引为：11
[0m[ INFO] [1789878720.601893325]: local_x: 0.1689, local_y: 0.0406, gear: 1,  error_heading: 0.0287[0m
[0m[ INFO] [1789878720.601958958]: 3 points is not droped, 5.8115, 3.1034, 1.5708, 1, 5.8569, 2.9357, 1.5995[0m
[2026-09-20 12:32:00] 控制路径段: 起点索引=11, 提取点数=8
[2026-09-20 12:32:00] 避障检测路径段: 起点索引=11, 提取点数=9
[2026-09-20 12:32:00] 当前避障路径段长度为：9
避障轨迹最近点索引为：11
[0m[ INFO] [1789878720.701716252]: local_x: 0.1747, local_y: 0.0400, gear: 1,  error_heading: 0.0282[0m
[0m[ INFO] [1789878720.701773596]: 3 points is not droped, 5.8115, 3.1034, 1.5708, 1, 5.8564, 2.9299, 1.5990[0m
[2026-09-20 12:32:00] 控制路径段: 起点索引=11, 提取点数=8
[2026-09-20 12:32:00] 避障检测路径段: 起点索引=11, 提取点数=9
[2026-09-20 12:32:00] 当前避障路径段长度为：9
[2026-09-20 12:32:00] 避障状态改变为割草状态，准备继续割草轨迹
[33m[ WARN] [1789878720.801839277]: the goal_point is : 5.690192, 4.235341[0m
[33m[ WARN] [1789878720.801915214]: the nearest index is : 25, the nearest point is : 5.690192,4.235341[0m
[2026-09-20 12:32:00] 控制路径段: 起点索引=25, 提取点数=189
[2026-09-20 12:32:00] 避障检测路径段: 起点索引=25, 提取点数=0
[2026-09-20 12:32:00] 避障结束，继续割草轨迹，最近割草路径点索引: 25
[2026-09-20 12:32:00] 控制路径段: 起点索引=0, 提取点数=1
[2026-09-20 12:32:00] 避障检测路径段: 起点索引=0, 提取点数=200
[0m[ INFO] [1789878720.901658652]: local_x: 1.3072, local_y: 0.1255, gear: 2,  error_heading: -0.5608[0m
[2026-09-20 12:32:00] 还未完成转向!
[0m[ INFO] [1789878720.948235857]: 0 points is not droped, 5.6902, 4.2353, 2.1601, 2, 5.8528, 2.9322, 1.5993[0m
[2026-09-20 12:32:00] 控制路径段: 起点索引=0, 提取点数=1
[2026-09-20 12:32:00] 避障检测路径段: 起点索引=0, 提取点数=200
[0m[ INFO] [1789878721.006811456]: local_x: 1.2977, local_y: 0.1269, gear: 2,  error_heading: -0.5616[0m
[2026-09-20 12:32:01] 还未完成转向!
[0m[ INFO] [1789878721.048184449]: 0 points is not droped, 5.6902, 4.2353, 2.1601, 2, 5.8530, 2.9417, 1.5985[0m
[2026-09-20 12:32:01] 控制路径段: 起点索引=0, 提取点数=1
[2026-09-20 12:32:01] 避障检测路径段: 起点索引=0, 提取点数=200
[0m[ INFO] [1789878721.101719709]: local_x: 1.2790, local_y: 0.1249, gear: 2,  error_heading: -0.5625[0m
[2026-09-20 12:32:01] 还未完成转向!
[0m[ INFO] [1789878721.148152337]: 0 points is not droped, 5.6902, 4.2353, 2.1601, 2, 5.8494, 2.9602, 1.5976[0m
[2026-09-20 12:32:01] 控制路径段: 起点索引=0, 提取点数=1
[2026-09-20 12:32:01] 避障检测路径段: 起点索引=0, 提取点数=200
[0m[ INFO] [1789878721.201901711]: local_x: 1.2484, local_y: 0.1240, gear: 2,  error_heading: -0.5615[0m
[2026-09-20 12:32:01] 还未完成转向!
[0m[ INFO] [1789878721.248181826]: 0 points is not droped, 5.6902, 4.2353, 2.1601, 2, 5.8489, 2.9909, 1.5986[0m
[2026-09-20 12:32:01] 控制路径段: 起点索引=0, 提取点数=1
[2026-09-20 12:32:01] 避障检测路径段: 起点索引=0, 提取点数=200
[0m[ INFO] [1789878729.301703385]: [2026-09-20 12:32:09] 接收到避障轨迹，轨迹点数为34[0m
avoid_path_: 5.66147 , 2.65339, 1.5708, 2
avoid_path_: 5.66147 , 2.80339, 1.5708, 1
avoid_path_: 5.66147 , 2.95339, 1.5708, 1
avoid_path_: 5.66147 , 3.10339, 0.785397, 2
avoid_path_: 5.81147 , 3.25339, 0.785398, 1
avoid_path_: 5.96147 , 3.40339, 0.785399, 1
avoid_path_: 6.11147 , 3.55339, 0.785398, 1
avoid_path_: 6.26147 , 3.70339, 0.785398, 1
avoid_path_: 6.41147 , 3.85339, 0.785397, 1
avoid_path_: 6.56147 , 4.00339, 1.5708, 2
avoid_path_: 6.56147 , 4.15339, 1.5708, 1
avoid_path_: 6.56147 , 4.30339, 1.5708, 1
avoid_path_: 6.56147 , 4.45339, 1.5708, 1
avoid_path_: 6.56147 , 4.60339, 1.5708, 1
avoid_path_: 6.56147 , 4.75339, 1.5708, 1
avoid_path_: 6.56147 , 4.90339, 1.5708, 1
avoid_path_: 6.56147 , 5.05339, 1.5708, 1
avoid_path_: 6.56147 , 5.20339, 2.3562, 2
avoid_path_: 6.41147 , 5.35339, 2.35619, 1
avoid_path_: 6.26147 , 5.50339, 2.35619, 1
avoid_path_: 6.11147 , 5.65339, 2.35619, 1
avoid_path_: 5.96147 , 5.80339, 2.35619, 1
avoid_path_: 5.81147 , 5.95339, 2.3562, 1
avoid_path_: 5.66147 , 6.10339, 2.35619, 1
avoid_path_: 5.51147 , 6.25339, 2.35619, 1
avoid_path_: 5.36147 , 6.40339, 2.35619, 1
avoid_path_: 5.21147 , 6.55339, -3.14159, 2
avoid_path_: 5.06147 , 6.55339, -3.14159, 1
avoid_path_: 4.91147 , 6.55339, -3.14159, 1
avoid_path_: 4.76147 , 6.55339, -3.14159, 1
avoid_path_: 4.61147 , 6.55339, -3.14159, 1
avoid_path_: 4.46147 , 6.55339, -3.14159, 1
avoid_path_: 4.31147 , 6.55339, -3.14159, 1
avoid_path_: 4.16147 , 6.55339, -3.14159, 1
[2026-09-20 12:32:09] 避障轨迹已生成，首次进入避障模式
避障轨迹最近点索引为：0
[0m[ INFO] [1789878729.302267007]: local_x: -0.1885, local_y: 0.1975, gear: 2,  error_heading: 0.0267[0m
[2026-09-20 12:32:09] 还未完成转向!
[0m[ INFO] [1789878729.348311722]: 0 points is not droped, 5.6615, 2.6534, 1.5708, 2, 5.8539, 2.8471, 1.5975[0m
[2026-09-20 12:32:09] 控制路径段: 起点索引=0, 提取点数=1
[2026-09-20 12:32:09] 避障检测路径段: 起点索引=0, 提取点数=34
[2026-09-20 12:32:09] 当前避障路径段长度为：34
避障轨迹最近点索引为：0
[0m[ INFO] [1789878729.401733280]: local_x: -0.1888, local_y: 0.1967, gear: 2,  error_heading: 0.0267[0m
[2026-09-20 12:32:09] 还未完成转向!
[0m[ INFO] [1789878729.498451973]: 0 points is not droped, 5.6615, 2.6534, 1.5708, 2, 5.8531, 2.8473, 1.5975[0m
[2026-09-20 12:32:09] 控制路径段: 起点索引=0, 提取点数=1
[2026-09-20 12:32:09] 避障检测路径段: 起点索引=0, 提取点数=34
[2026-09-20 12:32:09] 当前避障路径段长度为：34
避障轨迹最近点索引为：0
[0m[ INFO] [1789878729.501677158]: local_x: -0.1887, local_y: 0.1967, gear: 2,  error_heading: 0.0267[0m
[2026-09-20 12:32:09] 还未完成转向!
[0m[ INFO] [1789878729.548341496]: 0 points is not droped, 5.6615, 2.6534, 1.5708, 2, 5.8531, 2.8473, 1.5975[0m
[2026-09-20 12:32:09] 控制路径段: 起点索引=0, 提取点数=1
[2026-09-20 12:32:09] 避障检测路径段: 起点索引=0, 提取点数=34
[2026-09-20 12:32:09] 当前避障路径段长度为：34
避障轨迹最近点索引为：0
[33m[ WARN] [1789878729.648226493]: First gear=2 point is dropped[0m
[0m[ INFO] [1789878729.601721228]: local_x: -0.1882, local_y: 0.1966, gear: 2,  error_heading: 0.0267[0m
[0m[ INFO] [1789878729.648181756]: gear=2 points is droped, 5.6615, 2.6534[0m
[2026-09-20 12:32:09] 转向完成!
[2026-09-20 12:32:09] 新的最近点索引: 1
[2026-09-20 12:32:09] 控制路径段: 起点索引=1, 提取点数=3
[2026-09-20 12:32:09] 避障检测路径段: 起点索引=1, 提取点数=33
[2026-09-20 12:32:09] 当前避障路径段长度为：33
避障轨迹最近点索引为：1
[0m[ INFO] [1789878729.701770963]: local_x: -0.0383, local_y: 0.1926, gear: 1,  error_heading: 0.0267[0m
[0m[ INFO] [1789878729.701837396]: gear=1 points is droped, 5.6615, 2.8034[0m
[2026-09-20 12:32:09] 新的最近点索引: 2
[2026-09-20 12:32:09] 控制路径段: 起点索引=2, 提取点数=2
[2026-09-20 12:32:09] 避障检测路径段: 起点索引=2, 提取点数=32
[2026-09-20 12:32:09] 当前避障路径段长度为：32
避障轨迹最近点索引为：2
[0m[ INFO] [1789878729.803548172]: local_x: 0.1116, local_y: 0.1885, gear: 1,  error_heading: 0.0267[0m
[0m[ INFO] [1789878729.803621388]: 0 points is not droped, 5.6615, 2.9534, 1.5708, 1, 5.8529, 2.8468, 1.5975[0m
[2026-09-20 12:32:09] 控制路径段: 起点索引=2, 提取点数=2
[2026-09-20 12:32:09] 避障检测路径段: 起点索引=2, 提取点数=32
[2026-09-20 12:32:09] 当前避障路径段长度为：32
避障轨迹最近点索引为：2
[0m[ INFO] [1789878729.901697728]: local_x: 0.1108, local_y: 0.1885, gear: 1,  error_heading: 0.0267[0m
[0m[ INFO] [1789878729.901761536]: 0 points is not droped, 5.6615, 2.9534, 1.5708, 1, 5.8529, 2.8477, 1.5975[0m
[2026-09-20 12:32:09] 控制路径段: 起点索引=2, 提取点数=2
[2026-09-20 12:32:09] 避障检测路径段: 起点索引=2, 提取点数=32
[2026-09-20 12:32:09] 当前避障路径段长度为：32
避障轨迹最近点索引为：2
[0m[ INFO] [1789878730.001788071]: local_x: 0.1095, local_y: 0.1889, gear: 1,  error_heading: 0.0267[0m
[0m[ INFO] [1789878730.001853960]: 0 points is not droped, 5.6615, 2.9534, 1.5708, 1, 5.8532, 2.8489, 1.5975[0m
[2026-09-20 12:32:10] 控制路径段: 起点索引=2, 提取点数=2
[2026-09-20 12:32:10] 避障检测路径段: 起点索引=2, 提取点数=32
[2026-09-20 12:32:10] 当前避障路径段长度为：32
避障轨迹最近点索引为：2
[0m[ INFO] [1789878730.101740909]: local_x: 0.1015, local_y: 0.1889, gear: 1,  error_heading: 0.0373[0m
[0m[ INFO] [1789878730.101811662]: 0 points is not droped, 5.6615, 2.9534, 1.5708, 1, 5.8540, 2.8590, 1.6081[0m
[2026-09-20 12:32:10] 控制路径段: 起点索引=2, 提取点数=2
[2026-09-20 12:32:10] 避障检测路径段: 起点索引=2, 提取点数=32
[2026-09-20 12:32:10] 当前避障路径段长度为：32
避障轨迹最近点索引为：2
[0m[ INFO] [1789878730.201705683]: local_x: 0.0978, local_y: 0.1866, gear: 1,  error_heading: 0.0609[0m
[0m[ INFO] [1789878730.201762995]: gear=1 points is droped, 5.6615, 2.9534[0m
[2026-09-20 12:32:10] 新的最近点索引: 3
[2026-09-20 12:32:10] 控制路径段: 起点索引=3, 提取点数=1
[2026-09-20 12:32:10] 避障检测路径段: 起点索引=3, 提取点数=31
[2026-09-20 12:32:10] 当前避障路径段长度为：31
避障轨迹最近点索引为：3
[0m[ INFO] [1789878730.301728346]: local_x: 0.2406, local_y: 0.1708, gear: 2,  error_heading: 0.8777[0m
[2026-09-20 12:32:10] 还未完成转向!
[0m[ INFO] [1789878730.348144745]: 0 points is not droped, 5.6615, 3.1034, 0.7854, 2, 5.8537, 2.8795, 1.6631[0m
[2026-09-20 12:32:10] 控制路径段: 起点索引=3, 提取点数=1
[2026-09-20 12:32:10] 避障检测路径段: 起点索引=3, 提取点数=31
[2026-09-20 12:32:10] 当前避障路径段长度为：31
避障轨迹最近点索引为：3
[0m[ INFO] [1789878730.401735776]: local_x: 0.2432, local_y: 0.1650, gear: 2,  error_heading: 0.8968[0m
[2026-09-20 12:32:10] 还未完成转向!
[0m[ INFO] [1789878730.448207664]: 0 points is not droped, 5.6615, 3.1034, 0.7854, 2, 5.8525, 2.8800, 1.6822[0m
[2026-09-20 12:32:10] 控制路径段: 起点索引=3, 提取点数=1
[2026-09-20 12:32:10] 避障检测路径段: 起点索引=3, 提取点数=31
[2026-09-20 12:32:10] 当前避障路径段长度为：31
避障轨迹最近点索引为：3
[0m[ INFO] [1789878730.502018441]: local_x: 0.2386, local_y: 0.1539, gear: 2,  error_heading: 0.9477[0m
[2026-09-20 12:32:10] 还未完成转向!
[0m[ INFO] [1789878730.548233399]: 0 points is not droped, 5.6615, 3.1034, 0.7854, 2, 5.8519, 2.8928, 1.7331[0m
[2026-09-20 12:32:10] 控制路径段: 起点索引=3, 提取点数=1
[2026-09-20 12:32:10] 避障检测路径段: 起点索引=3, 提取点数=31
[2026-09-20 12:32:10] 当前避障路径段长度为：31
避障轨迹最近点索引为：3
[0m[ INFO] [1789878730.601871022]: local_x: 0.2344, local_y: 0.1461, gear: 2,  error_heading: 0.9812[0m
[2026-09-20 12:32:10] 还未完成转向!
[0m[ INFO] [1789878730.648372095]: 0 points is not droped, 5.6615, 3.1034, 0.7854, 2, 5.8504, 2.9019, 1.7666[0m
[2026-09-20 12:32:10] 控制路径段: 起点索引=3, 提取点数=1
[2026-09-20 12:32:10] 避障检测路径段: 起点索引=3, 提取点数=31
[2026-09-20 12:32:10] 当前避障路径段长度为：31
避障轨迹最近点索引为：3
[0m[ INFO] [1789878730.705618490]: local_x: 0.2307, local_y: 0.1404, gear: 2,  error_heading: 1.0127[0m
[2026-09-20 12:32:10] 还未完成转向!
[0m[ INFO] [1789878730.748368965]: 0 points is not droped, 5.6615, 3.1034, 0.7854, 2, 5.8503, 2.9103, 1.7981[0m
[2026-09-20 12:32:10] 控制路径段: 起点索引=3, 提取点数=1
[2026-09-20 12:32:10] 避障检测路径段: 起点索引=3, 提取点数=31
[2026-09-20 12:32:10] 当前避障路径段长度为：31
避障轨迹最近点索引为：3
[0m[ INFO] [1789878730.802225119]: local_x: 0.2262, local_y: 0.1351, gear: 2,  error_heading: 1.0431[0m
[2026-09-20 12:32:10] 还未完成转向!
[0m[ INFO] [1789878730.848183562]: 0 points is not droped, 5.6615, 3.1034, 0.7854, 2, 5.8498, 2.9191, 1.8285[0m
[2026-09-20 12:32:10] 控制路径段: 起点索引=3, 提取点数=1
[2026-09-20 12:32:10] 避障检测路径段: 起点索引=3, 提取点数=31
[2026-09-20 12:32:10] 当前避障路径段长度为：31
避障轨迹最近点索引为：3
[0m[ INFO] [1789878730.901710272]: local_x: 0.2228, local_y: 0.1292, gear: 2,  error_heading: 1.0777[0m
[2026-09-20 12:32:10] 还未完成转向!
[0m[ INFO] [1789878730.948134767]: 0 points is not droped, 5.6615, 3.1034, 0.7854, 2, 5.8494, 2.9273, 1.8631[0m
[2026-09-20 12:32:10] 控制路径段: 起点索引=3, 提取点数=1
[2026-09-20 12:32:10] 避障检测路径段: 起点索引=3, 提取点数=31
[2026-09-20 12:32:10] 当前避障路径段长度为：31
避障轨迹最近点索引为：3
[0m[ INFO] [1789878731.002397869]: local_x: 0.2207, local_y: 0.1256, gear: 2,  error_heading: 1.0948[0m
[2026-09-20 12:32:11] 还未完成转向!
[0m[ INFO] [1789878731.048216791]: 0 points is not droped, 5.6615, 3.1034, 0.7854, 2, 5.8483, 2.9314, 1.8802[0m
[2026-09-20 12:32:11] 控制路径段: 起点索引=3, 提取点数=1
[2026-09-20 12:32:11] 避障检测路径段: 起点索引=3, 提取点数=31
[2026-09-20 12:32:11] 当前避障路径段长度为：31
避障轨迹最近点索引为：3
[0m[ INFO] [1789878731.101715021]: local_x: 0.2148, local_y: 0.1189, gear: 2,  error_heading: 1.1430[0m
[2026-09-20 12:32:11] 还未完成转向!
[0m[ INFO] [1789878731.148147516]: 0 points is not droped, 5.6615, 3.1034, 0.7854, 2, 5.8480, 2.9438, 1.9284[0m
[2026-09-20 12:32:11] 控制路径段: 起点索引=3, 提取点数=1
[2026-09-20 12:32:11] 避障检测路径段: 起点索引=3, 提取点数=31
[2026-09-20 12:32:11] 当前避障路径段长度为：31
避障轨迹最近点索引为：3
[0m[ INFO] [1789878731.201720115]: local_x: 0.2124, local_y: 0.1169, gear: 2,  error_heading: 1.1579[0m
[2026-09-20 12:32:11] 还未完成转向!
[0m[ INFO] [1789878731.248362533]: 0 points is not droped, 5.6615, 3.1034, 0.7854, 2, 5.8477, 2.9481, 1.9433[0m
[2026-09-20 12:32:11] 控制路径段: 起点索引=3, 提取点数=1
[2026-09-20 12:32:11] 避障检测路径段: 起点索引=3, 提取点数=31
[2026-09-20 12:32:11] 当前避障路径段长度为：31
避障轨迹最近点索引为：3
[0m[ INFO] [1789878731.301711930]: local_x: 0.2099, local_y: 0.1148, gear: 2,  error_heading: 1.1726[0m
[2026-09-20 12:32:11] 还未完成转向!
[0m[ INFO] [1789878731.348186570]: 0 points is not droped, 5.6615, 3.1034, 0.7854, 2, 5.8470, 2.9524, 1.9580[0m
[2026-09-20 12:32:11] 控制路径段: 起点索引=3, 提取点数=1
[2026-09-20 12:32:11] 避障检测路径段: 起点索引=3, 提取点数=31
[2026-09-20 12:32:11] 当前避障路径段长度为：31
避障轨迹最近点索引为：3
[0m[ INFO] [1789878731.401761953]: local_x: 0.2040, local_y: 0.1059, gear: 2,  error_heading: 1.2242[0m
[2026-09-20 12:32:11] 还未完成转向!
[0m[ INFO] [1789878731.448198992]: 0 points is not droped, 5.6615, 3.1034, 0.7854, 2, 5.8440, 2.9637, 2.0096[0m
[2026-09-20 12:32:11] 控制路径段: 起点索引=3, 提取点数=1
[2026-09-20 12:32:11] 避障检测路径段: 起点索引=3, 提取点数=31
[2026-09-20 12:32:11] 当前避障路径段长度为：31
避障轨迹最近点索引为：3
[0m[ INFO] [1789878731.501873480]: local_x: 0.1976, local_y: 0.0965, gear: 2,  error_heading: 1.2800[0m
[2026-09-20 12:32:11] 还未完成转向!
[0m[ INFO] [1789878731.548200823]: 0 points is not droped, 5.6615, 3.1034, 0.7854, 2, 5.8403, 2.9753, 2.0654[0m
[2026-09-20 12:32:11] 控制路径段: 起点索引=3, 提取点数=1
[2026-09-20 12:32:11] 避障检测路径段: 起点索引=3, 提取点数=31
[2026-09-20 12:32:11] 当前避障路径段长度为：31
避障轨迹最近点索引为：3
[0m[ INFO] [1789878731.602142801]: local_x: 0.1949, local_y: 0.0938, gear: 2,  error_heading: 1.2988[0m
[2026-09-20 12:32:11] 还未完成转向!
[0m[ INFO] [1789878731.648224669]: 0 points is not droped, 5.6615, 3.1034, 0.7854, 2, 5.8389, 2.9797, 2.0842[0m
[2026-09-20 12:32:11] 控制路径段: 起点索引=3, 提取点数=1
[2026-09-20 12:32:11] 避障检测路径段: 起点索引=3, 提取点数=31
[2026-09-20 12:32:11] 当前避障路径段长度为：31
避障轨迹最近点索引为：3
[0m[ INFO] [1789878731.701798580]: local_x: 0.1881, local_y: 0.0852, gear: 2,  error_heading: 1.3534[0m
[2026-09-20 12:32:11] 还未完成转向!
[0m[ INFO] [1789878731.748181155]: 0 points is not droped, 5.6615, 3.1034, 0.7854, 2, 5.8345, 2.9907, 2.1388[0m
[2026-09-20 12:32:11] 控制路径段: 起点索引=3, 提取点数=1
[2026-09-20 12:32:11] 避障检测路径段: 起点索引=3, 提取点数=31
[2026-09-20 12:32:11] 当前避障路径段长度为：31
避障轨迹最近点索引为：3
[0m[ INFO] [1789878731.801704219]: local_x: 0.1852, local_y: 0.0828, gear: 2,  error_heading: 1.3712[0m
[2026-09-20 12:32:11] 还未完成转向!
[0m[ INFO] [1789878731.848217868]: 0 points is not droped, 5.6615, 3.1034, 0.7854, 2, 5.8328, 2.9948, 2.1566[0m
[2026-09-20 12:32:11] 控制路径段: 起点索引=3, 提取点数=1
[2026-09-20 12:32:11] 避障检测路径段: 起点索引=3, 提取点数=31
[2026-09-20 12:32:11] 当前避障路径段长度为：31
避障轨迹最近点索引为：3
[0m[ INFO] [1789878731.901720964]: local_x: 0.1792, local_y: 0.0784, gear: 2,  error_heading: 1.4065[0m
[2026-09-20 12:32:11] 还未完成转向!
[0m[ INFO] [1789878731.948134420]: 0 points is not droped, 5.6615, 3.1034, 0.7854, 2, 5.8295, 3.0032, 2.1919[0m
[2026-09-20 12:32:11] 控制路径段: 起点索引=3, 提取点数=1
[2026-09-20 12:32:11] 避障检测路径段: 起点索引=3, 提取点数=31
[2026-09-20 12:32:11] 当前避障路径段长度为：31
避障轨迹最近点索引为：3
[0m[ INFO] [1789878732.001738189]: local_x: 0.1740, local_y: 0.0707, gear: 2,  error_heading: 1.4440[0m
[2026-09-20 12:32:12] 还未完成转向!
[0m[ INFO] [1789878732.048165918]: 0 points is not droped, 5.6615, 3.1034, 0.7854, 2, 5.8239, 3.0090, 2.2294[0m
[2026-09-20 12:32:12] 控制路径段: 起点索引=3, 提取点数=1
[2026-09-20 12:32:12] 避障检测路径段: 起点索引=3, 提取点数=31
[2026-09-20 12:32:12] 当前避障路径段长度为：31
避障轨迹最近点索引为：3
[0m[ INFO] [1789878732.101670453]: local_x: 0.1662, local_y: 0.0632, gear: 2,  error_heading: 1.4950[0m
[2026-09-20 12:32:12] 还未完成转向!
[0m[ INFO] [1789878732.148192391]: 0 points is not droped, 5.6615, 3.1034, 0.7854, 2, 5.8177, 3.0185, 2.2804[0m
[2026-09-20 12:32:12] 控制路径段: 起点索引=3, 提取点数=1
[2026-09-20 12:32:12] 避障检测路径段: 起点索引=3, 提取点数=31
[2026-09-20 12:32:12] 当前避障路径段长度为：31
避障轨迹最近点索引为：3
[0m[ INFO] [1789878732.201682846]: local_x: 0.1630, local_y: 0.0621, gear: 2,  error_heading: 1.5125[0m
[2026-09-20 12:32:12] 还未完成转向!
[0m[ INFO] [1789878732.248123311]: 0 points is not droped, 5.6615, 3.1034, 0.7854, 2, 5.8163, 3.0229, 2.2979[0m
[2026-09-20 12:32:12] 控制路径段: 起点索引=3, 提取点数=1
[2026-09-20 12:32:12] 避障检测路径段: 起点索引=3, 提取点数=31
[2026-09-20 12:32:12] 当前避障路径段长度为：31
避障轨迹最近点索引为：3
[0m[ INFO] [1789878732.301738119]: local_x: 0.1596, local_y: 0.0607, gear: 2,  error_heading: 1.5299[0m
[2026-09-20 12:32:12] 还未完成转向!
[0m[ INFO] [1789878732.348155768]: 0 points is not droped, 5.6615, 3.1034, 0.7854, 2, 5.8142, 3.0272, 2.3153[0m
[2026-09-20 12:32:12] 控制路径段: 起点索引=3, 提取点数=1
[2026-09-20 12:32:12] 避障检测路径段: 起点索引=3, 提取点数=31
[2026-09-20 12:32:12] 当前避障路径段长度为：31
避障轨迹最近点索引为：3
[0m[ INFO] [1789878732.401718544]: local_x: 0.1517, local_y: 0.0532, gear: 2,  error_heading: 1.5886[0m
[2026-09-20 12:32:12] 还未完成转向!
[0m[ INFO] [1789878732.448183073]: 0 points is not droped, 5.6615, 3.1034, 0.7854, 2, 5.8076, 3.0363, 2.3740[0m
[2026-09-20 12:32:12] 控制路径段: 起点索引=3, 提取点数=1
[2026-09-20 12:32:12] 避障检测路径段: 起点索引=3, 提取点数=31
[2026-09-20 12:32:12] 当前避障路径段长度为：31
避障轨迹最近点索引为：3
[0m[ INFO] [1789878732.501731161]: local_x: 0.1447, local_y: 0.0500, gear: 2,  error_heading: 1.6280[0m
[2026-09-20 12:32:12] 还未完成转向!
[0m[ INFO] [1789878732.548232394]: 0 points is not droped, 5.6615, 3.1034, 0.7854, 2, 5.8027, 3.0444, 2.4134[0m
[2026-09-20 12:32:12] 控制路径段: 起点索引=3, 提取点数=1
[2026-09-20 12:32:12] 避障检测路径段: 起点索引=3, 提取点数=31
[2026-09-20 12:32:12] 当前避障路径段长度为：31
避障轨迹最近点索引为：3
[0m[ INFO] [1789878732.601689537]: local_x: 0.1404, local_y: 0.0452, gear: 2,  error_heading: 1.6579[0m
[2026-09-20 12:32:12] 还未完成转向!
[0m[ INFO] [1789878732.648158066]: 0 points is not droped, 5.6615, 3.1034, 0.7854, 2, 5.7981, 3.0478, 2.4433[0m
[2026-09-20 12:32:12] 控制路径段: 起点索引=3, 提取点数=1
[2026-09-20 12:32:12] 避障检测路径段: 起点索引=3, 提取点数=31
[2026-09-20 12:32:12] 当前避障路径段长度为：31
避障轨迹最近点索引为：3
[0m[ INFO] [1789878732.701772651]: local_x: 0.1325, local_y: 0.0408, gear: 2,  error_heading: 1.7059[0m
[2026-09-20 12:32:12] 还未完成转向!
[0m[ INFO] [1789878732.748401470]: 0 points is not droped, 5.6615, 3.1034, 0.7854, 2, 5.7916, 3.0556, 2.4913[0m
[2026-09-20 12:32:12] 控制路径段: 起点索引=3, 提取点数=1
[2026-09-20 12:32:12] 避障检测路径段: 起点索引=3, 提取点数=31
[2026-09-20 12:32:12] 当前避障路径段长度为：31
避障轨迹最近点索引为：3
[0m[ INFO] [1789878732.801935093]: local_x: 0.1297, local_y: 0.0393, gear: 2,  error_heading: 1.7231[0m
[2026-09-20 12:32:12] 还未完成转向!
[0m[ INFO] [1789878732.848159652]: 0 points is not droped, 5.6615, 3.1034, 0.7854, 2, 5.7893, 3.0583, 2.5085[0m
[2026-09-20 12:32:12] 控制路径段: 起点索引=3, 提取点数=1
[2026-09-20 12:32:12] 避障检测路径段: 起点索引=3, 提取点数=31
[2026-09-20 12:32:12] 当前避障路径段长度为：31
避障轨迹最近点索引为：3
[0m[ INFO] [1789878732.901682108]: local_x: 0.1218, local_y: 0.0318, gear: 2,  error_heading: 1.7797[0m
[2026-09-20 12:32:12] 还未完成转向!
[0m[ INFO] [1789878732.948104908]: 0 points is not droped, 5.6615, 3.1034, 0.7854, 2, 5.7809, 3.0636, 2.5651[0m
[2026-09-20 12:32:12] 控制路径段: 起点索引=3, 提取点数=1
[2026-09-20 12:32:12] 避障检测路径段: 起点索引=3, 提取点数=31
[2026-09-20 12:32:12] 当前避障路径段长度为：31
避障轨迹最近点索引为：3
[0m[ INFO] [1789878733.001751845]: local_x: 0.1190, local_y: 0.0310, gear: 2,  error_heading: 1.7967[0m
[2026-09-20 12:32:13] 还未完成转向!
[0m[ INFO] [1789878733.048271063]: 0 points is not droped, 5.6615, 3.1034, 0.7854, 2, 5.7788, 3.0665, 2.5821[0m
[2026-09-20 12:32:13] 控制路径段: 起点索引=3, 提取点数=1
[2026-09-20 12:32:13] 避障检测路径段: 起点索引=3, 提取点数=31
[2026-09-20 12:32:13] 当前避障路径段长度为：31
避障轨迹最近点索引为：3
[0m[ INFO] [1789878733.104192103]: local_x: 0.1113, local_y: 0.0253, gear: 2,  error_heading: 1.8470[0m
[2026-09-20 12:32:13] 还未完成转向!
[0m[ INFO] [1789878733.148130718]: 0 points is not droped, 5.6615, 3.1034, 0.7854, 2, 5.7710, 3.0712, 2.6323[0m
[2026-09-20 12:32:13] 控制路径段: 起点索引=3, 提取点数=1
[2026-09-20 12:32:13] 避障检测路径段: 起点索引=3, 提取点数=31
[2026-09-20 12:32:13] 当前避障路径段长度为：31
避障轨迹最近点索引为：3
[0m[ INFO] [1789878733.201720407]: local_x: 0.1086, local_y: 0.0239, gear: 2,  error_heading: 1.8643[0m
[2026-09-20 12:32:13] 还未完成转向!
[0m[ INFO] [1789878733.248125351]: 0 points is not droped, 5.6615, 3.1034, 0.7854, 2, 5.7685, 3.0732, 2.6497[0m
[2026-09-20 12:32:13] 控制路径段: 起点索引=3, 提取点数=1
[2026-09-20 12:32:13] 避障检测路径段: 起点索引=3, 提取点数=31
[2026-09-20 12:32:13] 当前避障路径段长度为：31
避障轨迹最近点索引为：3
[0m[ INFO] [1789878733.301767392]: local_x: 0.1056, local_y: 0.0227, gear: 2,  error_heading: 1.8832[0m
[2026-09-20 12:32:13] 还未完成转向!
[0m[ INFO] [1789878733.348179856]: 0 points is not droped, 5.6615, 3.1034, 0.7854, 2, 5.7658, 3.0755, 2.6686[0m
[2026-09-20 12:32:13] 控制路径段: 起点索引=3, 提取点数=1
[2026-09-20 12:32:13] 避障检测路径段: 起点索引=3, 提取点数=31
[2026-09-20 12:32:13] 当前避障路径段长度为：31
避障轨迹最近点索引为：3
[0m[ INFO] [1789878733.401833161]: local_x: 0.0951, local_y: 0.0166, gear: 2,  error_heading: 1.9354[0m
[2026-09-20 12:32:13] 还未完成转向!
[0m[ INFO] [1789878733.448167097]: 0 points is not droped, 5.6615, 3.1034, 0.7854, 2, 5.7551, 3.0797, 2.7208[0m
[2026-09-20 12:32:13] 控制路径段: 起点索引=3, 提取点数=1
[2026-09-20 12:32:13] 避障检测路径段: 起点索引=3, 提取点数=31
[2026-09-20 12:32:13] 当前避障路径段长度为：31
避障轨迹最近点索引为：3
[0m[ INFO] [1789878733.501653136]: local_x: 0.0900, local_y: 0.0167, gear: 2,  error_heading: 1.9662[0m
[2026-09-20 12:32:13] 还未完成转向!
[0m[ INFO] [1789878733.548147362]: 0 points is not droped, 5.6615, 3.1034, 0.7854, 2, 5.7511, 3.0846, 2.7516[0m
[2026-09-20 12:32:13] 控制路径段: 起点索引=3, 提取点数=1
[2026-09-20 12:32:13] 避障检测路径段: 起点索引=3, 提取点数=31
[2026-09-20 12:32:13] 当前避障路径段长度为：31
避障轨迹最近点索引为：3
[0m[ INFO] [1789878733.602199231]: local_x: 0.0815, local_y: 0.0130, gear: 2,  error_heading: 2.0001[0m
[2026-09-20 12:32:13] 还未完成转向!
[0m[ INFO] [1789878733.648527438]: 0 points is not droped, 5.6615, 3.1034, 0.7854, 2, 5.7424, 3.0872, 2.7855[0m
[2026-09-20 12:32:13] 控制路径段: 起点索引=3, 提取点数=1
[2026-09-20 12:32:13] 避障检测路径段: 起点索引=3, 提取点数=31
[2026-09-20 12:32:13] 当前避障路径段长度为：31
避障轨迹最近点索引为：3
[0m[ INFO] [1789878733.702868078]: local_x: 0.0768, local_y: 0.0120, gear: 2,  error_heading: 2.0308[0m
[2026-09-20 12:32:13] 还未完成转向!
[0m[ INFO] [1789878733.748215924]: 0 points is not droped, 5.6615, 3.1034, 0.7854, 2, 5.7381, 3.0902, 2.8162[0m
[2026-09-20 12:32:13] 控制路径段: 起点索引=3, 提取点数=1
[2026-09-20 12:32:13] 避障检测路径段: 起点索引=3, 提取点数=31
[2026-09-20 12:32:13] 当前避障路径段长度为：31
避障轨迹最近点索引为：3
[0m[ INFO] [1789878733.801729004]: local_x: 0.0693, local_y: 0.0098, gear: 2,  error_heading: 2.0635[0m
[2026-09-20 12:32:13] 还未完成转向!
[0m[ INFO] [1789878733.848186077]: 0 points is not droped, 5.6615, 3.1034, 0.7854, 2, 5.7307, 3.0928, 2.8489[0m
[2026-09-20 12:32:13] 控制路径段: 起点索引=3, 提取点数=1
[2026-09-20 12:32:13] 避障检测路径段: 起点索引=3, 提取点数=31
[2026-09-20 12:32:13] 当前避障路径段长度为：31
避障轨迹最近点索引为：3
[0m[ INFO] [1789878733.901726484]: local_x: 0.0645, local_y: 0.0082, gear: 2,  error_heading: 2.0954[0m
[2026-09-20 12:32:13] 还未完成转向!
[0m[ INFO] [1789878733.948202246]: 0 points is not droped, 5.6615, 3.1034, 0.7854, 2, 5.7259, 3.0947, 2.8808[0m
[2026-09-20 12:32:13] 控制路径段: 起点索引=3, 提取点数=1
[2026-09-20 12:32:13] 避障检测路径段: 起点索引=3, 提取点数=31
[2026-09-20 12:32:13] 当前避障路径段长度为：31
避障轨迹最近点索引为：3
[0m[ INFO] [1789878734.001689917]: local_x: 0.0545, local_y: 0.0062, gear: 2,  error_heading: 2.1290[0m
[2026-09-20 12:32:14] 还未完成转向!
[0m[ INFO] [1789878734.048182254]: 0 points is not droped, 5.6615, 3.1034, 0.7854, 2, 5.7160, 3.0971, 2.9144[0m
[2026-09-20 12:32:14] 控制路径段: 起点索引=3, 提取点数=1
[2026-09-20 12:32:14] 避障检测路径段: 起点索引=3, 提取点数=31
[2026-09-20 12:32:14] 当前避障路径段长度为：31
避障轨迹最近点索引为：3
[0m[ INFO] [1789878734.101718758]: local_x: 0.0544, local_y: 0.0050, gear: 2,  error_heading: 2.1448[0m
[2026-09-20 12:32:14] 还未完成转向!
[0m[ INFO] [1789878734.148746269]: 0 points is not droped, 5.6615, 3.1034, 0.7854, 2, 5.7157, 3.0969, 2.9302[0m
[2026-09-20 12:32:14] 控制路径段: 起点索引=3, 提取点数=1
[2026-09-20 12:32:14] 避障检测路径段: 起点索引=3, 提取点数=31
[2026-09-20 12:32:14] 当前避障路径段长度为：31
避障轨迹最近点索引为：3
[0m[ INFO] [1789878734.202106611]: local_x: 0.0523, local_y: 0.0056, gear: 2,  error_heading: 2.1019[0m
[2026-09-20 12:32:14] 还未完成转向!
[0m[ INFO] [1789878734.248154944]: 0 points is not droped, 5.6615, 3.1034, 0.7854, 2, 5.7135, 3.0956, 2.8873[0m
[2026-09-20 12:32:14] 控制路径段: 起点索引=3, 提取点数=1
[2026-09-20 12:32:14] 避障检测路径段: 起点索引=3, 提取点数=31
[2026-09-20 12:32:14] 当前避障路径段长度为：31
避障轨迹最近点索引为：3
[0m[ INFO] [1789878734.301717336]: local_x: 0.0524, local_y: 0.0102, gear: 2,  error_heading: 2.0737[0m
[2026-09-20 12:32:14] 还未完成转向!
[0m[ INFO] [1789878734.348174825]: 0 points is not droped, 5.6615, 3.1034, 0.7854, 2, 5.7146, 3.0986, 2.8591[0m
[2026-09-20 12:32:14] 控制路径段: 起点索引=3, 提取点数=1
[2026-09-20 12:32:14] 避障检测路径段: 起点索引=3, 提取点数=31
[2026-09-20 12:32:14] 当前避障路径段长度为：31
避障轨迹最近点索引为：3
[0m[ INFO] [1789878734.401761665]: local_x: 0.0498, local_y: 0.0116, gear: 2,  error_heading: 1.9916[0m
[2026-09-20 12:32:14] 还未完成转向!
[0m[ INFO] [1789878734.448381779]: 0 points is not droped, 5.6615, 3.1034, 0.7854, 2, 5.7121, 3.0965, 2.7770[0m
[2026-09-20 12:32:14] 控制路径段: 起点索引=3, 提取点数=1
[2026-09-20 12:32:14] 避障检测路径段: 起点索引=3, 提取点数=31
[2026-09-20 12:32:14] 当前避障路径段长度为：31
避障轨迹最近点索引为：3
[0m[ INFO] [1789878734.501676201]: local_x: 0.0475, local_y: 0.0110, gear: 2,  error_heading: 1.9251[0m
[2026-09-20 12:32:14] 还未完成转向!
[0m[ INFO] [1789878734.548160890]: 0 points is not droped, 5.6615, 3.1034, 0.7854, 2, 5.7092, 3.0935, 2.7105[0m
[2026-09-20 12:32:14] 控制路径段: 起点索引=3, 提取点数=1
[2026-09-20 12:32:14] 避障检测路径段: 起点索引=3, 提取点数=31
[2026-09-20 12:32:14] 当前避障路径段长度为：31
避障轨迹最近点索引为：3
[0m[ INFO] [1789878734.601724626]: local_x: 0.0476, local_y: 0.0125, gear: 2,  error_heading: 1.9028[0m
[2026-09-20 12:32:14] 还未完成转向!
[0m[ INFO] [1789878734.648159523]: 0 points is not droped, 5.6615, 3.1034, 0.7854, 2, 5.7098, 3.0938, 2.6882[0m
[2026-09-20 12:32:14] 控制路径段: 起点索引=3, 提取点数=1
[2026-09-20 12:32:14] 避障检测路径段: 起点索引=3, 提取点数=31
[2026-09-20 12:32:14] 当前避障路径段长度为：31
避障轨迹最近点索引为：3
[0m[ INFO] [1789878734.701745403]: local_x: 0.0476, local_y: 0.0157, gear: 2,  error_heading: 1.8488[0m
[2026-09-20 12:32:14] 还未完成转向!
[0m[ INFO] [1789878734.748429582]: 0 points is not droped, 5.6615, 3.1034, 0.7854, 2, 5.7107, 3.0940, 2.6342[0m
[2026-09-20 12:32:14] 控制路径段: 起点索引=3, 提取点数=1
[2026-09-20 12:32:14] 避障检测路径段: 起点索引=3, 提取点数=31
[2026-09-20 12:32:14] 当前避障路径段长度为：31
避障轨迹最近点索引为：3
[0m[ INFO] [1789878734.801724676]: local_x: 0.0433, local_y: 0.0209, gear: 2,  error_heading: 1.7626[0m
[2026-09-20 12:32:14] 还未完成转向!
[0m[ INFO] [1789878734.848892572]: 0 points is not droped, 5.6615, 3.1034, 0.7854, 2, 5.7090, 3.0965, 2.5480[0m
[2026-09-20 12:32:14] 控制路径段: 起点索引=3, 提取点数=1
[2026-09-20 12:32:14] 避障检测路径段: 起点索引=3, 提取点数=31
[2026-09-20 12:32:14] 当前避障路径段长度为：31
避障轨迹最近点索引为：3
[0m[ INFO] [1789878734.901688524]: local_x: 0.0434, local_y: 0.0224, gear: 2,  error_heading: 1.7350[0m
[2026-09-20 12:32:14] 还未完成转向!
[0m[ INFO] [1789878734.948140189]: 0 points is not droped, 5.6615, 3.1034, 0.7854, 2, 5.7098, 3.0964, 2.5204[0m
[2026-09-20 12:32:14] 控制路径段: 起点索引=3, 提取点数=1
[2026-09-20 12:32:14] 避障检测路径段: 起点索引=3, 提取点数=31
[2026-09-20 12:32:14] 当前避障路径段长度为：31
避障轨迹最近点索引为：3
[0m[ INFO] [1789878735.001762902]: local_x: 0.0410, local_y: 0.0253, gear: 2,  error_heading: 1.6815[0m
[2026-09-20 12:32:15] 还未完成转向!
[0m[ INFO] [1789878735.048247783]: 0 points is not droped, 5.6615, 3.1034, 0.7854, 2, 5.7093, 3.0975, 2.4669[0m
[2026-09-20 12:32:15] 控制路径段: 起点索引=3, 提取点数=1
[2026-09-20 12:32:15] 避障检测路径段: 起点索引=3, 提取点数=31
[2026-09-20 12:32:15] 当前避障路径段长度为：31
避障轨迹最近点索引为：3
[0m[ INFO] [1789878735.101718302]: local_x: 0.0382, local_y: 0.0300, gear: 2,  error_heading: 1.5999[0m
[2026-09-20 12:32:15] 还未完成转向!
[0m[ INFO] [1789878735.148138223]: 0 points is not droped, 5.6615, 3.1034, 0.7854, 2, 5.7099, 3.0990, 2.3853[0m
[2026-09-20 12:32:15] 控制路径段: 起点索引=3, 提取点数=1
[2026-09-20 12:32:15] 避障检测路径段: 起点索引=3, 提取点数=31
[2026-09-20 12:32:15] 当前避障路径段长度为：31
避障轨迹最近点索引为：3
[0m[ INFO] [1789878735.201697159]: local_x: 0.0378, local_y: 0.0314, gear: 2,  error_heading: 1.5713[0m
[2026-09-20 12:32:15] 还未完成转向!
[0m[ INFO] [1789878735.248162552]: 0 points is not droped, 5.6615, 3.1034, 0.7854, 2, 5.7104, 3.0989, 2.3567[0m
[2026-09-20 12:32:15] 控制路径段: 起点索引=3, 提取点数=1
[2026-09-20 12:32:15] 避障检测路径段: 起点索引=3, 提取点数=31
[2026-09-20 12:32:15] 当前避障路径段长度为：31
避障轨迹最近点索引为：3
[0m[ INFO] [1789878735.301680175]: local_x: 0.0370, local_y: 0.0327, gear: 2,  error_heading: 1.5431[0m
[2026-09-20 12:32:15] 还未完成转向!
[0m[ INFO] [1789878735.348184929]: 0 points is not droped, 5.6615, 3.1034, 0.7854, 2, 5.7106, 3.0990, 2.3285[0m
[2026-09-20 12:32:15] 控制路径段: 起点索引=3, 提取点数=1
[2026-09-20 12:32:15] 避障检测路径段: 起点索引=3, 提取点数=31
[2026-09-20 12:32:15] 当前避障路径段长度为：31
避障轨迹最近点索引为：3
[0m[ INFO] [1789878735.401686520]: local_x: 0.0348, local_y: 0.0335, gear: 2,  error_heading: 1.4637[0m
[2026-09-20 12:32:15] 还未完成转向!
[0m[ INFO] [1789878735.448223018]: 0 points is not droped, 5.6615, 3.1034, 0.7854, 2, 5.7094, 3.0973, 2.2491[0m
[2026-09-20 12:32:15] 控制路径段: 起点索引=3, 提取点数=1
[2026-09-20 12:32:15] 避障检测路径段: 起点索引=3, 提取点数=31
[2026-09-20 12:32:15] 当前避障路径段长度为：31
避障轨迹最近点索引为：3
[0m[ INFO] [1789878735.501770018]: local_x: 0.0337, local_y: 0.0359, gear: 2,  error_heading: 1.4125[0m
[2026-09-20 12:32:15] 还未完成转向!
[0m[ INFO] [1789878735.548158834]: 0 points is not droped, 5.6615, 3.1034, 0.7854, 2, 5.7103, 3.0971, 2.1979[0m
[2026-09-20 12:32:15] 控制路径段: 起点索引=3, 提取点数=1
[2026-09-20 12:32:15] 避障检测路径段: 起点索引=3, 提取点数=31
[2026-09-20 12:32:15] 当前避障路径段长度为：31
避障轨迹最近点索引为：3
[0m[ INFO] [1789878735.601723658]: local_x: 0.0303, local_y: 0.0367, gear: 2,  error_heading: 1.3365[0m
[2026-09-20 12:32:15] 还未完成转向!
[0m[ INFO] [1789878735.648332669]: 0 points is not droped, 5.6615, 3.1034, 0.7854, 2, 5.7086, 3.0967, 2.1219[0m
[2026-09-20 12:32:15] 控制路径段: 起点索引=3, 提取点数=1
[2026-09-20 12:32:15] 避障检测路径段: 起点索引=3, 提取点数=31
[2026-09-20 12:32:15] 当前避障路径段长度为：31
避障轨迹最近点索引为：3
[0m[ INFO] [1789878735.701690675]: local_x: 0.0279, local_y: 0.0362, gear: 2,  error_heading: 1.2907[0m
[2026-09-20 12:32:15] 还未完成转向!
[0m[ INFO] [1789878735.748649097]: 0 points is not droped, 5.6615, 3.1034, 0.7854, 2, 5.7067, 3.0965, 2.0761[0m
[2026-09-20 12:32:15] 控制路径段: 起点索引=3, 提取点数=1
[2026-09-20 12:32:15] 避障检测路径段: 起点索引=3, 提取点数=31
[2026-09-20 12:32:15] 当前避障路径段长度为：31
避障轨迹最近点索引为：3
[0m[ INFO] [1789878735.801696637]: local_x: 0.0261, local_y: 0.0380, gear: 2,  error_heading: 1.2374[0m
[2026-09-20 12:32:15] 还未完成转向!
[0m[ INFO] [1789878735.848144911]: 0 points is not droped, 5.6615, 3.1034, 0.7854, 2, 5.7071, 3.0965, 2.0228[0m
[2026-09-20 12:32:15] 控制路径段: 起点索引=3, 提取点数=1
[2026-09-20 12:32:15] 避障检测路径段: 起点索引=3, 提取点数=31
[2026-09-20 12:32:15] 当前避障路径段长度为：31
避障轨迹最近点索引为：3
[0m[ INFO] [1789878735.901681321]: local_x: 0.0227, local_y: 0.0384, gear: 2,  error_heading: 1.1820[0m
[2026-09-20 12:32:15] 还未完成转向!
[0m[ INFO] [1789878735.948132987]: 0 points is not droped, 5.6615, 3.1034, 0.7854, 2, 5.7056, 3.0973, 1.9674[0m
[2026-09-20 12:32:15] 控制路径段: 起点索引=3, 提取点数=1
[2026-09-20 12:32:15] 避障检测路径段: 起点索引=3, 提取点数=31
[2026-09-20 12:32:15] 当前避障路径段长度为：31
避障轨迹最近点索引为：3
[0m[ INFO] [1789878736.001753941]: local_x: 0.0193, local_y: 0.0398, gear: 2,  error_heading: 1.1262[0m
[2026-09-20 12:32:16] 还未完成转向!
[0m[ INFO] [1789878736.048243176]: 0 points is not droped, 5.6615, 3.1034, 0.7854, 2, 5.7054, 3.0984, 1.9116[0m
[2026-09-20 12:32:16] 控制路径段: 起点索引=3, 提取点数=1
[2026-09-20 12:32:16] 避障检测路径段: 起点索引=3, 提取点数=31
[2026-09-20 12:32:16] 当前避障路径段长度为：31
避障轨迹最近点索引为：3
[0m[ INFO] [1789878736.101722208]: local_x: 0.0183, local_y: 0.0394, gear: 2,  error_heading: 1.1023[0m
[2026-09-20 12:32:16] 还未完成转向!
[0m[ INFO] [1789878736.148127826]: 0 points is not droped, 5.6615, 3.1034, 0.7854, 2, 5.7047, 3.0982, 1.8877[0m
[2026-09-20 12:32:16] 控制路径段: 起点索引=3, 提取点数=1
[2026-09-20 12:32:16] 避障检测路径段: 起点索引=3, 提取点数=31
[2026-09-20 12:32:16] 当前避障路径段长度为：31
避障轨迹最近点索引为：3
[0m[ INFO] [1789878736.201728332]: local_x: 0.0149, local_y: 0.0351, gear: 2,  error_heading: 1.0546[0m
[2026-09-20 12:32:16] 还未完成转向!
[0m[ INFO] [1789878736.248133118]: 0 points is not droped, 5.6615, 3.1034, 0.7854, 2, 5.6993, 3.0984, 1.8400[0m
[2026-09-20 12:32:16] 控制路径段: 起点索引=3, 提取点数=1
[2026-09-20 12:32:16] 避障检测路径段: 起点索引=3, 提取点数=31
[2026-09-20 12:32:16] 当前避障路径段长度为：31
避障轨迹最近点索引为：3
[0m[ INFO] [1789878736.301741176]: local_x: 0.0130, local_y: 0.0357, gear: 2,  error_heading: 1.0282[0m
[2026-09-20 12:32:16] 还未完成转向!
[0m[ INFO] [1789878736.348151146]: 0 points is not droped, 5.6615, 3.1034, 0.7854, 2, 5.6993, 3.0994, 1.8136[0m
[2026-09-20 12:32:16] 控制路径段: 起点索引=3, 提取点数=1
[2026-09-20 12:32:16] 避障检测路径段: 起点索引=3, 提取点数=31
[2026-09-20 12:32:16] 当前避障路径段长度为：31
避障轨迹最近点索引为：3
[0m[ INFO] [1789878736.401717571]: local_x: 0.0090, local_y: 0.0289, gear: 2,  error_heading: 0.9453[0m
[2026-09-20 12:32:16] 还未完成转向!
[0m[ INFO] [1789878736.448182870]: 0 points is not droped, 5.6615, 3.1034, 0.7854, 2, 5.6915, 3.0991, 1.7307[0m
[2026-09-20 12:32:16] 控制路径段: 起点索引=3, 提取点数=1
[2026-09-20 12:32:16] 避障检测路径段: 起点索引=3, 提取点数=31
[2026-09-20 12:32:16] 当前避障路径段长度为：31
避障轨迹最近点索引为：3
[0m[ INFO] [1789878736.501717647]: local_x: 0.0052, local_y: 0.0248, gear: 2,  error_heading: 0.8681[0m
[2026-09-20 12:32:16] 还未完成转向!
[0m[ INFO] [1789878736.548549797]: 0 points is not droped, 5.6615, 3.1034, 0.7854, 2, 5.6866, 3.1003, 1.6535[0m
[2026-09-20 12:32:16] 控制路径段: 起点索引=3, 提取点数=1
[2026-09-20 12:32:16] 避障检测路径段: 起点索引=3, 提取点数=31
[2026-09-20 12:32:16] 当前避障路径段长度为：31
避障轨迹最近点索引为：3
[0m[ INFO] [1789878736.601732923]: local_x: 0.0031, local_y: 0.0238, gear: 2,  error_heading: 0.8187[0m
[2026-09-20 12:32:16] 还未完成转向!
[0m[ INFO] [1789878736.648448207]: 0 points is not droped, 5.6615, 3.1034, 0.7854, 2, 5.6853, 3.1011, 1.6041[0m
[2026-09-20 12:32:16] 控制路径段: 起点索引=3, 提取点数=1
[2026-09-20 12:32:16] 避障检测路径段: 起点索引=3, 提取点数=31
[2026-09-20 12:32:16] 当前避障路径段长度为：31
避障轨迹最近点索引为：3
[0m[ INFO] [1789878736.701791271]: local_x: 0.0017, local_y: 0.0236, gear: 2,  error_heading: 0.7662[0m
[2026-09-20 12:32:16] 还未完成转向!
[0m[ INFO] [1789878736.748171640]: 0 points is not droped, 5.6615, 3.1034, 0.7854, 2, 5.6850, 3.1013, 1.5516[0m
[2026-09-20 12:32:16] 控制路径段: 起点索引=3, 提取点数=1
[2026-09-20 12:32:16] 避障检测路径段: 起点索引=3, 提取点数=31
[2026-09-20 12:32:16] 当前避障路径段长度为：31
避障轨迹最近点索引为：3
[0m[ INFO] [1789878736.801718642]: local_x: -0.0005, local_y: 0.0230, gear: 2,  error_heading: 0.7159[0m
[2026-09-20 12:32:16] 还未完成转向!
[0m[ INFO] [1789878736.848178628]: 0 points is not droped, 5.6615, 3.1034, 0.7854, 2, 5.6844, 3.1022, 1.5013[0m
[2026-09-20 12:32:16] 控制路径段: 起点索引=3, 提取点数=1
[2026-09-20 12:32:16] 避障检测路径段: 起点索引=3, 提取点数=31
[2026-09-20 12:32:16] 当前避障路径段长度为：31
避障轨迹最近点索引为：3
[0m[ INFO] [1789878736.901704605]: local_x: -0.0027, local_y: 0.0228, gear: 2,  error_heading: 0.6629[0m
[2026-09-20 12:32:16] 还未完成转向!
[0m[ INFO] [1789878736.948167856]: 0 points is not droped, 5.6615, 3.1034, 0.7854, 2, 5.6844, 3.1033, 1.4483[0m
[2026-09-20 12:32:16] 控制路径段: 起点索引=3, 提取点数=1
[2026-09-20 12:32:16] 避障检测路径段: 起点索引=3, 提取点数=31
[2026-09-20 12:32:16] 当前避障路径段长度为：31
避障轨迹最近点索引为：3
[0m[ INFO] [1789878737.001696713]: local_x: -0.0046, local_y: 0.0211, gear: 2,  error_heading: 0.6214[0m
[2026-09-20 12:32:17] 还未完成转向!
[0m[ INFO] [1789878737.048326621]: 0 points is not droped, 5.6615, 3.1034, 0.7854, 2, 5.6830, 3.1045, 1.4068[0m
[2026-09-20 12:32:17] 控制路径段: 起点索引=3, 提取点数=1
[2026-09-20 12:32:17] 避障检测路径段: 起点索引=3, 提取点数=31
[2026-09-20 12:32:17] 当前避障路径段长度为：31
避障轨迹最近点索引为：3
[0m[ INFO] [1789878737.101704693]: local_x: -0.0047, local_y: 0.0200, gear: 2,  error_heading: 0.5847[0m
[2026-09-20 12:32:17] 还未完成转向!
[0m[ INFO] [1789878737.148286792]: 0 points is not droped, 5.6615, 3.1034, 0.7854, 2, 5.6820, 3.1041, 1.3701[0m
[2026-09-20 12:32:17] 控制路径段: 起点索引=3, 提取点数=1
[2026-09-20 12:32:17] 避障检测路径段: 起点索引=3, 提取点数=31
[2026-09-20 12:32:17] 当前避障路径段长度为：31
避障轨迹最近点索引为：3
[0m[ INFO] [1789878737.201684352]: local_x: -0.0056, local_y: 0.0195, gear: 2,  error_heading: 0.5669[0m
[2026-09-20 12:32:17] 还未完成转向!
[0m[ INFO] [1789878737.248148370]: 0 points is not droped, 5.6615, 3.1034, 0.7854, 2, 5.6817, 3.1046, 1.3523[0m
[2026-09-20 12:32:17] 控制路径段: 起点索引=3, 提取点数=1
[2026-09-20 12:32:17] 避障检测路径段: 起点索引=3, 提取点数=31
[2026-09-20 12:32:17] 当前避障路径段长度为：31
避障轨迹最近点索引为：3
[0m[ INFO] [1789878737.301769197]: local_x: -0.0101, local_y: 0.0143, gear: 2,  error_heading: 0.5144[0m
[2026-09-20 12:32:17] 还未完成转向!
[0m[ INFO] [1789878737.348237631]: 0 points is not droped, 5.6615, 3.1034, 0.7854, 2, 5.6780, 3.1093, 1.2998[0m
[2026-09-20 12:32:17] 控制路径段: 起点索引=3, 提取点数=1
[2026-09-20 12:32:17] 避障检测路径段: 起点索引=3, 提取点数=31
[2026-09-20 12:32:17] 当前避障路径段长度为：31
避障轨迹最近点索引为：3
[0m[ INFO] [1789878737.401755320]: local_x: -0.0091, local_y: 0.0195, gear: 2,  error_heading: 0.4808[0m
[2026-09-20 12:32:17] 还未完成转向!
[0m[ INFO] [1789878737.448235531]: 0 points is not droped, 5.6615, 3.1034, 0.7854, 2, 5.6828, 3.1062, 1.2662[0m
[2026-09-20 12:32:17] 控制路径段: 起点索引=3, 提取点数=1
[2026-09-20 12:32:17] 避障检测路径段: 起点索引=3, 提取点数=31
[2026-09-20 12:32:17] 当前避障路径段长度为：31
避障轨迹最近点索引为：3
[0m[ INFO] [1789878737.501803076]: local_x: -0.0116, local_y: 0.0178, gear: 2,  error_heading: 0.4381[0m
[2026-09-20 12:32:17] 还未完成转向!
[0m[ INFO] [1789878737.548220310]: 0 points is not droped, 5.6615, 3.1034, 0.7854, 2, 5.6821, 3.1083, 1.2235[0m
[2026-09-20 12:32:17] 控制路径段: 起点索引=3, 提取点数=1
[2026-09-20 12:32:17] 避障检测路径段: 起点索引=3, 提取点数=31
[2026-09-20 12:32:17] 当前避障路径段长度为：31
避障轨迹最近点索引为：3
[0m[ INFO] [1789878737.602429910]: local_x: -0.0118, local_y: 0.0156, gear: 2,  error_heading: 0.3830[0m
[2026-09-20 12:32:17] 还未完成转向!
[0m[ INFO] [1789878737.648211810]: 0 points is not droped, 5.6615, 3.1034, 0.7854, 2, 5.6805, 3.1081, 1.1684[0m
[2026-09-20 12:32:17] 控制路径段: 起点索引=3, 提取点数=1
[2026-09-20 12:32:17] 避障检测路径段: 起点索引=3, 提取点数=31
[2026-09-20 12:32:17] 当前避障路径段长度为：31
避障轨迹最近点索引为：3
[0m[ INFO] [1789878737.701748699]: local_x: -0.0113, local_y: 0.0171, gear: 2,  error_heading: 0.3412[0m
[2026-09-20 12:32:17] 还未完成转向!
[0m[ INFO] [1789878737.748194989]: 0 points is not droped, 5.6615, 3.1034, 0.7854, 2, 5.6818, 3.1062, 1.1266[0m
[2026-09-20 12:32:17] 控制路径段: 起点索引=3, 提取点数=1
[2026-09-20 12:32:17] 避障检测路径段: 起点索引=3, 提取点数=31
[2026-09-20 12:32:17] 当前避障路径段长度为：31
避障轨迹最近点索引为：3
[0m[ INFO] [1789878737.801767623]: local_x: -0.0133, local_y: 0.0163, gear: 2,  error_heading: 0.2975[0m
[2026-09-20 12:32:17] 还未完成转向!
[0m[ INFO] [1789878737.848173721]: 0 points is not droped, 5.6615, 3.1034, 0.7854, 2, 5.6821, 3.1075, 1.0829[0m
[2026-09-20 12:32:17] 控制路径段: 起点索引=3, 提取点数=1
[2026-09-20 12:32:17] 避障检测路径段: 起点索引=3, 提取点数=31
[2026-09-20 12:32:17] 当前避障路径段长度为：31
避障轨迹最近点索引为：3
[0m[ INFO] [1789878737.901731986]: local_x: -0.0124, local_y: 0.0166, gear: 2,  error_heading: 0.2568[0m
[2026-09-20 12:32:17] 还未完成转向!
[0m[ INFO] [1789878737.948143076]: 0 points is not droped, 5.6615, 3.1034, 0.7854, 2, 5.6821, 3.1057, 1.0422[0m
[2026-09-20 12:32:17] 控制路径段: 起点索引=3, 提取点数=1
[2026-09-20 12:32:17] 避障检测路径段: 起点索引=3, 提取点数=31
[2026-09-20 12:32:17] 当前避障路径段长度为：31
避障轨迹最近点索引为：3
[0m[ INFO] [1789878738.001832479]: local_x: -0.0140, local_y: 0.0157, gear: 2,  error_heading: 0.2164[0m
[2026-09-20 12:32:18] 还未完成转向!
[0m[ INFO] [1789878738.048495379]: 0 points is not droped, 5.6615, 3.1034, 0.7854, 2, 5.6823, 3.1067, 1.0018[0m
[2026-09-20 12:32:18] 控制路径段: 起点索引=3, 提取点数=1
[2026-09-20 12:32:18] 避障检测路径段: 起点索引=3, 提取点数=31
[2026-09-20 12:32:18] 当前避障路径段长度为：31
避障轨迹最近点索引为：3
[0m[ INFO] [1789878738.101783882]: local_x: -0.0139, local_y: 0.0171, gear: 2,  error_heading: 0.1761[0m
[2026-09-20 12:32:18] 还未完成转向!
[0m[ INFO] [1789878738.148135771]: 0 points is not droped, 5.6615, 3.1034, 0.7854, 2, 5.6835, 3.1050, 0.9615[0m
[2026-09-20 12:32:18] 控制路径段: 起点索引=3, 提取点数=1
[2026-09-20 12:32:18] 避障检测路径段: 起点索引=3, 提取点数=31
[2026-09-20 12:32:18] 当前避障路径段长度为：31
避障轨迹最近点索引为：3
[0m[ INFO] [1789878738.201732181]: local_x: -0.0156, local_y: 0.0167, gear: 2,  error_heading: 0.1437[0m
[2026-09-20 12:32:18] 还未完成转向!
[0m[ INFO] [1789878738.248118599]: 0 points is not droped, 5.6615, 3.1034, 0.7854, 2, 5.6842, 3.1059, 0.9291[0m
[2026-09-20 12:32:18] 控制路径段: 起点索引=3, 提取点数=1
[2026-09-20 12:32:18] 避障检测路径段: 起点索引=3, 提取点数=31
[2026-09-20 12:32:18] 当前避障路径段长度为：31
避障轨迹最近点索引为：3
[0m[ INFO] [1789878738.301719777]: local_x: -0.0156, local_y: 0.0139, gear: 2,  error_heading: 0.1267[0m
[2026-09-20 12:32:18] 还未完成转向!
[0m[ INFO] [1789878738.348142450]: 0 points is not droped, 5.6615, 3.1034, 0.7854, 2, 5.6820, 3.1072, 0.9121[0m
[2026-09-20 12:32:18] 控制路径段: 起点索引=3, 提取点数=1
[2026-09-20 12:32:18] 避障检测路径段: 起点索引=3, 提取点数=31
[2026-09-20 12:32:18] 当前避障路径段长度为：31
避障轨迹最近点索引为：3
[0m[ INFO] [1789878738.401734188]: local_x: -0.0188, local_y: 0.0166, gear: 2,  error_heading: 0.1063[0m
[2026-09-20 12:32:18] 还未完成转向!
[0m[ INFO] [1789878738.448171646]: 0 points is not droped, 5.6615, 3.1034, 0.7854, 2, 5.6861, 3.1076, 0.8917[0m
[2026-09-20 12:32:18] 控制路径段: 起点索引=3, 提取点数=1
[2026-09-20 12:32:18] 避障检测路径段: 起点索引=3, 提取点数=31
[2026-09-20 12:32:18] 当前避障路径段长度为：31
避障轨迹最近点索引为：3
[33m[ WARN] [1789878738.548322988]: First gear=2 point is dropped[0m
[0m[ INFO] [1789878738.501776568]: local_x: -0.0180, local_y: 0.0150, gear: 2,  error_heading: 0.0611[0m
[0m[ INFO] [1789878738.548272267]: gear=2 points is droped, 5.6615, 3.1034[0m
[2026-09-20 12:32:18] 转向完成!
[2026-09-20 12:32:18] 新的最近点索引: 4
[2026-09-20 12:32:18] 控制路径段: 起点索引=4, 提取点数=6
[2026-09-20 12:32:18] 避障检测路径段: 起点索引=4, 提取点数=30
[2026-09-20 12:32:18] 当前避障路径段长度为：30
避障轨迹最近点索引为：4
[0m[ INFO] [1789878738.601726724]: local_x: 0.1919, local_y: 0.0089, gear: 1,  error_heading: 0.0260[0m
[0m[ INFO] [1789878738.601794500]: 0 points is not droped, 5.8115, 3.2534, 0.7854, 1, 5.6858, 3.1081, 0.8114[0m
[2026-09-20 12:32:18] 控制路径段: 起点索引=4, 提取点数=6
[2026-09-20 12:32:18] 避障检测路径段: 起点索引=4, 提取点数=30
[2026-09-20 12:32:18] 当前避障路径段长度为：30
避障轨迹最近点索引为：4
[0m[ INFO] [1789878738.701712111]: local_x: 0.1918, local_y: 0.0176, gear: 1,  error_heading: -0.0040[0m
[0m[ INFO] [1789878738.701785104]: 0 points is not droped, 5.8115, 3.2534, 0.7854, 1, 5.6877, 3.1059, 0.7814[0m
[2026-09-20 12:32:18] 控制路径段: 起点索引=4, 提取点数=6
[2026-09-20 12:32:18] 避障检测路径段: 起点索引=4, 提取点数=30
[2026-09-20 12:32:18] 当前避障路径段长度为：30
避障轨迹最近点索引为：4
[0m[ INFO] [1789878738.801731675]: local_x: 0.1912, local_y: 0.0163, gear: 1,  error_heading: -0.0011[0m
[0m[ INFO] [1789878738.801827292]: 0 points is not droped, 5.8115, 3.2534, 0.7854, 1, 5.6876, 3.1068, 0.7843[0m
[2026-09-20 12:32:18] 控制路径段: 起点索引=4, 提取点数=6
[2026-09-20 12:32:18] 避障检测路径段: 起点索引=4, 提取点数=30
[2026-09-20 12:32:18] 当前避障路径段长度为：30
避障轨迹最近点索引为：4
[0m[ INFO] [1789878738.901804935]: local_x: 0.1874, local_y: 0.0142, gear: 1,  error_heading: 0.0088[0m
[0m[ INFO] [1789878738.901949641]: 0 points is not droped, 5.8115, 3.2534, 0.7854, 1, 5.6903, 3.1098, 0.7942[0m
[2026-09-20 12:32:18] 控制路径段: 起点索引=4, 提取点数=6
[2026-09-20 12:32:18] 避障检测路径段: 起点索引=4, 提取点数=30
[2026-09-20 12:32:18] 当前避障路径段长度为：30
避障轨迹最近点索引为：4
[0m[ INFO] [1789878739.001737458]: local_x: 0.1638, local_y: 0.0161, gear: 1,  error_heading: 0.0050[0m
[0m[ INFO] [1789878739.001804019]: 0 points is not droped, 5.8115, 3.2534, 0.7854, 1, 5.7077, 3.1256, 0.7904[0m
[2026-09-20 12:32:19] 控制路径段: 起点索引=4, 提取点数=6
[2026-09-20 12:32:19] 避障检测路径段: 起点索引=4, 提取点数=30
[2026-09-20 12:32:19] 当前避障路径段长度为：30
避障轨迹最近点索引为：4
[0m[ INFO] [1789878739.101697854]: local_x: 0.1393, local_y: 0.0174, gear: 1,  error_heading: -0.0026[0m
[0m[ INFO] [1789878739.101760286]: 0 points is not droped, 5.8115, 3.2534, 0.7854, 1, 5.7250, 3.1428, 0.7828[0m
[2026-09-20 12:32:19] 控制路径段: 起点索引=4, 提取点数=6
[2026-09-20 12:32:19] 避障检测路径段: 起点索引=4, 提取点数=30
[2026-09-20 12:32:19] 当前避障路径段长度为：30
避障轨迹最近点索引为：4
[0m[ INFO] [1789878739.201736138]: local_x: 0.1139, local_y: 0.0174, gear: 1,  error_heading: -0.0057[0m
[0m[ INFO] [1789878739.201801194]: 0 points is not droped, 5.8115, 3.2534, 0.7854, 1, 5.7427, 3.1609, 0.7797[0m
[2026-09-20 12:32:19] 控制路径段: 起点索引=4, 提取点数=6
[2026-09-20 12:32:19] 避障检测路径段: 起点索引=4, 提取点数=30
[2026-09-20 12:32:19] 当前避障路径段长度为：30
避障轨迹最近点索引为：4
[0m[ INFO] [1789878739.301736469]: local_x: 0.1009, local_y: 0.0199, gear: 1,  error_heading: -0.0059[0m
[0m[ INFO] [1789878739.301806870]: 0 points is not droped, 5.8115, 3.2534, 0.7854, 1, 5.7537, 3.1683, 0.7795[0m
[2026-09-20 12:32:19] 控制路径段: 起点索引=4, 提取点数=6
[2026-09-20 12:32:19] 避障检测路径段: 起点索引=4, 提取点数=30
[2026-09-20 12:32:19] 当前避障路径段长度为：30
避障轨迹最近点索引为：4
[0m[ INFO] [1789878739.401741953]: local_x: 0.0598, local_y: 0.0144, gear: 1,  error_heading: -0.0092[0m
[0m[ INFO] [1789878739.401809698]: gear=1 points is droped, 5.8115, 3.2534[0m
[2026-09-20 12:32:19] 新的最近点索引: 5
[2026-09-20 12:32:19] 控制路径段: 起点索引=5, 提取点数=5
[2026-09-20 12:32:19] 避障检测路径段: 起点索引=5, 提取点数=29
[2026-09-20 12:32:19] 当前避障路径段长度为：29
避障轨迹最近点索引为：5
[0m[ INFO] [1789878739.503046714]: local_x: 0.2558, local_y: 0.0192, gear: 1,  error_heading: -0.0116[0m
[0m[ INFO] [1789878739.503118810]: 0 points is not droped, 5.9615, 3.4034, 0.7854, 1, 5.7919, 3.2109, 0.7738[0m
[2026-09-20 12:32:19] 控制路径段: 起点索引=5, 提取点数=5
[2026-09-20 12:32:19] 避障检测路径段: 起点索引=5, 提取点数=29
[2026-09-20 12:32:19] 当前避障路径段长度为：29
避障轨迹最近点索引为：5
[0m[ INFO] [1789878739.601721400]: local_x: 0.2292, local_y: 0.0184, gear: 1,  error_heading: -0.0112[0m
[0m[ INFO] [1789878739.601784953]: 0 points is not droped, 5.9615, 3.4034, 0.7854, 1, 5.8105, 3.2300, 0.7742[0m
[2026-09-20 12:32:19] 控制路径段: 起点索引=5, 提取点数=5
[2026-09-20 12:32:19] 避障检测路径段: 起点索引=5, 提取点数=29
[2026-09-20 12:32:19] 当前避障路径段长度为：29
避障轨迹最近点索引为：5
[0m[ INFO] [1789878739.703087441]: local_x: 0.2070, local_y: 0.0251, gear: 1,  error_heading: -0.0125[0m
[0m[ INFO] [1789878739.703162194]: 0 points is not droped, 5.9615, 3.4034, 0.7854, 1, 5.8308, 3.2409, 0.7729[0m
[2026-09-20 12:32:19] 控制路径段: 起点索引=5, 提取点数=5
[2026-09-20 12:32:19] 避障检测路径段: 起点索引=5, 提取点数=29
[2026-09-20 12:32:19] 当前避障路径段长度为：29
避障轨迹最近点索引为：5
[0m[ INFO] [1789878739.801874545]: local_x: 0.1805, local_y: 0.0253, gear: 1,  error_heading: -0.0134[0m
[0m[ INFO] [1789878739.801979602]: 0 points is not droped, 5.9615, 3.4034, 0.7854, 1, 5.8498, 3.2593, 0.7720[0m
[2026-09-20 12:32:19] 控制路径段: 起点索引=5, 提取点数=5
[2026-09-20 12:32:19] 避障检测路径段: 起点索引=5, 提取点数=29
[2026-09-20 12:32:19] 当前避障路径段长度为：29
避障轨迹最近点索引为：5
[0m[ INFO] [1789878739.901719100]: local_x: 0.1549, local_y: 0.0310, gear: 1,  error_heading: -0.0129[0m
[0m[ INFO] [1789878739.901781565]: 0 points is not droped, 5.9615, 3.4034, 0.7854, 1, 5.8722, 3.2731, 0.7725[0m
[2026-09-20 12:32:19] 控制路径段: 起点索引=5, 提取点数=5
[2026-09-20 12:32:19] 避障检测路径段: 起点索引=5, 提取点数=29
[2026-09-20 12:32:19] 当前避障路径段长度为：29
避障轨迹最近点索引为：5
[0m[ INFO] [1789878740.002029036]: local_x: 0.1286, local_y: 0.0317, gear: 1,  error_heading: -0.0109[0m
[0m[ INFO] [1789878740.002088460]: 0 points is not droped, 5.9615, 3.4034, 0.7854, 1, 5.8918, 3.2908, 0.7745[0m
[2026-09-20 12:32:20] 控制路径段: 起点索引=5, 提取点数=5
[2026-09-20 12:32:20] 避障检测路径段: 起点索引=5, 提取点数=29
[2026-09-20 12:32:20] 当前避障路径段长度为：29
避障轨迹最近点索引为：5
[0m[ INFO] [1789878740.101699061]: local_x: 0.1062, local_y: 0.0335, gear: 1,  error_heading: -0.0117[0m
[0m[ INFO] [1789878740.101764406]: 0 points is not droped, 5.9615, 3.4034, 0.7854, 1, 5.9089, 3.3052, 0.7737[0m
[2026-09-20 12:32:20] 控制路径段: 起点索引=5, 提取点数=5
[2026-09-20 12:32:20] 避障检测路径段: 起点索引=5, 提取点数=29
[2026-09-20 12:32:20] 当前避障路径段长度为：29
避障轨迹最近点索引为：5
[0m[ INFO] [1789878740.205081540]: local_x: 0.0793, local_y: 0.0345, gear: 1,  error_heading: -0.0106[0m
[0m[ INFO] [1789878740.205170372]: gear=1 points is droped, 5.9615, 3.4034[0m
[2026-09-20 12:32:20] 新的最近点索引: 6
[2026-09-20 12:32:20] 控制路径段: 起点索引=6, 提取点数=4
[2026-09-20 12:32:20] 避障检测路径段: 起点索引=6, 提取点数=28
[2026-09-20 12:32:20] 当前避障路径段长度为：28
避障轨迹最近点索引为：6
[0m[ INFO] [1789878740.301742414]: local_x: 0.2783, local_y: 0.0364, gear: 1,  error_heading: -0.0100[0m
[0m[ INFO] [1789878740.301814703]: 0 points is not droped, 6.1115, 3.5534, 0.7854, 1, 5.9382, 3.3326, 0.7754[0m
[2026-09-20 12:32:20] 控制路径段: 起点索引=6, 提取点数=4
[2026-09-20 12:32:20] 避障检测路径段: 起点索引=6, 提取点数=28
[2026-09-20 12:32:20] 当前避障路径段长度为：28
避障轨迹最近点索引为：6
[0m[ INFO] [1789878740.401739291]: local_x: 0.2482, local_y: 0.0342, gear: 1,  error_heading: -0.0098[0m
[0m[ INFO] [1789878740.401806844]: 0 points is not droped, 6.1115, 3.5534, 0.7854, 1, 5.9582, 3.3552, 0.7756[0m
[2026-09-20 12:32:20] 控制路径段: 起点索引=6, 提取点数=4
[2026-09-20 12:32:20] 避障检测路径段: 起点索引=6, 提取点数=28
[2026-09-20 12:32:20] 当前避障路径段长度为：28
避障轨迹最近点索引为：6
[0m[ INFO] [1789878740.501743368]: local_x: 0.2263, local_y: 0.0332, gear: 1,  error_heading: -0.0076[0m
[0m[ INFO] [1789878740.501825800]: 0 points is not droped, 6.1115, 3.5534, 0.7854, 1, 5.9735, 3.3709, 0.7778[0m
[2026-09-20 12:32:20] 控制路径段: 起点索引=6, 提取点数=4
[2026-09-20 12:32:20] 避障检测路径段: 起点索引=6, 提取点数=28
[2026-09-20 12:32:20] 当前避障路径段长度为：28
避障轨迹最近点索引为：6
[0m[ INFO] [1789878740.601758740]: local_x: 0.2002, local_y: 0.0328, gear: 1,  error_heading: -0.0071[0m
[0m[ INFO] [1789878740.601837717]: 0 points is not droped, 6.1115, 3.5534, 0.7854, 1, 5.9920, 3.3894, 0.7783[0m
[2026-09-20 12:32:20] 控制路径段: 起点索引=6, 提取点数=4
[2026-09-20 12:32:20] 避障检测路径段: 起点索引=6, 提取点数=28
[2026-09-20 12:32:20] 当前避障路径段长度为：28
避障轨迹最近点索引为：6
[0m[ INFO] [1789878740.701723616]: local_x: 0.1781, local_y: 0.0343, gear: 1,  error_heading: -0.0053[0m
[0m[ INFO] [1789878740.701796641]: 0 points is not droped, 6.1115, 3.5534, 0.7854, 1, 6.0090, 3.4037, 0.7801[0m
[2026-09-20 12:32:20] 控制路径段: 起点索引=6, 提取点数=4
[2026-09-20 12:32:20] 避障检测路径段: 起点索引=6, 提取点数=28
[2026-09-20 12:32:20] 当前避障路径段长度为：28
避障轨迹最近点索引为：6
[0m[ INFO] [1789878740.801823982]: local_x: 0.1524, local_y: 0.0337, gear: 1,  error_heading: -0.0041[0m
[0m[ INFO] [1789878740.801895695]: 0 points is not droped, 6.1115, 3.5534, 0.7854, 1, 6.0270, 3.4222, 0.7813[0m
[2026-09-20 12:32:20] 控制路径段: 起点索引=6, 提取点数=4
[2026-09-20 12:32:20] 避障检测路径段: 起点索引=6, 提取点数=28
[2026-09-20 12:32:20] 当前避障路径段长度为：28
避障轨迹最近点索引为：6
[0m[ INFO] [1789878740.901736794]: local_x: 0.1318, local_y: 0.0349, gear: 1,  error_heading: -0.0006[0m
[0m[ INFO] [1789878740.901811706]: 0 points is not droped, 6.1115, 3.5534, 0.7854, 1, 6.0429, 3.4355, 0.7848[0m
[2026-09-20 12:32:20] 控制路径段: 起点索引=6, 提取点数=4
[2026-09-20 12:32:20] 避障检测路径段: 起点索引=6, 提取点数=28
[2026-09-20 12:32:20] 当前避障路径段长度为：28
避障轨迹最近点索引为：6
[0m[ INFO] [1789878741.001729542]: local_x: 0.1050, local_y: 0.0352, gear: 1,  error_heading: 0.0010[0m
[0m[ INFO] [1789878741.001795751]: 0 points is not droped, 6.1115, 3.5534, 0.7854, 1, 6.0622, 3.4542, 0.7864[0m
[2026-09-20 12:32:21] 控制路径段: 起点索引=6, 提取点数=4
[2026-09-20 12:32:21] 避障检测路径段: 起点索引=6, 提取点数=28
[2026-09-20 12:32:21] 当前避障路径段长度为：28
避障轨迹最近点索引为：6
[0m[ INFO] [1789878741.102068566]: local_x: 0.0809, local_y: 0.0330, gear: 1,  error_heading: 0.0033[0m
[0m[ INFO] [1789878741.102138327]: gear=1 points is droped, 6.1115, 3.5534[0m
[2026-09-20 12:32:21] 新的最近点索引: 7
[2026-09-20 12:32:21] 控制路径段: 起点索引=7, 提取点数=3
[2026-09-20 12:32:21] 避障检测路径段: 起点索引=7, 提取点数=27
[2026-09-20 12:32:21] 当前避障路径段长度为：27
避障轨迹最近点索引为：7
[0m[ INFO] [1789878741.201741471]: local_x: 0.2670, local_y: 0.0319, gear: 1,  error_heading: 0.0051[0m
[0m[ INFO] [1789878741.201807360]: 0 points is not droped, 6.2615, 3.7034, 0.7854, 1, 6.0963, 3.4912, 0.7905[0m
[2026-09-20 12:32:21] 控制路径段: 起点索引=7, 提取点数=3
[2026-09-20 12:32:21] 避障检测路径段: 起点索引=7, 提取点数=27
[2026-09-20 12:32:21] 当前避障路径段长度为：27
避障轨迹最近点索引为：7
[0m[ INFO] [1789878741.301713867]: local_x: 0.2522, local_y: 0.0258, gear: 1,  error_heading: 0.0083[0m
[0m[ INFO] [1789878741.301781196]: 0 points is not droped, 6.2615, 3.7034, 0.7854, 1, 6.1030, 3.5055, 0.7937[0m
[2026-09-20 12:32:21] 控制路径段: 起点索引=7, 提取点数=3
[2026-09-20 12:32:21] 避障检测路径段: 起点索引=7, 提取点数=27
[2026-09-20 12:32:21] 当前避障路径段长度为：27
避障轨迹最近点索引为：7
[0m[ INFO] [1789878741.401716632]: local_x: 0.2210, local_y: 0.0303, gear: 1,  error_heading: 0.0110[0m
[0m[ INFO] [1789878741.401783513]: 0 points is not droped, 6.2615, 3.7034, 0.7854, 1, 6.1286, 3.5243, 0.7964[0m
[2026-09-20 12:32:21] 控制路径段: 起点索引=7, 提取点数=3
[2026-09-20 12:32:21] 避障检测路径段: 起点索引=7, 提取点数=27
[2026-09-20 12:32:21] 当前避障路径段长度为：27
避障轨迹最近点索引为：7
[0m[ INFO] [1789878741.501701764]: local_x: 0.2011, local_y: 0.0303, gear: 1,  error_heading: 0.0136[0m
[0m[ INFO] [1789878741.501761221]: 0 points is not droped, 6.2615, 3.7034, 0.7854, 1, 6.1430, 3.5381, 0.7990[0m
[2026-09-20 12:32:21] 控制路径段: 起点索引=7, 提取点数=3
[2026-09-20 12:32:21] 避障检测路径段: 起点索引=7, 提取点数=27
[2026-09-20 12:32:21] 当前避障路径段长度为：27
避障轨迹最近点索引为：7
[0m[ INFO] [1789878741.601776722]: local_x: 0.1748, local_y: 0.0312, gear: 1,  error_heading: 0.0159[0m
[0m[ INFO] [1789878741.601847410]: 0 points is not droped, 6.2615, 3.7034, 0.7854, 1, 6.1623, 3.5561, 0.8013[0m
[2026-09-20 12:32:21] 控制路径段: 起点索引=7, 提取点数=3
[2026-09-20 12:32:21] 避障检测路径段: 起点索引=7, 提取点数=27
[2026-09-20 12:32:21] 当前避障路径段长度为：27
避障轨迹最近点索引为：7
[0m[ INFO] [1789878741.701809566]: local_x: 0.1544, local_y: 0.0288, gear: 1,  error_heading: 0.0165[0m
[0m[ INFO] [1789878741.701894047]: 0 points is not droped, 6.2615, 3.7034, 0.7854, 1, 6.1748, 3.5724, 0.8019[0m
[2026-09-20 12:32:21] 控制路径段: 起点索引=7, 提取点数=3
[2026-09-20 12:32:21] 避障检测路径段: 起点索引=7, 提取点数=27
[2026-09-20 12:32:21] 当前避障路径段长度为：27
避障轨迹最近点索引为：7
[0m[ INFO] [1789878741.803258266]: local_x: 0.1299, local_y: 0.0276, gear: 1,  error_heading: 0.0186[0m
[0m[ INFO] [1789878741.803432731]: 0 points is not droped, 6.2615, 3.7034, 0.7854, 1, 6.1913, 3.5907, 0.8040[0m
[2026-09-20 12:32:21] 控制路径段: 起点索引=7, 提取点数=3
[2026-09-20 12:32:21] 避障检测路径段: 起点索引=7, 提取点数=27
[2026-09-20 12:32:21] 当前避障路径段长度为：27
避障轨迹最近点索引为：7
[0m[ INFO] [1789878741.901731319]: local_x: 0.1077, local_y: 0.0260, gear: 1,  error_heading: 0.0227[0m
[0m[ INFO] [1789878741.901800983]: 0 points is not droped, 6.2615, 3.7034, 0.7854, 1, 6.2058, 3.6075, 0.8081[0m
[2026-09-20 12:32:21] 控制路径段: 起点索引=7, 提取点数=3
[2026-09-20 12:32:21] 避障检测路径段: 起点索引=7, 提取点数=27
[2026-09-20 12:32:21] 当前避障路径段长度为：27
避障轨迹最近点索引为：7
[0m[ INFO] [1789878742.001758372]: local_x: 0.0817, local_y: 0.0272, gear: 1,  error_heading: 0.0244[0m
[0m[ INFO] [1789878742.001829380]: gear=1 points is droped, 6.2615, 3.7034[0m
[2026-09-20 12:32:22] 新的最近点索引: 8
[2026-09-20 12:32:22] 控制路径段: 起点索引=8, 提取点数=2
[2026-09-20 12:32:22] 避障检测路径段: 起点索引=8, 提取点数=26
[2026-09-20 12:32:22] 当前避障路径段长度为：26
避障轨迹最近点索引为：8
[0m[ INFO] [1789878742.101679599]: local_x: 0.2707, local_y: 0.0191, gear: 1,  error_heading: 0.0277[0m
[0m[ INFO] [1789878742.101736208]: 0 points is not droped, 6.4115, 3.8534, 0.7854, 1, 6.2393, 3.6436, 0.8131[0m
[2026-09-20 12:32:22] 控制路径段: 起点索引=8, 提取点数=2
[2026-09-20 12:32:22] 避障检测路径段: 起点索引=8, 提取点数=26
[2026-09-20 12:32:22] 当前避障路径段长度为：26
避障轨迹最近点索引为：8
[0m[ INFO] [1789878742.201748668]: local_x: 0.2575, local_y: 0.0195, gear: 1,  error_heading: 0.0297[0m
[0m[ INFO] [1789878742.201822589]: 0 points is not droped, 6.4115, 3.8534, 0.7854, 1, 6.2490, 3.6526, 0.8150[0m
[2026-09-20 12:32:22] 控制路径段: 起点索引=8, 提取点数=2
[2026-09-20 12:32:22] 避障检测路径段: 起点索引=8, 提取点数=26
[2026-09-20 12:32:22] 当前避障路径段长度为：26
避障轨迹最近点索引为：8
[0m[ INFO] [1789878742.301747497]: local_x: 0.2323, local_y: 0.0154, gear: 1,  error_heading: 0.0342[0m
[0m[ INFO] [1789878742.301818410]: 0 points is not droped, 6.4115, 3.8534, 0.7854, 1, 6.2641, 3.6731, 0.8196[0m
[2026-09-20 12:32:22] 控制路径段: 起点索引=8, 提取点数=2
[2026-09-20 12:32:22] 避障检测路径段: 起点索引=8, 提取点数=26
[2026-09-20 12:32:22] 当前避障路径段长度为：26
避障轨迹最近点索引为：8
[0m[ INFO] [1789878742.401783894]: local_x: 0.1938, local_y: 0.0252, gear: 1,  error_heading: 0.0378[0m
[0m[ INFO] [1789878742.401860375]: 0 points is not droped, 6.4115, 3.8534, 0.7854, 1, 6.2982, 3.6942, 0.8232[0m
[2026-09-20 12:32:22] 控制路径段: 起点索引=8, 提取点数=2
[2026-09-20 12:32:22] 避障检测路径段: 起点索引=8, 提取点数=26
[2026-09-20 12:32:22] 当前避障路径段长度为：26
避障轨迹最近点索引为：8
[0m[ INFO] [1789878742.502018597]: local_x: 0.1725, local_y: 0.0210, gear: 1,  error_heading: 0.0395[0m
[0m[ INFO] [1789878742.502083877]: 0 points is not droped, 6.4115, 3.8534, 0.7854, 1, 6.3099, 3.7124, 0.8249[0m
[2026-09-20 12:32:22] 控制路径段: 起点索引=8, 提取点数=2
[2026-09-20 12:32:22] 避障检测路径段: 起点索引=8, 提取点数=26
[2026-09-20 12:32:22] 当前避障路径段长度为：26
避障轨迹最近点索引为：8
[0m[ INFO] [1789878742.601785775]: local_x: 0.1456, local_y: 0.0218, gear: 1,  error_heading: 0.0437[0m
[0m[ INFO] [1789878742.601850992]: 0 points is not droped, 6.4115, 3.8534, 0.7854, 1, 6.3292, 3.7313, 0.8291[0m
[2026-09-20 12:32:22] 控制路径段: 起点索引=8, 提取点数=2
[2026-09-20 12:32:22] 避障检测路径段: 起点索引=8, 提取点数=26
[2026-09-20 12:32:22] 当前避障路径段长度为：26
避障轨迹最近点索引为：8
[0m[ INFO] [1789878742.701740731]: local_x: 0.1254, local_y: 0.0187, gear: 1,  error_heading: 0.0497[0m
[0m[ INFO] [1789878742.701806172]: 0 points is not droped, 6.4115, 3.8534, 0.7854, 1, 6.3412, 3.7479, 0.8351[0m
[2026-09-20 12:32:22] 控制路径段: 起点索引=8, 提取点数=2
[2026-09-20 12:32:22] 避障检测路径段: 起点索引=8, 提取点数=26
[2026-09-20 12:32:22] 当前避障路径段长度为：26
避障轨迹最近点索引为：8
[0m[ INFO] [1789878742.801745320]: local_x: 0.0986, local_y: 0.0198, gear: 1,  error_heading: 0.0588[0m
[0m[ INFO] [1789878742.802404558]: gear=1 points is droped, 6.4115, 3.8534[0m
[2026-09-20 12:32:22] 新的最近点索引: 9
[2026-09-20 12:32:22] 控制路径段: 起点索引=9, 提取点数=1
[2026-09-20 12:32:22] 避障检测路径段: 起点索引=9, 提取点数=25
[2026-09-20 12:32:22] 当前避障路径段长度为：25
避障轨迹最近点索引为：9
[0m[ INFO] [1789878742.901696116]: local_x: 0.2872, local_y: 0.0027, gear: 2,  error_heading: -0.7205[0m
[2026-09-20 12:32:22] 还未完成转向!
[0m[ INFO] [1789878742.948132358]: 0 points is not droped, 6.5615, 4.0034, 1.5708, 2, 6.3741, 3.7858, 0.8503[0m
[2026-09-20 12:32:22] 控制路径段: 起点索引=9, 提取点数=1
[2026-09-20 12:32:22] 避障检测路径段: 起点索引=9, 提取点数=25
[2026-09-20 12:32:22] 当前避障路径段长度为：25
避障轨迹最近点索引为：9
[0m[ INFO] [1789878743.001691872]: local_x: 0.2608, local_y: 0.0026, gear: 2,  error_heading: -0.7137[0m
[2026-09-20 12:32:23] 还未完成转向!
[0m[ INFO] [1789878743.048277076]: 0 points is not droped, 6.5615, 4.0034, 1.5708, 2, 6.3927, 3.8045, 0.8571[0m
[2026-09-20 12:32:23] 控制路径段: 起点索引=9, 提取点数=1
[2026-09-20 12:32:23] 避障检测路径段: 起点索引=9, 提取点数=25
[2026-09-20 12:32:23] 当前避障路径段长度为：25
避障轨迹最近点索引为：9
[0m[ INFO] [1789878743.101723085]: local_x: 0.2362, local_y: -0.0004, gear: 2,  error_heading: -0.7085[0m
[2026-09-20 12:32:23] 还未完成转向!
[0m[ INFO] [1789878743.148114847]: 0 points is not droped, 6.5615, 4.0034, 1.5708, 2, 6.4075, 3.8243, 0.8623[0m
[2026-09-20 12:32:23] 控制路径段: 起点索引=9, 提取点数=1
[2026-09-20 12:32:23] 避障检测路径段: 起点索引=9, 提取点数=25
[2026-09-20 12:32:23] 当前避障路径段长度为：25
避障轨迹最近点索引为：9
[0m[ INFO] [1789878743.201680761]: local_x: 0.2096, local_y: 0.0007, gear: 2,  error_heading: -0.7042[0m
[2026-09-20 12:32:23] 还未完成转向!
[0m[ INFO] [1789878743.248111147]: 0 points is not droped, 6.5615, 4.0034, 1.5708, 2, 6.4264, 3.8432, 0.8666[0m
[2026-09-20 12:32:23] 控制路径段: 起点索引=9, 提取点数=1
[2026-09-20 12:32:23] 避障检测路径段: 起点索引=9, 提取点数=25
[2026-09-20 12:32:23] 当前避障路径段长度为：25
避障轨迹最近点索引为：9
[0m[ INFO] [1789878743.301727078]: local_x: 0.1975, local_y: 0.0003, gear: 2,  error_heading: -0.7029[0m
[2026-09-20 12:32:23] 还未完成转向!
[0m[ INFO] [1789878743.348109240]: 0 points is not droped, 6.5615, 4.0034, 1.5708, 2, 6.4340, 3.8525, 0.8679[0m
[2026-09-20 12:32:23] 控制路径段: 起点索引=9, 提取点数=1
[2026-09-20 12:32:23] 避障检测路径段: 起点索引=9, 提取点数=25
[2026-09-20 12:32:23] 当前避障路径段长度为：25
避障轨迹最近点索引为：9
[0m[ INFO] [1789878743.401691538]: local_x: 0.1879, local_y: -0.0048, gear: 2,  error_heading: -0.6990[0m
[2026-09-20 12:32:23] 还未完成转向!
[0m[ INFO] [1789878743.448411367]: 0 points is not droped, 6.5615, 4.0034, 1.5708, 2, 6.4369, 3.8626, 0.8718[0m
[2026-09-20 12:32:23] 控制路径段: 起点索引=9, 提取点数=1
[2026-09-20 12:32:23] 避障检测路径段: 起点索引=9, 提取点数=25
[2026-09-20 12:32:23] 当前避障路径段长度为：25
避障轨迹最近点索引为：9
[0m[ INFO] [1789878743.501791072]: local_x: 0.1808, local_y: -0.0036, gear: 2,  error_heading: -0.7011[0m
[2026-09-20 12:32:23] 还未完成转向!
[0m[ INFO] [1789878743.548137745]: 0 points is not droped, 6.5615, 4.0034, 1.5708, 2, 6.4421, 3.8675, 0.8697[0m
[2026-09-20 12:32:23] 控制路径段: 起点索引=9, 提取点数=1
[2026-09-20 12:32:23] 避障检测路径段: 起点索引=9, 提取点数=25
[2026-09-20 12:32:23] 当前避障路径段长度为：25
避障轨迹最近点索引为：9
[0m[ INFO] [1789878743.601733100]: local_x: 0.1670, local_y: -0.0033, gear: 2,  error_heading: -0.6997[0m
[2026-09-20 12:32:23] 还未完成转向!
[0m[ INFO] [1789878743.648398912]: 0 points is not droped, 6.5615, 4.0034, 1.5708, 2, 6.4515, 3.8777, 0.8711[0m
[2026-09-20 12:32:23] 控制路径段: 起点索引=9, 提取点数=1
[2026-09-20 12:32:23] 避障检测路径段: 起点索引=9, 提取点数=25
[2026-09-20 12:32:23] 当前避障路径段长度为：25
避障轨迹最近点索引为：9
[0m[ INFO] [1789878743.701712600]: local_x: 0.1583, local_y: -0.0049, gear: 2,  error_heading: -0.6988[0m
[2026-09-20 12:32:23] 还未完成转向!
[0m[ INFO] [1789878743.748091498]: 0 points is not droped, 6.5615, 4.0034, 1.5708, 2, 6.4559, 3.8854, 0.8720[0m
[2026-09-20 12:32:23] 控制路径段: 起点索引=9, 提取点数=1
[2026-09-20 12:32:23] 避障检测路径段: 起点索引=9, 提取点数=25
[2026-09-20 12:32:23] 当前避障路径段长度为：25
避障轨迹最近点索引为：9
[0m[ INFO] [1789878743.801700423]: local_x: 0.1455, local_y: -0.0029, gear: 2,  error_heading: -0.6995[0m
[2026-09-20 12:32:23] 还未完成转向!
[0m[ INFO] [1789878743.848136155]: 0 points is not droped, 6.5615, 4.0034, 1.5708, 2, 6.4656, 3.8939, 0.8713[0m
[2026-09-20 12:32:23] 控制路径段: 起点索引=9, 提取点数=1
[2026-09-20 12:32:23] 避障检测路径段: 起点索引=9, 提取点数=25
[2026-09-20 12:32:23] 当前避障路径段长度为：25
避障轨迹最近点索引为：9
[0m[ INFO] [1789878743.901661880]: local_x: 0.1372, local_y: -0.0045, gear: 2,  error_heading: -0.7019[0m
[2026-09-20 12:32:23] 还未完成转向!
[0m[ INFO] [1789878743.948179086]: 0 points is not droped, 6.5615, 4.0034, 1.5708, 2, 6.4694, 3.9015, 0.8689[0m
[2026-09-20 12:32:23] 控制路径段: 起点索引=9, 提取点数=1
[2026-09-20 12:32:23] 避障检测路径段: 起点索引=9, 提取点数=25
[2026-09-20 12:32:23] 当前避障路径段长度为：25
避障轨迹最近点索引为：9
[0m[ INFO] [1789878744.001808491]: local_x: 0.1245, local_y: -0.0036, gear: 2,  error_heading: -0.7023[0m
[2026-09-20 12:32:24] 还未完成转向!
[0m[ INFO] [1789878744.048931687]: 0 points is not droped, 6.5615, 4.0034, 1.5708, 2, 6.4783, 3.9107, 0.8685[0m
[2026-09-20 12:32:24] 控制路径段: 起点索引=9, 提取点数=1
[2026-09-20 12:32:24] 避障检测路径段: 起点索引=9, 提取点数=25
[2026-09-20 12:32:24] 当前避障路径段长度为：25
避障轨迹最近点索引为：9
[0m[ INFO] [1789878744.103118539]: local_x: 0.1188, local_y: -0.0045, gear: 2,  error_heading: -0.7042[0m
[2026-09-20 12:32:24] 还未完成转向!
[0m[ INFO] [1789878744.148169170]: 0 points is not droped, 6.5615, 4.0034, 1.5708, 2, 6.4811, 3.9158, 0.8666[0m
[2026-09-20 12:32:24] 控制路径段: 起点索引=9, 提取点数=1
[2026-09-20 12:32:24] 避障检测路径段: 起点索引=9, 提取点数=25
[2026-09-20 12:32:24] 当前避障路径段长度为：25
避障轨迹最近点索引为：9
[0m[ INFO] [1789878744.201679342]: local_x: 0.1066, local_y: -0.0033, gear: 2,  error_heading: -0.7101[0m
[2026-09-20 12:32:24] 还未完成转向!
[0m[ INFO] [1789878744.248086883]: 0 points is not droped, 6.5615, 4.0034, 1.5708, 2, 6.4895, 3.9247, 0.8607[0m
[2026-09-20 12:32:24] 控制路径段: 起点索引=9, 提取点数=1
[2026-09-20 12:32:24] 避障检测路径段: 起点索引=9, 提取点数=25
[2026-09-20 12:32:24] 当前避障路径段长度为：25
避障轨迹最近点索引为：9
[0m[ INFO] [1789878744.301759553]: local_x: 0.0993, local_y: -0.0040, gear: 2,  error_heading: -0.7143[0m
[2026-09-20 12:32:24] 还未完成转向!
[0m[ INFO] [1789878744.348145941]: 0 points is not droped, 6.5615, 4.0034, 1.5708, 2, 6.4934, 3.9310, 0.8565[0m
[2026-09-20 12:32:24] 控制路径段: 起点索引=9, 提取点数=1
[2026-09-20 12:32:24] 避障检测路径段: 起点索引=9, 提取点数=25
[2026-09-20 12:32:24] 当前避障路径段长度为：25
避障轨迹最近点索引为：9
[0m[ INFO] [1789878744.401716594]: local_x: 0.0922, local_y: -0.0041, gear: 2,  error_heading: -0.7217[0m
[2026-09-20 12:32:24] 还未完成转向!
[0m[ INFO] [1789878744.448193160]: 0 points is not droped, 6.5615, 4.0034, 1.5708, 2, 6.4975, 3.9369, 0.8491[0m
[2026-09-20 12:32:24] 控制路径段: 起点索引=9, 提取点数=1
[2026-09-20 12:32:24] 避障检测路径段: 起点索引=9, 提取点数=25
[2026-09-20 12:32:24] 当前避障路径段长度为：25
避障轨迹最近点索引为：9
[0m[ INFO] [1789878744.501683076]: local_x: 0.0841, local_y: -0.0042, gear: 2,  error_heading: -0.7280[0m
[2026-09-20 12:32:24] 还未完成转向!
[0m[ INFO] [1789878744.548155545]: 0 points is not droped, 6.5615, 4.0034, 1.5708, 2, 6.5024, 3.9434, 0.8428[0m
[2026-09-20 12:32:24] 控制路径段: 起点索引=9, 提取点数=1
[2026-09-20 12:32:24] 避障检测路径段: 起点索引=9, 提取点数=25
[2026-09-20 12:32:24] 当前避障路径段长度为：25
避障轨迹最近点索引为：9
[0m[ INFO] [1789878744.601794391]: local_x: 0.0747, local_y: -0.0037, gear: 2,  error_heading: -0.7345[0m
[2026-09-20 12:32:24] 还未完成转向!
[0m[ INFO] [1789878744.648285292]: 0 points is not droped, 6.5615, 4.0034, 1.5708, 2, 6.5087, 3.9504, 0.8363[0m
[2026-09-20 12:32:24] 控制路径段: 起点索引=9, 提取点数=1
[2026-09-20 12:32:24] 避障检测路径段: 起点索引=9, 提取点数=25
[2026-09-20 12:32:24] 当前避障路径段长度为：25
避障轨迹最近点索引为：9
[0m[ INFO] [1789878744.701735624]: local_x: 0.0683, local_y: -0.0039, gear: 2,  error_heading: -0.7409[0m
[2026-09-20 12:32:24] 还未完成转向!
[0m[ INFO] [1789878744.748204989]: 0 points is not droped, 6.5615, 4.0034, 1.5708, 2, 6.5125, 3.9556, 0.8299[0m
[2026-09-20 12:32:24] 控制路径段: 起点索引=9, 提取点数=1
[2026-09-20 12:32:24] 避障检测路径段: 起点索引=9, 提取点数=25
[2026-09-20 12:32:24] 当前避障路径段长度为：25
避障轨迹最近点索引为：9
[0m[ INFO] [1789878744.801745818]: local_x: 0.0591, local_y: -0.0028, gear: 2,  error_heading: -0.7479[0m
[2026-09-20 12:32:24] 还未完成转向!
[0m[ INFO] [1789878744.848197263]: 0 points is not droped, 6.5615, 4.0034, 1.5708, 2, 6.5192, 3.9619, 0.8229[0m
[2026-09-20 12:32:24] 控制路径段: 起点索引=9, 提取点数=1
[2026-09-20 12:32:24] 避障检测路径段: 起点索引=9, 提取点数=25
[2026-09-20 12:32:24] 当前避障路径段长度为：25
避障轨迹最近点索引为：9
[0m[ INFO] [1789878744.901702988]: local_x: 0.0552, local_y: -0.0010, gear: 2,  error_heading: -0.7504[0m
[2026-09-20 12:32:24] 还未完成转向!
[0m[ INFO] [1789878744.948126848]: 0 points is not droped, 6.5615, 4.0034, 1.5708, 2, 6.5231, 3.9637, 0.8204[0m
[2026-09-20 12:32:24] 控制路径段: 起点索引=9, 提取点数=1
[2026-09-20 12:32:24] 避障检测路径段: 起点索引=9, 提取点数=25
[2026-09-20 12:32:24] 当前避障路径段长度为：25
避障轨迹最近点索引为：9
[0m[ INFO] [1789878745.001729278]: local_x: 0.0578, local_y: 0.0002, gear: 2,  error_heading: -0.7345[0m
[2026-09-20 12:32:25] 还未完成转向!
[0m[ INFO] [1789878745.048199507]: 0 points is not droped, 6.5615, 4.0034, 1.5708, 2, 6.5229, 3.9604, 0.8363[0m
[2026-09-20 12:32:25] 控制路径段: 起点索引=9, 提取点数=1
[2026-09-20 12:32:25] 避障检测路径段: 起点索引=9, 提取点数=25
[2026-09-20 12:32:25] 当前避障路径段长度为：25
避障轨迹最近点索引为：9
[0m[ INFO] [1789878745.101727696]: local_x: 0.0613, local_y: 0.0007, gear: 2,  error_heading: -0.7106[0m
[2026-09-20 12:32:25] 还未完成转向!
[0m[ INFO] [1789878745.148128804]: 0 points is not droped, 6.5615, 4.0034, 1.5708, 2, 6.5220, 3.9565, 0.8601[0m
[2026-09-20 12:32:25] 控制路径段: 起点索引=9, 提取点数=1
[2026-09-20 12:32:25] 避障检测路径段: 起点索引=9, 提取点数=25
[2026-09-20 12:32:25] 当前避障路径段长度为：25
避障轨迹最近点索引为：9
[0m[ INFO] [1789878745.201708641]: local_x: 0.0651, local_y: 0.0007, gear: 2,  error_heading: -0.6883[0m
[2026-09-20 12:32:25] 还未完成转向!
[0m[ INFO] [1789878745.248136438]: 0 points is not droped, 6.5615, 4.0034, 1.5708, 2, 6.5207, 3.9527, 0.8825[0m
[2026-09-20 12:32:25] 控制路径段: 起点索引=9, 提取点数=1
[2026-09-20 12:32:25] 避障检测路径段: 起点索引=9, 提取点数=25
[2026-09-20 12:32:25] 当前避障路径段长度为：25
避障轨迹最近点索引为：9
[0m[ INFO] [1789878745.301743604]: local_x: 0.0671, local_y: 0.0043, gear: 2,  error_heading: -0.6761[0m
[2026-09-20 12:32:25] 还未完成转向!
[0m[ INFO] [1789878745.348118600]: 0 points is not droped, 6.5615, 4.0034, 1.5708, 2, 6.5228, 3.9484, 0.8947[0m
[2026-09-20 12:32:25] 控制路径段: 起点索引=9, 提取点数=1
[2026-09-20 12:32:25] 避障检测路径段: 起点索引=9, 提取点数=25
[2026-09-20 12:32:25] 当前避障路径段长度为：25
避障轨迹最近点索引为：9
[0m[ INFO] [1789878745.401694533]: local_x: 0.0754, local_y: -0.0062, gear: 2,  error_heading: -0.6583[0m
[2026-09-20 12:32:25] 还未完成转向!
[0m[ INFO] [1789878745.448547326]: 0 points is not droped, 6.5615, 4.0034, 1.5708, 2, 6.5104, 3.9476, 0.9125[0m
[2026-09-20 12:32:25] 控制路径段: 起点索引=9, 提取点数=1
[2026-09-20 12:32:25] 避障检测路径段: 起点索引=9, 提取点数=25
[2026-09-20 12:32:25] 当前避障路径段长度为：25
避障轨迹最近点索引为：9
[0m[ INFO] [1789878745.501695223]: local_x: 0.0821, local_y: -0.0066, gear: 2,  error_heading: -0.6414[0m
[2026-09-20 12:32:25] 还未完成转向!
[0m[ INFO] [1789878745.548152044]: 0 points is not droped, 6.5615, 4.0034, 1.5708, 2, 6.5071, 3.9415, 0.9294[0m
[2026-09-20 12:32:25] 控制路径段: 起点索引=9, 提取点数=1
[2026-09-20 12:32:25] 避障检测路径段: 起点索引=9, 提取点数=25
[2026-09-20 12:32:25] 当前避障路径段长度为：25
避障轨迹最近点索引为：9
[0m[ INFO] [1789878745.601866443]: local_x: 0.0855, local_y: -0.0083, gear: 2,  error_heading: -0.6186[0m
[2026-09-20 12:32:25] 还未完成转向!
[0m[ INFO] [1789878745.648263615]: 0 points is not droped, 6.5615, 4.0034, 1.5708, 2, 6.5051, 3.9385, 0.9522[0m
[2026-09-20 12:32:25] 控制路径段: 起点索引=9, 提取点数=1
[2026-09-20 12:32:25] 避障检测路径段: 起点索引=9, 提取点数=25
[2026-09-20 12:32:25] 当前避障路径段长度为：25
避障轨迹最近点索引为：9
[0m[ INFO] [1789878745.701820540]: local_x: 0.0874, local_y: -0.0109, gear: 2,  error_heading: -0.5791[0m
[2026-09-20 12:32:25] 还未完成转向!
[0m[ INFO] [1789878745.748200112]: 0 points is not droped, 6.5615, 4.0034, 1.5708, 2, 6.5045, 3.9363, 0.9917[0m
[2026-09-20 12:32:25] 控制路径段: 起点索引=9, 提取点数=1
[2026-09-20 12:32:25] 避障检测路径段: 起点索引=9, 提取点数=25
[2026-09-20 12:32:25] 当前避障路径段长度为：25
避障轨迹最近点索引为：9
[0m[ INFO] [1789878745.801808014]: local_x: 0.0844, local_y: -0.0191, gear: 2,  error_heading: -0.5270[0m
[2026-09-20 12:32:25] 还未完成转向!
[0m[ INFO] [1789878745.848372292]: 0 points is not droped, 6.5615, 4.0034, 1.5708, 2, 6.5025, 3.9401, 1.0438[0m
[2026-09-20 12:32:25] 控制路径段: 起点索引=9, 提取点数=1
[2026-09-20 12:32:25] 避障检测路径段: 起点索引=9, 提取点数=25
[2026-09-20 12:32:25] 当前避障路径段长度为：25
避障轨迹最近点索引为：9
[0m[ INFO] [1789878745.901747295]: local_x: 0.0838, local_y: -0.0245, gear: 2,  error_heading: -0.4779[0m
[2026-09-20 12:32:25] 还未完成转向!
[0m[ INFO] [1789878745.948133908]: 0 points is not droped, 6.5615, 4.0034, 1.5708, 2, 6.5012, 3.9402, 1.0929[0m
[2026-09-20 12:32:25] 控制路径段: 起点索引=9, 提取点数=1
[2026-09-20 12:32:25] 避障检测路径段: 起点索引=9, 提取点数=25
[2026-09-20 12:32:25] 当前避障路径段长度为：25
避障轨迹最近点索引为：9
[0m[ INFO] [1789878746.002164533]: local_x: 0.0822, local_y: -0.0280, gear: 2,  error_heading: -0.4403[0m
[2026-09-20 12:32:26] 还未完成转向!
[0m[ INFO] [1789878746.048188614]: 0 points is not droped, 6.5615, 4.0034, 1.5708, 2, 6.5012, 3.9409, 1.1305[0m
[2026-09-20 12:32:26] 控制路径段: 起点索引=9, 提取点数=1
[2026-09-20 12:32:26] 避障检测路径段: 起点索引=9, 提取点数=25
[2026-09-20 12:32:26] 当前避障路径段长度为：25
避障轨迹最近点索引为：9
[0m[ INFO] [1789878746.101713347]: local_x: 0.0832, local_y: -0.0305, gear: 2,  error_heading: -0.4020[0m
[2026-09-20 12:32:26] 还未完成转向!
[0m[ INFO] [1789878746.148137559]: 0 points is not droped, 6.5615, 4.0034, 1.5708, 2, 6.5008, 3.9388, 1.1688[0m
[2026-09-20 12:32:26] 控制路径段: 起点索引=9, 提取点数=1
[2026-09-20 12:32:26] 避障检测路径段: 起点索引=9, 提取点数=25
[2026-09-20 12:32:26] 当前避障路径段长度为：25
避障轨迹最近点索引为：9
[0m[ INFO] [1789878746.201785973]: local_x: 0.0802, local_y: -0.0351, gear: 2,  error_heading: -0.3533[0m
[2026-09-20 12:32:26] 还未完成转向!
[0m[ INFO] [1789878746.248119113]: 0 points is not droped, 6.5615, 4.0034, 1.5708, 2, 6.5007, 3.9403, 1.2175[0m
[2026-09-20 12:32:26] 控制路径段: 起点索引=9, 提取点数=1
[2026-09-20 12:32:26] 避障检测路径段: 起点索引=9, 提取点数=25
[2026-09-20 12:32:26] 当前避障路径段长度为：25
避障轨迹最近点索引为：9
[0m[ INFO] [1789878746.301689638]: local_x: 0.0821, local_y: -0.0415, gear: 2,  error_heading: -0.3180[0m
[2026-09-20 12:32:26] 还未完成转向!
[0m[ INFO] [1789878746.348142715]: 0 points is not droped, 6.5615, 4.0034, 1.5708, 2, 6.4964, 3.9384, 1.2528[0m
[2026-09-20 12:32:26] 控制路径段: 起点索引=9, 提取点数=1
[2026-09-20 12:32:26] 避障检测路径段: 起点索引=9, 提取点数=25
[2026-09-20 12:32:26] 当前避障路径段长度为：25
避障轨迹最近点索引为：9
[0m[ INFO] [1789878746.401747225]: local_x: 0.0819, local_y: -0.0377, gear: 2,  error_heading: -0.2609[0m
[2026-09-20 12:32:26] 还未完成转向!
[0m[ INFO] [1789878746.448268174]: 0 points is not droped, 6.5615, 4.0034, 1.5708, 2, 6.5039, 3.9340, 1.3099[0m
[2026-09-20 12:32:26] 控制路径段: 起点索引=9, 提取点数=1
[2026-09-20 12:32:26] 避障检测路径段: 起点索引=9, 提取点数=25
[2026-09-20 12:32:26] 当前避障路径段长度为：25
避障轨迹最近点索引为：9
[0m[ INFO] [1789878746.501721450]: local_x: 0.0819, local_y: -0.0407, gear: 2,  error_heading: -0.2202[0m
[2026-09-20 12:32:26] 还未完成转向!
[0m[ INFO] [1789878746.548186656]: 0 points is not droped, 6.5615, 4.0034, 1.5708, 2, 6.5039, 3.9324, 1.3506[0m
[2026-09-20 12:32:26] 控制路径段: 起点索引=9, 提取点数=1
[2026-09-20 12:32:26] 避障检测路径段: 起点索引=9, 提取点数=25
[2026-09-20 12:32:26] 当前避障路径段长度为：25
避障轨迹最近点索引为：9
[0m[ INFO] [1789878746.601721756]: local_x: 0.0803, local_y: -0.0432, gear: 2,  error_heading: -0.1838[0m
[2026-09-20 12:32:26] 还未完成转向!
[0m[ INFO] [1789878746.648571829]: 0 points is not droped, 6.5615, 4.0034, 1.5708, 2, 6.5043, 3.9323, 1.3870[0m
[2026-09-20 12:32:26] 控制路径段: 起点索引=9, 提取点数=1
[2026-09-20 12:32:26] 避障检测路径段: 起点索引=9, 提取点数=25
[2026-09-20 12:32:26] 当前避障路径段长度为：25
避障轨迹最近点索引为：9
[0m[ INFO] [1789878746.701778639]: local_x: 0.0795, local_y: -0.0469, gear: 2,  error_heading: -0.1519[0m
[2026-09-20 12:32:26] 还未完成转向!
[0m[ INFO] [1789878746.748212772]: 0 points is not droped, 6.5615, 4.0034, 1.5708, 2, 6.5031, 3.9319, 1.4189[0m
[2026-09-20 12:32:26] 控制路径段: 起点索引=9, 提取点数=1
[2026-09-20 12:32:26] 避障检测路径段: 起点索引=9, 提取点数=25
[2026-09-20 12:32:26] 当前避障路径段长度为：25
避障轨迹最近点索引为：9
[0m[ INFO] [1789878746.801784641]: local_x: 0.0774, local_y: -0.0493, gear: 2,  error_heading: -0.1138[0m
[2026-09-20 12:32:26] 还未完成转向!
[0m[ INFO] [1789878746.848275318]: 0 points is not droped, 6.5615, 4.0034, 1.5708, 2, 6.5037, 3.9321, 1.4570[0m
[2026-09-20 12:32:26] 控制路径段: 起点索引=9, 提取点数=1
[2026-09-20 12:32:26] 避障检测路径段: 起点索引=9, 提取点数=25
[2026-09-20 12:32:26] 当前避障路径段长度为：25
避障轨迹最近点索引为：9
[33m[ WARN] [1789878746.948254408]: First gear=2 point is dropped[0m
[0m[ INFO] [1789878746.901690770]: local_x: 0.0751, local_y: -0.0532, gear: 2,  error_heading: -0.0816[0m
[0m[ INFO] [1789878746.948201191]: gear=2 points is droped, 6.5615, 4.0034[0m
[2026-09-20 12:32:26] 转向完成!
[2026-09-20 12:32:26] 新的最近点索引: 10
[2026-09-20 12:32:26] 控制路径段: 起点索引=10, 提取点数=8
[2026-09-20 12:32:26] 避障检测路径段: 起点索引=10, 提取点数=24
[2026-09-20 12:32:26] 当前避障路径段长度为：24
避障轨迹最近点索引为：10
[0m[ INFO] [1789878747.001689700]: local_x: 0.2254, local_y: -0.0464, gear: 1,  error_heading: -0.0521[0m
[0m[ INFO] [1789878747.001750788]: 0 points is not droped, 6.5615, 4.1534, 1.5708, 1, 6.5034, 3.9307, 1.5187[0m
[2026-09-20 12:32:27] 控制路径段: 起点索引=10, 提取点数=8
[2026-09-20 12:32:27] 避障检测路径段: 起点索引=10, 提取点数=24
[2026-09-20 12:32:27] 当前避障路径段长度为：24
避障轨迹最近点索引为：10
[0m[ INFO] [1789878747.101628469]: local_x: 0.2225, local_y: -0.0546, gear: 1,  error_heading: -0.0225[0m
[0m[ INFO] [1789878747.101681749]: 0 points is not droped, 6.5615, 4.1534, 1.5708, 1, 6.5018, 3.9322, 1.5483[0m
[2026-09-20 12:32:27] 控制路径段: 起点索引=10, 提取点数=8
[2026-09-20 12:32:27] 避障检测路径段: 起点索引=10, 提取点数=24
[2026-09-20 12:32:27] 当前避障路径段长度为：24
避障轨迹最近点索引为：10
[0m[ INFO] [1789878747.201749864]: local_x: 0.2217, local_y: -0.0579, gear: 1,  error_heading: -0.0146[0m
[0m[ INFO] [1789878747.201819849]: 0 points is not droped, 6.5615, 4.1534, 1.5708, 1, 6.5004, 3.9326, 1.5562[0m
[2026-09-20 12:32:27] 控制路径段: 起点索引=10, 提取点数=8
[2026-09-20 12:32:27] 避障检测路径段: 起点索引=10, 提取点数=24
[2026-09-20 12:32:27] 当前避障路径段长度为：24
避障轨迹最近点索引为：10
[0m[ INFO] [1789878747.301682521]: local_x: 0.2167, local_y: -0.0531, gear: 1,  error_heading: -0.0190[0m
[0m[ INFO] [1789878747.301750202]: 0 points is not droped, 6.5615, 4.1534, 1.5708, 1, 6.5043, 3.9377, 1.5518[0m
[2026-09-20 12:32:27] 控制路径段: 起点索引=10, 提取点数=8
[2026-09-20 12:32:27] 避障检测路径段: 起点索引=10, 提取点数=24
[2026-09-20 12:32:27] 当前避障路径段长度为：24
避障轨迹最近点索引为：10
[0m[ INFO] [1789878747.401687339]: local_x: 0.1950, local_y: -0.0666, gear: 1,  error_heading: -0.0252[0m
[0m[ INFO] [1789878747.401749100]: 0 points is not droped, 6.5615, 4.1534, 1.5708, 1, 6.4900, 3.9601, 1.5456[0m
[2026-09-20 12:32:27] 控制路径段: 起点索引=10, 提取点数=8
[2026-09-20 12:32:27] 避障检测路径段: 起点索引=10, 提取点数=24
[2026-09-20 12:32:27] 当前避障路径段长度为：24
避障轨迹最近点索引为：10
[0m[ INFO] [1789878747.501731838]: local_x: 0.1666, local_y: -0.0651, gear: 1,  error_heading: -0.0251[0m
[0m[ INFO] [1789878747.501796190]: 0 points is not droped, 6.5615, 4.1534, 1.5708, 1, 6.4923, 3.9885, 1.5457[0m
[2026-09-20 12:32:27] 控制路径段: 起点索引=10, 提取点数=8
[2026-09-20 12:32:27] 避障检测路径段: 起点索引=10, 提取点数=24
[2026-09-20 12:32:27] 当前避障路径段长度为：24
避障轨迹最近点索引为：10
[0m[ INFO] [1789878747.601765872]: local_x: 0.1432, local_y: -0.0712, gear: 1,  error_heading: -0.0181[0m
[0m[ INFO] [1789878747.601839953]: 0 points is not droped, 6.5615, 4.1534, 1.5708, 1, 6.4877, 4.0116, 1.5527[0m
[2026-09-20 12:32:27] 控制路径段: 起点索引=10, 提取点数=8
[2026-09-20 12:32:27] 避障检测路径段: 起点索引=10, 提取点数=24
[2026-09-20 12:32:27] 当前避障路径段长度为：24
避障轨迹最近点索引为：10
[0m[ INFO] [1789878747.701669921]: local_x: 0.1180, local_y: -0.0714, gear: 1,  error_heading: -0.0141[0m
[0m[ INFO] [1789878747.701731041]: 0 points is not droped, 6.5615, 4.1534, 1.5708, 1, 6.4884, 4.0364, 1.5567[0m
[2026-09-20 12:32:27] 控制路径段: 起点索引=10, 提取点数=8
[2026-09-20 12:32:27] 避障检测路径段: 起点索引=10, 提取点数=24
[2026-09-20 12:32:27] 当前避障路径段长度为：24
避障轨迹最近点索引为：10
[0m[ INFO] [1789878747.801721206]: local_x: 0.0954, local_y: -0.0745, gear: 1,  error_heading: -0.0107[0m
[0m[ INFO] [1789878747.801787031]: gear=1 points is droped, 6.5615, 4.1534[0m
[2026-09-20 12:32:27] 新的最近点索引: 11
[2026-09-20 12:32:27] 控制路径段: 起点索引=11, 提取点数=7
[2026-09-20 12:32:27] 避障检测路径段: 起点索引=11, 提取点数=23
[2026-09-20 12:32:27] 当前避障路径段长度为：23
避障轨迹最近点索引为：11
[0m[ INFO] [1789878747.901715215]: local_x: 0.2223, local_y: -0.0692, gear: 1,  error_heading: -0.0085[0m
[0m[ INFO] [1789878747.901778384]: 0 points is not droped, 6.5615, 4.3034, 1.5708, 1, 6.4904, 4.0817, 1.5623[0m
[2026-09-20 12:32:27] 控制路径段: 起点索引=11, 提取点数=7
[2026-09-20 12:32:27] 避障检测路径段: 起点索引=11, 提取点数=23
[2026-09-20 12:32:27] 当前避障路径段长度为：23
避障轨迹最近点索引为：11
[0m[ INFO] [1789878748.001743721]: local_x: 0.2110, local_y: -0.0704, gear: 1,  error_heading: -0.0076[0m
[0m[ INFO] [1789878748.001814666]: 0 points is not droped, 6.5615, 4.3034, 1.5708, 1, 6.4894, 4.0930, 1.5632[0m
[2026-09-20 12:32:28] 控制路径段: 起点索引=11, 提取点数=7
[2026-09-20 12:32:28] 避障检测路径段: 起点索引=11, 提取点数=23
[2026-09-20 12:32:28] 当前避障路径段长度为：23
避障轨迹最近点索引为：11
[0m[ INFO] [1789878748.101760578]: local_x: 0.1766, local_y: -0.0644, gear: 1,  error_heading: -0.0109[0m
[0m[ INFO] [1789878748.101836419]: 0 points is not droped, 6.5615, 4.3034, 1.5708, 1, 6.4952, 4.1275, 1.5599[0m
[2026-09-20 12:32:28] 控制路径段: 起点索引=11, 提取点数=7
[2026-09-20 12:32:28] 避障检测路径段: 起点索引=11, 提取点数=23
[2026-09-20 12:32:28] 当前避障路径段长度为：23
避障轨迹最近点索引为：11
[0m[ INFO] [1789878748.201744508]: local_x: 0.1544, local_y: -0.0652, gear: 1,  error_heading: -0.0121[0m
[0m[ INFO] [1789878748.201807708]: 0 points is not droped, 6.5615, 4.3034, 1.5708, 1, 6.4944, 4.1498, 1.5587[0m
[2026-09-20 12:32:28] 控制路径段: 起点索引=11, 提取点数=7
[2026-09-20 12:32:28] 避障检测路径段: 起点索引=11, 提取点数=23
[2026-09-20 12:32:28] 当前避障路径段长度为：23
避障轨迹最近点索引为：11
[0m[ INFO] [1789878748.301771125]: local_x: 0.1418, local_y: -0.0637, gear: 1,  error_heading: -0.0170[0m
[0m[ INFO] [1789878748.301846230]: 0 points is not droped, 6.5615, 4.3034, 1.5708, 1, 6.4953, 4.1627, 1.5538[0m
[2026-09-20 12:32:28] 控制路径段: 起点索引=11, 提取点数=7
[2026-09-20 12:32:28] 避障检测路径段: 起点索引=11, 提取点数=23
[2026-09-20 12:32:28] 当前避障路径段长度为：23
避障轨迹最近点索引为：11
[0m[ INFO] [1789878748.401678606]: local_x: 0.1066, local_y: -0.0578, gear: 1,  error_heading: -0.0205[0m
[0m[ INFO] [1789878748.401734414]: 0 points is not droped, 6.5615, 4.3034, 1.5708, 1, 6.5015, 4.1979, 1.5503[0m
[2026-09-20 12:32:28] 控制路径段: 起点索引=11, 提取点数=7
[2026-09-20 12:32:28] 避障检测路径段: 起点索引=11, 提取点数=23
[2026-09-20 12:32:28] 当前避障路径段长度为：23
避障轨迹最近点索引为：11
[0m[ INFO] [1789878748.501696551]: local_x: 0.0808, local_y: -0.0527, gear: 1,  error_heading: -0.0237[0m
[0m[ INFO] [1789878748.501749832]: gear=1 points is droped, 6.5615, 4.3034[0m
[2026-09-20 12:32:28] 新的最近点索引: 12
[2026-09-20 12:32:28] 控制路径段: 起点索引=12, 提取点数=6
[2026-09-20 12:32:28] 避障检测路径段: 起点索引=12, 提取点数=22
[2026-09-20 12:32:28] 当前避障路径段长度为：22
避障轨迹最近点索引为：12
[0m[ INFO] [1789878748.601811618]: local_x: 0.2067, local_y: -0.0496, gear: 1,  error_heading: -0.0267[0m
[0m[ INFO] [1789878748.601980291]: 0 points is not droped, 6.5615, 4.4534, 1.5708, 1, 6.5064, 4.2481, 1.5441[0m
[2026-09-20 12:32:28] 控制路径段: 起点索引=12, 提取点数=6
[2026-09-20 12:32:28] 避障检测路径段: 起点索引=12, 提取点数=22
[2026-09-20 12:32:28] 当前避障路径段长度为：22
避障轨迹最近点索引为：12
[0m[ INFO] [1789878748.702066718]: local_x: 0.1833, local_y: -0.0480, gear: 1,  error_heading: -0.0301[0m
[0m[ INFO] [1789878748.702198911]: 0 points is not droped, 6.5615, 4.4534, 1.5708, 1, 6.5080, 4.2716, 1.5407[0m
[2026-09-20 12:32:28] 控制路径段: 起点索引=12, 提取点数=6
[2026-09-20 12:32:28] 避障检测路径段: 起点索引=12, 提取点数=22
[2026-09-20 12:32:28] 当前避障路径段长度为：22
避障轨迹最近点索引为：12
[0m[ INFO] [1789878748.801749076]: local_x: 0.1594, local_y: -0.0482, gear: 1,  error_heading: -0.0325[0m
[0m[ INFO] [1789878748.801819604]: 0 points is not droped, 6.5615, 4.4534, 1.5708, 1, 6.5081, 4.2956, 1.5383[0m
[2026-09-20 12:32:28] 控制路径段: 起点索引=12, 提取点数=6
[2026-09-20 12:32:28] 避障检测路径段: 起点索引=12, 提取点数=22
[2026-09-20 12:32:28] 当前避障路径段长度为：22
避障轨迹最近点索引为：12
[0m[ INFO] [1789878748.901891087]: local_x: 0.1366, local_y: -0.0472, gear: 1,  error_heading: -0.0363[0m
[0m[ INFO] [1789878748.901952911]: 0 points is not droped, 6.5615, 4.4534, 1.5708, 1, 6.5094, 4.3186, 1.5345[0m
[2026-09-20 12:32:28] 控制路径段: 起点索引=12, 提取点数=6
[2026-09-20 12:32:28] 避障检测路径段: 起点索引=12, 提取点数=22
[2026-09-20 12:32:28] 当前避障路径段长度为：22
避障轨迹最近点索引为：12
[0m[ INFO] [1789878749.001724038]: local_x: 0.1138, local_y: -0.0476, gear: 1,  error_heading: -0.0390[0m
[0m[ INFO] [1789878749.001785863]: 0 points is not droped, 6.5615, 4.4534, 1.5708, 1, 6.5095, 4.3416, 1.5318[0m
[2026-09-20 12:32:29] 控制路径段: 起点索引=12, 提取点数=6
[2026-09-20 12:32:29] 避障检测路径段: 起点索引=12, 提取点数=22
[2026-09-20 12:32:29] 当前避障路径段长度为：22
避障轨迹最近点索引为：12
[0m[ INFO] [1789878749.101742752]: local_x: 0.0914, local_y: -0.0465, gear: 1,  error_heading: -0.0421[0m
[0m[ INFO] [1789878749.101802176]: gear=1 points is droped, 6.5615, 4.4534[0m
[2026-09-20 12:32:29] 新的最近点索引: 13
[2026-09-20 12:32:29] 控制路径段: 起点索引=13, 提取点数=5
[2026-09-20 12:32:29] 避障检测路径段: 起点索引=13, 提取点数=21
[2026-09-20 12:32:29] 当前避障路径段长度为：21
避障轨迹最近点索引为：13
[0m[ INFO] [1789878749.201710105]: local_x: 0.2184, local_y: -0.0389, gear: 1,  error_heading: -0.0458[0m
[0m[ INFO] [1789878749.201771577]: 0 points is not droped, 6.5615, 4.6034, 1.5708, 1, 6.5126, 4.3870, 1.5250[0m
[2026-09-20 12:32:29] 控制路径段: 起点索引=13, 提取点数=5
[2026-09-20 12:32:29] 避障检测路径段: 起点索引=13, 提取点数=21
[2026-09-20 12:32:29] 当前避障路径段长度为：21
避障轨迹最近点索引为：13
[0m[ INFO] [1789878749.301736306]: local_x: 0.1944, local_y: -0.0319, gear: 1,  error_heading: -0.0474[0m
[0m[ INFO] [1789878749.301800947]: 0 points is not droped, 6.5615, 4.6034, 1.5708, 1, 6.5204, 4.4107, 1.5234[0m
[2026-09-20 12:32:29] 控制路径段: 起点索引=13, 提取点数=5
[2026-09-20 12:32:29] 避障检测路径段: 起点索引=13, 提取点数=21
[2026-09-20 12:32:29] 当前避障路径段长度为：21
避障轨迹最近点索引为：13
[0m[ INFO] [1789878749.401786028]: local_x: 0.1721, local_y: -0.0401, gear: 1,  error_heading: -0.0506[0m
[0m[ INFO] [1789878749.401862925]: 0 points is not droped, 6.5615, 4.6034, 1.5708, 1, 6.5127, 4.4335, 1.5202[0m
[2026-09-20 12:32:29] 控制路径段: 起点索引=13, 提取点数=5
[2026-09-20 12:32:29] 避障检测路径段: 起点索引=13, 提取点数=21
[2026-09-20 12:32:29] 当前避障路径段长度为：21
避障轨迹最近点索引为：13
[0m[ INFO] [1789878749.502398380]: local_x: 0.1466, local_y: -0.0432, gear: 1,  error_heading: -0.0533[0m
[0m[ INFO] [1789878749.502562925]: 0 points is not droped, 6.5615, 4.6034, 1.5708, 1, 6.5105, 4.4593, 1.5175[0m
[2026-09-20 12:32:29] 控制路径段: 起点索引=13, 提取点数=5
[2026-09-20 12:32:29] 避障检测路径段: 起点索引=13, 提取点数=21
[2026-09-20 12:32:29] 当前避障路径段长度为：21
避障轨迹最近点索引为：13
[0m[ INFO] [1789878749.601732542]: local_x: 0.1236, local_y: -0.0422, gear: 1,  error_heading: -0.0552[0m
[0m[ INFO] [1789878749.601807039]: 0 points is not droped, 6.5615, 4.6034, 1.5708, 1, 6.5125, 4.4823, 1.5156[0m
[2026-09-20 12:32:29] 控制路径段: 起点索引=13, 提取点数=5
[2026-09-20 12:32:29] 避障检测路径段: 起点索引=13, 提取点数=21
[2026-09-20 12:32:29] 当前避障路径段长度为：21
避障轨迹最近点索引为：13
[0m[ INFO] [1789878749.701706903]: local_x: 0.0964, local_y: -0.0434, gear: 1,  error_heading: -0.0565[0m
[0m[ INFO] [1789878749.701767384]: gear=1 points is droped, 6.5615, 4.6034[0m
[2026-09-20 12:32:29] 新的最近点索引: 14
[2026-09-20 12:32:29] 控制路径段: 起点索引=14, 提取点数=4
[2026-09-20 12:32:29] 避障检测路径段: 起点索引=14, 提取点数=20
[2026-09-20 12:32:29] 当前避障路径段长度为：20
避障轨迹最近点索引为：14
[0m[ INFO] [1789878749.801717297]: local_x: 0.2229, local_y: -0.0328, gear: 1,  error_heading: -0.0578[0m
[0m[ INFO] [1789878749.801778834]: 0 points is not droped, 6.5615, 4.7534, 1.5708, 1, 6.5159, 4.5328, 1.5130[0m
[2026-09-20 12:32:29] 控制路径段: 起点索引=14, 提取点数=4
[2026-09-20 12:32:29] 避障检测路径段: 起点索引=14, 提取点数=20
[2026-09-20 12:32:29] 当前避障路径段长度为：20
避障轨迹最近点索引为：14
[0m[ INFO] [1789878749.901722442]: local_x: 0.1944, local_y: -0.0328, gear: 1,  error_heading: -0.0589[0m
[0m[ INFO] [1789878749.901785355]: 0 points is not droped, 6.5615, 4.7534, 1.5708, 1, 6.5173, 4.5613, 1.5119[0m
[2026-09-20 12:32:29] 控制路径段: 起点索引=14, 提取点数=4
[2026-09-20 12:32:29] 避障检测路径段: 起点索引=14, 提取点数=20
[2026-09-20 12:32:29] 当前避障路径段长度为：20
避障轨迹最近点索引为：14
[0m[ INFO] [1789878750.001742436]: local_x: 0.1722, local_y: -0.0317, gear: 1,  error_heading: -0.0601[0m
[0m[ INFO] [1789878750.001814949]: 0 points is not droped, 6.5615, 4.7534, 1.5708, 1, 6.5195, 4.5834, 1.5107[0m
[2026-09-20 12:32:30] 控制路径段: 起点索引=14, 提取点数=4
[2026-09-20 12:32:30] 避障检测路径段: 起点索引=14, 提取点数=20
[2026-09-20 12:32:30] 当前避障路径段长度为：20
避障轨迹最近点索引为：14
[0m[ INFO] [1789878750.101812286]: local_x: 0.1476, local_y: -0.0288, gear: 1,  error_heading: -0.0603[0m
[0m[ INFO] [1789878750.101892095]: 0 points is not droped, 6.5615, 4.7534, 1.5708, 1, 6.5239, 4.6078, 1.5105[0m
[2026-09-20 12:32:30] 控制路径段: 起点索引=14, 提取点数=4
[2026-09-20 12:32:30] 避障检测路径段: 起点索引=14, 提取点数=20
[2026-09-20 12:32:30] 当前避障路径段长度为：20
避障轨迹最近点索引为：14
[0m[ INFO] [1789878750.201762071]: local_x: 0.1253, local_y: -0.0290, gear: 1,  error_heading: -0.0624[0m
[0m[ INFO] [1789878750.201830007]: 0 points is not droped, 6.5615, 4.7534, 1.5708, 1, 6.5247, 4.6302, 1.5084[0m
[2026-09-20 12:32:30] 控制路径段: 起点索引=14, 提取点数=4
[2026-09-20 12:32:30] 避障检测路径段: 起点索引=14, 提取点数=20
[2026-09-20 12:32:30] 当前避障路径段长度为：20
避障轨迹最近点索引为：14
[0m[ INFO] [1789878750.301747472]: local_x: 0.0979, local_y: -0.0343, gear: 1,  error_heading: -0.0625[0m
[0m[ INFO] [1789878750.301812273]: gear=1 points is droped, 6.5615, 4.7534[0m
[2026-09-20 12:32:30] 新的最近点索引: 15
[2026-09-20 12:32:30] 控制路径段: 起点索引=15, 提取点数=3
[2026-09-20 12:32:30] 避障检测路径段: 起点索引=15, 提取点数=19
[2026-09-20 12:32:30] 当前避障路径段长度为：19
避障轨迹最近点索引为：15
[0m[ INFO] [1789878750.401763625]: local_x: 0.2304, local_y: -0.0188, gear: 1,  error_heading: -0.0654[0m
[0m[ INFO] [1789878750.401833898]: 0 points is not droped, 6.5615, 4.9034, 1.5708, 1, 6.5277, 4.6747, 1.5054[0m
[2026-09-20 12:32:30] 控制路径段: 起点索引=15, 提取点数=3
[2026-09-20 12:32:30] 避障检测路径段: 起点索引=15, 提取点数=19
[2026-09-20 12:32:30] 当前避障路径段长度为：19
避障轨迹最近点索引为：15
[0m[ INFO] [1789878750.502010373]: local_x: 0.2014, local_y: -0.0204, gear: 1,  error_heading: -0.0667[0m
[0m[ INFO] [1789878750.502192647]: 0 points is not droped, 6.5615, 4.9034, 1.5708, 1, 6.5277, 4.7038, 1.5041[0m
[2026-09-20 12:32:30] 控制路径段: 起点索引=15, 提取点数=3
[2026-09-20 12:32:30] 避障检测路径段: 起点索引=15, 提取点数=19
[2026-09-20 12:32:30] 当前避障路径段长度为：19
避障轨迹最近点索引为：15
[0m[ INFO] [1789878750.601737340]: local_x: 0.1800, local_y: -0.0206, gear: 1,  error_heading: -0.0647[0m
[0m[ INFO] [1789878750.601797884]: 0 points is not droped, 6.5615, 4.9034, 1.5708, 1, 6.5293, 4.7251, 1.5061[0m
[2026-09-20 12:32:30] 控制路径段: 起点索引=15, 提取点数=3
[2026-09-20 12:32:30] 避障检测路径段: 起点索引=15, 提取点数=19
[2026-09-20 12:32:30] 当前避障路径段长度为：19
避障轨迹最近点索引为：15
[0m[ INFO] [1789878750.702337563]: local_x: 0.1525, local_y: -0.0237, gear: 1,  error_heading: -0.0651[0m
[0m[ INFO] [1789878750.702406748]: 0 points is not droped, 6.5615, 4.9034, 1.5708, 1, 6.5280, 4.7528, 1.5057[0m
[2026-09-20 12:32:30] 控制路径段: 起点索引=15, 提取点数=3
[2026-09-20 12:32:30] 避障检测路径段: 起点索引=15, 提取点数=19
[2026-09-20 12:32:30] 当前避障路径段长度为：19
避障轨迹最近点索引为：15
[0m[ INFO] [1789878750.801753839]: local_x: 0.1301, local_y: -0.0226, gear: 1,  error_heading: -0.0644[0m
[0m[ INFO] [1789878750.801823599]: 0 points is not droped, 6.5615, 4.9034, 1.5708, 1, 6.5306, 4.7750, 1.5064[0m
[2026-09-20 12:32:30] 控制路径段: 起点索引=15, 提取点数=3
[2026-09-20 12:32:30] 避障检测路径段: 起点索引=15, 提取点数=19
[2026-09-20 12:32:30] 当前避障路径段长度为：19
避障轨迹最近点索引为：15
[0m[ INFO] [1789878750.901737928]: local_x: 0.1024, local_y: -0.0241, gear: 1,  error_heading: -0.0627[0m
[0m[ INFO] [1789878750.901802313]: 0 points is not droped, 6.5615, 4.9034, 1.5708, 1, 6.5310, 4.8027, 1.5081[0m
[2026-09-20 12:32:30] 控制路径段: 起点索引=15, 提取点数=3
[2026-09-20 12:32:30] 避障检测路径段: 起点索引=15, 提取点数=19
[2026-09-20 12:32:30] 当前避障路径段长度为：19
避障轨迹最近点索引为：15
[0m[ INFO] [1789878751.001753185]: local_x: 0.0800, local_y: -0.0223, gear: 1,  error_heading: -0.0615[0m
[0m[ INFO] [1789878751.001816930]: gear=1 points is droped, 6.5615, 4.9034[0m
[2026-09-20 12:32:31] 新的最近点索引: 16
[2026-09-20 12:32:31] 控制路径段: 起点索引=16, 提取点数=2
[2026-09-20 12:32:31] 避障检测路径段: 起点索引=16, 提取点数=18
[2026-09-20 12:32:31] 当前避障路径段长度为：18
避障轨迹最近点索引为：16
[0m[ INFO] [1789878751.101938205]: local_x: 0.2036, local_y: -0.0101, gear: 1,  error_heading: -0.0621[0m
[0m[ INFO] [1789878751.102010685]: 0 points is not droped, 6.5615, 5.0534, 1.5708, 1, 6.5387, 4.8508, 1.5087[0m
[2026-09-20 12:32:31] 控制路径段: 起点索引=16, 提取点数=2
[2026-09-20 12:32:31] 避障检测路径段: 起点索引=16, 提取点数=18
[2026-09-20 12:32:31] 当前避障路径段长度为：18
避障轨迹最近点索引为：16
[0m[ INFO] [1789878751.202138136]: local_x: 0.1820, local_y: -0.0113, gear: 1,  error_heading: -0.0640[0m
[0m[ INFO] [1789878751.202211257]: 0 points is not droped, 6.5615, 5.0534, 1.5708, 1, 6.5386, 4.8725, 1.5068[0m
[2026-09-20 12:32:31] 控制路径段: 起点索引=16, 提取点数=2
[2026-09-20 12:32:31] 避障检测路径段: 起点索引=16, 提取点数=18
[2026-09-20 12:32:31] 当前避障路径段长度为：18
避障轨迹最近点索引为：16
[0m[ INFO] [1789878751.301730637]: local_x: 0.1677, local_y: -0.0056, gear: 1,  error_heading: -0.0625[0m
[0m[ INFO] [1789878751.301800750]: 0 points is not droped, 6.5615, 5.0534, 1.5708, 1, 6.5454, 4.8864, 1.5083[0m
[2026-09-20 12:32:31] 控制路径段: 起点索引=16, 提取点数=2
[2026-09-20 12:32:31] 避障检测路径段: 起点索引=16, 提取点数=18
[2026-09-20 12:32:31] 当前避障路径段长度为：18
避障轨迹最近点索引为：16
[0m[ INFO] [1789878751.401720326]: local_x: 0.1356, local_y: -0.0159, gear: 1,  error_heading: -0.0606[0m
[0m[ INFO] [1789878751.401778599]: 0 points is not droped, 6.5615, 5.0534, 1.5708, 1, 6.5374, 4.9190, 1.5102[0m
[2026-09-20 12:32:31] 控制路径段: 起点索引=16, 提取点数=2
[2026-09-20 12:32:31] 避障检测路径段: 起点索引=16, 提取点数=18
[2026-09-20 12:32:31] 当前避障路径段长度为：18
避障轨迹最近点索引为：16
[0m[ INFO] [1789878751.501753504]: local_x: 0.1120, local_y: -0.0131, gear: 1,  error_heading: -0.0606[0m
[0m[ INFO] [1789878751.501825633]: 0 points is not droped, 6.5615, 5.0534, 1.5708, 1, 6.5416, 4.9424, 1.5102[0m
[2026-09-20 12:32:31] 控制路径段: 起点索引=16, 提取点数=2
[2026-09-20 12:32:31] 避障检测路径段: 起点索引=16, 提取点数=18
[2026-09-20 12:32:31] 当前避障路径段长度为：18
避障轨迹最近点索引为：16
[0m[ INFO] [1789878751.601759802]: local_x: 0.0888, local_y: -0.0153, gear: 1,  error_heading: -0.0642[0m
[0m[ INFO] [1789878751.601827354]: gear=1 points is droped, 6.5615, 5.0534[0m
[2026-09-20 12:32:31] 新的最近点索引: 17
[2026-09-20 12:32:31] 控制路径段: 起点索引=17, 提取点数=1
[2026-09-20 12:32:31] 避障检测路径段: 起点索引=17, 提取点数=17
[2026-09-20 12:32:31] 当前避障路径段长度为：17
避障轨迹最近点索引为：17
[0m[ INFO] [1789878751.702310169]: local_x: 0.2111, local_y: -0.0010, gear: 2,  error_heading: -0.8532[0m
[2026-09-20 12:32:31] 还未完成转向!
[0m[ INFO] [1789878751.748221004]: 0 points is not droped, 6.5615, 5.2034, 2.3562, 2, 6.5462, 4.9928, 1.5030[0m
[2026-09-20 12:32:31] 控制路径段: 起点索引=17, 提取点数=1
[2026-09-20 12:32:31] 避障检测路径段: 起点索引=17, 提取点数=17
[2026-09-20 12:32:31] 当前避障路径段长度为：17
避障轨迹最近点索引为：17
[0m[ INFO] [1789878751.801729479]: local_x: 0.1923, local_y: -0.0040, gear: 2,  error_heading: -0.8565[0m
[2026-09-20 12:32:31] 还未完成转向!
[0m[ INFO] [1789878751.848281562]: 0 points is not droped, 6.5615, 5.2034, 2.3562, 2, 6.5438, 5.0118, 1.4997[0m
[2026-09-20 12:32:31] 控制路径段: 起点索引=17, 提取点数=1
[2026-09-20 12:32:31] 避障检测路径段: 起点索引=17, 提取点数=17
[2026-09-20 12:32:31] 当前避障路径段长度为：17
避障轨迹最近点索引为：17
[0m[ INFO] [1789878751.901734451]: local_x: 0.1849, local_y: -0.0004, gear: 2,  error_heading: -0.8562[0m
[2026-09-20 12:32:31] 还未完成转向!
[0m[ INFO] [1789878751.948162469]: 0 points is not droped, 6.5615, 5.2034, 2.3562, 2, 6.5480, 5.0190, 1.5000[0m
[2026-09-20 12:32:31] 控制路径段: 起点索引=17, 提取点数=1
[2026-09-20 12:32:31] 避障检测路径段: 起点索引=17, 提取点数=17
[2026-09-20 12:32:31] 当前避障路径段长度为：17
避障轨迹最近点索引为：17
[0m[ INFO] [1789878752.001773759]: local_x: 0.1781, local_y: -0.0030, gear: 2,  error_heading: -0.8607[0m
[2026-09-20 12:32:32] 还未完成转向!
[0m[ INFO] [1789878752.048160656]: 0 points is not droped, 6.5615, 5.2034, 2.3562, 2, 6.5451, 5.0261, 1.4955[0m
[2026-09-20 12:32:32] 控制路径段: 起点索引=17, 提取点数=1
[2026-09-20 12:32:32] 避障检测路径段: 起点索引=17, 提取点数=17
[2026-09-20 12:32:32] 当前避障路径段长度为：17
避障轨迹最近点索引为：17
[0m[ INFO] [1789878752.101677545]: local_x: 0.1680, local_y: 0.0014, gear: 2,  error_heading: -0.8598[0m
[2026-09-20 12:32:32] 还未完成转向!
[0m[ INFO] [1789878752.198592502]: 0 points is not droped, 6.5615, 5.2034, 2.3562, 2, 6.5504, 5.0357, 1.4964[0m
[2026-09-20 12:32:32] 控制路径段: 起点索引=17, 提取点数=1
[2026-09-20 12:32:32] 避障检测路径段: 起点索引=17, 提取点数=17
[2026-09-20 12:32:32] 当前避障路径段长度为：17
避障轨迹最近点索引为：17
[0m[ INFO] [1789878752.202218203]: local_x: 0.1640, local_y: 0.0001, gear: 2,  error_heading: -0.8611[0m
[2026-09-20 12:32:32] 还未完成转向!
[0m[ INFO] [1789878752.248279753]: 0 points is not droped, 6.5615, 5.2034, 2.3562, 2, 6.5492, 5.0398, 1.4951[0m
[2026-09-20 12:32:32] 控制路径段: 起点索引=17, 提取点数=1
[2026-09-20 12:32:32] 避障检测路径段: 起点索引=17, 提取点数=17
[2026-09-20 12:32:32] 当前避障路径段长度为：17
避障轨迹最近点索引为：17
[0m[ INFO] [1789878752.301718465]: local_x: 0.1563, local_y: -0.0013, gear: 2,  error_heading: -0.8621[0m
[2026-09-20 12:32:32] 还未完成转向!
[0m[ INFO] [1789878752.348123507]: 0 points is not droped, 6.5615, 5.2034, 2.3562, 2, 6.5482, 5.0477, 1.4941[0m
[2026-09-20 12:32:32] 控制路径段: 起点索引=17, 提取点数=1
[2026-09-20 12:32:32] 避障检测路径段: 起点索引=17, 提取点数=17
[2026-09-20 12:32:32] 当前避障路径段长度为：17
避障轨迹最近点索引为：17
[0m[ INFO] [1789878752.401755117]: local_x: 0.1445, local_y: 0.0065, gear: 2,  error_heading: -0.8627[0m
[2026-09-20 12:32:32] 还未完成转向!
[0m[ INFO] [1789878752.448480738]: 0 points is not droped, 6.5615, 5.2034, 2.3562, 2, 6.5568, 5.0589, 1.4935[0m
[2026-09-20 12:32:32] 控制路径段: 起点索引=17, 提取点数=1
[2026-09-20 12:32:32] 避障检测路径段: 起点索引=17, 提取点数=17
[2026-09-20 12:32:32] 当前避障路径段长度为：17
避障轨迹最近点索引为：17
[0m[ INFO] [1789878752.502992933]: local_x: 0.1360, local_y: 0.0058, gear: 2,  error_heading: -0.8637[0m
[2026-09-20 12:32:32] 还未完成转向!
[0m[ INFO] [1789878752.548191979]: 0 points is not droped, 6.5615, 5.2034, 2.3562, 2, 6.5567, 5.0673, 1.4924[0m
[2026-09-20 12:32:32] 控制路径段: 起点索引=17, 提取点数=1
[2026-09-20 12:32:32] 避障检测路径段: 起点索引=17, 提取点数=17
[2026-09-20 12:32:32] 当前避障路径段长度为：17
避障轨迹最近点索引为：17
[0m[ INFO] [1789878752.601758693]: local_x: 0.1198, local_y: 0.0099, gear: 2,  error_heading: -0.8638[0m
[2026-09-20 12:32:32] 还未完成转向!
[0m[ INFO] [1789878752.648328344]: 0 points is not droped, 6.5615, 5.2034, 2.3562, 2, 6.5620, 5.0832, 1.4924[0m
[2026-09-20 12:32:32] 控制路径段: 起点索引=17, 提取点数=1
[2026-09-20 12:32:32] 避障检测路径段: 起点索引=17, 提取点数=17
[2026-09-20 12:32:32] 当前避障路径段长度为：17
避障轨迹最近点索引为：17
[0m[ INFO] [1789878752.701749808]: local_x: 0.1099, local_y: 0.0127, gear: 2,  error_heading: -0.8596[0m
[2026-09-20 12:32:32] 还未完成转向!
[0m[ INFO] [1789878752.748201922]: 0 points is not droped, 6.5615, 5.2034, 2.3562, 2, 6.5660, 5.0928, 1.4966[0m
[2026-09-20 12:32:32] 控制路径段: 起点索引=17, 提取点数=1
[2026-09-20 12:32:32] 避障检测路径段: 起点索引=17, 提取点数=17
[2026-09-20 12:32:32] 当前避障路径段长度为：17
避障轨迹最近点索引为：17
[0m[ INFO] [1789878752.802213984]: local_x: 0.1028, local_y: 0.0115, gear: 2,  error_heading: -0.8512[0m
[2026-09-20 12:32:32] 还未完成转向!
[0m[ INFO] [1789878752.848179598]: 0 points is not droped, 6.5615, 5.2034, 2.3562, 2, 6.5662, 5.1001, 1.5050[0m
[2026-09-20 12:32:32] 控制路径段: 起点索引=17, 提取点数=1
[2026-09-20 12:32:32] 避障检测路径段: 起点索引=17, 提取点数=17
[2026-09-20 12:32:32] 当前避障路径段长度为：17
避障轨迹最近点索引为：17
[0m[ INFO] [1789878752.901721863]: local_x: 0.0956, local_y: 0.0113, gear: 2,  error_heading: -0.8410[0m
[2026-09-20 12:32:32] 还未完成转向!
[0m[ INFO] [1789878752.948123673]: 0 points is not droped, 6.5615, 5.2034, 2.3562, 2, 6.5675, 5.1073, 1.5152[0m
[2026-09-20 12:32:32] 控制路径段: 起点索引=17, 提取点数=1
[2026-09-20 12:32:32] 避障检测路径段: 起点索引=17, 提取点数=17
[2026-09-20 12:32:32] 当前避障路径段长度为：17
避障轨迹最近点索引为：17
[0m[ INFO] [1789878753.001771219]: local_x: 0.0880, local_y: 0.0103, gear: 2,  error_heading: -0.8276[0m
[2026-09-20 12:32:33] 还未完成转向!
[0m[ INFO] [1789878753.048238406]: 0 points is not droped, 6.5615, 5.2034, 2.3562, 2, 6.5680, 5.1150, 1.5286[0m
[2026-09-20 12:32:33] 控制路径段: 起点索引=17, 提取点数=1
[2026-09-20 12:32:33] 避障检测路径段: 起点索引=17, 提取点数=17
[2026-09-20 12:32:33] 当前避障路径段长度为：17
避障轨迹最近点索引为：17
[0m[ INFO] [1789878753.101720863]: local_x: 0.0797, local_y: 0.0101, gear: 2,  error_heading: -0.8146[0m
[2026-09-20 12:32:33] 还未完成转向!
[0m[ INFO] [1789878753.148164017]: 0 points is not droped, 6.5615, 5.2034, 2.3562, 2, 6.5693, 5.1234, 1.5416[0m
[2026-09-20 12:32:33] 控制路径段: 起点索引=17, 提取点数=1
[2026-09-20 12:32:33] 避障检测路径段: 起点索引=17, 提取点数=17
[2026-09-20 12:32:33] 当前避障路径段长度为：17
避障轨迹最近点索引为：17
[0m[ INFO] [1789878753.201769451]: local_x: 0.0700, local_y: 0.0092, gear: 2,  error_heading: -0.8032[0m
[2026-09-20 12:32:33] 还未完成转向!
[0m[ INFO] [1789878753.248186557]: 0 points is not droped, 6.5615, 5.2034, 2.3562, 2, 6.5695, 5.1333, 1.5530[0m
[2026-09-20 12:32:33] 控制路径段: 起点索引=17, 提取点数=1
[2026-09-20 12:32:33] 避障检测路径段: 起点索引=17, 提取点数=17
[2026-09-20 12:32:33] 当前避障路径段长度为：17
避障轨迹最近点索引为：17
[0m[ INFO] [1789878753.301773078]: local_x: 0.0530, local_y: 0.0088, gear: 2,  error_heading: -0.7967[0m
[2026-09-20 12:32:33] 还未完成转向!
[0m[ INFO] [1789878753.348191304]: 0 points is not droped, 6.5615, 5.2034, 2.3562, 2, 6.5696, 5.1503, 1.5595[0m
[2026-09-20 12:32:33] 控制路径段: 起点索引=17, 提取点数=1
[2026-09-20 12:32:33] 避障检测路径段: 起点索引=17, 提取点数=17
[2026-09-20 12:32:33] 当前避障路径段长度为：17
避障轨迹最近点索引为：17
[0m[ INFO] [1789878753.401745026]: local_x: 0.0527, local_y: 0.0092, gear: 2,  error_heading: -0.7893[0m
[2026-09-20 12:32:33] 还未完成转向!
[0m[ INFO] [1789878753.448230804]: 0 points is not droped, 6.5615, 5.2034, 2.3562, 2, 6.5705, 5.1507, 1.5669[0m
[2026-09-20 12:32:33] 控制路径段: 起点索引=17, 提取点数=1
[2026-09-20 12:32:33] 避障检测路径段: 起点索引=17, 提取点数=17
[2026-09-20 12:32:33] 当前避障路径段长度为：17
避障轨迹最近点索引为：17
[0m[ INFO] [1789878753.501723085]: local_x: 0.0410, local_y: 0.0102, gear: 2,  error_heading: -0.7811[0m
[2026-09-20 12:32:33] 还未完成转向!
[0m[ INFO] [1789878753.548175999]: 0 points is not droped, 6.5615, 5.2034, 2.3562, 2, 6.5718, 5.1624, 1.5751[0m
[2026-09-20 12:32:33] 控制路径段: 起点索引=17, 提取点数=1
[2026-09-20 12:32:33] 避障检测路径段: 起点索引=17, 提取点数=17
[2026-09-20 12:32:33] 当前避障路径段长度为：17
避障轨迹最近点索引为：17
[0m[ INFO] [1789878753.601715737]: local_x: 0.0302, local_y: 0.0097, gear: 2,  error_heading: -0.7648[0m
[2026-09-20 12:32:33] 还未完成转向!
[0m[ INFO] [1789878753.648175467]: 0 points is not droped, 6.5615, 5.2034, 2.3562, 2, 6.5718, 5.1734, 1.5914[0m
[2026-09-20 12:32:33] 控制路径段: 起点索引=17, 提取点数=1
[2026-09-20 12:32:33] 避障检测路径段: 起点索引=17, 提取点数=17
[2026-09-20 12:32:33] 当前避障路径段长度为：17
避障轨迹最近点索引为：17
[0m[ INFO] [1789878753.701845830]: local_x: 0.0161, local_y: 0.0107, gear: 2,  error_heading: -0.7589[0m
[2026-09-20 12:32:33] 还未完成转向!
[0m[ INFO] [1789878753.748893790]: 0 points is not droped, 6.5615, 5.2034, 2.3562, 2, 6.5726, 5.1876, 1.5973[0m
[2026-09-20 12:32:33] 控制路径段: 起点索引=17, 提取点数=1
[2026-09-20 12:32:33] 避障检测路径段: 起点索引=17, 提取点数=17
[2026-09-20 12:32:33] 当前避障路径段长度为：17
避障轨迹最近点索引为：17
[0m[ INFO] [1789878753.801717104]: local_x: 0.0101, local_y: 0.0128, gear: 2,  error_heading: -0.7456[0m
[2026-09-20 12:32:33] 还未完成转向!
[0m[ INFO] [1789878753.848187843]: 0 points is not droped, 6.5615, 5.2034, 2.3562, 2, 6.5747, 5.1938, 1.6106[0m
[2026-09-20 12:32:33] 控制路径段: 起点索引=17, 提取点数=1
[2026-09-20 12:32:33] 避障检测路径段: 起点索引=17, 提取点数=17
[2026-09-20 12:32:33] 当前避障路径段长度为：17
避障轨迹最近点索引为：17
[0m[ INFO] [1789878753.913871286]: local_x: 0.0024, local_y: 0.0134, gear: 2,  error_heading: -0.7309[0m
[2026-09-20 12:32:33] 还未完成转向!
[0m[ INFO] [1789878753.948457905]: 0 points is not droped, 6.5615, 5.2034, 2.3562, 2, 6.5750, 5.2017, 1.6253[0m
[2026-09-20 12:32:33] 控制路径段: 起点索引=17, 提取点数=1
[2026-09-20 12:32:33] 避障检测路径段: 起点索引=17, 提取点数=17
[2026-09-20 12:32:33] 当前避障路径段长度为：17
避障轨迹最近点索引为：17
[0m[ INFO] [1789878754.001727784]: local_x: -0.0042, local_y: 0.0144, gear: 2,  error_heading: -0.7153[0m
[2026-09-20 12:32:34] 还未完成转向!
[0m[ INFO] [1789878754.048146393]: 0 points is not droped, 6.5615, 5.2034, 2.3562, 2, 6.5755, 5.2086, 1.6409[0m
[2026-09-20 12:32:34] 控制路径段: 起点索引=17, 提取点数=1
[2026-09-20 12:32:34] 避障检测路径段: 起点索引=17, 提取点数=17
[2026-09-20 12:32:34] 当前避障路径段长度为：17
避障轨迹最近点索引为：17
[0m[ INFO] [1789878754.101751188]: local_x: -0.0090, local_y: 0.0161, gear: 2,  error_heading: -0.6958[0m
[2026-09-20 12:32:34] 还未完成转向!
[0m[ INFO] [1789878754.148189414]: 0 points is not droped, 6.5615, 5.2034, 2.3562, 2, 6.5767, 5.2138, 1.6604[0m
[2026-09-20 12:32:34] 控制路径段: 起点索引=17, 提取点数=1
[2026-09-20 12:32:34] 避障检测路径段: 起点索引=17, 提取点数=17
[2026-09-20 12:32:34] 当前避障路径段长度为：17
避障轨迹最近点索引为：17
[0m[ INFO] [1789878754.201803008]: local_x: -0.0133, local_y: 0.0182, gear: 2,  error_heading: -0.6712[0m
[2026-09-20 12:32:34] 还未完成转向!
[0m[ INFO] [1789878754.248458132]: 0 points is not droped, 6.5615, 5.2034, 2.3562, 2, 6.5780, 5.2187, 1.6850[0m
[2026-09-20 12:32:34] 控制路径段: 起点索引=17, 提取点数=1
[2026-09-20 12:32:34] 避障检测路径段: 起点索引=17, 提取点数=17
[2026-09-20 12:32:34] 当前避障路径段长度为：17
避障轨迹最近点索引为：17
[0m[ INFO] [1789878754.301825900]: local_x: -0.0148, local_y: 0.0192, gear: 2,  error_heading: -0.6563[0m
[2026-09-20 12:32:34] 还未完成转向!
[0m[ INFO] [1789878754.348440671]: 0 points is not droped, 6.5615, 5.2034, 2.3562, 2, 6.5786, 5.2205, 1.6999[0m
[2026-09-20 12:32:34] 控制路径段: 起点索引=17, 提取点数=1
[2026-09-20 12:32:34] 避障检测路径段: 起点索引=17, 提取点数=17
[2026-09-20 12:32:34] 当前避障路径段长度为：17
避障轨迹最近点索引为：17
[0m[ INFO] [1789878754.401762327]: local_x: -0.0196, local_y: 0.0201, gear: 2,  error_heading: -0.6078[0m
[2026-09-20 12:32:34] 还未完成转向!
[0m[ INFO] [1789878754.448217193]: 0 points is not droped, 6.5615, 5.2034, 2.3562, 2, 6.5778, 5.2262, 1.7483[0m
[2026-09-20 12:32:34] 控制路径段: 起点索引=17, 提取点数=1
[2026-09-20 12:32:34] 避障检测路径段: 起点索引=17, 提取点数=17
[2026-09-20 12:32:34] 当前避障路径段长度为：17
避障轨迹最近点索引为：17
[0m[ INFO] [1789878754.501770722]: local_x: -0.0198, local_y: 0.0209, gear: 2,  error_heading: -0.5664[0m
[2026-09-20 12:32:34] 还未完成转向!
[0m[ INFO] [1789878754.548204532]: 0 points is not droped, 6.5615, 5.2034, 2.3562, 2, 6.5775, 5.2273, 1.7897[0m
[2026-09-20 12:32:34] 控制路径段: 起点索引=17, 提取点数=1
[2026-09-20 12:32:34] 避障检测路径段: 起点索引=17, 提取点数=17
[2026-09-20 12:32:34] 当前避障路径段长度为：17
避障轨迹最近点索引为：17
[0m[ INFO] [1789878754.601746830]: local_x: -0.0192, local_y: 0.0219, gear: 2,  error_heading: -0.5182[0m
[2026-09-20 12:32:34] 还未完成转向!
[0m[ INFO] [1789878754.648165024]: 0 points is not droped, 6.5615, 5.2034, 2.3562, 2, 6.5775, 5.2276, 1.8379[0m
[2026-09-20 12:32:34] 控制路径段: 起点索引=17, 提取点数=1
[2026-09-20 12:32:34] 避障检测路径段: 起点索引=17, 提取点数=17
[2026-09-20 12:32:34] 当前避障路径段长度为：17
避障轨迹最近点索引为：17
[0m[ INFO] [1789878754.701742265]: local_x: -0.0178, local_y: 0.0218, gear: 2,  error_heading: -0.4748[0m
[2026-09-20 12:32:34] 还未完成转向!
[0m[ INFO] [1789878754.748180491]: 0 points is not droped, 6.5615, 5.2034, 2.3562, 2, 6.5768, 5.2270, 1.8814[0m
[2026-09-20 12:32:34] 控制路径段: 起点索引=17, 提取点数=1
[2026-09-20 12:32:34] 避障检测路径段: 起点索引=17, 提取点数=17
[2026-09-20 12:32:34] 当前避障路径段长度为：17
避障轨迹最近点索引为：17
[0m[ INFO] [1789878754.801900391]: local_x: -0.0159, local_y: 0.0244, gear: 2,  error_heading: -0.4340[0m
[2026-09-20 12:32:34] 还未完成转向!
[0m[ INFO] [1789878754.848681788]: 0 points is not droped, 6.5615, 5.2034, 2.3562, 2, 6.5789, 5.2267, 1.9222[0m
[2026-09-20 12:32:34] 控制路径段: 起点索引=17, 提取点数=1
[2026-09-20 12:32:34] 避障检测路径段: 起点索引=17, 提取点数=17
[2026-09-20 12:32:34] 当前避障路径段长度为：17
避障轨迹最近点索引为：17
[0m[ INFO] [1789878754.901673104]: local_x: -0.0137, local_y: 0.0266, gear: 2,  error_heading: -0.3950[0m
[2026-09-20 12:32:34] 还未完成转向!
[0m[ INFO] [1789878754.948212707]: 0 points is not droped, 6.5615, 5.2034, 2.3562, 2, 6.5808, 5.2262, 1.9612[0m
[2026-09-20 12:32:34] 控制路径段: 起点索引=17, 提取点数=1
[2026-09-20 12:32:34] 避障检测路径段: 起点索引=17, 提取点数=17
[2026-09-20 12:32:34] 当前避障路径段长度为：17
避障轨迹最近点索引为：17
[0m[ INFO] [1789878755.001871518]: local_x: -0.0120, local_y: 0.0279, gear: 2,  error_heading: -0.3533[0m
[2026-09-20 12:32:35] 还未完成转向!
[0m[ INFO] [1789878755.048130286]: 0 points is not droped, 6.5615, 5.2034, 2.3562, 2, 6.5818, 5.2259, 2.0029[0m
[2026-09-20 12:32:35] 控制路径段: 起点索引=17, 提取点数=1
[2026-09-20 12:32:35] 避障检测路径段: 起点索引=17, 提取点数=17
[2026-09-20 12:32:35] 当前避障路径段长度为：17
避障轨迹最近点索引为：17
[0m[ INFO] [1789878755.101765128]: local_x: -0.0110, local_y: 0.0284, gear: 2,  error_heading: -0.3087[0m
[2026-09-20 12:32:35] 还未完成转向!
[0m[ INFO] [1789878755.148251003]: 0 points is not droped, 6.5615, 5.2034, 2.3562, 2, 6.5817, 5.2262, 2.0475[0m
[2026-09-20 12:32:35] 控制路径段: 起点索引=17, 提取点数=1
[2026-09-20 12:32:35] 避障检测路径段: 起点索引=17, 提取点数=17
[2026-09-20 12:32:35] 当前避障路径段长度为：17
避障轨迹最近点索引为：17
[0m[ INFO] [1789878755.201731092]: local_x: -0.0104, local_y: 0.0290, gear: 2,  error_heading: -0.2855[0m
[2026-09-20 12:32:35] 还未完成转向!
[0m[ INFO] [1789878755.248157894]: 0 points is not droped, 6.5615, 5.2034, 2.3562, 2, 6.5820, 5.2264, 2.0707[0m
[2026-09-20 12:32:35] 控制路径段: 起点索引=17, 提取点数=1
[2026-09-20 12:32:35] 避障检测路径段: 起点索引=17, 提取点数=17
[2026-09-20 12:32:35] 当前避障路径段长度为：17
避障轨迹最近点索引为：17
[0m[ INFO] [1789878755.301744607]: local_x: -0.0096, local_y: 0.0293, gear: 2,  error_heading: -0.2630[0m
[2026-09-20 12:32:35] 还未完成转向!
[0m[ INFO] [1789878755.348139569]: 0 points is not droped, 6.5615, 5.2034, 2.3562, 2, 6.5821, 5.2263, 2.0932[0m
[2026-09-20 12:32:35] 控制路径段: 起点索引=17, 提取点数=1
[2026-09-20 12:32:35] 避障检测路径段: 起点索引=17, 提取点数=17
[2026-09-20 12:32:35] 当前避障路径段长度为：17
避障轨迹最近点索引为：17
[0m[ INFO] [1789878755.401717643]: local_x: -0.0116, local_y: 0.0267, gear: 2,  error_heading: -0.1868[0m
[2026-09-20 12:32:35] 还未完成转向!
[0m[ INFO] [1789878755.448204733]: 0 points is not droped, 6.5615, 5.2034, 2.3562, 2, 6.5770, 5.2280, 2.1694[0m
[2026-09-20 12:32:35] 控制路径段: 起点索引=17, 提取点数=1
[2026-09-20 12:32:35] 避障检测路径段: 起点索引=17, 提取点数=17
[2026-09-20 12:32:35] 当前避障路径段长度为：17
避障轨迹最近点索引为：17
[0m[ INFO] [1789878755.501779159]: local_x: -0.0108, local_y: 0.0276, gear: 2,  error_heading: -0.1653[0m
[2026-09-20 12:32:35] 还未完成转向!
[0m[ INFO] [1789878755.548259306]: 0 points is not droped, 6.5615, 5.2034, 2.3562, 2, 6.5776, 5.2282, 2.1909[0m
[2026-09-20 12:32:35] 控制路径段: 起点索引=17, 提取点数=1
[2026-09-20 12:32:35] 避障检测路径段: 起点索引=17, 提取点数=17
[2026-09-20 12:32:35] 当前避障路径段长度为：17
避障轨迹最近点索引为：17
[0m[ INFO] [1789878755.601748130]: local_x: -0.0093, local_y: 0.0275, gear: 2,  error_heading: -0.1214[0m
[2026-09-20 12:32:35] 还未完成转向!
[0m[ INFO] [1789878755.648183925]: 0 points is not droped, 6.5615, 5.2034, 2.3562, 2, 6.5774, 5.2276, 2.2348[0m
[2026-09-20 12:32:35] 控制路径段: 起点索引=17, 提取点数=1
[2026-09-20 12:32:35] 避障检测路径段: 起点索引=17, 提取点数=17
[2026-09-20 12:32:35] 当前避障路径段长度为：17
避障轨迹最近点索引为：17
[0m[ INFO] [1789878755.701759278]: local_x: -0.0096, local_y: 0.0261, gear: 2,  error_heading: -0.0893[0m
[2026-09-20 12:32:35] 还未完成转向!
[0m[ INFO] [1789878755.748266689]: 0 points is not droped, 6.5615, 5.2034, 2.3562, 2, 6.5754, 5.2275, 2.2669[0m
[2026-09-20 12:32:35] 控制路径段: 起点索引=17, 提取点数=1
[2026-09-20 12:32:35] 避障检测路径段: 起点索引=17, 提取点数=17
[2026-09-20 12:32:35] 当前避障路径段长度为：17
避障轨迹最近点索引为：17
[33m[ WARN] [1789878755.848285101]: First gear=2 point is dropped[0m
[0m[ INFO] [1789878755.801738074]: local_x: -0.0067, local_y: 0.0273, gear: 2,  error_heading: -0.0603[0m
[0m[ INFO] [1789878755.848230476]: gear=2 points is droped, 6.5615, 5.2034[0m
[2026-09-20 12:32:35] 转向完成!
[2026-09-20 12:32:35] 新的最近点索引: 18
[2026-09-20 12:32:35] 控制路径段: 起点索引=18, 提取点数=9
[2026-09-20 12:32:35] 避障检测路径段: 起点索引=18, 提取点数=16
[2026-09-20 12:32:35] 当前避障路径段长度为：16
避障轨迹最近点索引为：18
[0m[ INFO] [1789878755.901877863]: local_x: 0.2069, local_y: 0.0355, gear: 1,  error_heading: -0.0291[0m
[0m[ INFO] [1789878755.901945927]: 0 points is not droped, 6.4115, 5.3534, 2.3562, 1, 6.5793, 5.2272, 2.3271[0m
[2026-09-20 12:32:35] 控制路径段: 起点索引=18, 提取点数=9
[2026-09-20 12:32:35] 避障检测路径段: 起点索引=18, 提取点数=16
[2026-09-20 12:32:35] 当前避障路径段长度为：16
避障轨迹最近点索引为：18
[0m[ INFO] [1789878756.001784562]: local_x: 0.2077, local_y: 0.0233, gear: 1,  error_heading: 0.0152[0m
[0m[ INFO] [1789878756.001873554]: 0 points is not droped, 6.4115, 5.3534, 2.3562, 1, 6.5768, 5.2255, 2.3714[0m
[2026-09-20 12:32:36] 控制路径段: 起点索引=18, 提取点数=9
[2026-09-20 12:32:36] 避障检测路径段: 起点索引=18, 提取点数=16
[2026-09-20 12:32:36] 当前避障路径段长度为：16
避障轨迹最近点索引为：18
[0m[ INFO] [1789878756.101831102]: local_x: 0.2060, local_y: 0.0208, gear: 1,  error_heading: 0.0216[0m
[0m[ INFO] [1789878756.101900734]: 0 points is not droped, 6.4115, 5.3534, 2.3562, 1, 6.5746, 5.2259, 2.3778[0m
[2026-09-20 12:32:36] 控制路径段: 起点索引=18, 提取点数=9
[2026-09-20 12:32:36] 避障检测路径段: 起点索引=18, 提取点数=16
[2026-09-20 12:32:36] 当前避障路径段长度为：16
避障轨迹最近点索引为：18
[0m[ INFO] [1789878756.201701608]: local_x: 0.2004, local_y: 0.0173, gear: 1,  error_heading: 0.0238[0m
[0m[ INFO] [1789878756.201755273]: 0 points is not droped, 6.4115, 5.3534, 2.3562, 1, 6.5684, 5.2276, 2.3800[0m
[2026-09-20 12:32:36] 控制路径段: 起点索引=18, 提取点数=9
[2026-09-20 12:32:36] 避障检测路径段: 起点索引=18, 提取点数=16
[2026-09-20 12:32:36] 当前避障路径段长度为：16
避障轨迹最近点索引为：18
[0m[ INFO] [1789878756.301743924]: local_x: 0.1783, local_y: 0.0294, gear: 1,  error_heading: 0.0150[0m
[0m[ INFO] [1789878756.301811541]: 0 points is not droped, 6.4115, 5.3534, 2.3562, 1, 6.5599, 5.2503, 2.3712[0m
[2026-09-20 12:32:36] 控制路径段: 起点索引=18, 提取点数=9
[2026-09-20 12:32:36] 避障检测路径段: 起点索引=18, 提取点数=16
[2026-09-20 12:32:36] 当前避障路径段长度为：16
避障轨迹最近点索引为：18
[0m[ INFO] [1789878756.401742656]: local_x: 0.1799, local_y: 0.0133, gear: 1,  error_heading: 0.0103[0m
[0m[ INFO] [1789878756.401819745]: 0 points is not droped, 6.4115, 5.3534, 2.3562, 1, 6.5492, 5.2370, 2.3665[0m
[2026-09-20 12:32:36] 控制路径段: 起点索引=18, 提取点数=9
[2026-09-20 12:32:36] 避障检测路径段: 起点索引=18, 提取点数=16
[2026-09-20 12:32:36] 当前避障路径段长度为：16
避障轨迹最近点索引为：18
[0m[ INFO] [1789878756.501752268]: local_x: 0.1706, local_y: 0.0089, gear: 1,  error_heading: 0.0146[0m
[0m[ INFO] [1789878756.501815244]: 0 points is not droped, 6.4115, 5.3534, 2.3562, 1, 6.5400, 5.2409, 2.3708[0m
[2026-09-20 12:32:36] 控制路径段: 起点索引=18, 提取点数=9
[2026-09-20 12:32:36] 避障检测路径段: 起点索引=18, 提取点数=16
[2026-09-20 12:32:36] 当前避障路径段长度为：16
避障轨迹最近点索引为：18
[0m[ INFO] [1789878756.601685047]: local_x: 0.1317, local_y: 0.0025, gear: 1,  error_heading: 0.0337[0m
[0m[ INFO] [1789878756.601746103]: 0 points is not droped, 6.4115, 5.3534, 2.3562, 1, 6.5094, 5.2653, 2.3899[0m
[2026-09-20 12:32:36] 控制路径段: 起点索引=18, 提取点数=9
[2026-09-20 12:32:36] 避障检测路径段: 起点索引=18, 提取点数=16
[2026-09-20 12:32:36] 当前避障路径段长度为：16
避障轨迹最近点索引为：18
[0m[ INFO] [1789878756.701761507]: local_x: 0.0878, local_y: 0.0081, gear: 1,  error_heading: 0.0418[0m
[0m[ INFO] [1789878756.701825316]: gear=1 points is droped, 6.4115, 5.3534[0m
[2026-09-20 12:32:36] 新的最近点索引: 19
[2026-09-20 12:32:36] 控制路径段: 起点索引=19, 提取点数=8
[2026-09-20 12:32:36] 避障检测路径段: 起点索引=19, 提取点数=15
[2026-09-20 12:32:36] 当前避障路径段长度为：15
避障轨迹最近点索引为：19
[0m[ INFO] [1789878756.801889968]: local_x: 0.2792, local_y: -0.0043, gear: 1,  error_heading: 0.0404[0m
[0m[ INFO] [1789878756.802017138]: 0 points is not droped, 6.2615, 5.5034, 2.3562, 1, 6.4638, 5.3109, 2.3966[0m
[2026-09-20 12:32:36] 控制路径段: 起点索引=19, 提取点数=8
[2026-09-20 12:32:36] 避障检测路径段: 起点索引=19, 提取点数=15
[2026-09-20 12:32:36] 当前避障路径段长度为：15
避障轨迹最近点索引为：19
[0m[ INFO] [1789878756.901793307]: local_x: 0.2500, local_y: -0.0008, gear: 1,  error_heading: 0.0448[0m
[0m[ INFO] [1789878756.901869500]: 0 points is not droped, 6.2615, 5.5034, 2.3562, 1, 6.4455, 5.3341, 2.4010[0m
[2026-09-20 12:32:36] 控制路径段: 起点索引=19, 提取点数=8
[2026-09-20 12:32:36] 避障检测路径段: 起点索引=19, 提取点数=15
[2026-09-20 12:32:36] 当前避障路径段长度为：15
避障轨迹最近点索引为：19
[0m[ INFO] [1789878757.001750022]: local_x: 0.2398, local_y: -0.0030, gear: 1,  error_heading: 0.0462[0m
[0m[ INFO] [1789878757.001829127]: 0 points is not droped, 6.2615, 5.5034, 2.3562, 1, 6.4367, 5.3397, 2.4024[0m
[2026-09-20 12:32:37] 控制路径段: 起点索引=19, 提取点数=8
[2026-09-20 12:32:37] 避障检测路径段: 起点索引=19, 提取点数=15
[2026-09-20 12:32:37] 当前避障路径段长度为：15
避障轨迹最近点索引为：19
[0m[ INFO] [1789878757.101683921]: local_x: 0.2189, local_y: -0.0048, gear: 1,  error_heading: 0.0481[0m
[0m[ INFO] [1789878757.101736882]: 0 points is not droped, 6.2615, 5.5034, 2.3562, 1, 6.4203, 5.3527, 2.4043[0m
[2026-09-20 12:32:37] 控制路径段: 起点索引=19, 提取点数=8
[2026-09-20 12:32:37] 避障检测路径段: 起点索引=19, 提取点数=15
[2026-09-20 12:32:37] 当前避障路径段长度为：15
避障轨迹最近点索引为：19
[0m[ INFO] [1789878757.201762046]: local_x: 0.1822, local_y: -0.0069, gear: 1,  error_heading: 0.0464[0m
[0m[ INFO] [1789878757.201828095]: 0 points is not droped, 6.2615, 5.5034, 2.3562, 1, 6.3915, 5.3756, 2.4026[0m
[2026-09-20 12:32:37] 控制路径段: 起点索引=19, 提取点数=8
[2026-09-20 12:32:37] 避障检测路径段: 起点索引=19, 提取点数=15
[2026-09-20 12:32:37] 当前避障路径段长度为：15
避障轨迹最近点索引为：19
[0m[ INFO] [1789878757.301716585]: local_x: 0.1548, local_y: -0.0097, gear: 1,  error_heading: 0.0504[0m
[0m[ INFO] [1789878757.301775274]: 0 points is not droped, 6.2615, 5.5034, 2.3562, 1, 6.3698, 5.3924, 2.4066[0m
[2026-09-20 12:32:37] 控制路径段: 起点索引=19, 提取点数=8
[2026-09-20 12:32:37] 避障检测路径段: 起点索引=19, 提取点数=15
[2026-09-20 12:32:37] 当前避障路径段长度为：15
避障轨迹最近点索引为：19
[0m[ INFO] [1789878757.401739989]: local_x: 0.1357, local_y: -0.0070, gear: 1,  error_heading: 0.0474[0m
[0m[ INFO] [1789878757.401810038]: 0 points is not droped, 6.2615, 5.5034, 2.3562, 1, 6.3572, 5.4069, 2.4036[0m
[2026-09-20 12:32:37] 控制路径段: 起点索引=19, 提取点数=8
[2026-09-20 12:32:37] 避障检测路径段: 起点索引=19, 提取点数=15
[2026-09-20 12:32:37] 当前避障路径段长度为：15
避障轨迹最近点索引为：19
[0m[ INFO] [1789878757.501787745]: local_x: 0.1147, local_y: -0.0074, gear: 1,  error_heading: 0.0465[0m
[0m[ INFO] [1789878757.501859874]: 0 points is not droped, 6.2615, 5.5034, 2.3562, 1, 6.3412, 5.4206, 2.4027[0m
[2026-09-20 12:32:37] 控制路径段: 起点索引=19, 提取点数=8
[2026-09-20 12:32:37] 避障检测路径段: 起点索引=19, 提取点数=15
[2026-09-20 12:32:37] 当前避障路径段长度为：15
避障轨迹最近点索引为：19
[0m[ INFO] [1789878757.601710540]: local_x: 0.0762, local_y: -0.0080, gear: 1,  error_heading: 0.0441[0m
[0m[ INFO] [1789878757.601767693]: gear=1 points is droped, 6.2615, 5.5034[0m
[2026-09-20 12:32:37] 新的最近点索引: 20
[2026-09-20 12:32:37] 控制路径段: 起点索引=20, 提取点数=7
[2026-09-20 12:32:37] 避障检测路径段: 起点索引=20, 提取点数=14
[2026-09-20 12:32:37] 当前避障路径段长度为：14
避障轨迹最近点索引为：20
[0m[ INFO] [1789878757.701751032]: local_x: 0.2768, local_y: -0.0173, gear: 1,  error_heading: 0.0445[0m
[0m[ INFO] [1789878757.701827225]: 0 points is not droped, 6.1115, 5.6534, 2.3562, 1, 6.3040, 5.4539, 2.4007[0m
[2026-09-20 12:32:37] 控制路径段: 起点索引=20, 提取点数=7
[2026-09-20 12:32:37] 避障检测路径段: 起点索引=20, 提取点数=14
[2026-09-20 12:32:37] 当前避障路径段长度为：14
避障轨迹最近点索引为：20
[0m[ INFO] [1789878757.801741732]: local_x: 0.2411, local_y: -0.0181, gear: 1,  error_heading: 0.0432[0m
[0m[ INFO] [1789878757.801822597]: 0 points is not droped, 6.1115, 5.6534, 2.3562, 1, 6.2769, 5.4770, 2.3994[0m
[2026-09-20 12:32:37] 控制路径段: 起点索引=20, 提取点数=7
[2026-09-20 12:32:37] 避障检测路径段: 起点索引=20, 提取点数=14
[2026-09-20 12:32:37] 当前避障路径段长度为：14
避障轨迹最近点索引为：20
[0m[ INFO] [1789878757.901773552]: local_x: 0.2174, local_y: -0.0143, gear: 1,  error_heading: 0.0432[0m
[0m[ INFO] [1789878757.901841713]: 0 points is not droped, 6.1115, 5.6534, 2.3562, 1, 6.2621, 5.4959, 2.3994[0m
[2026-09-20 12:32:37] 控制路径段: 起点索引=20, 提取点数=7
[2026-09-20 12:32:37] 避障检测路径段: 起点索引=20, 提取点数=14
[2026-09-20 12:32:37] 当前避障路径段长度为：14
避障轨迹最近点索引为：20
[0m[ INFO] [1789878758.001865629]: local_x: 0.2067, local_y: -0.0144, gear: 1,  error_heading: 0.0429[0m
[0m[ INFO] [1789878758.001945245]: 0 points is not droped, 6.1115, 5.6534, 2.3562, 1, 6.2541, 5.5030, 2.3991[0m
[2026-09-20 12:32:38] 控制路径段: 起点索引=20, 提取点数=7
[2026-09-20 12:32:38] 避障检测路径段: 起点索引=20, 提取点数=14
[2026-09-20 12:32:38] 当前避障路径段长度为：14
避障轨迹最近点索引为：20
[0m[ INFO] [1789878758.101852232]: local_x: 0.1852, local_y: -0.0144, gear: 1,  error_heading: 0.0426[0m
[0m[ INFO] [1789878758.102009418]: 0 points is not droped, 6.1115, 5.6534, 2.3562, 1, 6.2381, 5.5175, 2.3988[0m
[2026-09-20 12:32:38] 控制路径段: 起点索引=20, 提取点数=7
[2026-09-20 12:32:38] 避障检测路径段: 起点索引=20, 提取点数=14
[2026-09-20 12:32:38] 当前避障路径段长度为：14
避障轨迹最近点索引为：20
[0m[ INFO] [1789878758.201857108]: local_x: 0.1618, local_y: -0.0117, gear: 1,  error_heading: 0.0411[0m
[0m[ INFO] [1789878758.201965205]: 0 points is not droped, 6.1115, 5.6534, 2.3562, 1, 6.2226, 5.5352, 2.3973[0m
[2026-09-20 12:32:38] 控制路径段: 起点索引=20, 提取点数=7
[2026-09-20 12:32:38] 避障检测路径段: 起点索引=20, 提取点数=14
[2026-09-20 12:32:38] 当前避障路径段长度为：14
避障轨迹最近点索引为：20
[0m[ INFO] [1789878758.301775839]: local_x: 0.1267, local_y: -0.0136, gear: 1,  error_heading: 0.0403[0m
[0m[ INFO] [1789878758.301857184]: 0 points is not droped, 6.1115, 5.6534, 2.3562, 1, 6.1953, 5.5575, 2.3965[0m
[2026-09-20 12:32:38] 控制路径段: 起点索引=20, 提取点数=7
[2026-09-20 12:32:38] 避障检测路径段: 起点索引=20, 提取点数=14
[2026-09-20 12:32:38] 当前避障路径段长度为：14
避障轨迹最近点索引为：20
[0m[ INFO] [1789878758.401919564]: local_x: 0.1147, local_y: -0.0066, gear: 1,  error_heading: 0.0396[0m
[0m[ INFO] [1789878758.401997517]: 0 points is not droped, 6.1115, 5.6534, 2.3562, 1, 6.1913, 5.5708, 2.3958[0m
[2026-09-20 12:32:38] 控制路径段: 起点索引=20, 提取点数=7
[2026-09-20 12:32:38] 避障检测路径段: 起点索引=20, 提取点数=14
[2026-09-20 12:32:38] 当前避障路径段长度为：14
避障轨迹最近点索引为：20
[0m[ INFO] [1789878758.502197850]: local_x: 0.0925, local_y: -0.0064, gear: 1,  error_heading: 0.0389[0m
[0m[ INFO] [1789878758.502413917]: gear=1 points is droped, 6.1115, 5.6534[0m
[2026-09-20 12:32:38] 新的最近点索引: 21
[2026-09-20 12:32:38] 控制路径段: 起点索引=21, 提取点数=6
[2026-09-20 12:32:38] 避障检测路径段: 起点索引=21, 提取点数=13
[2026-09-20 12:32:38] 当前避障路径段长度为：13
避障轨迹最近点索引为：21
[0m[ INFO] [1789878758.602151366]: local_x: 0.2629, local_y: -0.0099, gear: 1,  error_heading: 0.0377[0m
[0m[ INFO] [1789878758.602272263]: 0 points is not droped, 5.9615, 5.8034, 2.3562, 1, 6.1475, 5.6174, 2.3939[0m
[2026-09-20 12:32:38] 控制路径段: 起点索引=21, 提取点数=6
[2026-09-20 12:32:38] 避障检测路径段: 起点索引=21, 提取点数=13
[2026-09-20 12:32:38] 当前避障路径段长度为：13
避障轨迹最近点索引为：21
[0m[ INFO] [1789878758.713157568]: local_x: 0.2302, local_y: -0.0117, gear: 1,  error_heading: 0.0379[0m
[0m[ INFO] [1789878758.713275265]: 0 points is not droped, 5.9615, 5.8034, 2.3562, 1, 6.1224, 5.6383, 2.3941[0m
[2026-09-20 12:32:38] 控制路径段: 起点索引=21, 提取点数=6
[2026-09-20 12:32:38] 避障检测路径段: 起点索引=21, 提取点数=13
[2026-09-20 12:32:38] 当前避障路径段长度为：13
避障轨迹最近点索引为：21
[0m[ INFO] [1789878758.801786713]: local_x: 0.2070, local_y: -0.0101, gear: 1,  error_heading: 0.0375[0m
[0m[ INFO] [1789878758.801865370]: 0 points is not droped, 5.9615, 5.8034, 2.3562, 1, 6.1064, 5.6552, 2.3937[0m
[2026-09-20 12:32:38] 控制路径段: 起点索引=21, 提取点数=6
[2026-09-20 12:32:38] 避障检测路径段: 起点索引=21, 提取点数=13
[2026-09-20 12:32:38] 当前避障路径段长度为：13
避障轨迹最近点索引为：21
[0m[ INFO] [1789878758.901745765]: local_x: 0.1800, local_y: -0.0098, gear: 1,  error_heading: 0.0367[0m
[0m[ INFO] [1789878758.901814565]: 0 points is not droped, 5.9615, 5.8034, 2.3562, 1, 6.0867, 5.6737, 2.3929[0m
[2026-09-20 12:32:38] 控制路径段: 起点索引=21, 提取点数=6
[2026-09-20 12:32:38] 避障检测路径段: 起点索引=21, 提取点数=13
[2026-09-20 12:32:38] 当前避障路径段长度为：13
避障轨迹最近点索引为：21
[0m[ INFO] [1789878759.003712836]: local_x: 0.1680, local_y: -0.0098, gear: 1,  error_heading: 0.0366[0m
[0m[ INFO] [1789878759.003796741]: 0 points is not droped, 5.9615, 5.8034, 2.3562, 1, 6.0779, 5.6818, 2.3928[0m
[2026-09-20 12:32:39] 控制路径段: 起点索引=21, 提取点数=6
[2026-09-20 12:32:39] 避障检测路径段: 起点索引=21, 提取点数=13
[2026-09-20 12:32:39] 当前避障路径段长度为：13
避障轨迹最近点索引为：21
[0m[ INFO] [1789878759.101746780]: local_x: 0.1280, local_y: -0.0114, gear: 1,  error_heading: 0.0356[0m
[0m[ INFO] [1789878759.101819133]: 0 points is not droped, 5.9615, 5.8034, 2.3562, 1, 6.0474, 5.7078, 2.3918[0m
[2026-09-20 12:32:39] 控制路径段: 起点索引=21, 提取点数=6
[2026-09-20 12:32:39] 避障检测路径段: 起点索引=21, 提取点数=13
[2026-09-20 12:32:39] 当前避障路径段长度为：13
避障轨迹最近点索引为：21
[0m[ INFO] [1789878759.201730792]: local_x: 0.1160, local_y: -0.0118, gear: 1,  error_heading: 0.0348[0m
[0m[ INFO] [1789878759.201793864]: 0 points is not droped, 5.9615, 5.8034, 2.3562, 1, 6.0382, 5.7157, 2.3910[0m
[2026-09-20 12:32:39] 控制路径段: 起点索引=21, 提取点数=6
[2026-09-20 12:32:39] 避障检测路径段: 起点索引=21, 提取点数=13
[2026-09-20 12:32:39] 当前避障路径段长度为：13
避障轨迹最近点索引为：21
[0m[ INFO] [1789878759.301742547]: local_x: 0.1040, local_y: -0.0123, gear: 1,  error_heading: 0.0339[0m
[0m[ INFO] [1789878759.301810068]: 0 points is not droped, 5.9615, 5.8034, 2.3562, 1, 6.0290, 5.7234, 2.3901[0m
[2026-09-20 12:32:39] 控制路径段: 起点索引=21, 提取点数=6
[2026-09-20 12:32:39] 避障检测路径段: 起点索引=21, 提取点数=13
[2026-09-20 12:32:39] 当前避障路径段长度为：13
避障轨迹最近点索引为：21
[0m[ INFO] [1789878759.401710495]: local_x: 0.0561, local_y: -0.0153, gear: 1,  error_heading: 0.0326[0m
[0m[ INFO] [1789878759.401775008]: gear=1 points is droped, 5.9615, 5.8034[0m
[2026-09-20 12:32:39] 新的最近点索引: 22
[2026-09-20 12:32:39] 控制路径段: 起点索引=22, 提取点数=5
[2026-09-20 12:32:39] 避障检测路径段: 起点索引=22, 提取点数=12
[2026-09-20 12:32:39] 当前避障路径段长度为：12
避障轨迹最近点索引为：22
[0m[ INFO] [1789878759.501781547]: local_x: 0.2568, local_y: -0.0221, gear: 1,  error_heading: 0.0323[0m
[0m[ INFO] [1789878759.501921357]: 0 points is not droped, 5.8115, 5.9534, 2.3562, 1, 5.9837, 5.7617, 2.3885[0m
[2026-09-20 12:32:39] 控制路径段: 起点索引=22, 提取点数=5
[2026-09-20 12:32:39] 避障检测路径段: 起点索引=22, 提取点数=12
[2026-09-20 12:32:39] 当前避障路径段长度为：12
避障轨迹最近点索引为：22
[0m[ INFO] [1789878759.601729654]: local_x: 0.2200, local_y: -0.0228, gear: 1,  error_heading: 0.0311[0m
[0m[ INFO] [1789878759.601789495]: 0 points is not droped, 5.8115, 5.9534, 2.3562, 1, 5.9562, 5.7862, 2.3873[0m
[2026-09-20 12:32:39] 控制路径段: 起点索引=22, 提取点数=5
[2026-09-20 12:32:39] 避障检测路径段: 起点索引=22, 提取点数=12
[2026-09-20 12:32:39] 当前避障路径段长度为：12
避障轨迹最近点索引为：22
[0m[ INFO] [1789878759.706751829]: local_x: 0.1912, local_y: -0.0248, gear: 1,  error_heading: 0.0303[0m
[0m[ INFO] [1789878759.706824053]: 0 points is not droped, 5.8115, 5.9534, 2.3562, 1, 5.9338, 5.8043, 2.3865[0m
[2026-09-20 12:32:39] 控制路径段: 起点索引=22, 提取点数=5
[2026-09-20 12:32:39] 避障检测路径段: 起点索引=22, 提取点数=12
[2026-09-20 12:32:39] 当前避障路径段长度为：12
避障轨迹最近点索引为：22
[0m[ INFO] [1789878759.801769649]: local_x: 0.1672, local_y: -0.0251, gear: 1,  error_heading: 0.0285[0m
[0m[ INFO] [1789878759.801842994]: 0 points is not droped, 5.8115, 5.9534, 2.3562, 1, 5.9158, 5.8203, 2.3847[0m
[2026-09-20 12:32:39] 控制路径段: 起点索引=22, 提取点数=5
[2026-09-20 12:32:39] 避障检测路径段: 起点索引=22, 提取点数=12
[2026-09-20 12:32:39] 当前避障路径段长度为：12
避障轨迹最近点索引为：22
[0m[ INFO] [1789878759.901736198]: local_x: 0.1426, local_y: -0.0265, gear: 1,  error_heading: 0.0267[0m
[0m[ INFO] [1789878759.901800743]: 0 points is not droped, 5.8115, 5.9534, 2.3562, 1, 5.8967, 5.8361, 2.3829[0m
[2026-09-20 12:32:39] 控制路径段: 起点索引=22, 提取点数=5
[2026-09-20 12:32:39] 避障检测路径段: 起点索引=22, 提取点数=12
[2026-09-20 12:32:39] 当前避障路径段长度为：12
避障轨迹最近点索引为：22
[0m[ INFO] [1789878760.001693659]: local_x: 0.1181, local_y: -0.0263, gear: 1,  error_heading: 0.0239[0m
[0m[ INFO] [1789878760.001751547]: 0 points is not droped, 5.8115, 5.9534, 2.3562, 1, 5.8788, 5.8528, 2.3800[0m
[2026-09-20 12:32:40] 控制路径段: 起点索引=22, 提取点数=5
[2026-09-20 12:32:40] 避障检测路径段: 起点索引=22, 提取点数=12
[2026-09-20 12:32:40] 当前避障路径段长度为：12
避障轨迹最近点索引为：22
[0m[ INFO] [1789878760.101727120]: local_x: 0.1059, local_y: -0.0262, gear: 1,  error_heading: 0.0224[0m
[0m[ INFO] [1789878760.101795441]: 0 points is not droped, 5.8115, 5.9534, 2.3562, 1, 5.8699, 5.8613, 2.3786[0m
[2026-09-20 12:32:40] 控制路径段: 起点索引=22, 提取点数=5
[2026-09-20 12:32:40] 避障检测路径段: 起点索引=22, 提取点数=12
[2026-09-20 12:32:40] 当前避障路径段长度为：12
避障轨迹最近点索引为：22
[0m[ INFO] [1789878760.201771205]: local_x: 0.0813, local_y: -0.0280, gear: 1,  error_heading: 0.0195[0m
[0m[ INFO] [1789878760.202309259]: gear=1 points is droped, 5.8115, 5.9534[0m
[2026-09-20 12:32:40] 新的最近点索引: 23
[2026-09-20 12:32:40] 控制路径段: 起点索引=23, 提取点数=4
[2026-09-20 12:32:40] 避障检测路径段: 起点索引=23, 提取点数=11
[2026-09-20 12:32:40] 当前避障路径段长度为：11
避障轨迹最近点索引为：23
[0m[ INFO] [1789878760.301756826]: local_x: 0.2809, local_y: -0.0316, gear: 1,  error_heading: 0.0180[0m
[0m[ INFO] [1789878760.301828635]: 0 points is not droped, 5.6615, 6.1034, 2.3562, 1, 5.8417, 5.8856, 2.3742[0m
[2026-09-20 12:32:40] 控制路径段: 起点索引=23, 提取点数=4
[2026-09-20 12:32:40] 避障检测路径段: 起点索引=23, 提取点数=11
[2026-09-20 12:32:40] 当前避障路径段长度为：11
避障轨迹最近点索引为：23
[0m[ INFO] [1789878760.401807344]: local_x: 0.2461, local_y: -0.0321, gear: 1,  error_heading: 0.0152[0m
[0m[ INFO] [1789878760.401881105]: 0 points is not droped, 5.6615, 6.1034, 2.3562, 1, 5.8158, 5.9090, 2.3714[0m
[2026-09-20 12:32:40] 控制路径段: 起点索引=23, 提取点数=4
[2026-09-20 12:32:40] 避障检测路径段: 起点索引=23, 提取点数=11
[2026-09-20 12:32:40] 当前避障路径段长度为：11
避障轨迹最近点索引为：23
[0m[ INFO] [1789878760.501738756]: local_x: 0.2089, local_y: -0.0309, gear: 1,  error_heading: 0.0099[0m
[0m[ INFO] [1789878760.501805317]: 0 points is not droped, 5.6615, 6.1034, 2.3562, 1, 5.7890, 5.9351, 2.3661[0m
[2026-09-20 12:32:40] 控制路径段: 起点索引=23, 提取点数=4
[2026-09-20 12:32:40] 避障检测路径段: 起点索引=23, 提取点数=11
[2026-09-20 12:32:40] 当前避障路径段长度为：11
避障轨迹最近点索引为：23
[0m[ INFO] [1789878760.601901019]: local_x: 0.1845, local_y: -0.0307, gear: 1,  error_heading: 0.0067[0m
[0m[ INFO] [1789878760.601960731]: 0 points is not droped, 5.6615, 6.1034, 2.3562, 1, 5.7713, 5.9519, 2.3629[0m
[2026-09-20 12:32:40] 控制路径段: 起点索引=23, 提取点数=4
[2026-09-20 12:32:40] 避障检测路径段: 起点索引=23, 提取点数=11
[2026-09-20 12:32:40] 当前避障路径段长度为：11
避障轨迹最近点索引为：23
[0m[ INFO] [1789878760.705979929]: local_x: 0.1725, local_y: -0.0305, gear: 1,  error_heading: 0.0052[0m
[0m[ INFO] [1789878760.706036122]: 0 points is not droped, 5.6615, 6.1034, 2.3562, 1, 5.7626, 5.9604, 2.3614[0m
[2026-09-20 12:32:40] 控制路径段: 起点索引=23, 提取点数=4
[2026-09-20 12:32:40] 避障检测路径段: 起点索引=23, 提取点数=11
[2026-09-20 12:32:40] 当前避障路径段长度为：11
避障轨迹最近点索引为：23
[0m[ INFO] [1789878760.801737635]: local_x: 0.1352, local_y: -0.0300, gear: 1,  error_heading: -0.0005[0m
[0m[ INFO] [1789878760.801804996]: 0 points is not droped, 5.6615, 6.1034, 2.3562, 1, 5.7358, 5.9866, 2.3557[0m
[2026-09-20 12:32:40] 控制路径段: 起点索引=23, 提取点数=4
[2026-09-20 12:32:40] 避障检测路径段: 起点索引=23, 提取点数=11
[2026-09-20 12:32:40] 当前避障路径段长度为：11
避障轨迹最近点索引为：23
[0m[ INFO] [1789878760.901944730]: local_x: 0.1139, local_y: -0.0275, gear: 1,  error_heading: -0.0031[0m
[0m[ INFO] [1789878760.902016443]: 0 points is not droped, 5.6615, 6.1034, 2.3562, 1, 5.7223, 6.0032, 2.3531[0m
[2026-09-20 12:32:40] 控制路径段: 起点索引=23, 提取点数=4
[2026-09-20 12:32:40] 避障检测路径段: 起点索引=23, 提取点数=11
[2026-09-20 12:32:40] 当前避障路径段长度为：11
避障轨迹最近点索引为：23
[0m[ INFO] [1789878761.001786350]: local_x: 0.0897, local_y: -0.0269, gear: 1,  error_heading: -0.0054[0m
[0m[ INFO] [1789878761.001990096]: gear=1 points is droped, 5.6615, 6.1034[0m
[2026-09-20 12:32:41] 新的最近点索引: 24
[2026-09-20 12:32:41] 控制路径段: 起点索引=24, 提取点数=3
[2026-09-20 12:32:41] 避障检测路径段: 起点索引=24, 提取点数=10
[2026-09-20 12:32:41] 当前避障路径段长度为：10
避障轨迹最近点索引为：24
[0m[ INFO] [1789878761.101814339]: local_x: 0.2896, local_y: -0.0253, gear: 1,  error_heading: -0.0073[0m
[0m[ INFO] [1789878761.101888292]: 0 points is not droped, 5.5115, 6.2534, 2.3562, 1, 5.6967, 6.0293, 2.3489[0m
[2026-09-20 12:32:41] 控制路径段: 起点索引=24, 提取点数=3
[2026-09-20 12:32:41] 避障检测路径段: 起点索引=24, 提取点数=10
[2026-09-20 12:32:41] 当前避障路径段长度为：10
避障轨迹最近点索引为：24
[0m[ INFO] [1789878761.201765079]: local_x: 0.2549, local_y: -0.0210, gear: 1,  error_heading: -0.0104[0m
[0m[ INFO] [1789878761.201839512]: 0 points is not droped, 5.5115, 6.2534, 2.3562, 1, 5.6748, 6.0566, 2.3458[0m
[2026-09-20 12:32:41] 控制路径段: 起点索引=24, 提取点数=3
[2026-09-20 12:32:41] 避障检测路径段: 起点索引=24, 提取点数=10
[2026-09-20 12:32:41] 当前避障路径段长度为：10
避障轨迹最近点索引为：24
[0m[ INFO] [1789878761.301743756]: local_x: 0.2348, local_y: -0.0219, gear: 1,  error_heading: -0.0121[0m
[0m[ INFO] [1789878761.301810797]: 0 points is not droped, 5.5115, 6.2534, 2.3562, 1, 5.6598, 6.0701, 2.3441[0m
[2026-09-20 12:32:41] 控制路径段: 起点索引=24, 提取点数=3
[2026-09-20 12:32:41] 避障检测路径段: 起点索引=24, 提取点数=10
[2026-09-20 12:32:41] 当前避障路径段长度为：10
避障轨迹最近点索引为：24
[0m[ INFO] [1789878761.401699041]: local_x: 0.2077, local_y: -0.0164, gear: 1,  error_heading: -0.0141[0m
[0m[ INFO] [1789878761.401754657]: 0 points is not droped, 5.5115, 6.2534, 2.3562, 1, 5.6445, 6.0930, 2.3421[0m
[2026-09-20 12:32:41] 控制路径段: 起点索引=24, 提取点数=3
[2026-09-20 12:32:41] 避障检测路径段: 起点索引=24, 提取点数=10
[2026-09-20 12:32:41] 当前避障路径段长度为：10
避障轨迹最近点索引为：24
[0m[ INFO] [1789878761.501686614]: local_x: 0.1958, local_y: -0.0162, gear: 1,  error_heading: -0.0165[0m
[0m[ INFO] [1789878761.501749814]: 0 points is not droped, 5.5115, 6.2534, 2.3562, 1, 5.6360, 6.1014, 2.3396[0m
[2026-09-20 12:32:41] 控制路径段: 起点索引=24, 提取点数=3
[2026-09-20 12:32:41] 避障检测路径段: 起点索引=24, 提取点数=10
[2026-09-20 12:32:41] 当前避障路径段长度为：10
避障轨迹最近点索引为：24
[0m[ INFO] [1789878761.601727403]: local_x: 0.1601, local_y: -0.0122, gear: 1,  error_heading: -0.0197[0m
[0m[ INFO] [1789878761.601791468]: 0 points is not droped, 5.5115, 6.2534, 2.3562, 1, 5.6136, 6.1296, 2.3365[0m
[2026-09-20 12:32:41] 控制路径段: 起点索引=24, 提取点数=3
[2026-09-20 12:32:41] 避障检测路径段: 起点索引=24, 提取点数=10
[2026-09-20 12:32:41] 当前避障路径段长度为：10
避障轨迹最近点索引为：24
[0m[ INFO] [1789878761.701756480]: local_x: 0.1382, local_y: -0.0084, gear: 1,  error_heading: -0.0241[0m
[0m[ INFO] [1789878761.701819969]: 0 points is not droped, 5.5115, 6.2534, 2.3562, 1, 5.6008, 6.1475, 2.3321[0m
[2026-09-20 12:32:41] 控制路径段: 起点索引=24, 提取点数=3
[2026-09-20 12:32:41] 避障检测路径段: 起点索引=24, 提取点数=10
[2026-09-20 12:32:41] 当前避障路径段长度为：10
避障轨迹最近点索引为：24
[0m[ INFO] [1789878761.801775094]: local_x: 0.1140, local_y: -0.0079, gear: 1,  error_heading: -0.0241[0m
[0m[ INFO] [1789878761.801852758]: 0 points is not droped, 5.5115, 6.2534, 2.3562, 1, 5.5844, 6.1654, 2.3321[0m
[2026-09-20 12:32:41] 控制路径段: 起点索引=24, 提取点数=3
[2026-09-20 12:32:41] 避障检测路径段: 起点索引=24, 提取点数=10
[2026-09-20 12:32:41] 当前避障路径段长度为：10
避障轨迹最近点索引为：24
[0m[ INFO] [1789878761.901720522]: local_x: 0.0929, local_y: -0.0053, gear: 1,  error_heading: -0.0266[0m
[0m[ INFO] [1789878761.901778859]: gear=1 points is droped, 5.5115, 6.2534[0m
[2026-09-20 12:32:41] 新的最近点索引: 25
[2026-09-20 12:32:41] 控制路径段: 起点索引=25, 提取点数=2
[2026-09-20 12:32:41] 避障检测路径段: 起点索引=25, 提取点数=9
[2026-09-20 12:32:41] 当前避障路径段长度为：9
避障轨迹最近点索引为：25
[0m[ INFO] [1789878762.001779680]: local_x: 0.2934, local_y: 0.0003, gear: 1,  error_heading: -0.0265[0m
[0m[ INFO] [1789878762.001849824]: 0 points is not droped, 5.3615, 6.4034, 2.3562, 1, 5.5636, 6.1907, 2.3297[0m
[2026-09-20 12:32:42] 控制路径段: 起点索引=25, 提取点数=2
[2026-09-20 12:32:42] 避障检测路径段: 起点索引=25, 提取点数=9
[2026-09-20 12:32:42] 当前避障路径段长度为：9
避障轨迹最近点索引为：25
[0m[ INFO] [1789878762.101688532]: local_x: 0.2592, local_y: 0.0010, gear: 1,  error_heading: -0.0268[0m
[0m[ INFO] [1789878762.101747188]: 0 points is not droped, 5.3615, 6.4034, 2.3562, 1, 5.5405, 6.2160, 2.3294[0m
[2026-09-20 12:32:42] 控制路径段: 起点索引=25, 提取点数=2
[2026-09-20 12:32:42] 避障检测路径段: 起点索引=25, 提取点数=9
[2026-09-20 12:32:42] 当前避障路径段长度为：9
避障轨迹最近点索引为：25
[0m[ INFO] [1789878762.201766186]: local_x: 0.2464, local_y: 0.0017, gear: 1,  error_heading: -0.0267[0m
[0m[ INFO] [1789878762.201842186]: 0 points is not droped, 5.3615, 6.4034, 2.3562, 1, 5.5322, 6.2258, 2.3294[0m
[2026-09-20 12:32:42] 控制路径段: 起点索引=25, 提取点数=2
[2026-09-20 12:32:42] 避障检测路径段: 起点索引=25, 提取点数=9
[2026-09-20 12:32:42] 当前避障路径段长度为：9
避障轨迹最近点索引为：25
[0m[ INFO] [1789878762.301745694]: local_x: 0.2109, local_y: 0.0043, gear: 1,  error_heading: -0.0289[0m
[0m[ INFO] [1789878762.301808863]: 0 points is not droped, 5.3615, 6.4034, 2.3562, 1, 5.5093, 6.2529, 2.3273[0m
[2026-09-20 12:32:42] 控制路径段: 起点索引=25, 提取点数=2
[2026-09-20 12:32:42] 避障检测路径段: 起点索引=25, 提取点数=9
[2026-09-20 12:32:42] 当前避障路径段长度为：9
避障轨迹最近点索引为：25
[0m[ INFO] [1789878762.401729395]: local_x: 0.1807, local_y: 0.0009, gear: 1,  error_heading: -0.0291[0m
[0m[ INFO] [1789878762.401801428]: 0 points is not droped, 5.3615, 6.4034, 2.3562, 1, 5.4862, 6.2726, 2.3271[0m
[2026-09-20 12:32:42] 控制路径段: 起点索引=25, 提取点数=2
[2026-09-20 12:32:42] 避障检测路径段: 起点索引=25, 提取点数=9
[2026-09-20 12:32:42] 当前避障路径段长度为：9
避障轨迹最近点索引为：25
[0m[ INFO] [1789878762.501721224]: local_x: 0.1679, local_y: 0.0014, gear: 1,  error_heading: -0.0281[0m
[0m[ INFO] [1789878762.501785993]: 0 points is not droped, 5.3615, 6.4034, 2.3562, 1, 5.4778, 6.2823, 2.3281[0m
[2026-09-20 12:32:42] 控制路径段: 起点索引=25, 提取点数=2
[2026-09-20 12:32:42] 避障检测路径段: 起点索引=25, 提取点数=9
[2026-09-20 12:32:42] 当前避障路径段长度为：9
避障轨迹最近点索引为：25
[0m[ INFO] [1789878762.602052545]: local_x: 0.1327, local_y: -0.0012, gear: 1,  error_heading: -0.0231[0m
[0m[ INFO] [1789878762.602118657]: 0 points is not droped, 5.3615, 6.4034, 2.3562, 1, 5.4522, 6.3066, 2.3331[0m
[2026-09-20 12:32:42] 控制路径段: 起点索引=25, 提取点数=2
[2026-09-20 12:32:42] 避障检测路径段: 起点索引=25, 提取点数=9
[2026-09-20 12:32:42] 当前避障路径段长度为：9
避障轨迹最近点索引为：25
[0m[ INFO] [1789878762.701849747]: local_x: 0.1205, local_y: -0.0015, gear: 1,  error_heading: -0.0228[0m
[0m[ INFO] [1789878762.701922740]: 0 points is not droped, 5.3615, 6.4034, 2.3562, 1, 5.4436, 6.3153, 2.3334[0m
[2026-09-20 12:32:42] 控制路径段: 起点索引=25, 提取点数=2
[2026-09-20 12:32:42] 避障检测路径段: 起点索引=25, 提取点数=9
[2026-09-20 12:32:42] 当前避障路径段长度为：9
避障轨迹最近点索引为：25
[0m[ INFO] [1789878762.801889545]: local_x: 0.0889, local_y: -0.0011, gear: 1,  error_heading: -0.0176[0m
[0m[ INFO] [1789878762.801960298]: gear=1 points is droped, 5.3615, 6.4034[0m
[2026-09-20 12:32:42] 新的最近点索引: 26
[2026-09-20 12:32:42] 控制路径段: 起点索引=26, 提取点数=1
[2026-09-20 12:32:42] 避障检测路径段: 起点索引=26, 提取点数=8
[2026-09-20 12:32:42] 当前避障路径段长度为：8
避障轨迹最近点索引为：26
[0m[ INFO] [1789878762.901753661]: local_x: 0.2728, local_y: 0.0029, gear: 2,  error_heading: -0.8005[0m
[2026-09-20 12:32:42] 还未完成转向!
[0m[ INFO] [1789878762.948529334]: 0 points is not droped, 5.2115, 6.5534, -3.1416, 2, 5.4035, 6.3596, 2.3411[0m
[2026-09-20 12:32:42] 控制路径段: 起点索引=26, 提取点数=1
[2026-09-20 12:32:42] 避障检测路径段: 起点索引=26, 提取点数=8
[2026-09-20 12:32:42] 当前避障路径段长度为：8
避障轨迹最近点索引为：26
[0m[ INFO] [1789878763.004856177]: local_x: 0.2469, local_y: 0.0033, gear: 2,  error_heading: -0.7975[0m
[2026-09-20 12:32:43] 还未完成转向!
[0m[ INFO] [1789878763.048303817]: 0 points is not droped, 5.2115, 6.5534, -3.1416, 2, 5.3863, 6.3790, 2.3441[0m
[2026-09-20 12:32:43] 控制路径段: 起点索引=26, 提取点数=1
[2026-09-20 12:32:43] 避障检测路径段: 起点索引=26, 提取点数=8
[2026-09-20 12:32:43] 当前避障路径段长度为：8
避障轨迹最近点索引为：26
[0m[ INFO] [1789878763.101706758]: local_x: 0.2341, local_y: 0.0025, gear: 2,  error_heading: -0.7973[0m
[2026-09-20 12:32:43] 还未完成转向!
[0m[ INFO] [1789878763.148158717]: 0 points is not droped, 5.2115, 6.5534, -3.1416, 2, 5.3768, 6.3876, 2.3443[0m
[2026-09-20 12:32:43] 控制路径段: 起点索引=26, 提取点数=1
[2026-09-20 12:32:43] 避障检测路径段: 起点索引=26, 提取点数=8
[2026-09-20 12:32:43] 当前避障路径段长度为：8
避障轨迹最近点索引为：26
[0m[ INFO] [1789878763.203389388]: local_x: 0.2115, local_y: 0.0089, gear: 2,  error_heading: -0.7960[0m
[2026-09-20 12:32:43] 还未完成转向!
[0m[ INFO] [1789878763.248124625]: 0 points is not droped, 5.2115, 6.5534, -3.1416, 2, 5.3658, 6.4085, 2.3456[0m
[2026-09-20 12:32:43] 控制路径段: 起点索引=26, 提取点数=1
[2026-09-20 12:32:43] 避障检测路径段: 起点索引=26, 提取点数=8
[2026-09-20 12:32:43] 当前避障路径段长度为：8
避障轨迹最近点索引为：26
[0m[ INFO] [1789878763.301687568]: local_x: 0.2037, local_y: 0.0090, gear: 2,  error_heading: -0.7971[0m
[2026-09-20 12:32:43] 还未完成转向!
[0m[ INFO] [1789878763.348192199]: 0 points is not droped, 5.2115, 6.5534, -3.1416, 2, 5.3603, 6.4139, 2.3444[0m
[2026-09-20 12:32:43] 控制路径段: 起点索引=26, 提取点数=1
[2026-09-20 12:32:43] 避障检测路径段: 起点索引=26, 提取点数=8
[2026-09-20 12:32:43] 当前避障路径段长度为：8
避障轨迹最近点索引为：26
[0m[ INFO] [1789878763.401730629]: local_x: 0.1873, local_y: 0.0113, gear: 2,  error_heading: -0.7991[0m
[2026-09-20 12:32:43] 还未完成转向!
[0m[ INFO] [1789878763.448296413]: 0 points is not droped, 5.2115, 6.5534, -3.1416, 2, 5.3502, 6.4270, 2.3425[0m
[2026-09-20 12:32:43] 控制路径段: 起点索引=26, 提取点数=1
[2026-09-20 12:32:43] 避障检测路径段: 起点索引=26, 提取点数=8
[2026-09-20 12:32:43] 当前避障路径段长度为：8
避障轨迹最近点索引为：26
[0m[ INFO] [1789878763.501761435]: local_x: 0.1733, local_y: 0.0104, gear: 2,  error_heading: -0.7935[0m
[2026-09-20 12:32:43] 还未完成转向!
[0m[ INFO] [1789878763.548186513]: 0 points is not droped, 5.2115, 6.5534, -3.1416, 2, 5.3404, 6.4372, 2.3481[0m
[2026-09-20 12:32:43] 控制路径段: 起点索引=26, 提取点数=1
[2026-09-20 12:32:43] 避障检测路径段: 起点索引=26, 提取点数=8
[2026-09-20 12:32:43] 当前避障路径段长度为：8
避障轨迹最近点索引为：26
[0m[ INFO] [1789878763.601748656]: local_x: 0.1586, local_y: 0.0163, gear: 2,  error_heading: -0.7858[0m
[2026-09-20 12:32:43] 还未完成转向!
[0m[ INFO] [1789878763.648214246]: 0 points is not droped, 5.2115, 6.5534, -3.1416, 2, 5.3351, 6.4527, 2.3558[0m
[2026-09-20 12:32:43] 控制路径段: 起点索引=26, 提取点数=1
[2026-09-20 12:32:43] 避障检测路径段: 起点索引=26, 提取点数=8
[2026-09-20 12:32:43] 当前避障路径段长度为：8
避障轨迹最近点索引为：26
[0m[ INFO] [1789878763.703105298]: local_x: 0.1518, local_y: 0.0198, gear: 2,  error_heading: -0.7852[0m
[2026-09-20 12:32:43] 还未完成转向!
[0m[ INFO] [1789878763.748474462]: 0 points is not droped, 5.2115, 6.5534, -3.1416, 2, 5.3329, 6.4601, 2.3564[0m
[2026-09-20 12:32:43] 控制路径段: 起点索引=26, 提取点数=1
[2026-09-20 12:32:43] 避障检测路径段: 起点索引=26, 提取点数=8
[2026-09-20 12:32:43] 当前避障路径段长度为：8
避障轨迹最近点索引为：26
[0m[ INFO] [1789878763.801751194]: local_x: 0.1392, local_y: 0.0209, gear: 2,  error_heading: -0.7815[0m
[2026-09-20 12:32:43] 还未完成转向!
[0m[ INFO] [1789878763.848306227]: 0 points is not droped, 5.2115, 6.5534, -3.1416, 2, 5.3250, 6.4701, 2.3600[0m
[2026-09-20 12:32:43] 控制路径段: 起点索引=26, 提取点数=1
[2026-09-20 12:32:43] 避障检测路径段: 起点索引=26, 提取点数=8
[2026-09-20 12:32:43] 当前避障路径段长度为：8
避障轨迹最近点索引为：26
[0m[ INFO] [1789878763.901729329]: local_x: 0.1345, local_y: 0.0202, gear: 2,  error_heading: -0.7773[0m
[2026-09-20 12:32:43] 还未完成转向!
[0m[ INFO] [1789878763.948123111]: 0 points is not droped, 5.2115, 6.5534, -3.1416, 2, 5.3215, 6.4735, 2.3643[0m
[2026-09-20 12:32:43] 控制路径段: 起点索引=26, 提取点数=1
[2026-09-20 12:32:43] 避障检测路径段: 起点索引=26, 提取点数=8
[2026-09-20 12:32:43] 当前避障路径段长度为：8
避障轨迹最近点索引为：26
[0m[ INFO] [1789878764.001801736]: local_x: 0.1194, local_y: 0.0213, gear: 2,  error_heading: -0.7717[0m
[2026-09-20 12:32:44] 还未完成转向!
[0m[ INFO] [1789878764.048182623]: 0 points is not droped, 5.2115, 6.5534, -3.1416, 2, 5.3118, 6.4854, 2.3699[0m
[2026-09-20 12:32:44] 控制路径段: 起点索引=26, 提取点数=1
[2026-09-20 12:32:44] 避障检测路径段: 起点索引=26, 提取点数=8
[2026-09-20 12:32:44] 当前避障路径段长度为：8
避障轨迹最近点索引为：26
[0m[ INFO] [1789878764.102184259]: local_x: 0.1091, local_y: 0.0215, gear: 2,  error_heading: -0.7697[0m
[2026-09-20 12:32:44] 还未完成转向!
[0m[ INFO] [1789878764.148193686]: 0 points is not droped, 5.2115, 6.5534, -3.1416, 2, 5.3048, 6.4929, 2.3719[0m
[2026-09-20 12:32:44] 控制路径段: 起点索引=26, 提取点数=1
[2026-09-20 12:32:44] 避障检测路径段: 起点索引=26, 提取点数=8
[2026-09-20 12:32:44] 当前避障路径段长度为：8
避障轨迹最近点索引为：26
[0m[ INFO] [1789878764.201702549]: local_x: 0.1017, local_y: 0.0222, gear: 2,  error_heading: -0.7670[0m
[2026-09-20 12:32:44] 还未完成转向!
[0m[ INFO] [1789878764.248136364]: 0 points is not droped, 5.2115, 6.5534, -3.1416, 2, 5.3001, 6.4988, 2.3746[0m
[2026-09-20 12:32:44] 控制路径段: 起点索引=26, 提取点数=1
[2026-09-20 12:32:44] 避障检测路径段: 起点索引=26, 提取点数=8
[2026-09-20 12:32:44] 当前避障路径段长度为：8
避障轨迹最近点索引为：26
[0m[ INFO] [1789878764.301742988]: local_x: 0.0864, local_y: 0.0218, gear: 2,  error_heading: -0.7575[0m
[2026-09-20 12:32:44] 还未完成转向!
[0m[ INFO] [1789878764.348125411]: 0 points is not droped, 5.2115, 6.5534, -3.1416, 2, 5.2892, 6.5099, 2.3841[0m
[2026-09-20 12:32:44] 控制路径段: 起点索引=26, 提取点数=1
[2026-09-20 12:32:44] 避障检测路径段: 起点索引=26, 提取点数=8
[2026-09-20 12:32:44] 当前避障路径段长度为：8
避障轨迹最近点索引为：26
[0m[ INFO] [1789878764.401710722]: local_x: 0.0775, local_y: 0.0232, gear: 2,  error_heading: -0.7499[0m
[2026-09-20 12:32:44] 还未完成转向!
[0m[ INFO] [1789878764.448114969]: 0 points is not droped, 5.2115, 6.5534, -3.1416, 2, 5.2839, 6.5176, 2.3917[0m
[2026-09-20 12:32:44] 控制路径段: 起点索引=26, 提取点数=1
[2026-09-20 12:32:44] 避障检测路径段: 起点索引=26, 提取点数=8
[2026-09-20 12:32:44] 当前避障路径段长度为：8
避障轨迹最近点索引为：26
[0m[ INFO] [1789878764.501719257]: local_x: 0.0562, local_y: 0.0244, gear: 2,  error_heading: -0.7277[0m
[2026-09-20 12:32:44] 还未完成转向!
[0m[ INFO] [1789878764.548201105]: 0 points is not droped, 5.2115, 6.5534, -3.1416, 2, 5.2696, 6.5343, 2.4139[0m
[2026-09-20 12:32:44] 控制路径段: 起点索引=26, 提取点数=1
[2026-09-20 12:32:44] 避障检测路径段: 起点索引=26, 提取点数=8
[2026-09-20 12:32:44] 当前避障路径段长度为：8
避障轨迹最近点索引为：26
[0m[ INFO] [1789878764.601686704]: local_x: 0.0489, local_y: 0.0254, gear: 2,  error_heading: -0.7148[0m
[2026-09-20 12:32:44] 还未完成转向!
[0m[ INFO] [1789878764.648179271]: 0 points is not droped, 5.2115, 6.5534, -3.1416, 2, 5.2650, 6.5405, 2.4268[0m
[2026-09-20 12:32:44] 控制路径段: 起点索引=26, 提取点数=1
[2026-09-20 12:32:44] 避障检测路径段: 起点索引=26, 提取点数=8
[2026-09-20 12:32:44] 当前避障路径段长度为：8
避障轨迹最近点索引为：26
[0m[ INFO] [1789878764.702126347]: local_x: 0.0346, local_y: 0.0264, gear: 2,  error_heading: -0.6823[0m
[2026-09-20 12:32:44] 还未完成转向!
[0m[ INFO] [1789878764.748566690]: 0 points is not droped, 5.2115, 6.5534, -3.1416, 2, 5.2550, 6.5521, 2.4593[0m
[2026-09-20 12:32:44] 控制路径段: 起点索引=26, 提取点数=1
[2026-09-20 12:32:44] 避障检测路径段: 起点索引=26, 提取点数=8
[2026-09-20 12:32:44] 当前避障路径段长度为：8
避障轨迹最近点索引为：26
[0m[ INFO] [1789878764.801713373]: local_x: 0.0331, local_y: 0.0235, gear: 2,  error_heading: -0.6613[0m
[2026-09-20 12:32:44] 还未完成转向!
[0m[ INFO] [1789878764.848207957]: 0 points is not droped, 5.2115, 6.5534, -3.1416, 2, 5.2520, 6.5516, 2.4803[0m
[2026-09-20 12:32:44] 控制路径段: 起点索引=26, 提取点数=1
[2026-09-20 12:32:44] 避障检测路径段: 起点索引=26, 提取点数=8
[2026-09-20 12:32:44] 当前避障路径段长度为：8
避障轨迹最近点索引为：26
[0m[ INFO] [1789878764.901711092]: local_x: 0.0351, local_y: 0.0253, gear: 2,  error_heading: -0.6093[0m
[2026-09-20 12:32:44] 还未完成转向!
[0m[ INFO] [1789878764.948190988]: 0 points is not droped, 5.2115, 6.5534, -3.1416, 2, 5.2548, 6.5541, 2.5323[0m
[2026-09-20 12:32:44] 控制路径段: 起点索引=26, 提取点数=1
[2026-09-20 12:32:44] 避障检测路径段: 起点索引=26, 提取点数=8
[2026-09-20 12:32:44] 当前避障路径段长度为：8
避障轨迹最近点索引为：26
[0m[ INFO] [1789878765.001766987]: local_x: 0.0338, local_y: 0.0222, gear: 2,  error_heading: -0.5648[0m
[2026-09-20 12:32:45] 还未完成转向!
[0m[ INFO] [1789878765.048192642]: 0 points is not droped, 5.2115, 6.5534, -3.1416, 2, 5.2520, 6.5541, 2.5768[0m
[2026-09-20 12:32:45] 控制路径段: 起点索引=26, 提取点数=1
[2026-09-20 12:32:45] 避障检测路径段: 起点索引=26, 提取点数=8
[2026-09-20 12:32:45] 当前避障路径段长度为：8
避障轨迹最近点索引为：26
[0m[ INFO] [1789878765.101690241]: local_x: 0.0345, local_y: 0.0190, gear: 2,  error_heading: -0.5132[0m
[2026-09-20 12:32:45] 还未完成转向!
[0m[ INFO] [1789878765.148169241]: 0 points is not droped, 5.2115, 6.5534, -3.1416, 2, 5.2508, 6.5530, 2.6284[0m
[2026-09-20 12:32:45] 控制路径段: 起点索引=26, 提取点数=1
[2026-09-20 12:32:45] 避障检测路径段: 起点索引=26, 提取点数=8
[2026-09-20 12:32:45] 当前避障路径段长度为：8
避障轨迹最近点索引为：26
[0m[ INFO] [1789878765.201710968]: local_x: 0.0334, local_y: 0.0190, gear: 2,  error_heading: -0.4921[0m
[2026-09-20 12:32:45] 还未完成转向!
[0m[ INFO] [1789878765.248151120]: 0 points is not droped, 5.2115, 6.5534, -3.1416, 2, 5.2499, 6.5544, 2.6495[0m
[2026-09-20 12:32:45] 控制路径段: 起点索引=26, 提取点数=1
[2026-09-20 12:32:45] 避障检测路径段: 起点索引=26, 提取点数=8
[2026-09-20 12:32:45] 当前避障路径段长度为：8
避障轨迹最近点索引为：26
[0m[ INFO] [1789878765.301744495]: local_x: 0.0328, local_y: 0.0196, gear: 2,  error_heading: -0.4717[0m
[2026-09-20 12:32:45] 还未完成转向!
[0m[ INFO] [1789878765.348152742]: 0 points is not droped, 5.2115, 6.5534, -3.1416, 2, 5.2496, 6.5559, 2.6699[0m
[2026-09-20 12:32:45] 控制路径段: 起点索引=26, 提取点数=1
[2026-09-20 12:32:45] 避障检测路径段: 起点索引=26, 提取点数=8
[2026-09-20 12:32:45] 当前避障路径段长度为：8
避障轨迹最近点索引为：26
[0m[ INFO] [1789878765.401741350]: local_x: 0.0293, local_y: 0.0146, gear: 2,  error_heading: -0.4144[0m
[2026-09-20 12:32:45] 还未完成转向!
[0m[ INFO] [1789878765.448260446]: 0 points is not droped, 5.2115, 6.5534, -3.1416, 2, 5.2442, 6.5550, 2.7272[0m
[2026-09-20 12:32:45] 控制路径段: 起点索引=26, 提取点数=1
[2026-09-20 12:32:45] 避障检测路径段: 起点索引=26, 提取点数=8
[2026-09-20 12:32:45] 当前避障路径段长度为：8
避障轨迹最近点索引为：26
[0m[ INFO] [1789878765.501767421]: local_x: 0.0297, local_y: 0.0110, gear: 2,  error_heading: -0.3543[0m
[2026-09-20 12:32:45] 还未完成转向!
[0m[ INFO] [1789878765.548171668]: 0 points is not droped, 5.2115, 6.5534, -3.1416, 2, 5.2431, 6.5534, 2.7873[0m
[2026-09-20 12:32:45] 控制路径段: 起点索引=26, 提取点数=1
[2026-09-20 12:32:45] 避障检测路径段: 起点索引=26, 提取点数=8
[2026-09-20 12:32:45] 当前避障路径段长度为：8
避障轨迹最近点索引为：26
[0m[ INFO] [1789878765.601758740]: local_x: 0.0290, local_y: 0.0115, gear: 2,  error_heading: -0.3347[0m
[2026-09-20 12:32:45] 还未完成转向!
[0m[ INFO] [1789878765.648201515]: 0 points is not droped, 5.2115, 6.5534, -3.1416, 2, 5.2427, 6.5547, 2.8069[0m
[2026-09-20 12:32:45] 控制路径段: 起点索引=26, 提取点数=1
[2026-09-20 12:32:45] 避障检测路径段: 起点索引=26, 提取点数=8
[2026-09-20 12:32:45] 当前避障路径段长度为：8
避障轨迹最近点索引为：26
[0m[ INFO] [1789878765.701701354]: local_x: 0.0276, local_y: 0.0120, gear: 2,  error_heading: -0.2901[0m
[2026-09-20 12:32:45] 还未完成转向!
[0m[ INFO] [1789878765.748306883]: 0 points is not droped, 5.2115, 6.5534, -3.1416, 2, 5.2414, 6.5570, 2.8515[0m
[2026-09-20 12:32:45] 控制路径段: 起点索引=26, 提取点数=1
[2026-09-20 12:32:45] 避障检测路径段: 起点索引=26, 提取点数=8
[2026-09-20 12:32:45] 当前避障路径段长度为：8
避障轨迹最近点索引为：26
[0m[ INFO] [1789878765.801750625]: local_x: 0.0304, local_y: 0.0076, gear: 2,  error_heading: -0.2489[0m
[2026-09-20 12:32:45] 还未完成转向!
[0m[ INFO] [1789878765.848161848]: 0 points is not droped, 5.2115, 6.5534, -3.1416, 2, 5.2428, 6.5532, 2.8926[0m
[2026-09-20 12:32:45] 控制路径段: 起点索引=26, 提取点数=1
[2026-09-20 12:32:45] 避障检测路径段: 起点索引=26, 提取点数=8
[2026-09-20 12:32:45] 当前避障路径段长度为：8
避障轨迹最近点索引为：26
[0m[ INFO] [1789878765.901752984]: local_x: 0.0328, local_y: 0.0041, gear: 2,  error_heading: -0.1890[0m
[2026-09-20 12:32:45] 还未完成转向!
[0m[ INFO] [1789878765.948175151]: 0 points is not droped, 5.2115, 6.5534, -3.1416, 2, 5.2444, 6.5513, 2.9526[0m
[2026-09-20 12:32:45] 控制路径段: 起点索引=26, 提取点数=1
[2026-09-20 12:32:45] 避障检测路径段: 起点索引=26, 提取点数=8
[2026-09-20 12:32:45] 当前避障路径段长度为：8
避障轨迹最近点索引为：26
[0m[ INFO] [1789878766.001706542]: local_x: 0.0324, local_y: 0.0043, gear: 2,  error_heading: -0.1717[0m
[2026-09-20 12:32:46] 还未完成转向!
[0m[ INFO] [1789878766.048145190]: 0 points is not droped, 5.2115, 6.5534, -3.1416, 2, 5.2441, 6.5521, 2.9699[0m
[2026-09-20 12:32:46] 控制路径段: 起点索引=26, 提取点数=1
[2026-09-20 12:32:46] 避障检测路径段: 起点索引=26, 提取点数=8
[2026-09-20 12:32:46] 当前避障路径段长度为：8
避障轨迹最近点索引为：26
[0m[ INFO] [1789878766.101789062]: local_x: 0.0321, local_y: 0.0058, gear: 2,  error_heading: -0.1440[0m
[2026-09-20 12:32:46] 还未完成转向!
[0m[ INFO] [1789878766.148203453]: 0 points is not droped, 5.2115, 6.5534, -3.1416, 2, 5.2440, 6.5546, 2.9976[0m
[2026-09-20 12:32:46] 控制路径段: 起点索引=26, 提取点数=1
[2026-09-20 12:32:46] 避障检测路径段: 起点索引=26, 提取点数=8
[2026-09-20 12:32:46] 当前避障路径段长度为：8
避障轨迹最近点索引为：26
[0m[ INFO] [1789878766.201833533]: local_x: 0.0352, local_y: 0.0034, gear: 2,  error_heading: -0.1164[0m
[2026-09-20 12:32:46] 还未完成转向!
[0m[ INFO] [1789878766.248104691]: 0 points is not droped, 5.2115, 6.5534, -3.1416, 2, 5.2469, 6.5526, 3.0252[0m
[2026-09-20 12:32:46] 控制路径段: 起点索引=26, 提取点数=1
[2026-09-20 12:32:46] 避障检测路径段: 起点索引=26, 提取点数=8
[2026-09-20 12:32:46] 当前避障路径段长度为：8
避障轨迹最近点索引为：26
[0m[ INFO] [1789878766.301722579]: local_x: 0.0351, local_y: 0.0037, gear: 2,  error_heading: -0.1020[0m
[2026-09-20 12:32:46] 还未完成转向!
[0m[ INFO] [1789878766.348148074]: 0 points is not droped, 5.2115, 6.5534, -3.1416, 2, 5.2468, 6.5535, 3.0396[0m
[2026-09-20 12:32:46] 控制路径段: 起点索引=26, 提取点数=1
[2026-09-20 12:32:46] 避障检测路径段: 起点索引=26, 提取点数=8
[2026-09-20 12:32:46] 当前避障路径段长度为：8
避障轨迹最近点索引为：26
[33m[ WARN] [1789878766.448377347]: First gear=2 point is dropped[0m
[0m[ INFO] [1789878766.401661193]: local_x: 0.0379, local_y: 0.0034, gear: 2,  error_heading: -0.0561[0m
[0m[ INFO] [1789878766.448272642]: gear=2 points is droped, 5.2115, 6.5534[0m
[2026-09-20 12:32:46] 转向完成!
[2026-09-20 12:32:46] 新的最近点索引: 27
[2026-09-20 12:32:46] 控制路径段: 起点索引=27, 提取点数=7
[2026-09-20 12:32:46] 避障检测路径段: 起点索引=27, 提取点数=7
[2026-09-20 12:32:46] 当前避障路径段长度为：7
避障轨迹最近点索引为：27
[0m[ INFO] [1789878766.501968291]: local_x: 0.1883, local_y: 0.0089, gear: 1,  error_heading: -0.0291[0m
[0m[ INFO] [1789878766.502088548]: 0 points is not droped, 5.0615, 6.5534, -3.1416, 1, 5.2500, 6.5568, 3.1125[0m
[2026-09-20 12:32:46] 控制路径段: 起点索引=27, 提取点数=7
[2026-09-20 12:32:46] 避障检测路径段: 起点索引=27, 提取点数=7
[2026-09-20 12:32:46] 当前避障路径段长度为：7
避障轨迹最近点索引为：27
[0m[ INFO] [1789878766.601784216]: local_x: 0.1900, local_y: 0.0021, gear: 1,  error_heading: -0.0037[0m
[0m[ INFO] [1789878766.601868953]: 0 points is not droped, 5.0615, 6.5534, -3.1416, 1, 5.2515, 6.5548, 3.1379[0m
[2026-09-20 12:32:46] 控制路径段: 起点索引=27, 提取点数=7
[2026-09-20 12:32:46] 避障检测路径段: 起点索引=27, 提取点数=7
[2026-09-20 12:32:46] 当前避障路径段长度为：7
避障轨迹最近点索引为：27
[0m[ INFO] [1789878766.702073361]: local_x: 0.1915, local_y: -0.0087, gear: 1,  error_heading: 0.0017[0m
[0m[ INFO] [1789878766.702200755]: 0 points is not droped, 5.0615, 6.5534, -3.1416, 1, 5.2530, 6.5450, -3.1399[0m
[2026-09-20 12:32:46] 控制路径段: 起点索引=27, 提取点数=7
[2026-09-20 12:32:46] 避障检测路径段: 起点索引=27, 提取点数=7
[2026-09-20 12:32:46] 当前避障路径段长度为：7
避障轨迹最近点索引为：27
[0m[ INFO] [1789878766.801930855]: local_x: 0.1900, local_y: -0.0053, gear: 1,  error_heading: -0.0039[0m
[0m[ INFO] [1789878766.802067656]: 0 points is not droped, 5.0615, 6.5534, -3.1416, 1, 5.2515, 6.5474, 3.1377[0m
[2026-09-20 12:32:46] 控制路径段: 起点索引=27, 提取点数=7
[2026-09-20 12:32:46] 避障检测路径段: 起点索引=27, 提取点数=7
[2026-09-20 12:32:46] 当前避障路径段长度为：7
避障轨迹最近点索引为：27
[0m[ INFO] [1789878766.901698459]: local_x: 0.1833, local_y: -0.0049, gear: 1,  error_heading: -0.0065[0m
[0m[ INFO] [1789878766.901768892]: 0 points is not droped, 5.0615, 6.5534, -3.1416, 1, 5.2447, 6.5473, 3.1351[0m
[2026-09-20 12:32:46] 控制路径段: 起点索引=27, 提取点数=7
[2026-09-20 12:32:46] 避障检测路径段: 起点索引=27, 提取点数=7
[2026-09-20 12:32:46] 当前避障路径段长度为：7
避障轨迹最近点索引为：27
[0m[ INFO] [1789878767.001778419]: local_x: 0.1592, local_y: -0.0071, gear: 1,  error_heading: -0.0006[0m
[0m[ INFO] [1789878767.001860371]: 0 points is not droped, 5.0615, 6.5534, -3.1416, 1, 5.2207, 6.5462, 3.1410[0m
[2026-09-20 12:32:47] 控制路径段: 起点索引=27, 提取点数=7
[2026-09-20 12:32:47] 避障检测路径段: 起点索引=27, 提取点数=7
[2026-09-20 12:32:47] 当前避障路径段长度为：7
避障轨迹最近点索引为：27
[0m[ INFO] [1789878767.101681448]: local_x: 0.1266, local_y: -0.0094, gear: 1,  error_heading: 0.0107[0m
[0m[ INFO] [1789878767.101735721]: 0 points is not droped, 5.0615, 6.5534, -3.1416, 1, 5.1882, 6.5453, -3.1309[0m
[2026-09-20 12:32:47] 控制路径段: 起点索引=27, 提取点数=7
[2026-09-20 12:32:47] 避障检测路径段: 起点索引=27, 提取点数=7
[2026-09-20 12:32:47] 当前避障路径段长度为：7
避障轨迹最近点索引为：27
[0m[ INFO] [1789878767.201756448]: local_x: 0.1158, local_y: -0.0099, gear: 1,  error_heading: 0.0122[0m
[0m[ INFO] [1789878767.201840097]: 0 points is not droped, 5.0615, 6.5534, -3.1416, 1, 5.1774, 6.5449, -3.1294[0m
[2026-09-20 12:32:47] 控制路径段: 起点索引=27, 提取点数=7
[2026-09-20 12:32:47] 避障检测路径段: 起点索引=27, 提取点数=7
[2026-09-20 12:32:47] 当前避障路径段长度为：7
避障轨迹最近点索引为：27
[0m[ INFO] [1789878767.301771031]: local_x: 0.0856, local_y: -0.0016, gear: 1,  error_heading: 0.0224[0m
[0m[ INFO] [1789878767.301832983]: gear=1 points is droped, 5.0615, 6.5534[0m
[2026-09-20 12:32:47] 新的最近点索引: 28
[2026-09-20 12:32:47] 控制路径段: 起点索引=28, 提取点数=6
[2026-09-20 12:32:47] 避障检测路径段: 起点索引=28, 提取点数=6
[2026-09-20 12:32:47] 当前避障路径段长度为：6
避障轨迹最近点索引为：28
[0m[ INFO] [1789878767.401742413]: local_x: 0.2235, local_y: -0.0240, gear: 1,  error_heading: 0.0294[0m
[0m[ INFO] [1789878767.401811630]: 0 points is not droped, 4.9115, 6.5534, -3.1416, 1, 5.1355, 6.5360, -3.1122[0m
[2026-09-20 12:32:47] 控制路径段: 起点索引=28, 提取点数=6
[2026-09-20 12:32:47] 避障检测路径段: 起点索引=28, 提取点数=6
[2026-09-20 12:32:47] 当前避障路径段长度为：6
避障轨迹最近点索引为：28
[0m[ INFO] [1789878767.501785188]: local_x: 0.2032, local_y: -0.0246, gear: 1,  error_heading: 0.0331[0m
[0m[ INFO] [1789878767.501866181]: 0 points is not droped, 4.9115, 6.5534, -3.1416, 1, 5.1154, 6.5355, -3.1085[0m
[2026-09-20 12:32:47] 控制路径段: 起点索引=28, 提取点数=6
[2026-09-20 12:32:47] 避障检测路径段: 起点索引=28, 提取点数=6
[2026-09-20 12:32:47] 当前避障路径段长度为：6
避障轨迹最近点索引为：28
[0m[ INFO] [1789878767.601766459]: local_x: 0.1784, local_y: -0.0229, gear: 1,  error_heading: 0.0366[0m
[0m[ INFO] [1789878767.601834908]: 0 points is not droped, 4.9115, 6.5534, -3.1416, 1, 5.0906, 6.5370, -3.1050[0m
[2026-09-20 12:32:47] 控制路径段: 起点索引=28, 提取点数=6
[2026-09-20 12:32:47] 避障检测路径段: 起点索引=28, 提取点数=6
[2026-09-20 12:32:47] 当前避障路径段长度为：6
避障轨迹最近点索引为：28
[0m[ INFO] [1789878767.701765874]: local_x: 0.1427, local_y: -0.0211, gear: 1,  error_heading: 0.0406[0m
[0m[ INFO] [1789878767.701843571]: 0 points is not droped, 4.9115, 6.5534, -3.1416, 1, 5.0549, 6.5381, -3.1010[0m
[2026-09-20 12:32:47] 控制路径段: 起点索引=28, 提取点数=6
[2026-09-20 12:32:47] 避障检测路径段: 起点索引=28, 提取点数=6
[2026-09-20 12:32:47] 当前避障路径段长度为：6
避障轨迹最近点索引为：28
[0m[ INFO] [1789878767.801733895]: local_x: 0.1320, local_y: -0.0217, gear: 1,  error_heading: 0.0407[0m
[0m[ INFO] [1789878767.801813191]: 0 points is not droped, 4.9115, 6.5534, -3.1416, 1, 5.0442, 6.5371, -3.1009[0m
[2026-09-20 12:32:47] 控制路径段: 起点索引=28, 提取点数=6
[2026-09-20 12:32:47] 避障检测路径段: 起点索引=28, 提取点数=6
[2026-09-20 12:32:47] 当前避障路径段长度为：6
避障轨迹最近点索引为：28
[0m[ INFO] [1789878767.901821606]: local_x: 0.1109, local_y: -0.0228, gear: 1,  error_heading: 0.0424[0m
[0m[ INFO] [1789878767.901892775]: 0 points is not droped, 4.9115, 6.5534, -3.1416, 1, 5.0232, 6.5353, -3.0992[0m
[2026-09-20 12:32:47] 控制路径段: 起点索引=28, 提取点数=6
[2026-09-20 12:32:47] 避障检测路径段: 起点索引=28, 提取点数=6
[2026-09-20 12:32:47] 当前避障路径段长度为：6
避障轨迹最近点索引为：28
[0m[ INFO] [1789878768.001745860]: local_x: 0.0847, local_y: -0.0208, gear: 1,  error_heading: 0.0398[0m
[0m[ INFO] [1789878768.001821413]: gear=1 points is droped, 4.9115, 6.5534[0m
[2026-09-20 12:32:48] 新的最近点索引: 29
[2026-09-20 12:32:48] 控制路径段: 起点索引=29, 提取点数=5
[2026-09-20 12:32:48] 避障检测路径段: 起点索引=29, 提取点数=5
[2026-09-20 12:32:48] 当前避障路径段长度为：5
避障轨迹最近点索引为：29
[0m[ INFO] [1789878768.101765251]: local_x: 0.1950, local_y: -0.0220, gear: 1,  error_heading: 0.0299[0m
[0m[ INFO] [1789878768.101840900]: 0 points is not droped, 4.7615, 6.5534, -3.1416, 1, 4.9570, 6.5372, -3.1117[0m
[2026-09-20 12:32:48] 控制路径段: 起点索引=29, 提取点数=5
[2026-09-20 12:32:48] 避障检测路径段: 起点索引=29, 提取点数=5
[2026-09-20 12:32:48] 当前避障路径段长度为：5
避障轨迹最近点索引为：29
[0m[ INFO] [1789878768.201778690]: local_x: 0.1837, local_y: -0.0226, gear: 1,  error_heading: 0.0264[0m
[0m[ INFO] [1789878768.201848451]: 0 points is not droped, 4.7615, 6.5534, -3.1416, 1, 4.9457, 6.5356, -3.1152[0m
[2026-09-20 12:32:48] 控制路径段: 起点索引=29, 提取点数=5
[2026-09-20 12:32:48] 避障检测路径段: 起点索引=29, 提取点数=5
[2026-09-20 12:32:48] 当前避障路径段长度为：5
避障轨迹最近点索引为：29
[0m[ INFO] [1789878768.301760001]: local_x: 0.1724, local_y: -0.0232, gear: 1,  error_heading: 0.0230[0m
[0m[ INFO] [1789878768.301838657]: 0 points is not droped, 4.7615, 6.5534, -3.1416, 1, 4.9343, 6.5341, -3.1186[0m
[2026-09-20 12:32:48] 控制路径段: 起点索引=29, 提取点数=5
[2026-09-20 12:32:48] 避障检测路径段: 起点索引=29, 提取点数=5
[2026-09-20 12:32:48] 当前避障路径段长度为：5
避障轨迹最近点索引为：29
[0m[ INFO] [1789878768.401735007]: local_x: 0.1161, local_y: -0.0205, gear: 1,  error_heading: 0.0146[0m
[0m[ INFO] [1789878768.401809248]: 0 points is not droped, 4.7615, 6.5534, -3.1416, 1, 4.8779, 6.5346, -3.1270[0m
[2026-09-20 12:32:48] 控制路径段: 起点索引=29, 提取点数=5
[2026-09-20 12:32:48] 避障检测路径段: 起点索引=29, 提取点数=5
[2026-09-20 12:32:48] 当前避障路径段长度为：5
避障轨迹最近点索引为：29
[0m[ INFO] [1789878768.501988865]: local_x: 0.1039, local_y: -0.0206, gear: 1,  error_heading: 0.0124[0m
[0m[ INFO] [1789878768.502230819]: 0 points is not droped, 4.7615, 6.5534, -3.1416, 1, 4.8657, 6.5341, -3.1291[0m
[2026-09-20 12:32:48] 控制路径段: 起点索引=29, 提取点数=5
[2026-09-20 12:32:48] 避障检测路径段: 起点索引=29, 提取点数=5
[2026-09-20 12:32:48] 当前避障路径段长度为：5
避障轨迹最近点索引为：29
[0m[ INFO] [1789878768.601665084]: local_x: 0.0697, local_y: -0.0206, gear: 1,  error_heading: 0.0075[0m
[0m[ INFO] [1789878768.601728732]: gear=1 points is droped, 4.7615, 6.5534[0m
[2026-09-20 12:32:48] 新的最近点索引: 30
[2026-09-20 12:32:48] 控制路径段: 起点索引=30, 提取点数=4
[2026-09-20 12:32:48] 避障检测路径段: 起点索引=30, 提取点数=4
[2026-09-20 12:32:48] 当前避障路径段长度为：4
避障轨迹最近点索引为：30
[0m[ INFO] [1789878768.701723995]: local_x: 0.2078, local_y: -0.0218, gear: 1,  error_heading: 0.0062[0m
[0m[ INFO] [1789878768.701790556]: 0 points is not droped, 4.6115, 6.5534, -3.1416, 1, 4.8194, 6.5328, -3.1354[0m
[2026-09-20 12:32:48] 控制路径段: 起点索引=30, 提取点数=4
[2026-09-20 12:32:48] 避障检测路径段: 起点索引=30, 提取点数=4
[2026-09-20 12:32:48] 当前避障路径段长度为：4
避障轨迹最近点索引为：30
[0m[ INFO] [1789878768.802848359]: local_x: 0.1830, local_y: -0.0218, gear: 1,  error_heading: 0.0028[0m
[0m[ INFO] [1789878768.803410285]: 0 points is not droped, 4.6115, 6.5534, -3.1416, 1, 4.7945, 6.5321, -3.1388[0m
[2026-09-20 12:32:48] 控制路径段: 起点索引=30, 提取点数=4
[2026-09-20 12:32:48] 避障检测路径段: 起点索引=30, 提取点数=4
[2026-09-20 12:32:48] 当前避障路径段长度为：4
避障轨迹最近点索引为：30
[0m[ INFO] [1789878768.903110312]: local_x: 0.1588, local_y: -0.0219, gear: 1,  error_heading: -0.0001[0m
[0m[ INFO] [1789878768.903171945]: 0 points is not droped, 4.6115, 6.5534, -3.1416, 1, 4.7703, 6.5314, 3.1414[0m
[2026-09-20 12:32:48] 控制路径段: 起点索引=30, 提取点数=4
[2026-09-20 12:32:48] 避障检测路径段: 起点索引=30, 提取点数=4
[2026-09-20 12:32:48] 当前避障路径段长度为：4
避障轨迹最近点索引为：30
[0m[ INFO] [1789878769.001733112]: local_x: 0.1335, local_y: -0.0210, gear: 1,  error_heading: -0.0044[0m
[0m[ INFO] [1789878769.001795608]: 0 points is not droped, 4.6115, 6.5534, -3.1416, 1, 4.7449, 6.5318, 3.1372[0m
[2026-09-20 12:32:49] 控制路径段: 起点索引=30, 提取点数=4
[2026-09-20 12:32:49] 避障检测路径段: 起点索引=30, 提取点数=4
[2026-09-20 12:32:49] 当前避障路径段长度为：4
避障轨迹最近点索引为：30
[0m[ INFO] [1789878769.101860024]: local_x: 0.1100, local_y: -0.0220, gear: 1,  error_heading: -0.0089[0m
[0m[ INFO] [1789878769.102006873]: 0 points is not droped, 4.6115, 6.5534, -3.1416, 1, 4.7212, 6.5305, 3.1327[0m
[2026-09-20 12:32:49] 控制路径段: 起点索引=30, 提取点数=4
[2026-09-20 12:32:49] 避障检测路径段: 起点索引=30, 提取点数=4
[2026-09-20 12:32:49] 当前避障路径段长度为：4
避障轨迹最近点索引为：30
[0m[ INFO] [1789878769.201828342]: local_x: 0.0862, local_y: -0.0218, gear: 1,  error_heading: -0.0135[0m
[0m[ INFO] [1789878769.201898167]: gear=1 points is droped, 4.6115, 6.5534[0m
[2026-09-20 12:32:49] 新的最近点索引: 31
[2026-09-20 12:32:49] 控制路径段: 起点索引=31, 提取点数=3
[2026-09-20 12:32:49] 避障检测路径段: 起点索引=31, 提取点数=3
[2026-09-20 12:32:49] 当前避障路径段长度为：3
避障轨迹最近点索引为：31
[0m[ INFO] [1789878769.301771060]: local_x: 0.2241, local_y: -0.0208, gear: 1,  error_heading: -0.0157[0m
[0m[ INFO] [1789878769.301890582]: 0 points is not droped, 4.4615, 6.5534, -3.1416, 1, 4.6852, 6.5291, 3.1259[0m
[2026-09-20 12:32:49] 控制路径段: 起点索引=31, 提取点数=3
[2026-09-20 12:32:49] 避障检测路径段: 起点索引=31, 提取点数=3
[2026-09-20 12:32:49] 当前避障路径段长度为：3
避障轨迹最近点索引为：31
[0m[ INFO] [1789878769.401695837]: local_x: 0.1827, local_y: -0.0203, gear: 1,  error_heading: -0.0202[0m
[0m[ INFO] [1789878769.401754174]: 0 points is not droped, 4.4615, 6.5534, -3.1416, 1, 4.6437, 6.5294, 3.1213[0m
[2026-09-20 12:32:49] 控制路径段: 起点索引=31, 提取点数=3
[2026-09-20 12:32:49] 避障检测路径段: 起点索引=31, 提取点数=3
[2026-09-20 12:32:49] 当前避障路径段长度为：3
避障轨迹最近点索引为：31
[0m[ INFO] [1789878769.501756655]: local_x: 0.1567, local_y: -0.0200, gear: 1,  error_heading: -0.0239[0m
[0m[ INFO] [1789878769.501842768]: 0 points is not droped, 4.4615, 6.5534, -3.1416, 1, 4.6176, 6.5296, 3.1177[0m
[2026-09-20 12:32:49] 控制路径段: 起点索引=31, 提取点数=3
[2026-09-20 12:32:49] 避障检测路径段: 起点索引=31, 提取点数=3
[2026-09-20 12:32:49] 当前避障路径段长度为：3
避障轨迹最近点索引为：31
[0m[ INFO] [1789878769.601699904]: local_x: 0.1157, local_y: -0.0200, gear: 1,  error_heading: -0.0297[0m
[0m[ INFO] [1789878769.601763392]: 0 points is not droped, 4.4615, 6.5534, -3.1416, 1, 4.5766, 6.5300, 3.1119[0m
[2026-09-20 12:32:49] 控制路径段: 起点索引=31, 提取点数=3
[2026-09-20 12:32:49] 避障检测路径段: 起点索引=31, 提取点数=3
[2026-09-20 12:32:49] 当前避障路径段长度为：3
避障轨迹最近点索引为：31
[0m[ INFO] [1789878769.701725649]: local_x: 0.0947, local_y: -0.0181, gear: 1,  error_heading: -0.0341[0m
[0m[ INFO] [1789878769.701785426]: gear=1 points is droped, 4.4615, 6.5534[0m
[2026-09-20 12:32:49] 新的最近点索引: 32
[2026-09-20 12:32:49] 控制路径段: 起点索引=32, 提取点数=2
[2026-09-20 12:32:49] 避障检测路径段: 起点索引=32, 提取点数=2
[2026-09-20 12:32:49] 当前避障路径段长度为：2
避障轨迹最近点索引为：32
[0m[ INFO] [1789878769.801760771]: local_x: 0.2335, local_y: -0.0132, gear: 1,  error_heading: -0.0363[0m
[0m[ INFO] [1789878769.801838564]: 0 points is not droped, 4.3115, 6.5534, -3.1416, 1, 4.5443, 6.5317, 3.1053[0m
[2026-09-20 12:32:49] 控制路径段: 起点索引=32, 提取点数=2
[2026-09-20 12:32:49] 避障检测路径段: 起点索引=32, 提取点数=2
[2026-09-20 12:32:49] 当前避障路径段长度为：2
避障轨迹最近点索引为：32
[0m[ INFO] [1789878769.901776469]: local_x: 0.2015, local_y: -0.0099, gear: 1,  error_heading: -0.0413[0m
[0m[ INFO] [1789878769.901849909]: 0 points is not droped, 4.3115, 6.5534, -3.1416, 1, 4.5124, 6.5352, 3.1003[0m
[2026-09-20 12:32:49] 控制路径段: 起点索引=32, 提取点数=2
[2026-09-20 12:32:49] 避障检测路径段: 起点索引=32, 提取点数=2
[2026-09-20 12:32:49] 当前避障路径段长度为：2
避障轨迹最近点索引为：32
[0m[ INFO] [1789878770.001763526]: local_x: 0.1754, local_y: -0.0099, gear: 1,  error_heading: -0.0445[0m
[0m[ INFO] [1789878770.001836134]: 0 points is not droped, 4.3115, 6.5534, -3.1416, 1, 4.4862, 6.5357, 3.0970[0m
[2026-09-20 12:32:50] 控制路径段: 起点索引=32, 提取点数=2
[2026-09-20 12:32:50] 避障检测路径段: 起点索引=32, 提取点数=2
[2026-09-20 12:32:50] 当前避障路径段长度为：2
避障轨迹最近点索引为：32
[0m[ INFO] [1789878770.102066426]: local_x: 0.1511, local_y: -0.0071, gear: 1,  error_heading: -0.0471[0m
[0m[ INFO] [1789878770.102131419]: 0 points is not droped, 4.3115, 6.5534, -3.1416, 1, 4.4621, 6.5392, 3.0945[0m
[2026-09-20 12:32:50] 控制路径段: 起点索引=32, 提取点数=2
[2026-09-20 12:32:50] 避障检测路径段: 起点索引=32, 提取点数=2
[2026-09-20 12:32:50] 当前避障路径段长度为：2
避障轨迹最近点索引为：32
[0m[ INFO] [1789878770.201725704]: local_x: 0.1384, local_y: -0.0071, gear: 1,  error_heading: -0.0485[0m
[0m[ INFO] [1789878770.201790953]: 0 points is not droped, 4.3115, 6.5534, -3.1416, 1, 4.4494, 6.5396, 3.0931[0m
[2026-09-20 12:32:50] 控制路径段: 起点索引=32, 提取点数=2
[2026-09-20 12:32:50] 避障检测路径段: 起点索引=32, 提取点数=2
[2026-09-20 12:32:50] 当前避障路径段长度为：2
避障轨迹最近点索引为：32
[0m[ INFO] [1789878770.301756506]: local_x: 0.1254, local_y: -0.0069, gear: 1,  error_heading: -0.0501[0m
[0m[ INFO] [1789878770.303007462]: 0 points is not droped, 4.3115, 6.5534, -3.1416, 1, 4.4364, 6.5402, 3.0915[0m
[2026-09-20 12:32:50] 控制路径段: 起点索引=32, 提取点数=2
[2026-09-20 12:32:50] 避障检测路径段: 起点索引=32, 提取点数=2
[2026-09-20 12:32:50] 当前避障路径段长度为：2
避障轨迹最近点索引为：32
[0m[ INFO] [1789878770.401731915]: local_x: 0.0891, local_y: -0.0017, gear: 1,  error_heading: -0.0560[0m
[0m[ INFO] [1789878770.401793899]: gear=1 points is droped, 4.3115, 6.5534[0m
[2026-09-20 12:32:50] 新的最近点索引: 33
[2026-09-20 12:32:50] 控制路径段: 起点索引=33, 提取点数=1
[2026-09-20 12:32:50] 避障检测路径段: 起点索引=33, 提取点数=1
[2026-09-20 12:32:50] 当前避障路径段长度为：1
避障轨迹最近点索引为：33
[0m[ INFO] [1789878770.501684220]: local_x: 0.2144, local_y: 0.0071, gear: 1,  error_heading: -0.0586[0m
[0m[ INFO] [1789878770.501745372]: 0 points is not droped, 4.1615, 6.5534, -3.1416, 1, 4.3759, 6.5479, 3.0830[0m
[2026-09-20 12:32:50] 控制路径段: 起点索引=33, 提取点数=1
[2026-09-20 12:32:50] 避障检测路径段: 起点索引=33, 提取点数=1
[2026-09-20 12:32:50] 当前避障路径段长度为：1
[2026-09-20 12:32:50] 避障状态改变为割草状态，准备继续割草轨迹
[33m[ WARN] [1789878770.601715757]: the goal_point is : 4.189582, 6.479922[0m
[33m[ WARN] [1789878770.601834958]: the nearest index is : 18, the nearest point is : 4.189582,6.479922[0m
[2026-09-20 12:32:50] 控制路径段: 起点索引=18, 提取点数=171
[2026-09-20 12:32:50] 避障检测路径段: 起点索引=18, 提取点数=0
[2026-09-20 12:32:50] 避障结束，继续割草轨迹，最近割草路径点索引: 18
[2026-09-20 12:32:50] 控制路径段: 起点索引=0, 提取点数=1
[2026-09-20 12:32:50] 避障检测路径段: 起点索引=0, 提取点数=200
[0m[ INFO] [1789878770.702010210]: local_x: 0.1489, local_y: 0.0797, gear: 2,  error_heading: 0.9215[0m
[2026-09-20 12:32:50] 还未完成转向!
[0m[ INFO] [1789878770.748281685]: 0 points is not droped, 4.1896, 6.4799, 2.1601, 2, 4.3430, 6.5506, 3.0816[0m
[2026-09-20 12:32:50] 控制路径段: 起点索引=0, 提取点数=1
[2026-09-20 12:32:50] 避障检测路径段: 起点索引=0, 提取点数=200
[0m[ INFO] [1789878770.801667919]: local_x: 0.1368, local_y: 0.0807, gear: 2,  error_heading: 0.9252[0m
[2026-09-20 12:32:50] 还未完成转向!
[0m[ INFO] [1789878770.848370791]: 0 points is not droped, 4.1896, 6.4799, 2.1601, 2, 4.3308, 6.5527, 3.0853[0m
[2026-09-20 12:32:50] 控制路径段: 起点索引=0, 提取点数=1
[2026-09-20 12:32:50] 避障检测路径段: 起点索引=0, 提取点数=200
[0m[ INFO] [1789878770.901729569]: local_x: 0.1283, local_y: 0.0808, gear: 2,  error_heading: 0.9361[0m
[2026-09-20 12:32:50] 还未完成转向!
[0m[ INFO] [1789878770.948177110]: 0 points is not droped, 4.1896, 6.4799, 2.1601, 2, 4.3214, 6.5548, 3.0962[0m
[2026-09-20 12:32:50] 控制路径段: 起点索引=0, 提取点数=1
[2026-09-20 12:32:50] 避障检测路径段: 起点索引=0, 提取点数=200
[0m[ INFO] [1789878771.002441914]: local_x: 0.1263, local_y: 0.0811, gear: 2,  error_heading: 0.9486[0m
[2026-09-20 12:32:51] 还未完成转向!
[0m[ INFO] [1789878771.048346569]: 0 points is not droped, 4.1896, 6.4799, 2.1601, 2, 4.3184, 6.5568, 3.1087[0m
[2026-09-20 12:32:51] 控制路径段: 起点索引=0, 提取点数=1
[2026-09-20 12:32:51] 避障检测路径段: 起点索引=0, 提取点数=200
[0m[ INFO] [1789878771.101700548]: local_x: 0.1205, local_y: 0.0788, gear: 2,  error_heading: 0.9961[0m
[2026-09-20 12:32:51] 还未完成转向!
[0m[ INFO] [1789878771.148222649]: 0 points is not droped, 4.1896, 6.4799, 2.1601, 2, 4.3089, 6.5605, -3.1270[0m
[2026-09-20 12:32:51] 控制路径段: 起点索引=0, 提取点数=1
[2026-09-20 12:32:51] 避障检测路径段: 起点索引=0, 提取点数=200
[0m[ INFO] [1789878771.204292911]: local_x: 0.1178, local_y: 0.0775, gear: 2,  error_heading: 1.0156[0m
[2026-09-20 12:32:51] 还未完成转向!
[0m[ INFO] [1789878771.248171082]: 0 points is not droped, 4.1896, 6.4799, 2.1601, 2, 4.3047, 6.5614, -3.1075[0m
[2026-09-20 12:32:51] 控制路径段: 起点索引=0, 提取点数=1
[2026-09-20 12:32:51] 避障检测路径段: 起点索引=0, 提取点数=200
[0m[ INFO] [1789878771.301698694]: local_x: 0.1149, local_y: 0.0760, gear: 2,  error_heading: 1.0398[0m
[2026-09-20 12:32:51] 还未完成转向!
[0m[ INFO] [1789878771.348127835]: 0 points is not droped, 4.1896, 6.4799, 2.1601, 2, 4.2999, 6.5625, -3.0833[0m
[2026-09-20 12:32:51] 控制路径段: 起点索引=0, 提取点数=1
[2026-09-20 12:32:51] 避障检测路径段: 起点索引=0, 提取点数=200
[0m[ INFO] [1789878771.401688440]: local_x: 0.1103, local_y: 0.0658, gear: 2,  error_heading: 1.1370[0m
[2026-09-20 12:32:51] 还未完成转向!
[0m[ INFO] [1789878771.448163309]: 0 points is not droped, 4.1896, 6.4799, 2.1601, 2, 4.2883, 6.5621, -2.9861[0m
[2026-09-20 12:32:51] 控制路径段: 起点索引=0, 提取点数=1
[2026-09-20 12:32:51] 避障检测路径段: 起点索引=0, 提取点数=200
[0m[ INFO] [1789878771.501665097]: local_x: 0.1057, local_y: 0.0585, gear: 2,  error_heading: 1.2028[0m
[2026-09-20 12:32:51] 还未完成转向!
[0m[ INFO] [1789878771.548312032]: 0 points is not droped, 4.1896, 6.4799, 2.1601, 2, 4.2799, 6.5602, -2.9203[0m
[2026-09-20 12:32:51] 控制路径段: 起点索引=0, 提取点数=1
[2026-09-20 12:32:51] 避障检测路径段: 起点索引=0, 提取点数=200
[0m[ INFO] [1789878771.601663706]: local_x: 0.1016, local_y: 0.0531, gear: 2,  error_heading: 1.2731[0m
[2026-09-20 12:32:51] 还未完成转向!
[0m[ INFO] [1789878771.648248912]: 0 points is not droped, 4.1896, 6.4799, 2.1601, 2, 4.2716, 6.5600, -2.8500[0m
[2026-09-20 12:32:51] 控制路径段: 起点索引=0, 提取点数=1
[2026-09-20 12:32:51] 避障检测路径段: 起点索引=0, 提取点数=200
[0m[ INFO] [1789878771.701699020]: local_x: 0.0963, local_y: 0.0470, gear: 2,  error_heading: 1.3324[0m
[2026-09-20 12:32:51] 还未完成转向!
[0m[ INFO] [1789878771.748711110]: 0 points is not droped, 4.1896, 6.4799, 2.1601, 2, 4.2639, 6.5572, -2.7907[0m
[2026-09-20 12:32:51] 控制路径段: 起点索引=0, 提取点数=1
[2026-09-20 12:32:51] 避障检测路径段: 起点索引=0, 提取点数=200
[0m[ INFO] [1789878771.802156004]: local_x: 0.0893, local_y: 0.0418, gear: 2,  error_heading: 1.4339[0m
[2026-09-20 12:32:51] 还未完成转向!
[0m[ INFO] [1789878771.848270936]: 0 points is not droped, 4.1896, 6.4799, 2.1601, 2, 4.2516, 6.5566, -2.6892[0m
[2026-09-20 12:32:51] 控制路径段: 起点索引=0, 提取点数=1
[2026-09-20 12:32:51] 避障检测路径段: 起点索引=0, 提取点数=200
[0m[ INFO] [1789878771.901686519]: local_x: 0.0832, local_y: 0.0357, gear: 2,  error_heading: 1.4999[0m
[2026-09-20 12:32:51] 还未完成转向!
[0m[ INFO] [1789878771.948451475]: 0 points is not droped, 4.1896, 6.4799, 2.1601, 2, 4.2442, 6.5522, -2.6232[0m
[2026-09-20 12:32:51] 控制路径段: 起点索引=0, 提取点数=1
[2026-09-20 12:32:51] 避障检测路径段: 起点索引=0, 提取点数=200
[0m[ INFO] [1789878772.001731408]: local_x: 0.0801, local_y: 0.0333, gear: 2,  error_heading: 1.5363[0m
[2026-09-20 12:32:52] 还未完成转向!
[0m[ INFO] [1789878772.048216041]: 0 points is not droped, 4.1896, 6.4799, 2.1601, 2, 4.2401, 6.5504, -2.5867[0m
[2026-09-20 12:32:52] 控制路径段: 起点索引=0, 提取点数=1
[2026-09-20 12:32:52] 避障检测路径段: 起点索引=0, 提取点数=200
[0m[ INFO] [1789878772.101647336]: local_x: 0.0730, local_y: 0.0297, gear: 2,  error_heading: 1.6128[0m
[2026-09-20 12:32:52] 还未完成转向!
[0m[ INFO] [1789878772.198184990]: 0 points is not droped, 4.1896, 6.4799, 2.1601, 2, 4.2310, 6.5470, -2.5103[0m
[2026-09-20 12:32:52] 控制路径段: 起点索引=0, 提取点数=1
[2026-09-20 12:32:52] 避障检测路径段: 起点索引=0, 提取点数=200
[0m[ INFO] [1789878772.201677409]: local_x: 0.0686, local_y: 0.0266, gear: 2,  error_heading: 1.6817[0m
[2026-09-20 12:32:52] 还未完成转向!
[0m[ INFO] [1789878772.248317435]: 0 points is not droped, 4.1896, 6.4799, 2.1601, 2, 4.2249, 6.5444, -2.4414[0m
[2026-09-20 12:32:52] 控制路径段: 起点索引=0, 提取点数=1
[2026-09-20 12:32:52] 避障检测路径段: 起点索引=0, 提取点数=200
[0m[ INFO] [1789878772.301688602]: local_x: 0.0650, local_y: 0.0255, gear: 2,  error_heading: 1.7177[0m
[2026-09-20 12:32:52] 还未完成转向!
[0m[ INFO] [1789878772.348154354]: 0 points is not droped, 4.1896, 6.4799, 2.1601, 2, 4.2206, 6.5425, -2.4053[0m
[2026-09-20 12:32:52] 控制路径段: 起点索引=0, 提取点数=1
[2026-09-20 12:32:52] 避障检测路径段: 起点索引=0, 提取点数=200
[0m[ INFO] [1789878772.401773363]: local_x: 0.0590, local_y: 0.0203, gear: 2,  error_heading: 1.8329[0m
[2026-09-20 12:32:52] 还未完成转向!
[0m[ INFO] [1789878772.448256652]: 0 points is not droped, 4.1896, 6.4799, 2.1601, 2, 4.2131, 6.5377, -2.2902[0m
[2026-09-20 12:32:52] 控制路径段: 起点索引=0, 提取点数=1
[2026-09-20 12:32:52] 避障检测路径段: 起点索引=0, 提取点数=200
[0m[ INFO] [1789878772.501686987]: local_x: 0.0484, local_y: 0.0142, gear: 2,  error_heading: 1.8750[0m
[2026-09-20 12:32:52] 还未完成转向!
[0m[ INFO] [1789878772.548268229]: 0 points is not droped, 4.1896, 6.4799, 2.1601, 2, 4.2088, 6.5266, -2.2480[0m
[2026-09-20 12:32:52] 控制路径段: 起点索引=0, 提取点数=1
[2026-09-20 12:32:52] 避障检测路径段: 起点索引=0, 提取点数=200
[0m[ INFO] [1789878772.601659236]: local_x: 0.0331, local_y: 0.0061, gear: 2,  error_heading: 1.8747[0m
[2026-09-20 12:32:52] 还未完成转向!
[0m[ INFO] [1789878772.648397247]: 0 points is not droped, 4.1896, 6.4799, 2.1601, 2, 4.2056, 6.5096, -2.2484[0m
[2026-09-20 12:32:52] 控制路径段: 起点索引=0, 提取点数=1
[2026-09-20 12:32:52] 避障检测路径段: 起点索引=0, 提取点数=200
[0m[ INFO] [1789878772.701683612]: local_x: 0.0229, local_y: 0.0126, gear: 2,  error_heading: 1.8681[0m
[2026-09-20 12:32:52] 还未完成转向!
[0m[ INFO] [1789878772.748194613]: 0 points is not droped, 4.1896, 6.4799, 2.1601, 2, 4.1943, 6.5056, -2.2550[0m
[2026-09-20 12:32:52] 控制路径段: 起点索引=0, 提取点数=1
[2026-09-20 12:32:52] 避障检测路径段: 起点索引=0, 提取点数=200
[0m[ INFO] [1789878772.804670387]: local_x: 0.0199, local_y: 0.0126, gear: 2,  error_heading: 1.8312[0m
[2026-09-20 12:32:52] 还未完成转向!
[0m[ INFO] [1789878772.848208398]: 0 points is not droped, 4.1896, 6.4799, 2.1601, 2, 4.1932, 6.5032, -2.2919[0m
[2026-09-20 12:32:52] 控制路径段: 起点索引=0, 提取点数=1
[2026-09-20 12:32:52] 避障检测路径段: 起点索引=0, 提取点数=200
[0m[ INFO] [1789878772.901678926]: local_x: 0.0165, local_y: 0.0178, gear: 2,  error_heading: 1.7759[0m
[2026-09-20 12:32:52] 还未完成转向!
[0m[ INFO] [1789878772.948162598]: 0 points is not droped, 4.1896, 6.4799, 2.1601, 2, 4.1885, 6.5042, -2.3471[0m
[2026-09-20 12:32:52] 控制路径段: 起点索引=0, 提取点数=1
[2026-09-20 12:32:52] 避障检测路径段: 起点索引=0, 提取点数=200
[0m[ INFO] [1789878773.001686886]: local_x: 0.0171, local_y: 0.0185, gear: 2,  error_heading: 1.7379[0m
[2026-09-20 12:32:53] 还未完成转向!
[0m[ INFO] [1789878773.048576099]: 0 points is not droped, 4.1896, 6.4799, 2.1601, 2, 4.1893, 6.5051, -2.3852[0m
[2026-09-20 12:32:53] 控制路径段: 起点索引=0, 提取点数=1
[2026-09-20 12:32:53] 避障检测路径段: 起点索引=0, 提取点数=200
[0m[ INFO] [1789878773.101682655]: local_x: 0.0137, local_y: 0.0198, gear: 2,  error_heading: 1.6861[0m
[2026-09-20 12:32:53] 还未完成转向!
[0m[ INFO] [1789878773.148116503]: 0 points is not droped, 4.1896, 6.4799, 2.1601, 2, 4.1872, 6.5039, -2.4370[0m
[2026-09-20 12:32:53] 控制路径段: 起点索引=0, 提取点数=1
[2026-09-20 12:32:53] 避障检测路径段: 起点索引=0, 提取点数=200
[0m[ INFO] [1789878773.201674423]: local_x: 0.0113, local_y: 0.0201, gear: 2,  error_heading: 1.6505[0m
[2026-09-20 12:32:53] 还未完成转向!
[0m[ INFO] [1789878773.248105584]: 0 points is not droped, 4.1896, 6.4799, 2.1601, 2, 4.1860, 6.5027, -2.4726[0m
[2026-09-20 12:32:53] 控制路径段: 起点索引=0, 提取点数=1
[2026-09-20 12:32:53] 避障检测路径段: 起点索引=0, 提取点数=200
[0m[ INFO] [1789878773.301793809]: local_x: 0.0102, local_y: 0.0200, gear: 2,  error_heading: 1.6303[0m
[2026-09-20 12:32:53] 还未完成转向!
[0m[ INFO] [1789878773.348179369]: 0 points is not droped, 4.1896, 6.4799, 2.1601, 2, 4.1856, 6.5021, -2.4928[0m
[2026-09-20 12:32:53] 控制路径段: 起点索引=0, 提取点数=1
[2026-09-20 12:32:53] 避障检测路径段: 起点索引=0, 提取点数=200
[0m[ INFO] [1789878773.401938283]: local_x: 0.0095, local_y: 0.0182, gear: 2,  error_heading: 1.5487[0m
[2026-09-20 12:32:53] 还未完成转向!
[0m[ INFO] [1789878773.448174657]: 0 points is not droped, 4.1896, 6.4799, 2.1601, 2, 4.1878, 6.5004, -2.5744[0m
[2026-09-20 12:32:53] 控制路径段: 起点索引=0, 提取点数=1
[2026-09-20 12:32:53] 避障检测路径段: 起点索引=0, 提取点数=200
[0m[ INFO] [1789878773.501686146]: local_x: 0.0077, local_y: 0.0212, gear: 2,  error_heading: 1.4918[0m
[2026-09-20 12:32:53] 还未完成转向!
[0m[ INFO] [1789878773.548247355]: 0 points is not droped, 4.1896, 6.4799, 2.1601, 2, 4.1859, 6.5022, -2.6313[0m
[2026-09-20 12:32:53] 控制路径段: 起点索引=0, 提取点数=1
[2026-09-20 12:32:53] 避障检测路径段: 起点索引=0, 提取点数=200
[0m[ INFO] [1789878773.601738043]: local_x: 0.0079, local_y: 0.0209, gear: 2,  error_heading: 1.4351[0m
[2026-09-20 12:32:53] 还未完成转向!
[0m[ INFO] [1789878773.648161107]: 0 points is not droped, 4.1896, 6.4799, 2.1601, 2, 4.1875, 6.5022, -2.6880[0m
[2026-09-20 12:32:53] 控制路径段: 起点索引=0, 提取点数=1
[2026-09-20 12:32:53] 避障检测路径段: 起点索引=0, 提取点数=200
[0m[ INFO] [1789878773.703117537]: local_x: 0.0045, local_y: 0.0222, gear: 2,  error_heading: 1.3812[0m
[2026-09-20 12:32:53] 还未完成转向!
[0m[ INFO] [1789878773.748418094]: 0 points is not droped, 4.1896, 6.4799, 2.1601, 2, 4.1850, 6.5021, -2.7419[0m
[2026-09-20 12:32:53] 控制路径段: 起点索引=0, 提取点数=1
[2026-09-20 12:32:53] 避障检测路径段: 起点索引=0, 提取点数=200
[0m[ INFO] [1789878773.801723404]: local_x: 0.0054, local_y: 0.0215, gear: 2,  error_heading: 1.3297[0m
[2026-09-20 12:32:53] 还未完成转向!
[0m[ INFO] [1789878773.848209124]: 0 points is not droped, 4.1896, 6.4799, 2.1601, 2, 4.1873, 6.5020, -2.7934[0m
[2026-09-20 12:32:53] 控制路径段: 起点索引=0, 提取点数=1
[2026-09-20 12:32:53] 避障检测路径段: 起点索引=0, 提取点数=200
[0m[ INFO] [1789878773.901703940]: local_x: 0.0074, local_y: 0.0184, gear: 2,  error_heading: 1.2567[0m
[2026-09-20 12:32:53] 还未完成转向!
[0m[ INFO] [1789878773.948605121]: 0 points is not droped, 4.1896, 6.4799, 2.1601, 2, 4.1917, 6.4996, -2.8663[0m
[2026-09-20 12:32:53] 控制路径段: 起点索引=0, 提取点数=1
[2026-09-20 12:32:53] 避障检测路径段: 起点索引=0, 提取点数=200
[0m[ INFO] [1789878774.001666940]: local_x: 0.0063, local_y: 0.0191, gear: 2,  error_heading: 1.2308[0m
[2026-09-20 12:32:54] 还未完成转向!
[0m[ INFO] [1789878774.048201558]: 0 points is not droped, 4.1896, 6.4799, 2.1601, 2, 4.1909, 6.4999, -2.8923[0m
[2026-09-20 12:32:54] 控制路径段: 起点索引=0, 提取点数=1
[2026-09-20 12:32:54] 避障检测路径段: 起点索引=0, 提取点数=200
[0m[ INFO] [1789878774.101680149]: local_x: 0.0045, local_y: 0.0216, gear: 2,  error_heading: 1.1747[0m
[2026-09-20 12:32:54] 还未完成转向!
[0m[ INFO] [1789878774.148169646]: 0 points is not droped, 4.1896, 6.4799, 2.1601, 2, 4.1899, 6.5020, -2.9484[0m
[2026-09-20 12:32:54] 控制路径段: 起点索引=0, 提取点数=1
[2026-09-20 12:32:54] 避障检测路径段: 起点索引=0, 提取点数=200
[0m[ INFO] [1789878774.201655950]: local_x: 0.0049, local_y: 0.0208, gear: 2,  error_heading: 1.1147[0m
[2026-09-20 12:32:54] 还未完成转向!
[0m[ INFO] [1789878774.248169286]: 0 points is not droped, 4.1896, 6.4799, 2.1601, 2, 4.1917, 6.5012, -3.0084[0m
[2026-09-20 12:32:54] 控制路径段: 起点索引=0, 提取点数=1
[2026-09-20 12:32:54] 避障检测路径段: 起点索引=0, 提取点数=200
[0m[ INFO] [1789878774.301645766]: local_x: 0.0036, local_y: 0.0214, gear: 2,  error_heading: 1.0851[0m
[2026-09-20 12:32:54] 还未完成转向!
[0m[ INFO] [1789878774.348186623]: 0 points is not droped, 4.1896, 6.4799, 2.1601, 2, 4.1909, 6.5015, -3.0380[0m
[2026-09-20 12:32:54] 控制路径段: 起点索引=0, 提取点数=1
[2026-09-20 12:32:54] 避障检测路径段: 起点索引=0, 提取点数=200
[0m[ INFO] [1789878774.401647359]: local_x: -0.0023, local_y: 0.0202, gear: 2,  error_heading: 1.0138[0m
[2026-09-20 12:32:54] 还未完成转向!
[0m[ INFO] [1789878774.448252153]: 0 points is not droped, 4.1896, 6.4799, 2.1601, 2, 4.1867, 6.5001, -3.1093[0m
[2026-09-20 12:32:54] 控制路径段: 起点索引=0, 提取点数=1
[2026-09-20 12:32:54] 避障检测路径段: 起点索引=0, 提取点数=200
[0m[ INFO] [1789878774.501655032]: local_x: -0.0054, local_y: 0.0203, gear: 2,  error_heading: 0.9626[0m
[2026-09-20 12:32:54] 还未完成转向!
[0m[ INFO] [1789878774.548253425]: 0 points is not droped, 4.1896, 6.4799, 2.1601, 2, 4.1846, 6.5004, 3.1227[0m
[2026-09-20 12:32:54] 控制路径段: 起点索引=0, 提取点数=1
[2026-09-20 12:32:54] 避障检测路径段: 起点索引=0, 提取点数=200
[0m[ INFO] [1789878774.601735249]: local_x: -0.0038, local_y: 0.0194, gear: 2,  error_heading: 0.9068[0m
[2026-09-20 12:32:54] 还未完成转向!
[0m[ INFO] [1789878774.649127251]: 0 points is not droped, 4.1896, 6.4799, 2.1601, 2, 4.1873, 6.4995, 3.0669[0m
[2026-09-20 12:32:54] 控制路径段: 起点索引=0, 提取点数=1
[2026-09-20 12:32:54] 避障检测路径段: 起点索引=0, 提取点数=200
[0m[ INFO] [1789878774.701831659]: local_x: -0.0067, local_y: 0.0203, gear: 2,  error_heading: 0.8482[0m
[2026-09-20 12:32:54] 还未完成转向!
[0m[ INFO] [1789878774.748330115]: 0 points is not droped, 4.1896, 6.4799, 2.1601, 2, 4.1857, 6.5010, 3.0083[0m
[2026-09-20 12:32:54] 控制路径段: 起点索引=0, 提取点数=1
[2026-09-20 12:32:54] 避障检测路径段: 起点索引=0, 提取点数=200
[0m[ INFO] [1789878774.801676386]: local_x: -0.0087, local_y: 0.0213, gear: 2,  error_heading: 0.7634[0m
[2026-09-20 12:32:54] 还未完成转向!
[0m[ INFO] [1789878774.849264997]: 0 points is not droped, 4.1896, 6.4799, 2.1601, 2, 4.1857, 6.5026, 2.9235[0m
[2026-09-20 12:32:54] 控制路径段: 起点索引=0, 提取点数=1
[2026-09-20 12:32:54] 避障检测路径段: 起点索引=0, 提取点数=200
[0m[ INFO] [1789878774.901684026]: local_x: -0.0095, local_y: 0.0217, gear: 2,  error_heading: 0.7393[0m
[2026-09-20 12:32:54] 还未完成转向!
[0m[ INFO] [1789878774.948140083]: 0 points is not droped, 4.1896, 6.4799, 2.1601, 2, 4.1856, 6.5033, 2.8994[0m
[2026-09-20 12:32:54] 控制路径段: 起点索引=0, 提取点数=1
[2026-09-20 12:32:54] 避障检测路径段: 起点索引=0, 提取点数=200
[0m[ INFO] [1789878775.001659923]: local_x: -0.0091, local_y: 0.0220, gear: 2,  error_heading: 0.6716[0m
[2026-09-20 12:32:55] 还未完成转向!
[0m[ INFO] [1789878775.048199820]: 0 points is not droped, 4.1896, 6.4799, 2.1601, 2, 4.1876, 6.5037, 2.8317[0m
[2026-09-20 12:32:55] 控制路径段: 起点索引=0, 提取点数=1
[2026-09-20 12:32:55] 避障检测路径段: 起点索引=0, 提取点数=200
[0m[ INFO] [1789878775.101718220]: local_x: -0.0106, local_y: 0.0223, gear: 2,  error_heading: 0.6482[0m
[2026-09-20 12:32:55] 还未完成转向!
[0m[ INFO] [1789878775.148114372]: 0 points is not droped, 4.1896, 6.4799, 2.1601, 2, 4.1869, 6.5045, 2.8083[0m
[2026-09-20 12:32:55] 控制路径段: 起点索引=0, 提取点数=1
[2026-09-20 12:32:55] 避障检测路径段: 起点索引=0, 提取点数=200
[0m[ INFO] [1789878775.201723845]: local_x: -0.0117, local_y: 0.0230, gear: 2,  error_heading: 0.6021[0m
[2026-09-20 12:32:55] 还未完成转向!
[0m[ INFO] [1789878775.248118556]: 0 points is not droped, 4.1896, 6.4799, 2.1601, 2, 4.1873, 6.5056, 2.7622[0m
[2026-09-20 12:32:55] 控制路径段: 起点索引=0, 提取点数=1
[2026-09-20 12:32:55] 避障检测路径段: 起点索引=0, 提取点数=200
[0m[ INFO] [1789878775.301688413]: local_x: -0.0131, local_y: 0.0242, gear: 2,  error_heading: 0.5793[0m
[2026-09-20 12:32:55] 还未完成转向!
[0m[ INFO] [1789878775.348114869]: 0 points is not droped, 4.1896, 6.4799, 2.1601, 2, 4.1870, 6.5073, 2.7394[0m
[2026-09-20 12:32:55] 控制路径段: 起点索引=0, 提取点数=1
[2026-09-20 12:32:55] 避障检测路径段: 起点索引=0, 提取点数=200
[0m[ INFO] [1789878775.401657109]: local_x: -0.0197, local_y: 0.0246, gear: 2,  error_heading: 0.4985[0m
[2026-09-20 12:32:55] 还未完成转向!
[0m[ INFO] [1789878775.448146798]: 0 points is not droped, 4.1896, 6.4799, 2.1601, 2, 4.1836, 6.5109, 2.6586[0m
[2026-09-20 12:32:55] 控制路径段: 起点索引=0, 提取点数=1
[2026-09-20 12:32:55] 避障检测路径段: 起点索引=0, 提取点数=200
[0m[ INFO] [1789878775.501730735]: local_x: -0.0178, local_y: 0.0240, gear: 2,  error_heading: 0.4619[0m
[2026-09-20 12:32:55] 还未完成转向!
[0m[ INFO] [1789878775.548187239]: 0 points is not droped, 4.1896, 6.4799, 2.1601, 2, 4.1860, 6.5096, 2.6220[0m
[2026-09-20 12:32:55] 控制路径段: 起点索引=0, 提取点数=1
[2026-09-20 12:32:55] 避障检测路径段: 起点索引=0, 提取点数=200
[0m[ INFO] [1789878775.601824008]: local_x: -0.0219, local_y: 0.0251, gear: 2,  error_heading: 0.4153[0m
[2026-09-20 12:32:55] 还未完成转向!
[0m[ INFO] [1789878775.648183487]: 0 points is not droped, 4.1896, 6.4799, 2.1601, 2, 4.1846, 6.5129, 2.5754[0m
[2026-09-20 12:32:55] 控制路径段: 起点索引=0, 提取点数=1
[2026-09-20 12:32:55] 避障检测路径段: 起点索引=0, 提取点数=200
[0m[ INFO] [1789878775.701656095]: local_x: -0.0221, local_y: 0.0251, gear: 2,  error_heading: 0.3694[0m
[2026-09-20 12:32:55] 还未完成转向!
[0m[ INFO] [1789878775.748259289]: 0 points is not droped, 4.1896, 6.4799, 2.1601, 2, 4.1859, 6.5132, 2.5295[0m
[2026-09-20 12:32:55] 控制路径段: 起点索引=0, 提取点数=1
[2026-09-20 12:32:55] 避障检测路径段: 起点索引=0, 提取点数=200
[0m[ INFO] [1789878775.801689589]: local_x: -0.0258, local_y: 0.0249, gear: 2,  error_heading: 0.3231[0m
[2026-09-20 12:32:55] 还未完成转向!
[0m[ INFO] [1789878775.849064689]: 0 points is not droped, 4.1896, 6.4799, 2.1601, 2, 4.1844, 6.5154, 2.4832[0m
[2026-09-20 12:32:55] 控制路径段: 起点索引=0, 提取点数=1
[2026-09-20 12:32:55] 避障检测路径段: 起点索引=0, 提取点数=200
[0m[ INFO] [1789878775.901692322]: local_x: -0.0256, local_y: 0.0226, gear: 2,  error_heading: 0.2811[0m
[2026-09-20 12:32:55] 还未完成转向!
[0m[ INFO] [1789878775.948116564]: 0 points is not droped, 4.1896, 6.4799, 2.1601, 2, 4.1846, 6.5136, 2.4412[0m
[2026-09-20 12:32:55] 控制路径段: 起点索引=0, 提取点数=1
[2026-09-20 12:32:55] 避障检测路径段: 起点索引=0, 提取点数=200
[0m[ INFO] [1789878776.001706382]: local_x: -0.0290, local_y: 0.0232, gear: 2,  error_heading: 0.2388[0m
[2026-09-20 12:32:56] 还未完成转向!
[0m[ INFO] [1789878776.048264290]: 0 points is not droped, 4.1896, 6.4799, 2.1601, 2, 4.1839, 6.5166, 2.3989[0m
[2026-09-20 12:32:56] 控制路径段: 起点索引=0, 提取点数=1
[2026-09-20 12:32:56] 避障检测路径段: 起点索引=0, 提取点数=200
[0m[ INFO] [1789878776.101698939]: local_x: -0.0273, local_y: 0.0204, gear: 2,  error_heading: 0.1972[0m
[2026-09-20 12:32:56] 还未完成转向!
[0m[ INFO] [1789878776.148094285]: 0 points is not droped, 4.1896, 6.4799, 2.1601, 2, 4.1846, 6.5137, 2.3573[0m
[2026-09-20 12:32:56] 控制路径段: 起点索引=0, 提取点数=1
[2026-09-20 12:32:56] 避障检测路径段: 起点索引=0, 提取点数=200
[0m[ INFO] [1789878776.201686631]: local_x: -0.0304, local_y: 0.0204, gear: 2,  error_heading: 0.1615[0m
[2026-09-20 12:32:56] 还未完成转向!
[0m[ INFO] [1789878776.248290107]: 0 points is not droped, 4.1896, 6.4799, 2.1601, 2, 4.1838, 6.5160, 2.3216[0m
[2026-09-20 12:32:56] 控制路径段: 起点索引=0, 提取点数=1
[2026-09-20 12:32:56] 避障检测路径段: 起点索引=0, 提取点数=200
[0m[ INFO] [1789878776.301663636]: local_x: -0.0242, local_y: 0.0164, gear: 2,  error_heading: 0.1391[0m
[2026-09-20 12:32:56] 还未完成转向!
[0m[ INFO] [1789878776.348132838]: 0 points is not droped, 4.1896, 6.4799, 2.1601, 2, 4.1857, 6.5089, 2.2992[0m
[2026-09-20 12:32:56] 控制路径段: 起点索引=0, 提取点数=1
[2026-09-20 12:32:56] 避障检测路径段: 起点索引=0, 提取点数=200
[0m[ INFO] [1789878776.401705217]: local_x: -0.0273, local_y: 0.0192, gear: 2,  error_heading: 0.1020[0m
[2026-09-20 12:32:56] 还未完成转向!
[0m[ INFO] [1789878776.449047836]: 0 points is not droped, 4.1896, 6.4799, 2.1601, 2, 4.1870, 6.5132, 2.2621[0m
[2026-09-20 12:32:56] 控制路径段: 起点索引=0, 提取点数=1
[2026-09-20 12:32:56] 避障检测路径段: 起点索引=0, 提取点数=200
[33m[ WARN] [1789878776.548291649]: First gear=2 point is dropped[0m
[0m[ INFO] [1789878776.501694989]: local_x: -0.0272, local_y: 0.0177, gear: 2,  error_heading: 0.0631[0m
[0m[ INFO] [1789878776.548233504]: gear=2 points is droped, 4.1896, 6.4799[0m
[2026-09-20 12:32:56] 转向完成!
[2026-09-20 12:32:56] 控制路径段: 起点索引=1, 提取点数=1
[2026-09-20 12:32:56] 避障检测路径段: 起点索引=1, 提取点数=200
[0m[ INFO] [1789878776.601708314]: local_x: 0.0611, local_y: 0.0152, gear: 2,  error_heading: -2.7238[0m
[2026-09-20 12:32:56] 还未完成转向!
[0m[ INFO] [1789878776.648844051]: 1 points is not droped, 4.1386, 6.5562, -1.3747, 2, 4.1863, 6.5150, 2.1847[0m
[2026-09-20 12:32:56] 控制路径段: 起点索引=1, 提取点数=1
[2026-09-20 12:32:56] 避障检测路径段: 起点索引=1, 提取点数=200
[0m[ INFO] [1789878777.802359447]: [2026-09-20 12:32:57] 接收到避障轨迹，轨迹点数为42[0m
avoid_path_: 4.01147 , 6.70339, 2.3562, 2
avoid_path_: 3.86147 , 6.85339, 2.35619, 1
avoid_path_: 3.71147 , 7.00339, -1.5708, 2
avoid_path_: 3.71147 , 6.85339, -1.5708, 1
avoid_path_: 3.71147 , 6.70339, -1.5708, 1
avoid_path_: 3.71147 , 6.55339, -1.5708, 1
avoid_path_: 3.71147 , 6.40339, -1.5708, 1
avoid_path_: 3.71147 , 6.25339, -1.5708, 1
avoid_path_: 3.71147 , 6.10339, -1.5708, 1
avoid_path_: 3.71147 , 5.95339, -1.5708, 1
avoid_path_: 3.71147 , 5.80339, -1.5708, 1
avoid_path_: 3.71147 , 5.65339, -1.5708, 1
avoid_path_: 3.71147 , 5.50339, -1.5708, 1
avoid_path_: 3.71147 , 5.35339, -1.5708, 1
avoid_path_: 3.71147 , 5.20339, -1.5708, 1
avoid_path_: 3.71147 , 5.05339, -1.5708, 1
avoid_path_: 3.71147 , 4.90339, -1.5708, 1
avoid_path_: 3.71147 , 4.75339, -1.5708, 1
avoid_path_: 3.71147 , 4.60339, -0.785397, 2
avoid_path_: 3.86147 , 4.45339, -0.785399, 1
avoid_path_: 4.01147 , 4.30339, -0.785398, 1
avoid_path_: 4.16147 , 4.15339, -0.785398, 1
avoid_path_: 4.31147 , 4.00339, -0.785397, 1
avoid_path_: 4.46147 , 3.85339, -0.7854, 1
avoid_path_: 4.61147 , 3.70339, -0.785398, 1
avoid_path_: 4.76147 , 3.55339, -0.785397, 1
avoid_path_: 4.91147 , 3.40339, -0.785398, 1
avoid_path_: 5.06147 , 3.25339, -0.785397, 1
avoid_path_: 5.21147 , 3.10339, -0.7854, 1
avoid_path_: 5.36147 , 2.95339, -0.785398, 1
avoid_path_: 5.51147 , 2.80339, -0.785397, 1
avoid_path_: 5.66147 , 2.65339, -0.785398, 1
avoid_path_: 5.81147 , 2.50339, -0.785397, 1
avoid_path_: 5.96147 , 2.35339, -0.7854, 1
avoid_path_: 6.11147 , 2.20339, -0.785398, 1
avoid_path_: 6.26147 , 2.05339, -0.785397, 1
avoid_path_: 6.41147 , 1.90339, -0.785398, 1
avoid_path_: 6.56147 , 1.75339, -0.785398, 1
avoid_path_: 6.71147 , 1.60339, -0.785399, 1
avoid_path_: 6.86147 , 1.45339, -1.5708, 2
avoid_path_: 6.86147 , 1.30339, -1.5708, 1
avoid_path_: 6.86147 , 1.15339, -1.5708, 1
[2026-09-20 12:32:57] 避障轨迹已生成，首次进入避障模式
避障轨迹最近点索引为：0
[0m[ INFO] [1789878777.901836478]: local_x: 0.2656, local_y: 0.0248, gear: 2,  error_heading: -0.1756[0m
[2026-09-20 12:32:57] 还未完成转向!
[0m[ INFO] [1789878777.948191280]: 1 points is not droped, 4.0115, 6.7034, 2.3562, 2, 4.1839, 6.4999, 2.1806[0m
[2026-09-20 12:32:57] 控制路径段: 起点索引=0, 提取点数=1
[2026-09-20 12:32:57] 避障检测路径段: 起点索引=0, 提取点数=42
[2026-09-20 12:32:57] 当前避障路径段长度为：42
避障轨迹最近点索引为：0
[0m[ INFO] [1789878778.002464369]: local_x: 0.2644, local_y: 0.0248, gear: 2,  error_heading: -0.1757[0m
[2026-09-20 12:32:58] 还未完成转向!
[0m[ INFO] [1789878778.048272093]: 1 points is not droped, 4.0115, 6.7034, 2.3562, 2, 4.1832, 6.5008, 2.1805[0m
[2026-09-20 12:32:58] 控制路径段: 起点索引=0, 提取点数=1
[2026-09-20 12:32:58] 避障检测路径段: 起点索引=0, 提取点数=42
[2026-09-20 12:32:58] 当前避障路径段长度为：42
避障轨迹最近点索引为：0
[0m[ INFO] [1789878778.101802359]: local_x: 0.2667, local_y: 0.0230, gear: 2,  error_heading: -0.1757[0m
[2026-09-20 12:32:58] 还未完成转向!
[0m[ INFO] [1789878778.148118088]: 1 points is not droped, 4.0115, 6.7034, 2.3562, 2, 4.1831, 6.4979, 2.1805[0m
[2026-09-20 12:32:58] 控制路径段: 起点索引=0, 提取点数=1
[2026-09-20 12:32:58] 避障检测路径段: 起点索引=0, 提取点数=42
[2026-09-20 12:32:58] 当前避障路径段长度为：42
避障轨迹最近点索引为：0
[0m[ INFO] [1789878778.201712226]: local_x: 0.2658, local_y: 0.0220, gear: 2,  error_heading: -0.1756[0m
[2026-09-20 12:32:58] 还未完成转向!
[0m[ INFO] [1789878778.248179573]: 1 points is not droped, 4.0115, 6.7034, 2.3562, 2, 4.1817, 6.4981, 2.1806[0m
[2026-09-20 12:32:58] 控制路径段: 起点索引=0, 提取点数=1
[2026-09-20 12:32:58] 避障检测路径段: 起点索引=0, 提取点数=42
[2026-09-20 12:32:58] 当前避障路径段长度为：42
避障轨迹最近点索引为：0
[0m[ INFO] [1789878778.301694639]: local_x: 0.2646, local_y: 0.0213, gear: 2,  error_heading: -0.1785[0m
[2026-09-20 12:32:58] 还未完成转向!
[0m[ INFO] [1789878778.348115105]: 1 points is not droped, 4.0115, 6.7034, 2.3562, 2, 4.1799, 6.4982, 2.1777[0m
[2026-09-20 12:32:58] 控制路径段: 起点索引=0, 提取点数=1
[2026-09-20 12:32:58] 避障检测路径段: 起点索引=0, 提取点数=42
[2026-09-20 12:32:58] 当前避障路径段长度为：42
避障轨迹最近点索引为：0
[0m[ INFO] [1789878778.401757916]: local_x: 0.2588, local_y: 0.0230, gear: 2,  error_heading: -0.1778[0m
[2026-09-20 12:32:58] 还未完成转向!
[0m[ INFO] [1789878778.448241551]: 1 points is not droped, 4.0115, 6.7034, 2.3562, 2, 4.1781, 6.5041, 2.1784[0m
[2026-09-20 12:32:58] 控制路径段: 起点索引=0, 提取点数=1
[2026-09-20 12:32:58] 避障检测路径段: 起点索引=0, 提取点数=42
[2026-09-20 12:32:58] 当前避障路径段长度为：42
避障轨迹最近点索引为：0
[0m[ INFO] [1789878778.501731144]: local_x: 0.2357, local_y: 0.0229, gear: 2,  error_heading: -0.1754[0m
[2026-09-20 12:32:58] 还未完成转向!
[0m[ INFO] [1789878778.548324540]: 1 points is not droped, 4.0115, 6.7034, 2.3562, 2, 4.1653, 6.5233, 2.1808[0m
[2026-09-20 12:32:58] 控制路径段: 起点索引=0, 提取点数=1
[2026-09-20 12:32:58] 避障检测路径段: 起点索引=0, 提取点数=42
[2026-09-20 12:32:58] 当前避障路径段长度为：42
避障轨迹最近点索引为：0
[0m[ INFO] [1789878778.602405691]: local_x: 0.2026, local_y: 0.0216, gear: 2,  error_heading: -0.1673[0m
[2026-09-20 12:32:58] 还未完成转向!
[0m[ INFO] [1789878778.648220008]: 1 points is not droped, 4.0115, 6.7034, 2.3562, 2, 4.1464, 6.5508, 2.1889[0m
[2026-09-20 12:32:58] 控制路径段: 起点索引=0, 提取点数=1
[2026-09-20 12:32:58] 避障检测路径段: 起点索引=0, 提取点数=42
[2026-09-20 12:32:58] 当前避障路径段长度为：42
避障轨迹最近点索引为：0
[0m[ INFO] [1789878778.702085093]: local_x: 0.1893, local_y: 0.0226, gear: 2,  error_heading: -0.1607[0m
[2026-09-20 12:32:58] 还未完成转向!
[0m[ INFO] [1789878778.748253461]: 1 points is not droped, 4.0115, 6.7034, 2.3562, 2, 4.1405, 6.5630, 2.1955[0m
[2026-09-20 12:32:58] 控制路径段: 起点索引=0, 提取点数=1
[2026-09-20 12:32:58] 避障检测路径段: 起点索引=0, 提取点数=42
[2026-09-20 12:32:58] 当前避障路径段长度为：42
避障轨迹最近点索引为：0
[0m[ INFO] [1789878778.801815279]: local_x: 0.1847, local_y: 0.0227, gear: 2,  error_heading: -0.1543[0m
[2026-09-20 12:32:58] 还未完成转向!
[0m[ INFO] [1789878778.848202465]: 1 points is not droped, 4.0115, 6.7034, 2.3562, 2, 4.1387, 6.5676, 2.2019[0m
[2026-09-20 12:32:58] 控制路径段: 起点索引=0, 提取点数=1
[2026-09-20 12:32:58] 避障检测路径段: 起点索引=0, 提取点数=42
[2026-09-20 12:32:58] 当前避障路径段长度为：42
避障轨迹最近点索引为：0
[0m[ INFO] [1789878778.901752570]: local_x: 0.1768, local_y: 0.0216, gear: 2,  error_heading: -0.1441[0m
[2026-09-20 12:32:58] 还未完成转向!
[0m[ INFO] [1789878778.948158381]: 1 points is not droped, 4.0115, 6.7034, 2.3562, 2, 4.1346, 6.5747, 2.2121[0m
[2026-09-20 12:32:58] 控制路径段: 起点索引=0, 提取点数=1
[2026-09-20 12:32:58] 避障检测路径段: 起点索引=0, 提取点数=42
[2026-09-20 12:32:58] 当前避障路径段长度为：42
避障轨迹最近点索引为：0
[0m[ INFO] [1789878779.001739783]: local_x: 0.1707, local_y: 0.0211, gear: 2,  error_heading: -0.1353[0m
[2026-09-20 12:32:59] 还未完成转向!
[0m[ INFO] [1789878779.048263610]: 1 points is not droped, 4.0115, 6.7034, 2.3562, 2, 4.1316, 6.5803, 2.2208[0m
[2026-09-20 12:32:59] 控制路径段: 起点索引=0, 提取点数=1
[2026-09-20 12:32:59] 避障检测路径段: 起点索引=0, 提取点数=42
[2026-09-20 12:32:59] 当前避障路径段长度为：42
避障轨迹最近点索引为：0
[0m[ INFO] [1789878779.101878229]: local_x: 0.1613, local_y: 0.0204, gear: 2,  error_heading: -0.1282[0m
[2026-09-20 12:32:59] 还未完成转向!
[0m[ INFO] [1789878779.148205638]: 1 points is not droped, 4.0115, 6.7034, 2.3562, 2, 4.1262, 6.5881, 2.2280[0m
[2026-09-20 12:32:59] 控制路径段: 起点索引=0, 提取点数=1
[2026-09-20 12:32:59] 避障检测路径段: 起点索引=0, 提取点数=42
[2026-09-20 12:32:59] 当前避障路径段长度为：42
避障轨迹最近点索引为：0
[0m[ INFO] [1789878779.202603689]: local_x: 0.1577, local_y: 0.0197, gear: 2,  error_heading: -0.1240[0m
[2026-09-20 12:32:59] 还未完成转向!
[0m[ INFO] [1789878779.248300500]: 1 points is not droped, 4.0115, 6.7034, 2.3562, 2, 4.1239, 6.5910, 2.2322[0m
[2026-09-20 12:32:59] 控制路径段: 起点索引=0, 提取点数=1
[2026-09-20 12:32:59] 避障检测路径段: 起点索引=0, 提取点数=42
[2026-09-20 12:32:59] 当前避障路径段长度为：42
避障轨迹最近点索引为：0
[0m[ INFO] [1789878779.301916654]: local_x: 0.1543, local_y: 0.0191, gear: 2,  error_heading: -0.1185[0m
[2026-09-20 12:32:59] 还未完成转向!
[0m[ INFO] [1789878779.348208799]: 1 points is not droped, 4.0115, 6.7034, 2.3562, 2, 4.1219, 6.5940, 2.2377[0m
[2026-09-20 12:32:59] 控制路径段: 起点索引=0, 提取点数=1
[2026-09-20 12:32:59] 避障检测路径段: 起点索引=0, 提取点数=42
[2026-09-20 12:32:59] 当前避障路径段长度为：42
避障轨迹最近点索引为：0
[0m[ INFO] [1789878779.401798138]: local_x: 0.1358, local_y: 0.0183, gear: 2,  error_heading: -0.1008[0m
[2026-09-20 12:32:59] 还未完成转向!
[0m[ INFO] [1789878779.448452462]: 1 points is not droped, 4.0115, 6.7034, 2.3562, 2, 4.1115, 6.6097, 2.2554[0m
[2026-09-20 12:32:59] 控制路径段: 起点索引=0, 提取点数=1
[2026-09-20 12:32:59] 避障检测路径段: 起点索引=0, 提取点数=42
[2026-09-20 12:32:59] 当前避障路径段长度为：42
避障轨迹最近点索引为：0
[0m[ INFO] [1789878779.502115977]: local_x: 0.1229, local_y: 0.0175, gear: 2,  error_heading: -0.0844[0m
[2026-09-20 12:32:59] 还未完成转向!
[0m[ INFO] [1789878779.548400698]: 1 points is not droped, 4.0115, 6.7034, 2.3562, 2, 4.1041, 6.6208, 2.2718[0m
[2026-09-20 12:32:59] 控制路径段: 起点索引=0, 提取点数=1
[2026-09-20 12:32:59] 避障检测路径段: 起点索引=0, 提取点数=42
[2026-09-20 12:32:59] 当前避障路径段长度为：42
避障轨迹最近点索引为：0
[0m[ INFO] [1789878779.603472100]: local_x: 0.1133, local_y: 0.0171, gear: 2,  error_heading: -0.0725[0m
[2026-09-20 12:32:59] 还未完成转向!
[0m[ INFO] [1789878779.648199653]: 1 points is not droped, 4.0115, 6.7034, 2.3562, 2, 4.0985, 6.6289, 2.2837[0m
[2026-09-20 12:32:59] 控制路径段: 起点索引=0, 提取点数=1
[2026-09-20 12:32:59] 避障检测路径段: 起点索引=0, 提取点数=42
[2026-09-20 12:32:59] 当前避障路径段长度为：42
避障轨迹最近点索引为：0
[0m[ INFO] [1789878779.701832192]: local_x: 0.1059, local_y: 0.0162, gear: 2,  error_heading: -0.0578[0m
[2026-09-20 12:32:59] 还未完成转向!
[0m[ INFO] [1789878779.748948985]: 1 points is not droped, 4.0115, 6.7034, 2.3562, 2, 4.0940, 6.6351, 2.2984[0m
[2026-09-20 12:32:59] 控制路径段: 起点索引=0, 提取点数=1
[2026-09-20 12:32:59] 避障检测路径段: 起点索引=0, 提取点数=42
[2026-09-20 12:32:59] 当前避障路径段长度为：42
避障轨迹最近点索引为：0
[0m[ INFO] [1789878779.801719339]: local_x: 0.0966, local_y: 0.0149, gear: 2,  error_heading: -0.0376[0m
[2026-09-20 12:32:59] 还未完成转向!
[0m[ INFO] [1789878779.848273376]: 1 points is not droped, 4.0115, 6.7034, 2.3562, 2, 4.0881, 6.6427, 2.3186[0m
[2026-09-20 12:32:59] 控制路径段: 起点索引=0, 提取点数=1
[2026-09-20 12:32:59] 避障检测路径段: 起点索引=0, 提取点数=42
[2026-09-20 12:32:59] 当前避障路径段长度为：42
避障轨迹最近点索引为：0
[0m[ INFO] [1789878779.901754490]: local_x: 0.0897, local_y: 0.0131, gear: 2,  error_heading: -0.0139[0m
[2026-09-20 12:32:59] 还未完成转向!
[0m[ INFO] [1789878779.948154029]: 1 points is not droped, 4.0115, 6.7034, 2.3562, 2, 4.0834, 6.6482, 2.3423[0m
[2026-09-20 12:32:59] 控制路径段: 起点索引=0, 提取点数=1
[2026-09-20 12:32:59] 避障检测路径段: 起点索引=0, 提取点数=42
[2026-09-20 12:32:59] 当前避障路径段长度为：42
避障轨迹最近点索引为：0
[0m[ INFO] [1789878780.002365071]: local_x: 0.0800, local_y: 0.0123, gear: 2,  error_heading: 0.0115[0m
[2026-09-20 12:33:00] 还未完成转向!
[0m[ INFO] [1789878780.048195676]: 1 points is not droped, 4.0115, 6.7034, 2.3562, 2, 4.0773, 6.6563, 2.3677[0m
[2026-09-20 12:33:00] 控制路径段: 起点索引=0, 提取点数=1
[2026-09-20 12:33:00] 避障检测路径段: 起点索引=0, 提取点数=42
[2026-09-20 12:33:00] 当前避障路径段长度为：42
避障轨迹最近点索引为：0
[0m[ INFO] [1789878780.101703383]: local_x: 0.0732, local_y: 0.0105, gear: 2,  error_heading: 0.0400[0m
[2026-09-20 12:33:00] 还未完成转向!
[0m[ INFO] [1789878780.148112298]: 1 points is not droped, 4.0115, 6.7034, 2.3562, 2, 4.0724, 6.6615, 2.3962[0m
[2026-09-20 12:33:00] 控制路径段: 起点索引=0, 提取点数=1
[2026-09-20 12:33:00] 避障检测路径段: 起点索引=0, 提取点数=42
[2026-09-20 12:33:00] 当前避障路径段长度为：42
避障轨迹最近点索引为：0
[0m[ INFO] [1789878780.201678693]: local_x: 0.0634, local_y: 0.0095, gear: 2,  error_heading: 0.0698[0m
[0m[ INFO] [1789878780.248146937]: gear=2 points is droped, 4.0115, 6.7034[0m
[2026-09-20 12:33:00] 转向完成!
[2026-09-20 12:33:00] 新的最近点索引: 1
[2026-09-20 12:33:00] 控制路径段: 起点索引=1, 提取点数=2
[2026-09-20 12:33:00] 避障检测路径段: 起点索引=1, 提取点数=41
[2026-09-20 12:33:00] 当前避障路径段长度为：41
避障轨迹最近点索引为：1
[0m[ INFO] [1789878780.301717780]: local_x: 0.2709, local_y: -0.0101, gear: 1,  error_heading: 0.0957[0m
[0m[ INFO] [1789878780.301783412]: 1 points is not droped, 3.8615, 6.8534, 2.3562, 1, 4.0640, 6.6732, 2.4519[0m
[2026-09-20 12:33:00] 控制路径段: 起点索引=1, 提取点数=2
[2026-09-20 12:33:00] 避障检测路径段: 起点索引=1, 提取点数=41
[2026-09-20 12:33:00] 当前避障路径段长度为：41
避障轨迹最近点索引为：1
[0m[ INFO] [1789878780.401725698]: local_x: 0.2656, local_y: -0.0191, gear: 1,  error_heading: 0.1166[0m
[0m[ INFO] [1789878780.401792547]: 1 points is not droped, 3.8615, 6.8534, 2.3562, 1, 4.0580, 6.6737, 2.4728[0m
[2026-09-20 12:33:00] 控制路径段: 起点索引=1, 提取点数=2
[2026-09-20 12:33:00] 避障检测路径段: 起点索引=1, 提取点数=41
[2026-09-20 12:33:00] 当前避障路径段长度为：41
避障轨迹最近点索引为：1
[0m[ INFO] [1789878780.501783057]: local_x: 0.2744, local_y: -0.0305, gear: 1,  error_heading: 0.1331[0m
[0m[ INFO] [1789878780.501851730]: 1 points is not droped, 3.8615, 6.8534, 2.3562, 1, 4.0610, 6.6626, 2.4893[0m
[2026-09-20 12:33:00] 控制路径段: 起点索引=1, 提取点数=2
[2026-09-20 12:33:00] 避障检测路径段: 起点索引=1, 提取点数=41
[2026-09-20 12:33:00] 当前避障路径段长度为：41
避障轨迹最近点索引为：1
[0m[ INFO] [1789878780.601722751]: local_x: 0.2700, local_y: -0.0255, gear: 1,  error_heading: 0.1266[0m
[0m[ INFO] [1789878780.601782624]: 1 points is not droped, 3.8615, 6.8534, 2.3562, 1, 4.0593, 6.6679, 2.4828[0m
[2026-09-20 12:33:00] 控制路径段: 起点索引=1, 提取点数=2
[2026-09-20 12:33:00] 避障检测路径段: 起点索引=1, 提取点数=41
[2026-09-20 12:33:00] 当前避障路径段长度为：41
避障轨迹最近点索引为：1
[0m[ INFO] [1789878780.705418643]: local_x: 0.2537, local_y: -0.0259, gear: 1,  error_heading: 0.1247[0m
[0m[ INFO] [1789878780.705576564]: 1 points is not droped, 3.8615, 6.8534, 2.3562, 1, 4.0459, 6.6772, 2.4808[0m
[2026-09-20 12:33:00] 控制路径段: 起点索引=1, 提取点数=2
[2026-09-20 12:33:00] 避障检测路径段: 起点索引=1, 提取点数=41
[2026-09-20 12:33:00] 当前避障路径段长度为：41
避障轨迹最近点索引为：1
[0m[ INFO] [1789878780.801706556]: local_x: 0.2264, local_y: -0.0285, gear: 1,  error_heading: 0.1268[0m
[0m[ INFO] [1789878780.801776189]: 1 points is not droped, 3.8615, 6.8534, 2.3562, 1, 4.0231, 6.6923, 2.4830[0m
[2026-09-20 12:33:00] 控制路径段: 起点索引=1, 提取点数=2
[2026-09-20 12:33:00] 避障检测路径段: 起点索引=1, 提取点数=41
[2026-09-20 12:33:00] 当前避障路径段长度为：41
避障轨迹最近点索引为：1
[0m[ INFO] [1789878780.901716331]: local_x: 0.2139, local_y: -0.0299, gear: 1,  error_heading: 0.1278[0m
[0m[ INFO] [1789878780.901855692]: 1 points is not droped, 3.8615, 6.8534, 2.3562, 1, 4.0125, 6.6990, 2.4840[0m
[2026-09-20 12:33:00] 控制路径段: 起点索引=1, 提取点数=2
[2026-09-20 12:33:00] 避障检测路径段: 起点索引=1, 提取点数=41
[2026-09-20 12:33:00] 当前避障路径段长度为：41
避障轨迹最近点索引为：1
[0m[ INFO] [1789878781.001728313]: local_x: 0.1891, local_y: -0.0250, gear: 1,  error_heading: 0.1212[0m
[0m[ INFO] [1789878781.001808218]: 1 points is not droped, 3.8615, 6.8534, 2.3562, 1, 3.9949, 6.7171, 2.4774[0m
[2026-09-20 12:33:01] 控制路径段: 起点索引=1, 提取点数=2
[2026-09-20 12:33:01] 避障检测路径段: 起点索引=1, 提取点数=41
[2026-09-20 12:33:01] 当前避障路径段长度为：41
避障轨迹最近点索引为：1
[0m[ INFO] [1789878781.102119020]: local_x: 0.1551, local_y: -0.0228, gear: 1,  error_heading: 0.1062[0m
[0m[ INFO] [1789878781.102195372]: 1 points is not droped, 3.8615, 6.8534, 2.3562, 1, 3.9678, 6.7383, 2.4624[0m
[2026-09-20 12:33:01] 控制路径段: 起点索引=1, 提取点数=2
[2026-09-20 12:33:01] 避障检测路径段: 起点索引=1, 提取点数=41
[2026-09-20 12:33:01] 当前避障路径段长度为：41
避障轨迹最近点索引为：1
[0m[ INFO] [1789878781.201722358]: local_x: 0.1325, local_y: -0.0220, gear: 1,  error_heading: 0.0933[0m
[0m[ INFO] [1789878781.201790359]: 1 points is not droped, 3.8615, 6.8534, 2.3562, 1, 3.9494, 6.7519, 2.4495[0m
[2026-09-20 12:33:01] 控制路径段: 起点索引=1, 提取点数=2
[2026-09-20 12:33:01] 避障检测路径段: 起点索引=1, 提取点数=41
[2026-09-20 12:33:01] 当前避障路径段长度为：41
避障轨迹最近点索引为：1
[0m[ INFO] [1789878781.301690212]: local_x: 0.1119, local_y: -0.0115, gear: 1,  error_heading: 0.0831[0m
[0m[ INFO] [1789878781.301755269]: 1 points is not droped, 3.8615, 6.8534, 2.3562, 1, 3.9395, 6.7723, 2.4393[0m
[2026-09-20 12:33:01] 控制路径段: 起点索引=1, 提取点数=2
[2026-09-20 12:33:01] 避障检测路径段: 起点索引=1, 提取点数=41
[2026-09-20 12:33:01] 当前避障路径段长度为：41
避障轨迹最近点索引为：1
[0m[ INFO] [1789878781.401713875]: local_x: 0.1119, local_y: -0.0191, gear: 1,  error_heading: 0.0723[0m
[0m[ INFO] [1789878781.401779988]: 1 points is not droped, 3.8615, 6.8534, 2.3562, 1, 3.9336, 6.7658, 2.4285[0m
[2026-09-20 12:33:01] 控制路径段: 起点索引=1, 提取点数=2
[2026-09-20 12:33:01] 避障检测路径段: 起点索引=1, 提取点数=41
[2026-09-20 12:33:01] 当前避障路径段长度为：41
避障轨迹最近点索引为：1
[0m[ INFO] [1789878781.501888387]: local_x: 0.0820, local_y: -0.0157, gear: 1,  error_heading: 0.0499[0m
[0m[ INFO] [1789878781.501949636]: gear=1 points is droped, 3.8615, 6.8534[0m
[2026-09-20 12:33:01] 新的最近点索引: 2
[2026-09-20 12:33:01] 控制路径段: 起点索引=2, 提取点数=1
[2026-09-20 12:33:01] 避障检测路径段: 起点索引=2, 提取点数=40
[2026-09-20 12:33:01] 当前避障路径段长度为：40
避障轨迹最近点索引为：2
[0m[ INFO] [1789878781.601731056]: local_x: 0.2818, local_y: -0.0236, gear: 2,  error_heading: -2.3153[0m
[2026-09-20 12:33:01] 还未完成转向!
[0m[ INFO] [1789878781.648169635]: 1 points is not droped, 3.7115, 7.0034, -1.5708, 2, 3.9027, 6.7951, 2.3971[0m
[2026-09-20 12:33:01] 控制路径段: 起点索引=2, 提取点数=1
[2026-09-20 12:33:01] 避障检测路径段: 起点索引=2, 提取点数=40
[2026-09-20 12:33:01] 当前避障路径段长度为：40
避障轨迹最近点索引为：2
[0m[ INFO] [1789878781.702291236]: local_x: 0.2510, local_y: -0.0165, gear: 2,  error_heading: -2.3399[0m
[2026-09-20 12:33:01] 还未完成转向!
[0m[ INFO] [1789878781.748168274]: 1 points is not droped, 3.7115, 7.0034, -1.5708, 2, 3.8804, 6.8170, 2.3724[0m
[2026-09-20 12:33:01] 控制路径段: 起点索引=2, 提取点数=1
[2026-09-20 12:33:01] 避障检测路径段: 起点索引=2, 提取点数=40
[2026-09-20 12:33:01] 当前避障路径段长度为：40
避障轨迹最近点索引为：2
[0m[ INFO] [1789878781.801954799]: local_x: 0.2403, local_y: -0.0154, gear: 2,  error_heading: -2.3475[0m
[2026-09-20 12:33:01] 还未完成转向!
[0m[ INFO] [1789878781.848204545]: 1 points is not droped, 3.7115, 7.0034, -1.5708, 2, 3.8721, 6.8240, 2.3649[0m
[2026-09-20 12:33:01] 控制路径段: 起点索引=2, 提取点数=1
[2026-09-20 12:33:01] 避障检测路径段: 起点索引=2, 提取点数=40
[2026-09-20 12:33:01] 当前避障路径段长度为：40
避障轨迹最近点索引为：2
[0m[ INFO] [1789878781.901781916]: local_x: 0.2067, local_y: -0.0078, gear: 2,  error_heading: -2.3703[0m
[2026-09-20 12:33:01] 还未完成转向!
[0m[ INFO] [1789878781.948810773]: 1 points is not droped, 3.7115, 7.0034, -1.5708, 2, 3.8500, 6.8497, 2.3420[0m
[2026-09-20 12:33:01] 控制路径段: 起点索引=2, 提取点数=1
[2026-09-20 12:33:01] 避障检测路径段: 起点索引=2, 提取点数=40
[2026-09-20 12:33:01] 当前避障路径段长度为：40
避障轨迹最近点索引为：2
[0m[ INFO] [1789878782.001833387]: local_x: 0.1897, local_y: -0.0043, gear: 2,  error_heading: -2.3869[0m
[2026-09-20 12:33:02] 还未完成转向!
[0m[ INFO] [1789878782.048264958]: 1 points is not droped, 3.7115, 7.0034, -1.5708, 2, 3.8383, 6.8622, 2.3255[0m
[2026-09-20 12:33:02] 控制路径段: 起点索引=2, 提取点数=1
[2026-09-20 12:33:02] 避障检测路径段: 起点索引=2, 提取点数=40
[2026-09-20 12:33:02] 当前避障路径段长度为：40
避障轨迹最近点索引为：2
[0m[ INFO] [1789878782.101674392]: local_x: 0.1844, local_y: 0.0018, gear: 2,  error_heading: -2.3890[0m
[2026-09-20 12:33:02] 还未完成转向!
[0m[ INFO] [1789878782.198636968]: 1 points is not droped, 3.7115, 7.0034, -1.5708, 2, 3.8388, 6.8700, 2.3234[0m
[2026-09-20 12:33:02] 控制路径段: 起点索引=2, 提取点数=1
[2026-09-20 12:33:02] 避障检测路径段: 起点索引=2, 提取点数=40
[2026-09-20 12:33:02] 当前避障路径段长度为：40
避障轨迹最近点索引为：2
[0m[ INFO] [1789878782.201663366]: local_x: 0.1762, local_y: 0.0033, gear: 2,  error_heading: -2.3935[0m
[2026-09-20 12:33:02] 还未完成转向!
[0m[ INFO] [1789878782.248352604]: 1 points is not droped, 3.7115, 7.0034, -1.5708, 2, 3.8337, 6.8764, 2.3189[0m
[2026-09-20 12:33:02] 控制路径段: 起点索引=2, 提取点数=1
[2026-09-20 12:33:02] 避障检测路径段: 起点索引=2, 提取点数=40
[2026-09-20 12:33:02] 当前避障路径段长度为：40
避障轨迹最近点索引为：2
[0m[ INFO] [1789878782.301700469]: local_x: 0.1706, local_y: 0.0036, gear: 2,  error_heading: -2.3969[0m
[2026-09-20 12:33:02] 还未完成转向!
[0m[ INFO] [1789878782.348127304]: 1 points is not droped, 3.7115, 7.0034, -1.5708, 2, 3.8297, 6.8803, 2.3155[0m
[2026-09-20 12:33:02] 控制路径段: 起点索引=2, 提取点数=1
[2026-09-20 12:33:02] 避障检测路径段: 起点索引=2, 提取点数=40
[2026-09-20 12:33:02] 当前避障路径段长度为：40
避障轨迹最近点索引为：2
[0m[ INFO] [1789878782.401751492]: local_x: 0.1639, local_y: 0.0027, gear: 2,  error_heading: -2.4052[0m
[2026-09-20 12:33:02] 还未完成转向!
[0m[ INFO] [1789878782.448338137]: 1 points is not droped, 3.7115, 7.0034, -1.5708, 2, 3.8235, 6.8837, 2.3072[0m
[2026-09-20 12:33:02] 控制路径段: 起点索引=2, 提取点数=1
[2026-09-20 12:33:02] 避障检测路径段: 起点索引=2, 提取点数=40
[2026-09-20 12:33:02] 当前避障路径段长度为：40
避障轨迹最近点索引为：2
[0m[ INFO] [1789878782.502629499]: local_x: 0.1609, local_y: 0.0026, gear: 2,  error_heading: -2.4049[0m
[2026-09-20 12:33:02] 还未完成转向!
[0m[ INFO] [1789878782.548291367]: 1 points is not droped, 3.7115, 7.0034, -1.5708, 2, 3.8215, 6.8860, 2.3075[0m
[2026-09-20 12:33:02] 控制路径段: 起点索引=2, 提取点数=1
[2026-09-20 12:33:02] 避障检测路径段: 起点索引=2, 提取点数=40
[2026-09-20 12:33:02] 当前避障路径段长度为：40
避障轨迹最近点索引为：2
[0m[ INFO] [1789878782.611675909]: local_x: 0.1453, local_y: 0.0049, gear: 2,  error_heading: -2.4055[0m
[2026-09-20 12:33:02] 还未完成转向!
[0m[ INFO] [1789878782.648636281]: 1 points is not droped, 3.7115, 7.0034, -1.5708, 2, 3.8127, 6.8990, 2.3069[0m
[2026-09-20 12:33:02] 控制路径段: 起点索引=2, 提取点数=1
[2026-09-20 12:33:02] 避障检测路径段: 起点索引=2, 提取点数=40
[2026-09-20 12:33:02] 当前避障路径段长度为：40
避障轨迹最近点索引为：2
[0m[ INFO] [1789878782.701720719]: local_x: 0.1424, local_y: 0.0050, gear: 2,  error_heading: -2.4053[0m
[2026-09-20 12:33:02] 还未完成转向!
[0m[ INFO] [1789878782.748459974]: 1 points is not droped, 3.7115, 7.0034, -1.5708, 2, 3.8108, 6.9013, 2.3071[0m
[2026-09-20 12:33:02] 控制路径段: 起点索引=2, 提取点数=1
[2026-09-20 12:33:02] 避障检测路径段: 起点索引=2, 提取点数=40
[2026-09-20 12:33:02] 当前避障路径段长度为：40
避障轨迹最近点索引为：2
[0m[ INFO] [1789878782.802584070]: local_x: 0.1270, local_y: 0.0047, gear: 2,  error_heading: -2.4027[0m
[2026-09-20 12:33:02] 还未完成转向!
[0m[ INFO] [1789878782.848145649]: 1 points is not droped, 3.7115, 7.0034, -1.5708, 2, 3.8005, 6.9127, 2.3097[0m
[2026-09-20 12:33:02] 控制路径段: 起点索引=2, 提取点数=1
[2026-09-20 12:33:02] 避障检测路径段: 起点索引=2, 提取点数=40
[2026-09-20 12:33:02] 当前避障路径段长度为：40
避障轨迹最近点索引为：2
[0m[ INFO] [1789878782.904667498]: local_x: 0.1153, local_y: 0.0042, gear: 2,  error_heading: -2.3952[0m
[2026-09-20 12:33:02] 还未完成转向!
[0m[ INFO] [1789878782.948239904]: 1 points is not droped, 3.7115, 7.0034, -1.5708, 2, 3.7928, 6.9215, 2.3172[0m
[2026-09-20 12:33:02] 控制路径段: 起点索引=2, 提取点数=1
[2026-09-20 12:33:02] 避障检测路径段: 起点索引=2, 提取点数=40
[2026-09-20 12:33:02] 当前避障路径段长度为：40
避障轨迹最近点索引为：2
[0m[ INFO] [1789878783.001743899]: local_x: 0.1094, local_y: 0.0030, gear: 2,  error_heading: -2.3883[0m
[2026-09-20 12:33:03] 还未完成转向!
[0m[ INFO] [1789878783.048584530]: 1 points is not droped, 3.7115, 7.0034, -1.5708, 2, 3.7885, 6.9257, 2.3241[0m
[2026-09-20 12:33:03] 控制路径段: 起点索引=2, 提取点数=1
[2026-09-20 12:33:03] 避障检测路径段: 起点索引=2, 提取点数=40
[2026-09-20 12:33:03] 当前避障路径段长度为：40
避障轨迹最近点索引为：2
[0m[ INFO] [1789878783.103113751]: local_x: 0.0955, local_y: -0.0011, gear: 2,  error_heading: -2.3813[0m
[2026-09-20 12:33:03] 还未完成转向!
[0m[ INFO] [1789878783.148138492]: 1 points is not droped, 3.7115, 7.0034, -1.5708, 2, 3.7765, 6.9335, 2.3311[0m
[2026-09-20 12:33:03] 控制路径段: 起点索引=2, 提取点数=1
[2026-09-20 12:33:03] 避障检测路径段: 起点索引=2, 提取点数=40
[2026-09-20 12:33:03] 当前避障路径段长度为：40
避障轨迹最近点索引为：2
[0m[ INFO] [1789878783.201831833]: local_x: 0.0886, local_y: -0.0021, gear: 2,  error_heading: -2.3748[0m
[2026-09-20 12:33:03] 还未完成转向!
[0m[ INFO] [1789878783.248202603]: 1 points is not droped, 3.7115, 7.0034, -1.5708, 2, 3.7714, 6.9382, 2.3375[0m
[2026-09-20 12:33:03] 控制路径段: 起点索引=2, 提取点数=1
[2026-09-20 12:33:03] 避障检测路径段: 起点索引=2, 提取点数=40
[2026-09-20 12:33:03] 当前避障路径段长度为：40
避障轨迹最近点索引为：2
[0m[ INFO] [1789878783.301723878]: local_x: 0.0773, local_y: -0.0036, gear: 2,  error_heading: -2.3757[0m
[2026-09-20 12:33:03] 还未完成转向!
[0m[ INFO] [1789878783.348130649]: 1 points is not droped, 3.7115, 7.0034, -1.5708, 2, 3.7625, 6.9452, 2.3367[0m
[2026-09-20 12:33:03] 控制路径段: 起点索引=2, 提取点数=1
[2026-09-20 12:33:03] 避障检测路径段: 起点索引=2, 提取点数=40
[2026-09-20 12:33:03] 当前避障路径段长度为：40
避障轨迹最近点索引为：2
[0m[ INFO] [1789878783.401809461]: local_x: 0.0690, local_y: -0.0020, gear: 2,  error_heading: -2.3716[0m
[2026-09-20 12:33:03] 还未完成转向!
[0m[ INFO] [1789878783.448479563]: 1 points is not droped, 3.7115, 7.0034, -1.5708, 2, 3.7581, 6.9525, 2.3407[0m
[2026-09-20 12:33:03] 控制路径段: 起点索引=2, 提取点数=1
[2026-09-20 12:33:03] 避障检测路径段: 起点索引=2, 提取点数=40
[2026-09-20 12:33:03] 当前避障路径段长度为：40
避障轨迹最近点索引为：2
[0m[ INFO] [1789878783.501700643]: local_x: 0.0614, local_y: -0.0017, gear: 2,  error_heading: -2.3742[0m
[2026-09-20 12:33:03] 还未完成转向!
[0m[ INFO] [1789878783.548347000]: 1 points is not droped, 3.7115, 7.0034, -1.5708, 2, 3.7528, 6.9580, 2.3382[0m
[2026-09-20 12:33:03] 控制路径段: 起点索引=2, 提取点数=1
[2026-09-20 12:33:03] 避障检测路径段: 起点索引=2, 提取点数=40
[2026-09-20 12:33:03] 当前避障路径段长度为：40
避障轨迹最近点索引为：2
[0m[ INFO] [1789878783.601678481]: local_x: 0.0526, local_y: -0.0019, gear: 2,  error_heading: -2.3753[0m
[2026-09-20 12:33:03] 还未完成转向!
[0m[ INFO] [1789878783.648300902]: 1 points is not droped, 3.7115, 7.0034, -1.5708, 2, 3.7466, 6.9642, 2.3371[0m
[2026-09-20 12:33:03] 控制路径段: 起点索引=2, 提取点数=1
[2026-09-20 12:33:03] 避障检测路径段: 起点索引=2, 提取点数=40
[2026-09-20 12:33:03] 当前避障路径段长度为：40
避障轨迹最近点索引为：2
[0m[ INFO] [1789878783.702010467]: local_x: 0.0562, local_y: 0.0010, gear: 2,  error_heading: -2.3638[0m
[2026-09-20 12:33:03] 还未完成转向!
[0m[ INFO] [1789878783.748265236]: 1 points is not droped, 3.7115, 7.0034, -1.5708, 2, 3.7516, 6.9641, 2.3486[0m
[2026-09-20 12:33:03] 控制路径段: 起点索引=2, 提取点数=1
[2026-09-20 12:33:03] 避障检测路径段: 起点索引=2, 提取点数=40
[2026-09-20 12:33:03] 当前避障路径段长度为：40
避障轨迹最近点索引为：2
[0m[ INFO] [1789878783.801802096]: local_x: 0.0568, local_y: 0.0026, gear: 2,  error_heading: -2.3474[0m
[2026-09-20 12:33:03] 还未完成转向!
[0m[ INFO] [1789878783.848205092]: 1 points is not droped, 3.7115, 7.0034, -1.5708, 2, 3.7538, 6.9654, 2.3650[0m
[2026-09-20 12:33:03] 控制路径段: 起点索引=2, 提取点数=1
[2026-09-20 12:33:03] 避障检测路径段: 起点索引=2, 提取点数=40
[2026-09-20 12:33:03] 当前避障路径段长度为：40
避障轨迹最近点索引为：2
[0m[ INFO] [1789878783.901694752]: local_x: 0.0521, local_y: -0.0021, gear: 2,  error_heading: -2.2844[0m
[2026-09-20 12:33:03] 还未完成转向!
[0m[ INFO] [1789878783.948123797]: 1 points is not droped, 3.7115, 7.0034, -1.5708, 2, 3.7495, 6.9677, 2.4280[0m
[2026-09-20 12:33:03] 控制路径段: 起点索引=2, 提取点数=1
[2026-09-20 12:33:03] 避障检测路径段: 起点索引=2, 提取点数=40
[2026-09-20 12:33:03] 当前避障路径段长度为：40
避障轨迹最近点索引为：2
[0m[ INFO] [1789878784.001777939]: local_x: 0.0525, local_y: -0.0023, gear: 2,  error_heading: -2.2615[0m
[2026-09-20 12:33:04] 还未完成转向!
[0m[ INFO] [1789878784.048177415]: 1 points is not droped, 3.7115, 7.0034, -1.5708, 2, 3.7505, 6.9681, 2.4508[0m
[2026-09-20 12:33:04] 控制路径段: 起点索引=2, 提取点数=1
[2026-09-20 12:33:04] 避障检测路径段: 起点索引=2, 提取点数=40
[2026-09-20 12:33:04] 当前避障路径段长度为：40
避障轨迹最近点索引为：2
[0m[ INFO] [1789878784.101733508]: local_x: 0.0524, local_y: -0.0049, gear: 2,  error_heading: -2.1900[0m
[2026-09-20 12:33:04] 还未完成转向!
[0m[ INFO] [1789878784.148158841]: 1 points is not droped, 3.7115, 7.0034, -1.5708, 2, 3.7512, 6.9690, 2.5224[0m
[2026-09-20 12:33:04] 控制路径段: 起点索引=2, 提取点数=1
[2026-09-20 12:33:04] 避障检测路径段: 起点索引=2, 提取点数=40
[2026-09-20 12:33:04] 当前避障路径段长度为：40
避障轨迹最近点索引为：2
[0m[ INFO] [1789878784.201734197]: local_x: 0.0519, local_y: -0.0069, gear: 2,  error_heading: -2.1628[0m
[2026-09-20 12:33:04] 还未完成转向!
[0m[ INFO] [1789878784.248131082]: 1 points is not droped, 3.7115, 7.0034, -1.5708, 2, 3.7507, 6.9687, 2.5496[0m
[2026-09-20 12:33:04] 控制路径段: 起点索引=2, 提取点数=1
[2026-09-20 12:33:04] 避障检测路径段: 起点索引=2, 提取点数=40
[2026-09-20 12:33:04] 当前避障路径段长度为：40
避障轨迹最近点索引为：2
[0m[ INFO] [1789878784.301706887]: local_x: 0.0513, local_y: -0.0091, gear: 2,  error_heading: -2.1342[0m
[2026-09-20 12:33:04] 还未完成转向!
[0m[ INFO] [1789878784.348196668]: 1 points is not droped, 3.7115, 7.0034, -1.5708, 2, 3.7500, 6.9683, 2.5782[0m
[2026-09-20 12:33:04] 控制路径段: 起点索引=2, 提取点数=1
[2026-09-20 12:33:04] 避障检测路径段: 起点索引=2, 提取点数=40
[2026-09-20 12:33:04] 当前避障路径段长度为：40
避障轨迹最近点索引为：2
[0m[ INFO] [1789878784.401676088]: local_x: 0.0478, local_y: -0.0143, gear: 2,  error_heading: -2.0495[0m
[2026-09-20 12:33:04] 还未完成转向!
[0m[ INFO] [1789878784.448225262]: 1 points is not droped, 3.7115, 7.0034, -1.5708, 2, 3.7473, 6.9687, 2.6628[0m
[2026-09-20 12:33:04] 控制路径段: 起点索引=2, 提取点数=1
[2026-09-20 12:33:04] 避障检测路径段: 起点索引=2, 提取点数=40
[2026-09-20 12:33:04] 当前避障路径段长度为：40
避障轨迹最近点索引为：2
[0m[ INFO] [1789878784.502194319]: local_x: 0.0480, local_y: -0.0169, gear: 2,  error_heading: -2.0033[0m
[2026-09-20 12:33:04] 还未完成转向!
[0m[ INFO] [1789878784.548142143]: 1 points is not droped, 3.7115, 7.0034, -1.5708, 2, 3.7480, 6.9679, 2.7091[0m
[2026-09-20 12:33:04] 控制路径段: 起点索引=2, 提取点数=1
[2026-09-20 12:33:04] 避障检测路径段: 起点索引=2, 提取点数=40
[2026-09-20 12:33:04] 当前避障路径段长度为：40
避障轨迹最近点索引为：2
[0m[ INFO] [1789878784.601806941]: local_x: 0.0458, local_y: -0.0170, gear: 2,  error_heading: -1.9557[0m
[2026-09-20 12:33:04] 还未完成转向!
[0m[ INFO] [1789878784.648178641]: 1 points is not droped, 3.7115, 7.0034, -1.5708, 2, 3.7475, 6.9704, 2.7567[0m
[2026-09-20 12:33:04] 控制路径段: 起点索引=2, 提取点数=1
[2026-09-20 12:33:04] 避障检测路径段: 起点索引=2, 提取点数=40
[2026-09-20 12:33:04] 当前避障路径段长度为：40
避障轨迹最近点索引为：2
[0m[ INFO] [1789878784.701885615]: local_x: 0.0458, local_y: -0.0184, gear: 2,  error_heading: -1.9070[0m
[2026-09-20 12:33:04] 还未完成转向!
[0m[ INFO] [1789878784.748330116]: 1 points is not droped, 3.7115, 7.0034, -1.5708, 2, 3.7486, 6.9709, 2.8054[0m
[2026-09-20 12:33:04] 控制路径段: 起点索引=2, 提取点数=1
[2026-09-20 12:33:04] 避障检测路径段: 起点索引=2, 提取点数=40
[2026-09-20 12:33:04] 当前避障路径段长度为：40
避障轨迹最近点索引为：2
[0m[ INFO] [1789878784.801990402]: local_x: 0.0429, local_y: -0.0207, gear: 2,  error_heading: -1.8556[0m
[2026-09-20 12:33:04] 还未完成转向!
[0m[ INFO] [1789878784.848188788]: 1 points is not droped, 3.7115, 7.0034, -1.5708, 2, 3.7468, 6.9715, 2.8568[0m
[2026-09-20 12:33:04] 控制路径段: 起点索引=2, 提取点数=1
[2026-09-20 12:33:04] 避障检测路径段: 起点索引=2, 提取点数=40
[2026-09-20 12:33:04] 当前避障路径段长度为：40
避障轨迹最近点索引为：2
[0m[ INFO] [1789878784.902335479]: local_x: 0.0399, local_y: -0.0230, gear: 2,  error_heading: -1.7764[0m
[2026-09-20 12:33:04] 还未完成转向!
[0m[ INFO] [1789878784.948114885]: 1 points is not droped, 3.7115, 7.0034, -1.5708, 2, 3.7459, 6.9727, 2.9360[0m
[2026-09-20 12:33:04] 控制路径段: 起点索引=2, 提取点数=1
[2026-09-20 12:33:04] 避障检测路径段: 起点索引=2, 提取点数=40
[2026-09-20 12:33:04] 当前避障路径段长度为：40
避障轨迹最近点索引为：2
[0m[ INFO] [1789878785.001875236]: local_x: 0.0396, local_y: -0.0241, gear: 2,  error_heading: -1.7540[0m
[2026-09-20 12:33:05] 还未完成转向!
[0m[ INFO] [1789878785.049094368]: 1 points is not droped, 3.7115, 7.0034, -1.5708, 2, 3.7460, 6.9725, 2.9584[0m
[2026-09-20 12:33:05] 控制路径段: 起点索引=2, 提取点数=1
[2026-09-20 12:33:05] 避障检测路径段: 起点索引=2, 提取点数=40
[2026-09-20 12:33:05] 当前避障路径段长度为：40
避障轨迹最近点索引为：2
[0m[ INFO] [1789878785.101943798]: local_x: 0.0380, local_y: -0.0259, gear: 2,  error_heading: -1.7023[0m
[2026-09-20 12:33:05] 还未完成转向!
[0m[ INFO] [1789878785.148258345]: 1 points is not droped, 3.7115, 7.0034, -1.5708, 2, 3.7457, 6.9727, 3.0101[0m
[2026-09-20 12:33:05] 控制路径段: 起点索引=2, 提取点数=1
[2026-09-20 12:33:05] 避障检测路径段: 起点索引=2, 提取点数=40
[2026-09-20 12:33:05] 当前避障路径段长度为：40
避障轨迹最近点索引为：2
[0m[ INFO] [1789878785.201699493]: local_x: 0.0362, local_y: -0.0269, gear: 2,  error_heading: -1.6501[0m
[2026-09-20 12:33:05] 还未完成转向!
[0m[ INFO] [1789878785.248162426]: 1 points is not droped, 3.7115, 7.0034, -1.5708, 2, 3.7454, 6.9737, 3.0623[0m
[2026-09-20 12:33:05] 控制路径段: 起点索引=2, 提取点数=1
[2026-09-20 12:33:05] 避障检测路径段: 起点索引=2, 提取点数=40
[2026-09-20 12:33:05] 当前避障路径段长度为：40
避障轨迹最近点索引为：2
[0m[ INFO] [1789878785.301740919]: local_x: 0.0356, local_y: -0.0274, gear: 2,  error_heading: -1.6236[0m
[2026-09-20 12:33:05] 还未完成转向!
[0m[ INFO] [1789878785.348163628]: 1 points is not droped, 3.7115, 7.0034, -1.5708, 2, 3.7456, 6.9742, 3.0888[0m
[2026-09-20 12:33:05] 控制路径段: 起点索引=2, 提取点数=1
[2026-09-20 12:33:05] 避障检测路径段: 起点索引=2, 提取点数=40
[2026-09-20 12:33:05] 当前避障路径段长度为：40
避障轨迹最近点索引为：2
[0m[ INFO] [1789878785.401803849]: local_x: 0.0348, local_y: -0.0282, gear: 2,  error_heading: -1.5523[0m
[2026-09-20 12:33:05] 还未完成转向!
[0m[ INFO] [1789878785.448243934]: 1 points is not droped, 3.7115, 7.0034, -1.5708, 2, 3.7468, 6.9758, -3.1231[0m
[2026-09-20 12:33:05] 控制路径段: 起点索引=2, 提取点数=1
[2026-09-20 12:33:05] 避障检测路径段: 起点索引=2, 提取点数=40
[2026-09-20 12:33:05] 当前避障路径段长度为：40
避障轨迹最近点索引为：2
[0m[ INFO] [1789878785.501676954]: local_x: 0.0339, local_y: -0.0292, gear: 2,  error_heading: -1.4992[0m
[2026-09-20 12:33:05] 还未完成转向!
[0m[ INFO] [1789878785.548212271]: 1 points is not droped, 3.7115, 7.0034, -1.5708, 2, 3.7473, 6.9767, -3.0700[0m
[2026-09-20 12:33:05] 控制路径段: 起点索引=2, 提取点数=1
[2026-09-20 12:33:05] 避障检测路径段: 起点索引=2, 提取点数=40
[2026-09-20 12:33:05] 当前避障路径段长度为：40
避障轨迹最近点索引为：2
[0m[ INFO] [1789878785.601676683]: local_x: 0.0328, local_y: -0.0307, gear: 2,  error_heading: -1.4456[0m
[2026-09-20 12:33:05] 还未完成转向!
[0m[ INFO] [1789878785.648246881]: 1 points is not droped, 3.7115, 7.0034, -1.5708, 2, 3.7478, 6.9770, -3.0164[0m
[2026-09-20 12:33:05] 控制路径段: 起点索引=2, 提取点数=1
[2026-09-20 12:33:05] 避障检测路径段: 起点索引=2, 提取点数=40
[2026-09-20 12:33:05] 当前避障路径段长度为：40
避障轨迹最近点索引为：2
[0m[ INFO] [1789878785.702984170]: local_x: 0.0332, local_y: -0.0307, gear: 2,  error_heading: -1.4008[0m
[2026-09-20 12:33:05] 还未完成转向!
[0m[ INFO] [1789878785.748626839]: 1 points is not droped, 3.7115, 7.0034, -1.5708, 2, 3.7494, 6.9787, -2.9716[0m
[2026-09-20 12:33:05] 控制路径段: 起点索引=2, 提取点数=1
[2026-09-20 12:33:05] 避障检测路径段: 起点索引=2, 提取点数=40
[2026-09-20 12:33:05] 当前避障路径段长度为：40
避障轨迹最近点索引为：2
[0m[ INFO] [1789878785.801751823]: local_x: 0.0330, local_y: -0.0299, gear: 2,  error_heading: -1.3507[0m
[2026-09-20 12:33:05] 还未完成转向!
[0m[ INFO] [1789878785.848149668]: 1 points is not droped, 3.7115, 7.0034, -1.5708, 2, 3.7502, 6.9814, -2.9215[0m
[2026-09-20 12:33:05] 控制路径段: 起点索引=2, 提取点数=1
[2026-09-20 12:33:05] 避障检测路径段: 起点索引=2, 提取点数=40
[2026-09-20 12:33:05] 当前避障路径段长度为：40
避障轨迹最近点索引为：2
[0m[ INFO] [1789878785.901704544]: local_x: 0.0311, local_y: -0.0318, gear: 2,  error_heading: -1.2976[0m
[2026-09-20 12:33:05] 还未完成转向!
[0m[ INFO] [1789878785.948132405]: 1 points is not droped, 3.7115, 7.0034, -1.5708, 2, 3.7500, 6.9811, -2.8684[0m
[2026-09-20 12:33:05] 控制路径段: 起点索引=2, 提取点数=1
[2026-09-20 12:33:05] 避障检测路径段: 起点索引=2, 提取点数=40
[2026-09-20 12:33:05] 当前避障路径段长度为：40
避障轨迹最近点索引为：2
[0m[ INFO] [1789878786.001749170]: local_x: 0.0305, local_y: -0.0319, gear: 2,  error_heading: -1.2460[0m
[2026-09-20 12:33:06] 还未完成转向!
[0m[ INFO] [1789878786.048318152]: 1 points is not droped, 3.7115, 7.0034, -1.5708, 2, 3.7505, 6.9828, -2.8168[0m
[2026-09-20 12:33:06] 控制路径段: 起点索引=2, 提取点数=1
[2026-09-20 12:33:06] 避障检测路径段: 起点索引=2, 提取点数=40
[2026-09-20 12:33:06] 当前避障路径段长度为：40
避障轨迹最近点索引为：2
[0m[ INFO] [1789878786.101720484]: local_x: 0.0284, local_y: -0.0330, gear: 2,  error_heading: -1.1929[0m
[2026-09-20 12:33:06] 还未完成转向!
[0m[ INFO] [1789878786.148152440]: 1 points is not droped, 3.7115, 7.0034, -1.5708, 2, 3.7500, 6.9832, -2.7637[0m
[2026-09-20 12:33:06] 控制路径段: 起点索引=2, 提取点数=1
[2026-09-20 12:33:06] 避障检测路径段: 起点索引=2, 提取点数=40
[2026-09-20 12:33:06] 当前避障路径段长度为：40
避障轨迹最近点索引为：2
[0m[ INFO] [1789878786.201775190]: local_x: 0.0253, local_y: -0.0341, gear: 2,  error_heading: -1.1414[0m
[2026-09-20 12:33:06] 还未完成转向!
[0m[ INFO] [1789878786.248334540]: 1 points is not droped, 3.7115, 7.0034, -1.5708, 2, 3.7487, 6.9829, -2.7122[0m
[2026-09-20 12:33:06] 控制路径段: 起点索引=2, 提取点数=1
[2026-09-20 12:33:06] 避障检测路径段: 起点索引=2, 提取点数=40
[2026-09-20 12:33:06] 当前避障路径段长度为：40
避障轨迹最近点索引为：2
[0m[ INFO] [1789878786.301877160]: local_x: 0.0256, local_y: -0.0342, gear: 2,  error_heading: -1.1173[0m
[2026-09-20 12:33:06] 还未完成转向!
[0m[ INFO] [1789878786.348260157]: 1 points is not droped, 3.7115, 7.0034, -1.5708, 2, 3.7495, 6.9839, -2.6881[0m
[2026-09-20 12:33:06] 控制路径段: 起点索引=2, 提取点数=1
[2026-09-20 12:33:06] 避障检测路径段: 起点索引=2, 提取点数=40
[2026-09-20 12:33:06] 当前避障路径段长度为：40
避障轨迹最近点索引为：2
[0m[ INFO] [1789878786.401811897]: local_x: 0.0169, local_y: -0.0382, gear: 2,  error_heading: -1.0459[0m
[2026-09-20 12:33:06] 还未完成转向!
[0m[ INFO] [1789878786.448442448]: 1 points is not droped, 3.7115, 7.0034, -1.5708, 2, 3.7452, 6.9788, -2.6167[0m
[2026-09-20 12:33:06] 控制路径段: 起点索引=2, 提取点数=1
[2026-09-20 12:33:06] 避障检测路径段: 起点索引=2, 提取点数=40
[2026-09-20 12:33:06] 当前避障路径段长度为：40
避障轨迹最近点索引为：2
[0m[ INFO] [1789878786.501810731]: local_x: 0.0152, local_y: -0.0388, gear: 2,  error_heading: -0.9900[0m
[2026-09-20 12:33:06] 还未完成转向!
[0m[ INFO] [1789878786.548231552]: 1 points is not droped, 3.7115, 7.0034, -1.5708, 2, 3.7454, 6.9793, -2.5608[0m
[2026-09-20 12:33:06] 控制路径段: 起点索引=2, 提取点数=1
[2026-09-20 12:33:06] 避障检测路径段: 起点索引=2, 提取点数=40
[2026-09-20 12:33:06] 当前避障路径段长度为：40
避障轨迹最近点索引为：2
[0m[ INFO] [1789878786.601743772]: local_x: 0.0145, local_y: -0.0386, gear: 2,  error_heading: -0.9404[0m
[2026-09-20 12:33:06] 还未完成转向!
[0m[ INFO] [1789878786.648251825]: 1 points is not droped, 3.7115, 7.0034, -1.5708, 2, 3.7459, 6.9808, -2.5112[0m
[2026-09-20 12:33:06] 控制路径段: 起点索引=2, 提取点数=1
[2026-09-20 12:33:06] 避障检测路径段: 起点索引=2, 提取点数=40
[2026-09-20 12:33:06] 当前避障路径段长度为：40
避障轨迹最近点索引为：2
[0m[ INFO] [1789878786.701754125]: local_x: 0.0127, local_y: -0.0391, gear: 2,  error_heading: -0.8671[0m
[2026-09-20 12:33:06] 还未完成转向!
[0m[ INFO] [1789878786.749019467]: 1 points is not droped, 3.7115, 7.0034, -1.5708, 2, 3.7464, 6.9818, -2.4379[0m
[2026-09-20 12:33:06] 控制路径段: 起点索引=2, 提取点数=1
[2026-09-20 12:33:06] 避障检测路径段: 起点索引=2, 提取点数=40
[2026-09-20 12:33:06] 当前避障路径段长度为：40
避障轨迹最近点索引为：2
[0m[ INFO] [1789878786.801862560]: local_x: 0.0126, local_y: -0.0394, gear: 2,  error_heading: -0.8179[0m
[2026-09-20 12:33:06] 还未完成转向!
[0m[ INFO] [1789878786.848628056]: 1 points is not droped, 3.7115, 7.0034, -1.5708, 2, 3.7476, 6.9833, -2.3887[0m
[2026-09-20 12:33:06] 控制路径段: 起点索引=2, 提取点数=1
[2026-09-20 12:33:06] 避障检测路径段: 起点索引=2, 提取点数=40
[2026-09-20 12:33:06] 当前避障路径段长度为：40
避障轨迹最近点索引为：2
[0m[ INFO] [1789878786.901954515]: local_x: 0.0128, local_y: -0.0391, gear: 2,  error_heading: -0.7948[0m
[2026-09-20 12:33:06] 还未完成转向!
[0m[ INFO] [1789878786.948780619]: 1 points is not droped, 3.7115, 7.0034, -1.5708, 2, 3.7480, 6.9844, -2.3656[0m
[2026-09-20 12:33:06] 控制路径段: 起点索引=2, 提取点数=1
[2026-09-20 12:33:06] 避障检测路径段: 起点索引=2, 提取点数=40
[2026-09-20 12:33:06] 当前避障路径段长度为：40
避障轨迹最近点索引为：2
[0m[ INFO] [1789878787.002193127]: local_x: 0.0114, local_y: -0.0397, gear: 2,  error_heading: -0.7417[0m
[2026-09-20 12:33:07] 还未完成转向!
[0m[ INFO] [1789878787.048590619]: 1 points is not droped, 3.7115, 7.0034, -1.5708, 2, 3.7484, 6.9849, -2.3125[0m
[2026-09-20 12:33:07] 控制路径段: 起点索引=2, 提取点数=1
[2026-09-20 12:33:07] 避障检测路径段: 起点索引=2, 提取点数=40
[2026-09-20 12:33:07] 当前避障路径段长度为：40
避障轨迹最近点索引为：2
[0m[ INFO] [1789878787.101686771]: local_x: 0.0097, local_y: -0.0411, gear: 2,  error_heading: -0.6917[0m
[2026-09-20 12:33:07] 还未完成转向!
[0m[ INFO] [1789878787.198341763]: 1 points is not droped, 3.7115, 7.0034, -1.5708, 2, 3.7493, 6.9846, -2.2624[0m
[2026-09-20 12:33:07] 控制路径段: 起点索引=2, 提取点数=1
[2026-09-20 12:33:07] 避障检测路径段: 起点索引=2, 提取点数=40
[2026-09-20 12:33:07] 当前避障路径段长度为：40
避障轨迹最近点索引为：2
[0m[ INFO] [1789878787.201638276]: local_x: 0.0062, local_y: -0.0402, gear: 2,  error_heading: -0.6070[0m
[2026-09-20 12:33:07] 还未完成转向!
[0m[ INFO] [1789878787.248332188]: 1 points is not droped, 3.7115, 7.0034, -1.5708, 2, 3.7480, 6.9856, -2.1778[0m
[2026-09-20 12:33:07] 控制路径段: 起点索引=2, 提取点数=1
[2026-09-20 12:33:07] 避障检测路径段: 起点索引=2, 提取点数=40
[2026-09-20 12:33:07] 当前避障路径段长度为：40
避障轨迹最近点索引为：2
[0m[ INFO] [1789878787.301707543]: local_x: 0.0097, local_y: -0.0456, gear: 2,  error_heading: -0.5815[0m
[2026-09-20 12:33:07] 还未完成转向!
[0m[ INFO] [1789878787.348261709]: 1 points is not droped, 3.7115, 7.0034, -1.5708, 2, 3.7549, 6.9865, -2.1523[0m
[2026-09-20 12:33:07] 控制路径段: 起点索引=2, 提取点数=1
[2026-09-20 12:33:07] 避障检测路径段: 起点索引=2, 提取点数=40
[2026-09-20 12:33:07] 当前避障路径段长度为：40
避障轨迹最近点索引为：2
[0m[ INFO] [1789878787.401737224]: local_x: 0.0010, local_y: -0.0399, gear: 2,  error_heading: -0.5510[0m
[2026-09-20 12:33:07] 还未完成转向!
[0m[ INFO] [1789878787.448990694]: 1 points is not droped, 3.7115, 7.0034, -1.5708, 2, 3.7460, 6.9833, -2.1218[0m
[2026-09-20 12:33:07] 控制路径段: 起点索引=2, 提取点数=1
[2026-09-20 12:33:07] 避障检测路径段: 起点索引=2, 提取点数=40
[2026-09-20 12:33:07] 当前避障路径段长度为：40
避障轨迹最近点索引为：2
[0m[ INFO] [1789878787.502017277]: local_x: -0.0020, local_y: -0.0387, gear: 2,  error_heading: -0.5128[0m
[2026-09-20 12:33:07] 还未完成转向!
[0m[ INFO] [1789878787.548434065]: 1 points is not droped, 3.7115, 7.0034, -1.5708, 2, 3.7442, 6.9827, -2.0836[0m
[2026-09-20 12:33:07] 控制路径段: 起点索引=2, 提取点数=1
[2026-09-20 12:33:07] 避障检测路径段: 起点索引=2, 提取点数=40
[2026-09-20 12:33:07] 当前避障路径段长度为：40
避障轨迹最近点索引为：2
[0m[ INFO] [1789878787.601694347]: local_x: -0.0027, local_y: -0.0379, gear: 2,  error_heading: -0.4741[0m
[2026-09-20 12:33:07] 还未完成转向!
[0m[ INFO] [1789878787.648332386]: 1 points is not droped, 3.7115, 7.0034, -1.5708, 2, 3.7440, 6.9837, -2.0449[0m
[2026-09-20 12:33:07] 控制路径段: 起点索引=2, 提取点数=1
[2026-09-20 12:33:07] 避障检测路径段: 起点索引=2, 提取点数=40
[2026-09-20 12:33:07] 当前避障路径段长度为：40
避障轨迹最近点索引为：2
[0m[ INFO] [1789878787.701756477]: local_x: -0.0051, local_y: -0.0380, gear: 2,  error_heading: -0.4282[0m
[2026-09-20 12:33:07] 还未完成转向!
[0m[ INFO] [1789878787.748411732]: 1 points is not droped, 3.7115, 7.0034, -1.5708, 2, 3.7439, 6.9830, -1.9990[0m
[2026-09-20 12:33:07] 控制路径段: 起点索引=2, 提取点数=1
[2026-09-20 12:33:07] 避障检测路径段: 起点索引=2, 提取点数=40
[2026-09-20 12:33:07] 当前避障路径段长度为：40
避障轨迹最近点索引为：2
[0m[ INFO] [1789878787.803444864]: local_x: -0.0071, local_y: -0.0370, gear: 2,  error_heading: -0.3642[0m
[2026-09-20 12:33:07] 还未完成转向!
[0m[ INFO] [1789878787.848217380]: 1 points is not droped, 3.7115, 7.0034, -1.5708, 2, 3.7435, 6.9835, -1.9349[0m
[2026-09-20 12:33:07] 控制路径段: 起点索引=2, 提取点数=1
[2026-09-20 12:33:07] 避障检测路径段: 起点索引=2, 提取点数=40
[2026-09-20 12:33:07] 当前避障路径段长度为：40
避障轨迹最近点索引为：2
[0m[ INFO] [1789878787.901867329]: local_x: -0.0082, local_y: -0.0369, gear: 2,  error_heading: -0.3412[0m
[2026-09-20 12:33:07] 还未完成转向!
[0m[ INFO] [1789878787.948252725]: 1 points is not droped, 3.7115, 7.0034, -1.5708, 2, 3.7435, 6.9833, -1.9120[0m
[2026-09-20 12:33:07] 控制路径段: 起点索引=2, 提取点数=1
[2026-09-20 12:33:07] 避障检测路径段: 起点索引=2, 提取点数=40
[2026-09-20 12:33:07] 当前避障路径段长度为：40
避障轨迹最近点索引为：2
[0m[ INFO] [1789878788.001870291]: local_x: -0.0093, local_y: -0.0362, gear: 2,  error_heading: -0.3027[0m
[2026-09-20 12:33:08] 还未完成转向!
[0m[ INFO] [1789878788.048406792]: 1 points is not droped, 3.7115, 7.0034, -1.5708, 2, 3.7432, 6.9837, -1.8735[0m
[2026-09-20 12:33:08] 控制路径段: 起点索引=2, 提取点数=1
[2026-09-20 12:33:08] 避障检测路径段: 起点索引=2, 提取点数=40
[2026-09-20 12:33:08] 当前避障路径段长度为：40
避障轨迹最近点索引为：2
[0m[ INFO] [1789878788.101789891]: local_x: -0.0104, local_y: -0.0347, gear: 2,  error_heading: -0.2621[0m
[2026-09-20 12:33:08] 还未完成转向!
[0m[ INFO] [1789878788.148245464]: 1 points is not droped, 3.7115, 7.0034, -1.5708, 2, 3.7423, 6.9843, -1.8329[0m
[2026-09-20 12:33:08] 控制路径段: 起点索引=2, 提取点数=1
[2026-09-20 12:33:08] 避障检测路径段: 起点索引=2, 提取点数=40
[2026-09-20 12:33:08] 当前避障路径段长度为：40
避障轨迹最近点索引为：2
[0m[ INFO] [1789878788.201727412]: local_x: -0.0111, local_y: -0.0340, gear: 2,  error_heading: -0.2228[0m
[2026-09-20 12:33:08] 还未完成转向!
[0m[ INFO] [1789878788.248173256]: 1 points is not droped, 3.7115, 7.0034, -1.5708, 2, 3.7421, 6.9850, -1.7936[0m
[2026-09-20 12:33:08] 控制路径段: 起点索引=2, 提取点数=1
[2026-09-20 12:33:08] 避障检测路径段: 起点索引=2, 提取点数=40
[2026-09-20 12:33:08] 当前避障路径段长度为：40
避障轨迹最近点索引为：2
[0m[ INFO] [1789878788.301798149]: local_x: -0.0119, local_y: -0.0339, gear: 2,  error_heading: -0.2013[0m
[2026-09-20 12:33:08] 还未完成转向!
[0m[ INFO] [1789878788.348201946]: 1 points is not droped, 3.7115, 7.0034, -1.5708, 2, 3.7423, 6.9850, -1.7721[0m
[2026-09-20 12:33:08] 控制路径段: 起点索引=2, 提取点数=1
[2026-09-20 12:33:08] 避障检测路径段: 起点索引=2, 提取点数=40
[2026-09-20 12:33:08] 当前避障路径段长度为：40
避障轨迹最近点索引为：2
[0m[ INFO] [1789878788.402214171]: local_x: -0.0145, local_y: -0.0283, gear: 2,  error_heading: -0.1355[0m
[2026-09-20 12:33:08] 还未完成转向!
[0m[ INFO] [1789878788.448211947]: 1 points is not droped, 3.7115, 7.0034, -1.5708, 2, 3.7376, 6.9852, -1.7063[0m
[2026-09-20 12:33:08] 控制路径段: 起点索引=2, 提取点数=1
[2026-09-20 12:33:08] 避障检测路径段: 起点索引=2, 提取点数=40
[2026-09-20 12:33:08] 当前避障路径段长度为：40
避障轨迹最近点索引为：2
[0m[ INFO] [1789878788.503459961]: local_x: -0.0151, local_y: -0.0262, gear: 2,  error_heading: -0.1043[0m
[2026-09-20 12:33:08] 还未完成转向!
[0m[ INFO] [1789878788.548311037]: 1 points is not droped, 3.7115, 7.0034, -1.5708, 2, 3.7360, 6.9857, -1.6751[0m
[2026-09-20 12:33:08] 控制路径段: 起点索引=2, 提取点数=1
[2026-09-20 12:33:08] 避障检测路径段: 起点索引=2, 提取点数=40
[2026-09-20 12:33:08] 当前避障路径段长度为：40
避障轨迹最近点索引为：2
[0m[ INFO] [1789878788.601821305]: local_x: -0.0167, local_y: -0.0241, gear: 2,  error_heading: -0.0647[0m
[0m[ INFO] [1789878788.649554619]: gear=2 points is droped, 3.7115, 7.0034[0m
[2026-09-20 12:33:08] 转向完成!
[2026-09-20 12:33:08] 新的最近点索引: 3
[2026-09-20 12:33:08] 控制路径段: 起点索引=3, 提取点数=16
[2026-09-20 12:33:08] 避障检测路径段: 起点索引=3, 提取点数=39
[2026-09-20 12:33:08] 当前避障路径段长度为：39
避障轨迹最近点索引为：3
[0m[ INFO] [1789878788.702158990]: local_x: 0.1319, local_y: -0.0200, gear: 1,  error_heading: -0.0296[0m
[0m[ INFO] [1789878788.702222671]: 1 points is not droped, 3.7115, 6.8534, -1.5708, 1, 3.7354, 6.9846, -1.6004[0m
[2026-09-20 12:33:08] 控制路径段: 起点索引=3, 提取点数=16
[2026-09-20 12:33:08] 避障检测路径段: 起点索引=3, 提取点数=39
[2026-09-20 12:33:08] 当前避障路径段长度为：39
避障轨迹最近点索引为：3
[0m[ INFO] [1789878788.801767419]: local_x: 0.1314, local_y: -0.0225, gear: 1,  error_heading: -0.0123[0m
[0m[ INFO] [1789878788.801832348]: 1 points is not droped, 3.7115, 6.8534, -1.5708, 1, 3.7356, 6.9845, -1.5831[0m
[2026-09-20 12:33:08] 控制路径段: 起点索引=3, 提取点数=16
[2026-09-20 12:33:08] 避障检测路径段: 起点索引=3, 提取点数=39
[2026-09-20 12:33:08] 当前避障路径段长度为：39
避障轨迹最近点索引为：3
[0m[ INFO] [1789878788.902149808]: local_x: 0.1302, local_y: -0.0247, gear: 1,  error_heading: -0.0025[0m
[0m[ INFO] [1789878788.902210801]: 1 points is not droped, 3.7115, 6.8534, -1.5708, 1, 3.7365, 6.9835, -1.5733[0m
[2026-09-20 12:33:08] 控制路径段: 起点索引=3, 提取点数=16
[2026-09-20 12:33:08] 避障检测路径段: 起点索引=3, 提取点数=39
[2026-09-20 12:33:08] 当前避障路径段长度为：39
避障轨迹最近点索引为：3
[0m[ INFO] [1789878789.002353956]: local_x: 0.1279, local_y: -0.0212, gear: 1,  error_heading: -0.0145[0m
[0m[ INFO] [1789878789.002426852]: 1 points is not droped, 3.7115, 6.8534, -1.5708, 1, 3.7345, 6.9809, -1.5853[0m
[2026-09-20 12:33:09] 控制路径段: 起点索引=3, 提取点数=16
[2026-09-20 12:33:09] 避障检测路径段: 起点索引=3, 提取点数=39
[2026-09-20 12:33:09] 当前避障路径段长度为：39
避障轨迹最近点索引为：3
[0m[ INFO] [1789878789.102739993]: local_x: 0.1109, local_y: -0.0185, gear: 1,  error_heading: -0.0241[0m
[0m[ INFO] [1789878789.102810905]: 1 points is not droped, 3.7115, 6.8534, -1.5708, 1, 3.7327, 6.9638, -1.5949[0m
[2026-09-20 12:33:09] 控制路径段: 起点索引=3, 提取点数=16
[2026-09-20 12:33:09] 避障检测路径段: 起点索引=3, 提取点数=39
[2026-09-20 12:33:09] 当前避障路径段长度为：39
避障轨迹最近点索引为：3
[0m[ INFO] [1789878789.201730368]: local_x: 0.0858, local_y: -0.0213, gear: 1,  error_heading: -0.0167[0m
[0m[ INFO] [1789878789.201793632]: gear=1 points is droped, 3.7115, 6.8534[0m
[2026-09-20 12:33:09] 新的最近点索引: 4
[2026-09-20 12:33:09] 控制路径段: 起点索引=4, 提取点数=15
[2026-09-20 12:33:09] 避障检测路径段: 起点索引=4, 提取点数=38
[2026-09-20 12:33:09] 当前避障路径段长度为：38
避障轨迹最近点索引为：4
[0m[ INFO] [1789878789.301829074]: local_x: 0.2194, local_y: -0.0220, gear: 1,  error_heading: -0.0153[0m
[0m[ INFO] [1789878789.301904243]: 1 points is not droped, 3.7115, 6.7034, -1.5708, 1, 3.7368, 6.9224, -1.5860[0m
[2026-09-20 12:33:09] 控制路径段: 起点索引=4, 提取点数=15
[2026-09-20 12:33:09] 避障检测路径段: 起点索引=4, 提取点数=38
[2026-09-20 12:33:09] 当前避障路径段长度为：38
避障轨迹最近点索引为：4
[0m[ INFO] [1789878789.401731682]: local_x: 0.1875, local_y: -0.0204, gear: 1,  error_heading: -0.0042[0m
[0m[ INFO] [1789878789.401803267]: 1 points is not droped, 3.7115, 6.7034, -1.5708, 1, 3.7327, 6.8908, -1.5750[0m
[2026-09-20 12:33:09] 控制路径段: 起点索引=4, 提取点数=15
[2026-09-20 12:33:09] 避障检测路径段: 起点索引=4, 提取点数=38
[2026-09-20 12:33:09] 当前避障路径段长度为：38
避障轨迹最近点索引为：4
[0m[ INFO] [1789878789.503198594]: local_x: 0.1498, local_y: -0.0208, gear: 1,  error_heading: -0.0036[0m
[0m[ INFO] [1789878789.503275843]: 1 points is not droped, 3.7115, 6.7034, -1.5708, 1, 3.7328, 6.8531, -1.5744[0m
[2026-09-20 12:33:09] 控制路径段: 起点索引=4, 提取点数=15
[2026-09-20 12:33:09] 避障检测路径段: 起点索引=4, 提取点数=38
[2026-09-20 12:33:09] 当前避障路径段长度为：38
避障轨迹最近点索引为：4
[0m[ INFO] [1789878789.602485452]: local_x: 0.1195, local_y: -0.0210, gear: 1,  error_heading: -0.0012[0m
[0m[ INFO] [1789878789.602748207]: 1 points is not droped, 3.7115, 6.7034, -1.5708, 1, 3.7327, 6.8229, -1.5720[0m
[2026-09-20 12:33:09] 控制路径段: 起点索引=4, 提取点数=15
[2026-09-20 12:33:09] 避障检测路径段: 起点索引=4, 提取点数=38
[2026-09-20 12:33:09] 当前避障路径段长度为：38
避障轨迹最近点索引为：4
[0m[ INFO] [1789878789.701743734]: local_x: 0.0973, local_y: -0.0175, gear: 1,  error_heading: 0.0001[0m
[0m[ INFO] [1789878789.701813623]: gear=1 points is droped, 3.7115, 6.7034[0m
[2026-09-20 12:33:09] 新的最近点索引: 5
[2026-09-20 12:33:09] 控制路径段: 起点索引=5, 提取点数=14
[2026-09-20 12:33:09] 避障检测路径段: 起点索引=5, 提取点数=37
[2026-09-20 12:33:09] 当前避障路径段长度为：37
避障轨迹最近点索引为：5
[0m[ INFO] [1789878789.802478831]: local_x: 0.2183, local_y: -0.0180, gear: 1,  error_heading: 0.0001[0m
[0m[ INFO] [1789878789.802565135]: 1 points is not droped, 3.7115, 6.5534, -1.5708, 1, 3.7295, 6.7717, -1.5707[0m
[2026-09-20 12:33:09] 控制路径段: 起点索引=5, 提取点数=14
[2026-09-20 12:33:09] 避障检测路径段: 起点索引=5, 提取点数=37
[2026-09-20 12:33:09] 当前避障路径段长度为：37
避障轨迹最近点索引为：5
[0m[ INFO] [1789878789.902492736]: local_x: 0.2034, local_y: -0.0181, gear: 1,  error_heading: 0.0007[0m
[0m[ INFO] [1789878789.902553536]: 1 points is not droped, 3.7115, 6.5534, -1.5708, 1, 3.7294, 6.7568, -1.5701[0m
[2026-09-20 12:33:09] 控制路径段: 起点索引=5, 提取点数=14
[2026-09-20 12:33:09] 避障检测路径段: 起点索引=5, 提取点数=37
[2026-09-20 12:33:09] 当前避障路径段长度为：37
避障轨迹最近点索引为：5
[0m[ INFO] [1789878790.001734089]: local_x: 0.1671, local_y: -0.0222, gear: 1,  error_heading: 0.0021[0m
[0m[ INFO] [1789878790.001803818]: 1 points is not droped, 3.7115, 6.5534, -1.5708, 1, 3.7333, 6.7206, -1.5687[0m
[2026-09-20 12:33:10] 控制路径段: 起点索引=5, 提取点数=14
[2026-09-20 12:33:10] 避障检测路径段: 起点索引=5, 提取点数=37
[2026-09-20 12:33:10] 当前避障路径段长度为：37
避障轨迹最近点索引为：5
[0m[ INFO] [1789878790.101766075]: local_x: 0.1522, local_y: -0.0228, gear: 1,  error_heading: 0.0021[0m
[0m[ INFO] [1789878790.101829468]: 1 points is not droped, 3.7115, 6.5534, -1.5708, 1, 3.7340, 6.7056, -1.5687[0m
[2026-09-20 12:33:10] 控制路径段: 起点索引=5, 提取点数=14
[2026-09-20 12:33:10] 避障检测路径段: 起点索引=5, 提取点数=37
[2026-09-20 12:33:10] 当前避障路径段长度为：37
避障轨迹最近点索引为：5
[0m[ INFO] [1789878790.201699628]: local_x: 0.1296, local_y: -0.0246, gear: 1,  error_heading: 0.0038[0m
[0m[ INFO] [1789878790.201760460]: 1 points is not droped, 3.7115, 6.5534, -1.5708, 1, 3.7356, 6.6831, -1.5670[0m
[2026-09-20 12:33:10] 控制路径段: 起点索引=5, 提取点数=14
[2026-09-20 12:33:10] 避障检测路径段: 起点索引=5, 提取点数=37
[2026-09-20 12:33:10] 当前避障路径段长度为：37
避障轨迹最近点索引为：5
[0m[ INFO] [1789878790.301690269]: local_x: 0.1152, local_y: -0.0248, gear: 1,  error_heading: 0.0036[0m
[0m[ INFO] [1789878790.301747581]: 1 points is not droped, 3.7115, 6.5534, -1.5708, 1, 3.7359, 6.6687, -1.5672[0m
[2026-09-20 12:33:10] 控制路径段: 起点索引=5, 提取点数=14
[2026-09-20 12:33:10] 避障检测路径段: 起点索引=5, 提取点数=37
[2026-09-20 12:33:10] 当前避障路径段长度为：37
避障轨迹最近点索引为：5
[0m[ INFO] [1789878790.401796815]: local_x: 0.0682, local_y: -0.0213, gear: 1,  error_heading: 0.0007[0m
[0m[ INFO] [1789878790.401861360]: gear=1 points is droped, 3.7115, 6.5534[0m
[2026-09-20 12:33:10] 新的最近点索引: 6
[2026-09-20 12:33:10] 控制路径段: 起点索引=6, 提取点数=13
[2026-09-20 12:33:10] 避障检测路径段: 起点索引=6, 提取点数=36
[2026-09-20 12:33:10] 当前避障路径段长度为：36
避障轨迹最近点索引为：6
[0m[ INFO] [1789878790.501687263]: local_x: 0.2040, local_y: -0.0216, gear: 1,  error_heading: 0.0003[0m
[0m[ INFO] [1789878790.501747808]: 1 points is not droped, 3.7115, 6.4034, -1.5708, 1, 3.7330, 6.6074, -1.5705[0m
[2026-09-20 12:33:10] 控制路径段: 起点索引=6, 提取点数=13
[2026-09-20 12:33:10] 避障检测路径段: 起点索引=6, 提取点数=36
[2026-09-20 12:33:10] 当前避障路径段长度为：36
避障轨迹最近点索引为：6
[0m[ INFO] [1789878790.601697392]: local_x: 0.1819, local_y: -0.0187, gear: 1,  error_heading: 0.0006[0m
[0m[ INFO] [1789878790.601759537]: 1 points is not droped, 3.7115, 6.4034, -1.5708, 1, 3.7301, 6.5853, -1.5702[0m
[2026-09-20 12:33:10] 控制路径段: 起点索引=6, 提取点数=13
[2026-09-20 12:33:10] 避障检测路径段: 起点索引=6, 提取点数=36
[2026-09-20 12:33:10] 当前避障路径段长度为：36
避障轨迹最近点索引为：6
[0m[ INFO] [1789878790.702255463]: local_x: 0.1539, local_y: -0.0185, gear: 1,  error_heading: -0.0003[0m
[0m[ INFO] [1789878790.702334184]: 1 points is not droped, 3.7115, 6.4034, -1.5708, 1, 3.7300, 6.5573, -1.5711[0m
[2026-09-20 12:33:10] 控制路径段: 起点索引=6, 提取点数=13
[2026-09-20 12:33:10] 避障检测路径段: 起点索引=6, 提取点数=36
[2026-09-20 12:33:10] 当前避障路径段长度为：36
避障轨迹最近点索引为：6
[0m[ INFO] [1789878790.804754450]: local_x: 0.1310, local_y: -0.0163, gear: 1,  error_heading: -0.0014[0m
[0m[ INFO] [1789878790.804831506]: 1 points is not droped, 3.7115, 6.4034, -1.5708, 1, 3.7280, 6.5343, -1.5722[0m
[2026-09-20 12:33:10] 控制路径段: 起点索引=6, 提取点数=13
[2026-09-20 12:33:10] 避障检测路径段: 起点索引=6, 提取点数=36
[2026-09-20 12:33:10] 当前避障路径段长度为：36
避障轨迹最近点索引为：6
[0m[ INFO] [1789878790.901712548]: local_x: 0.1046, local_y: -0.0162, gear: 1,  error_heading: -0.0027[0m
[0m[ INFO] [1789878790.901770341]: 1 points is not droped, 3.7115, 6.4034, -1.5708, 1, 3.7280, 6.5080, -1.5735[0m
[2026-09-20 12:33:10] 控制路径段: 起点索引=6, 提取点数=13
[2026-09-20 12:33:10] 避障检测路径段: 起点索引=6, 提取点数=36
[2026-09-20 12:33:10] 当前避障路径段长度为：36
避障轨迹最近点索引为：6
[0m[ INFO] [1789878791.001793974]: local_x: 0.0841, local_y: -0.0154, gear: 1,  error_heading: -0.0033[0m
[0m[ INFO] [1789878791.001913431]: gear=1 points is droped, 3.7115, 6.4034[0m
[2026-09-20 12:33:11] 新的最近点索引: 7
[2026-09-20 12:33:11] 控制路径段: 起点索引=7, 提取点数=12
[2026-09-20 12:33:11] 避障检测路径段: 起点索引=7, 提取点数=35
[2026-09-20 12:33:11] 当前避障路径段长度为：35
避障轨迹最近点索引为：7
[0m[ INFO] [1789878791.101726919]: local_x: 0.2070, local_y: -0.0152, gear: 1,  error_heading: -0.0043[0m
[0m[ INFO] [1789878791.101784903]: 1 points is not droped, 3.7115, 6.2534, -1.5708, 1, 3.7275, 6.4604, -1.5751[0m
[2026-09-20 12:33:11] 控制路径段: 起点索引=7, 提取点数=12
[2026-09-20 12:33:11] 避障检测路径段: 起点索引=7, 提取点数=35
[2026-09-20 12:33:11] 当前避障路径段长度为：35
避障轨迹最近点索引为：7
[0m[ INFO] [1789878791.201696792]: local_x: 0.1898, local_y: -0.0120, gear: 1,  error_heading: -0.0060[0m
[0m[ INFO] [1789878791.201753944]: 1 points is not droped, 3.7115, 6.2534, -1.5708, 1, 3.7246, 6.4431, -1.5768[0m
[2026-09-20 12:33:11] 控制路径段: 起点索引=7, 提取点数=12
[2026-09-20 12:33:11] 避障检测路径段: 起点索引=7, 提取点数=35
[2026-09-20 12:33:11] 当前避障路径段长度为：35
避障轨迹最近点索引为：7
[0m[ INFO] [1789878791.301683721]: local_x: 0.1767, local_y: -0.0121, gear: 1,  error_heading: -0.0067[0m
[0m[ INFO] [1789878791.301745001]: 1 points is not droped, 3.7115, 6.2534, -1.5708, 1, 3.7247, 6.4300, -1.5774[0m
[2026-09-20 12:33:11] 控制路径段: 起点索引=7, 提取点数=12
[2026-09-20 12:33:11] 避障检测路径段: 起点索引=7, 提取点数=35
[2026-09-20 12:33:11] 当前避障路径段长度为：35
避障轨迹最近点索引为：7
[0m[ INFO] [1789878791.401736058]: local_x: 0.1313, local_y: -0.0106, gear: 1,  error_heading: -0.0099[0m
[0m[ INFO] [1789878791.401792891]: 1 points is not droped, 3.7115, 6.2534, -1.5708, 1, 3.7234, 6.3846, -1.5807[0m
[2026-09-20 12:33:11] 控制路径段: 起点索引=7, 提取点数=12
[2026-09-20 12:33:11] 避障检测路径段: 起点索引=7, 提取点数=35
[2026-09-20 12:33:11] 当前避障路径段长度为：35
避障轨迹最近点索引为：7
[0m[ INFO] [1789878791.503124474]: local_x: 0.1185, local_y: -0.0102, gear: 1,  error_heading: -0.0108[0m
[0m[ INFO] [1789878791.503201338]: 1 points is not droped, 3.7115, 6.2534, -1.5708, 1, 3.7230, 6.3718, -1.5816[0m
[2026-09-20 12:33:11] 控制路径段: 起点索引=7, 提取点数=12
[2026-09-20 12:33:11] 避障检测路径段: 起点索引=7, 提取点数=35
[2026-09-20 12:33:11] 当前避障路径段长度为：35
避障轨迹最近点索引为：7
[0m[ INFO] [1789878791.601724093]: local_x: 0.0951, local_y: -0.0090, gear: 1,  error_heading: -0.0130[0m
[0m[ INFO] [1789878791.601788221]: gear=1 points is droped, 3.7115, 6.2534[0m
[2026-09-20 12:33:11] 新的最近点索引: 8
[2026-09-20 12:33:11] 控制路径段: 起点索引=8, 提取点数=11
[2026-09-20 12:33:11] 避障检测路径段: 起点索引=8, 提取点数=34
[2026-09-20 12:33:11] 当前避障路径段长度为：34
避障轨迹最近点索引为：8
[0m[ INFO] [1789878791.701795311]: local_x: 0.2204, local_y: -0.0060, gear: 1,  error_heading: -0.0153[0m
[0m[ INFO] [1789878791.701862575]: 1 points is not droped, 3.7115, 6.1034, -1.5708, 1, 3.7209, 6.3237, -1.5861[0m
[2026-09-20 12:33:11] 控制路径段: 起点索引=8, 提取点数=11
[2026-09-20 12:33:11] 避障检测路径段: 起点索引=8, 提取点数=34
[2026-09-20 12:33:11] 当前避障路径段长度为：34
避障轨迹最近点索引为：8
[0m[ INFO] [1789878791.801726815]: local_x: 0.1958, local_y: -0.0063, gear: 1,  error_heading: -0.0164[0m
[0m[ INFO] [1789878791.801864545]: 1 points is not droped, 3.7115, 6.1034, -1.5708, 1, 3.7209, 6.2991, -1.5872[0m
[2026-09-20 12:33:11] 控制路径段: 起点索引=8, 提取点数=11
[2026-09-20 12:33:11] 避障检测路径段: 起点索引=8, 提取点数=34
[2026-09-20 12:33:11] 当前避障路径段长度为：34
避障轨迹最近点索引为：8
[0m[ INFO] [1789878791.911087214]: local_x: 0.1708, local_y: -0.0057, gear: 1,  error_heading: -0.0179[0m
[0m[ INFO] [1789878791.911143375]: 1 points is not droped, 3.7115, 6.1034, -1.5708, 1, 3.7202, 6.2741, -1.5887[0m
[2026-09-20 12:33:11] 控制路径段: 起点索引=8, 提取点数=11
[2026-09-20 12:33:11] 避障检测路径段: 起点索引=8, 提取点数=34
[2026-09-20 12:33:11] 当前避障路径段长度为：34
避障轨迹最近点索引为：8
[0m[ INFO] [1789878792.001752001]: local_x: 0.1356, local_y: -0.0043, gear: 1,  error_heading: -0.0195[0m
[0m[ INFO] [1789878792.001822626]: 1 points is not droped, 3.7115, 6.1034, -1.5708, 1, 3.7184, 6.2389, -1.5903[0m
[2026-09-20 12:33:12] 控制路径段: 起点索引=8, 提取点数=11
[2026-09-20 12:33:12] 避障检测路径段: 起点索引=8, 提取点数=34
[2026-09-20 12:33:12] 当前避障路径段长度为：34
避障轨迹最近点索引为：8
[0m[ INFO] [1789878792.101906003]: local_x: 0.1156, local_y: -0.0024, gear: 1,  error_heading: -0.0207[0m
[0m[ INFO] [1789878792.102003956]: 1 points is not droped, 3.7115, 6.1034, -1.5708, 1, 3.7163, 6.2189, -1.5915[0m
[2026-09-20 12:33:12] 控制路径段: 起点索引=8, 提取点数=11
[2026-09-20 12:33:12] 避障检测路径段: 起点索引=8, 提取点数=34
[2026-09-20 12:33:12] 当前避障路径段长度为：34
避障轨迹最近点索引为：8
[0m[ INFO] [1789878792.201831811]: local_x: 0.1040, local_y: -0.0015, gear: 1,  error_heading: -0.0203[0m
[0m[ INFO] [1789878792.201912804]: 1 points is not droped, 3.7115, 6.1034, -1.5708, 1, 3.7150, 6.2073, -1.5911[0m
[2026-09-20 12:33:12] 控制路径段: 起点索引=8, 提取点数=11
[2026-09-20 12:33:12] 避障检测路径段: 起点索引=8, 提取点数=34
[2026-09-20 12:33:12] 当前避障路径段长度为：34
避障轨迹最近点索引为：8
[0m[ INFO] [1789878792.301714259]: local_x: 0.0921, local_y: -0.0009, gear: 1,  error_heading: -0.0210[0m
[0m[ INFO] [1789878792.301807860]: gear=1 points is droped, 3.7115, 6.1034[0m
[2026-09-20 12:33:12] 新的最近点索引: 9
[2026-09-20 12:33:12] 控制路径段: 起点索引=9, 提取点数=10
[2026-09-20 12:33:12] 避障检测路径段: 起点索引=9, 提取点数=33
[2026-09-20 12:33:12] 当前避障路径段长度为：33
避障轨迹最近点索引为：9
[0m[ INFO] [1789878792.401800709]: local_x: 0.2090, local_y: 0.0005, gear: 1,  error_heading: -0.0255[0m
[0m[ INFO] [1789878792.401916358]: 1 points is not droped, 3.7115, 5.9534, -1.5708, 1, 3.7163, 6.1623, -1.5963[0m
[2026-09-20 12:33:12] 控制路径段: 起点索引=9, 提取点数=10
[2026-09-20 12:33:12] 避障检测路径段: 起点索引=9, 提取点数=33
[2026-09-20 12:33:12] 当前避障路径段长度为：33
避障轨迹最近点索引为：9
[0m[ INFO] [1789878792.506055584]: local_x: 0.1855, local_y: 0.0018, gear: 1,  error_heading: -0.0269[0m
[0m[ INFO] [1789878792.506159169]: 1 points is not droped, 3.7115, 5.9534, -1.5708, 1, 3.7146, 6.1388, -1.5977[0m
[2026-09-20 12:33:12] 控制路径段: 起点索引=9, 提取点数=10
[2026-09-20 12:33:12] 避障检测路径段: 起点索引=9, 提取点数=33
[2026-09-20 12:33:12] 当前避障路径段长度为：33
避障轨迹最近点索引为：9
[0m[ INFO] [1789878792.601771686]: local_x: 0.1624, local_y: 0.0012, gear: 1,  error_heading: -0.0288[0m
[0m[ INFO] [1789878792.601835399]: 1 points is not droped, 3.7115, 5.9534, -1.5708, 1, 3.7149, 6.1157, -1.5996[0m
[2026-09-20 12:33:12] 控制路径段: 起点索引=9, 提取点数=10
[2026-09-20 12:33:12] 避障检测路径段: 起点索引=9, 提取点数=33
[2026-09-20 12:33:12] 当前避障路径段长度为：33
避障轨迹最近点索引为：9
[0m[ INFO] [1789878792.701775799]: local_x: 0.1361, local_y: 0.0019, gear: 1,  error_heading: -0.0330[0m
[0m[ INFO] [1789878792.701856984]: 1 points is not droped, 3.7115, 5.9534, -1.5708, 1, 3.7141, 6.0894, -1.6038[0m
[2026-09-20 12:33:12] 控制路径段: 起点索引=9, 提取点数=10
[2026-09-20 12:33:12] 避障检测路径段: 起点索引=9, 提取点数=33
[2026-09-20 12:33:12] 当前避障路径段长度为：33
避障轨迹最近点索引为：9
[0m[ INFO] [1789878792.801730599]: local_x: 0.1110, local_y: 0.0061, gear: 1,  error_heading: -0.0352[0m
[0m[ INFO] [1789878792.801795912]: 1 points is not droped, 3.7115, 5.9534, -1.5708, 1, 3.7093, 6.0645, -1.6060[0m
[2026-09-20 12:33:12] 控制路径段: 起点索引=9, 提取点数=10
[2026-09-20 12:33:12] 避障检测路径段: 起点索引=9, 提取点数=33
[2026-09-20 12:33:12] 当前避障路径段长度为：33
避障轨迹最近点索引为：9
[0m[ INFO] [1789878792.901811289]: local_x: 0.0898, local_y: 0.0082, gear: 1,  error_heading: -0.0352[0m
[0m[ INFO] [1789878792.901879322]: gear=1 points is droped, 3.7115, 5.9534[0m
[2026-09-20 12:33:12] 新的最近点索引: 10
[2026-09-20 12:33:12] 控制路径段: 起点索引=10, 提取点数=9
[2026-09-20 12:33:12] 避障检测路径段: 起点索引=10, 提取点数=32
[2026-09-20 12:33:12] 当前避障路径段长度为：32
避障轨迹最近点索引为：10
[0m[ INFO] [1789878793.002176685]: local_x: 0.2102, local_y: 0.0108, gear: 1,  error_heading: -0.0321[0m
[0m[ INFO] [1789878793.002249326]: 1 points is not droped, 3.7115, 5.8034, -1.5708, 1, 3.7074, 6.0138, -1.6029[0m
[2026-09-20 12:33:13] 控制路径段: 起点索引=10, 提取点数=9
[2026-09-20 12:33:13] 避障检测路径段: 起点索引=10, 提取点数=32
[2026-09-20 12:33:13] 当前避障路径段长度为：32
避障轨迹最近点索引为：10
[0m[ INFO] [1789878793.101742426]: local_x: 0.1863, local_y: 0.0114, gear: 1,  error_heading: -0.0326[0m
[0m[ INFO] [1789878793.101804538]: 1 points is not droped, 3.7115, 5.8034, -1.5708, 1, 3.7062, 5.9899, -1.6034[0m
[2026-09-20 12:33:13] 控制路径段: 起点索引=10, 提取点数=9
[2026-09-20 12:33:13] 避障检测路径段: 起点索引=10, 提取点数=32
[2026-09-20 12:33:13] 当前避障路径段长度为：32
避障轨迹最近点索引为：10
[0m[ INFO] [1789878793.201779819]: local_x: 0.1575, local_y: 0.0097, gear: 1,  error_heading: -0.0334[0m
[0m[ INFO] [1789878793.201843148]: 1 points is not droped, 3.7115, 5.8034, -1.5708, 1, 3.7070, 5.9611, -1.6042[0m
[2026-09-20 12:33:13] 控制路径段: 起点索引=10, 提取点数=9
[2026-09-20 12:33:13] 避障检测路径段: 起点索引=10, 提取点数=32
[2026-09-20 12:33:13] 当前避障路径段长度为：32
避障轨迹最近点索引为：10
[0m[ INFO] [1789878793.301740635]: local_x: 0.1451, local_y: 0.0097, gear: 1,  error_heading: -0.0336[0m
[0m[ INFO] [1789878793.301805052]: 1 points is not droped, 3.7115, 5.8034, -1.5708, 1, 3.7067, 5.9487, -1.6044[0m
[2026-09-20 12:33:13] 控制路径段: 起点索引=10, 提取点数=9
[2026-09-20 12:33:13] 避障检测路径段: 起点索引=10, 提取点数=32
[2026-09-20 12:33:13] 当前避障路径段长度为：32
避障轨迹最近点索引为：10
[0m[ INFO] [1789878793.401707148]: local_x: 0.1081, local_y: 0.0133, gear: 1,  error_heading: -0.0329[0m
[0m[ INFO] [1789878793.401765484]: 1 points is not droped, 3.7115, 5.8034, -1.5708, 1, 3.7018, 5.9118, -1.6036[0m
[2026-09-20 12:33:13] 控制路径段: 起点索引=10, 提取点数=9
[2026-09-20 12:33:13] 避障检测路径段: 起点索引=10, 提取点数=32
[2026-09-20 12:33:13] 当前避障路径段长度为：32
避障轨迹最近点索引为：10
[0m[ INFO] [1789878793.501755325]: local_x: 0.0834, local_y: 0.0143, gear: 1,  error_heading: -0.0341[0m
[0m[ INFO] [1789878793.501818750]: gear=1 points is droped, 3.7115, 5.8034[0m
[2026-09-20 12:33:13] 新的最近点索引: 11
[2026-09-20 12:33:13] 控制路径段: 起点索引=11, 提取点数=8
[2026-09-20 12:33:13] 避障检测路径段: 起点索引=11, 提取点数=31
[2026-09-20 12:33:13] 当前避障路径段长度为：31
避障轨迹最近点索引为：11
[0m[ INFO] [1789878793.601731886]: local_x: 0.2083, local_y: 0.0229, gear: 1,  error_heading: -0.0319[0m
[0m[ INFO] [1789878793.601799694]: 1 points is not droped, 3.7115, 5.6534, -1.5708, 1, 3.6953, 5.8623, -1.6027[0m
[2026-09-20 12:33:13] 控制路径段: 起点索引=11, 提取点数=8
[2026-09-20 12:33:13] 避障检测路径段: 起点索引=11, 提取点数=31
[2026-09-20 12:33:13] 当前避障路径段长度为：31
避障轨迹最近点索引为：11
[0m[ INFO] [1789878793.701717790]: local_x: 0.1844, local_y: 0.0235, gear: 1,  error_heading: -0.0326[0m
[0m[ INFO] [1789878793.701778207]: 1 points is not droped, 3.7115, 5.6534, -1.5708, 1, 3.6940, 5.8385, -1.6034[0m
[2026-09-20 12:33:13] 控制路径段: 起点索引=11, 提取点数=8
[2026-09-20 12:33:13] 避障检测路径段: 起点索引=11, 提取点数=31
[2026-09-20 12:33:13] 当前避障路径段长度为：31
避障轨迹最近点索引为：11
[0m[ INFO] [1789878793.801718223]: local_x: 0.1497, local_y: 0.0255, gear: 1,  error_heading: -0.0318[0m
[0m[ INFO] [1789878793.801790384]: 1 points is not droped, 3.7115, 5.6534, -1.5708, 1, 3.6908, 5.8038, -1.6026[0m
[2026-09-20 12:33:13] 控制路径段: 起点索引=11, 提取点数=8
[2026-09-20 12:33:13] 避障检测路径段: 起点索引=11, 提取点数=31
[2026-09-20 12:33:13] 当前避障路径段长度为：31
避障轨迹最近点索引为：11
[0m[ INFO] [1789878793.901751328]: local_x: 0.1375, local_y: 0.0245, gear: 1,  error_heading: -0.0322[0m
[0m[ INFO] [1789878793.901817313]: 1 points is not droped, 3.7115, 5.6534, -1.5708, 1, 3.6914, 5.7916, -1.6029[0m
[2026-09-20 12:33:13] 控制路径段: 起点索引=11, 提取点数=8
[2026-09-20 12:33:13] 避障检测路径段: 起点索引=11, 提取点数=31
[2026-09-20 12:33:13] 当前避障路径段长度为：31
避障轨迹最近点索引为：11
[0m[ INFO] [1789878794.001800530]: local_x: 0.1010, local_y: 0.0261, gear: 1,  error_heading: -0.0314[0m
[0m[ INFO] [1789878794.001873458]: 1 points is not droped, 3.7115, 5.6534, -1.5708, 1, 3.6885, 5.7551, -1.6022[0m
[2026-09-20 12:33:14] 控制路径段: 起点索引=11, 提取点数=8
[2026-09-20 12:33:14] 避障检测路径段: 起点索引=11, 提取点数=31
[2026-09-20 12:33:14] 当前避障路径段长度为：31
避障轨迹最近点索引为：11
[0m[ INFO] [1789878794.101699777]: local_x: 0.0892, local_y: 0.0259, gear: 1,  error_heading: -0.0297[0m
[0m[ INFO] [1789878794.101760802]: gear=1 points is droped, 3.7115, 5.6534[0m
[2026-09-20 12:33:14] 新的最近点索引: 12
[2026-09-20 12:33:14] 控制路径段: 起点索引=12, 提取点数=7
[2026-09-20 12:33:14] 避障检测路径段: 起点索引=12, 提取点数=30
[2026-09-20 12:33:14] 当前避障路径段长度为：30
避障轨迹最近点索引为：12
[0m[ INFO] [1789878794.201729074]: local_x: 0.2009, local_y: 0.0300, gear: 1,  error_heading: -0.0265[0m
[0m[ INFO] [1789878794.201802643]: 1 points is not droped, 3.7115, 5.5034, -1.5708, 1, 3.6868, 5.7050, -1.5973[0m
[2026-09-20 12:33:14] 控制路径段: 起点索引=12, 提取点数=7
[2026-09-20 12:33:14] 避障检测路径段: 起点索引=12, 提取点数=30
[2026-09-20 12:33:14] 当前避障路径段长度为：30
避障轨迹最近点索引为：12
[0m[ INFO] [1789878794.301691363]: local_x: 0.1860, local_y: 0.0299, gear: 1,  error_heading: -0.0234[0m
[0m[ INFO] [1789878794.301749251]: 1 points is not droped, 3.7115, 5.5034, -1.5708, 1, 3.6859, 5.6900, -1.5942[0m
[2026-09-20 12:33:14] 控制路径段: 起点索引=12, 提取点数=7
[2026-09-20 12:33:14] 避障检测路径段: 起点索引=12, 提取点数=30
[2026-09-20 12:33:14] 当前避障路径段长度为：30
避障轨迹最近点索引为：12
[0m[ INFO] [1789878794.401740212]: local_x: 0.1517, local_y: 0.0322, gear: 1,  error_heading: -0.0241[0m
[0m[ INFO] [1789878794.401798901]: 1 points is not droped, 3.7115, 5.5034, -1.5708, 1, 3.6829, 5.6558, -1.5949[0m
[2026-09-20 12:33:14] 控制路径段: 起点索引=12, 提取点数=7
[2026-09-20 12:33:14] 避障检测路径段: 起点索引=12, 提取点数=30
[2026-09-20 12:33:14] 当前避障路径段长度为：30
避障轨迹最近点索引为：12
[0m[ INFO] [1789878794.501800198]: local_x: 0.1394, local_y: 0.0323, gear: 1,  error_heading: -0.0227[0m
[0m[ INFO] [1789878794.501915559]: 1 points is not droped, 3.7115, 5.5034, -1.5708, 1, 3.6823, 5.6434, -1.5935[0m
[2026-09-20 12:33:14] 控制路径段: 起点索引=12, 提取点数=7
[2026-09-20 12:33:14] 避障检测路径段: 起点索引=12, 提取点数=30
[2026-09-20 12:33:14] 当前避障路径段长度为：30
避障轨迹最近点索引为：12
[0m[ INFO] [1789878794.601917912]: local_x: 0.1156, local_y: 0.0324, gear: 1,  error_heading: -0.0200[0m
[0m[ INFO] [1789878794.602308124]: 1 points is not droped, 3.7115, 5.5034, -1.5708, 1, 3.6814, 5.6196, -1.5908[0m
[2026-09-20 12:33:14] 控制路径段: 起点索引=12, 提取点数=7
[2026-09-20 12:33:14] 避障检测路径段: 起点索引=12, 提取点数=30
[2026-09-20 12:33:14] 当前避障路径段长度为：30
避障轨迹最近点索引为：12
[0m[ INFO] [1789878794.701902472]: local_x: 0.0911, local_y: 0.0334, gear: 1,  error_heading: -0.0191[0m
[0m[ INFO] [1789878794.701979145]: gear=1 points is droped, 3.7115, 5.5034[0m
[2026-09-20 12:33:14] 新的最近点索引: 13
[2026-09-20 12:33:14] 控制路径段: 起点索引=13, 提取点数=6
[2026-09-20 12:33:14] 避障检测路径段: 起点索引=13, 提取点数=29
[2026-09-20 12:33:14] 当前避障路径段长度为：29
避障轨迹最近点索引为：13
[0m[ INFO] [1789878794.802032922]: local_x: 0.2188, local_y: 0.0330, gear: 1,  error_heading: -0.0165[0m
[0m[ INFO] [1789878794.802122587]: 1 points is not droped, 3.7115, 5.3534, -1.5708, 1, 3.6821, 5.5727, -1.5873[0m
[2026-09-20 12:33:14] 控制路径段: 起点索引=13, 提取点数=6
[2026-09-20 12:33:14] 避障检测路径段: 起点索引=13, 提取点数=29
[2026-09-20 12:33:14] 当前避障路径段长度为：29
避障轨迹最近点索引为：13
[0m[ INFO] [1789878794.901746344]: local_x: 0.1949, local_y: 0.0330, gear: 1,  error_heading: -0.0148[0m
[0m[ INFO] [1789878794.901816265]: 1 points is not droped, 3.7115, 5.3534, -1.5708, 1, 3.6814, 5.5487, -1.5856[0m
[2026-09-20 12:33:14] 控制路径段: 起点索引=13, 提取点数=6
[2026-09-20 12:33:14] 避障检测路径段: 起点索引=13, 提取点数=29
[2026-09-20 12:33:14] 当前避障路径段长度为：29
避障轨迹最近点索引为：13
[0m[ INFO] [1789878795.001721529]: local_x: 0.1728, local_y: 0.0286, gear: 1,  error_heading: -0.0123[0m
[0m[ INFO] [1789878795.001787929]: 1 points is not droped, 3.7115, 5.3534, -1.5708, 1, 3.6850, 5.5266, -1.5831[0m
[2026-09-20 12:33:15] 控制路径段: 起点索引=13, 提取点数=6
[2026-09-20 12:33:15] 避障检测路径段: 起点索引=13, 提取点数=29
[2026-09-20 12:33:15] 当前避障路径段长度为：29
避障轨迹最近点索引为：13
[0m[ INFO] [1789878795.101702985]: local_x: 0.1501, local_y: 0.0299, gear: 1,  error_heading: -0.0095[0m
[0m[ INFO] [1789878795.101764586]: 1 points is not droped, 3.7115, 5.3534, -1.5708, 1, 3.6830, 5.5037, -1.5803[0m
[2026-09-20 12:33:15] 控制路径段: 起点索引=13, 提取点数=6
[2026-09-20 12:33:15] 避障检测路径段: 起点索引=13, 提取点数=29
[2026-09-20 12:33:15] 当前避障路径段长度为：29
避障轨迹最近点索引为：13
[0m[ INFO] [1789878795.201685978]: local_x: 0.1277, local_y: 0.0254, gear: 1,  error_heading: -0.0064[0m
[0m[ INFO] [1789878795.201743323]: 1 points is not droped, 3.7115, 5.3534, -1.5708, 1, 3.6869, 5.4813, -1.5772[0m
[2026-09-20 12:33:15] 控制路径段: 起点索引=13, 提取点数=6
[2026-09-20 12:33:15] 避障检测路径段: 起点索引=13, 提取点数=29
[2026-09-20 12:33:15] 当前避障路径段长度为：29
避障轨迹最近点索引为：13
[0m[ INFO] [1789878795.301699275]: local_x: 0.1162, local_y: 0.0261, gear: 1,  error_heading: -0.0053[0m
[0m[ INFO] [1789878795.301757292]: 1 points is not droped, 3.7115, 5.3534, -1.5708, 1, 3.6860, 5.4697, -1.5761[0m
[2026-09-20 12:33:15] 控制路径段: 起点索引=13, 提取点数=6
[2026-09-20 12:33:15] 避障检测路径段: 起点索引=13, 提取点数=29
[2026-09-20 12:33:15] 当前避障路径段长度为：29
避障轨迹最近点索引为：13
[0m[ INFO] [1789878795.401735260]: local_x: 0.0815, local_y: 0.0251, gear: 1,  error_heading: -0.0015[0m
[0m[ INFO] [1789878795.401800317]: gear=1 points is droped, 3.7115, 5.3534[0m
[2026-09-20 12:33:15] 新的最近点索引: 14
[2026-09-20 12:33:15] 控制路径段: 起点索引=14, 提取点数=5
[2026-09-20 12:33:15] 避障检测路径段: 起点索引=14, 提取点数=28
[2026-09-20 12:33:15] 当前避障路径段长度为：28
避障轨迹最近点索引为：14
[0m[ INFO] [1789878795.501740749]: local_x: 0.1954, local_y: 0.0239, gear: 1,  error_heading: 0.0022[0m
[0m[ INFO] [1789878795.501808558]: 1 points is not droped, 3.7115, 5.2034, -1.5708, 1, 3.6871, 5.3988, -1.5686[0m
[2026-09-20 12:33:15] 控制路径段: 起点索引=14, 提取点数=5
[2026-09-20 12:33:15] 避障检测路径段: 起点索引=14, 提取点数=28
[2026-09-20 12:33:15] 当前避障路径段长度为：28
避障轨迹最近点索引为：14
[0m[ INFO] [1789878795.601746462]: local_x: 0.1844, local_y: 0.0247, gear: 1,  error_heading: 0.0040[0m
[0m[ INFO] [1789878795.601808127]: 1 points is not droped, 3.7115, 5.2034, -1.5708, 1, 3.6860, 5.3877, -1.5668[0m
[2026-09-20 12:33:15] 控制路径段: 起点索引=14, 提取点数=5
[2026-09-20 12:33:15] 避障检测路径段: 起点索引=14, 提取点数=28
[2026-09-20 12:33:15] 当前避障路径段长度为：28
避障轨迹最近点索引为：14
[0m[ INFO] [1789878795.701846448]: local_x: 0.1638, local_y: 0.0243, gear: 1,  error_heading: 0.0061[0m
[0m[ INFO] [1789878795.701927697]: 1 points is not droped, 3.7115, 5.2034, -1.5708, 1, 3.6861, 5.3670, -1.5647[0m
[2026-09-20 12:33:15] 控制路径段: 起点索引=14, 提取点数=5
[2026-09-20 12:33:15] 避障检测路径段: 起点索引=14, 提取点数=28
[2026-09-20 12:33:15] 当前避障路径段长度为：28
避障轨迹最近点索引为：14
[0m[ INFO] [1789878795.801713183]: local_x: 0.1408, local_y: 0.0262, gear: 1,  error_heading: 0.0083[0m
[0m[ INFO] [1789878795.801790656]: 1 points is not droped, 3.7115, 5.2034, -1.5708, 1, 3.6841, 5.3440, -1.5625[0m
[2026-09-20 12:33:15] 控制路径段: 起点索引=14, 提取点数=5
[2026-09-20 12:33:15] 避障检测路径段: 起点索引=14, 提取点数=28
[2026-09-20 12:33:15] 当前避障路径段长度为：28
避障轨迹最近点索引为：14
[0m[ INFO] [1789878795.901742737]: local_x: 0.1182, local_y: 0.0261, gear: 1,  error_heading: 0.0094[0m
[0m[ INFO] [1789878795.901821042]: 1 points is not droped, 3.7115, 5.2034, -1.5708, 1, 3.6843, 5.3213, -1.5614[0m
[2026-09-20 12:33:15] 控制路径段: 起点索引=14, 提取点数=5
[2026-09-20 12:33:15] 避障检测路径段: 起点索引=14, 提取点数=28
[2026-09-20 12:33:15] 当前避障路径段长度为：28
避障轨迹最近点索引为：14
[0m[ INFO] [1789878796.001771651]: local_x: 0.0847, local_y: 0.0250, gear: 1,  error_heading: 0.0123[0m
[0m[ INFO] [1789878796.001840932]: gear=1 points is droped, 3.7115, 5.2034[0m
[2026-09-20 12:33:16] 新的最近点索引: 15
[2026-09-20 12:33:16] 控制路径段: 起点索引=15, 提取点数=4
[2026-09-20 12:33:16] 避障检测路径段: 起点索引=15, 提取点数=27
[2026-09-20 12:33:16] 当前避障路径段长度为：27
避障轨迹最近点索引为：15
[0m[ INFO] [1789878796.101812534]: local_x: 0.2224, local_y: 0.0254, gear: 1,  error_heading: 0.0143[0m
[0m[ INFO] [1789878796.101890358]: 1 points is not droped, 3.7115, 5.0534, -1.5708, 1, 3.6829, 5.2754, -1.5565[0m
[2026-09-20 12:33:16] 控制路径段: 起点索引=15, 提取点数=4
[2026-09-20 12:33:16] 避障检测路径段: 起点索引=15, 提取点数=27
[2026-09-20 12:33:16] 当前避障路径段长度为：27
避障轨迹最近点索引为：15
[0m[ INFO] [1789878796.201750215]: local_x: 0.1960, local_y: 0.0175, gear: 1,  error_heading: 0.0161[0m
[0m[ INFO] [1789878796.201826024]: 1 points is not droped, 3.7115, 5.0534, -1.5708, 1, 3.6908, 5.2490, -1.5547[0m
[2026-09-20 12:33:16] 控制路径段: 起点索引=15, 提取点数=4
[2026-09-20 12:33:16] 避障检测路径段: 起点索引=15, 提取点数=27
[2026-09-20 12:33:16] 当前避障路径段长度为：27
避障轨迹最近点索引为：15
[0m[ INFO] [1789878796.301728088]: local_x: 0.1837, local_y: 0.0176, gear: 1,  error_heading: 0.0194[0m
[0m[ INFO] [1789878796.301789593]: 1 points is not droped, 3.7115, 5.0534, -1.5708, 1, 3.6903, 5.2367, -1.5514[0m
[2026-09-20 12:33:16] 控制路径段: 起点索引=15, 提取点数=4
[2026-09-20 12:33:16] 避障检测路径段: 起点索引=15, 提取点数=27
[2026-09-20 12:33:16] 当前避障路径段长度为：27
避障轨迹最近点索引为：15
[0m[ INFO] [1789878796.401852236]: local_x: 0.1455, local_y: 0.0090, gear: 1,  error_heading: 0.0235[0m
[0m[ INFO] [1789878796.401937356]: 1 points is not droped, 3.7115, 5.0534, -1.5708, 1, 3.6991, 5.1986, -1.5473[0m
[2026-09-20 12:33:16] 控制路径段: 起点索引=15, 提取点数=4
[2026-09-20 12:33:16] 避障检测路径段: 起点索引=15, 提取点数=27
[2026-09-20 12:33:16] 当前避障路径段长度为：27
避障轨迹最近点索引为：15
[0m[ INFO] [1789878796.501929438]: local_x: 0.1242, local_y: 0.0072, gear: 1,  error_heading: 0.0276[0m
[0m[ INFO] [1789878796.502001599]: 1 points is not droped, 3.7115, 5.0534, -1.5708, 1, 3.7008, 5.1774, -1.5432[0m
[2026-09-20 12:33:16] 控制路径段: 起点索引=15, 提取点数=4
[2026-09-20 12:33:16] 避障检测路径段: 起点索引=15, 提取点数=27
[2026-09-20 12:33:16] 当前避障路径段长度为：27
避障轨迹最近点索引为：15
[0m[ INFO] [1789878796.601833807]: local_x: 0.0898, local_y: 0.0101, gear: 1,  error_heading: 0.0276[0m
[0m[ INFO] [1789878796.601915440]: gear=1 points is droped, 3.7115, 5.0534[0m
[2026-09-20 12:33:16] 新的最近点索引: 16
[2026-09-20 12:33:16] 控制路径段: 起点索引=16, 提取点数=3
[2026-09-20 12:33:16] 避障检测路径段: 起点索引=16, 提取点数=26
[2026-09-20 12:33:16] 当前避障路径段长度为：26
避障轨迹最近点索引为：16
[0m[ INFO] [1789878796.701828513]: local_x: 0.2275, local_y: 0.0060, gear: 1,  error_heading: 0.0292[0m
[0m[ INFO] [1789878796.701902017]: 1 points is not droped, 3.7115, 4.9034, -1.5708, 1, 3.6988, 5.1306, -1.5416[0m
[2026-09-20 12:33:16] 控制路径段: 起点索引=16, 提取点数=3
[2026-09-20 12:33:16] 避障检测路径段: 起点索引=16, 提取点数=26
[2026-09-20 12:33:16] 当前避障路径段长度为：26
避障轨迹最近点索引为：16
[0m[ INFO] [1789878796.801760978]: local_x: 0.1913, local_y: 0.0031, gear: 1,  error_heading: 0.0317[0m
[0m[ INFO] [1789878796.801840723]: 1 points is not droped, 3.7115, 4.9034, -1.5708, 1, 3.7023, 5.0945, -1.5391[0m
[2026-09-20 12:33:16] 控制路径段: 起点索引=16, 提取点数=3
[2026-09-20 12:33:16] 避障检测路径段: 起点索引=16, 提取点数=26
[2026-09-20 12:33:16] 当前避障路径段长度为：26
避障轨迹最近点索引为：16
[0m[ INFO] [1789878796.901693859]: local_x: 0.1694, local_y: 0.0056, gear: 1,  error_heading: 0.0325[0m
[0m[ INFO] [1789878796.901759684]: 1 points is not droped, 3.7115, 4.9034, -1.5708, 1, 3.7004, 5.0725, -1.5383[0m
[2026-09-20 12:33:16] 控制路径段: 起点索引=16, 提取点数=3
[2026-09-20 12:33:16] 避障检测路径段: 起点索引=16, 提取点数=26
[2026-09-20 12:33:16] 当前避障路径段长度为：26
避障轨迹最近点索引为：16
[0m[ INFO] [1789878797.001801430]: local_x: 0.1575, local_y: 0.0050, gear: 1,  error_heading: 0.0321[0m
[0m[ INFO] [1789878797.001873527]: 1 points is not droped, 3.7115, 4.9034, -1.5708, 1, 3.7014, 5.0606, -1.5387[0m
[2026-09-20 12:33:17] 控制路径段: 起点索引=16, 提取点数=3
[2026-09-20 12:33:17] 避障检测路径段: 起点索引=16, 提取点数=26
[2026-09-20 12:33:17] 当前避障路径段长度为：26
避障轨迹最近点索引为：16
[0m[ INFO] [1789878797.101717255]: local_x: 0.1195, local_y: 0.0054, gear: 1,  error_heading: 0.0331[0m
[0m[ INFO] [1789878797.101774279]: 1 points is not droped, 3.7115, 4.9034, -1.5708, 1, 3.7021, 5.0227, -1.5377[0m
[2026-09-20 12:33:17] 控制路径段: 起点索引=16, 提取点数=3
[2026-09-20 12:33:17] 避障检测路径段: 起点索引=16, 提取点数=26
[2026-09-20 12:33:17] 当前避障路径段长度为：26
避障轨迹最近点索引为：16
[0m[ INFO] [1789878797.201721689]: local_x: 0.1069, local_y: 0.0049, gear: 1,  error_heading: 0.0334[0m
[0m[ INFO] [1789878797.201782713]: 1 points is not droped, 3.7115, 4.9034, -1.5708, 1, 3.7030, 5.0101, -1.5374[0m
[2026-09-20 12:33:17] 控制路径段: 起点索引=16, 提取点数=3
[2026-09-20 12:33:17] 避障检测路径段: 起点索引=16, 提取点数=26
[2026-09-20 12:33:17] 当前避障路径段长度为：26
避障轨迹最近点索引为：16
[0m[ INFO] [1789878797.301678538]: local_x: 0.0942, local_y: 0.0042, gear: 1,  error_heading: 0.0326[0m
[0m[ INFO] [1789878797.301733931]: gear=1 points is droped, 3.7115, 4.9034[0m
[2026-09-20 12:33:17] 新的最近点索引: 17
[2026-09-20 12:33:17] 控制路径段: 起点索引=17, 提取点数=2
[2026-09-20 12:33:17] 避障检测路径段: 起点索引=17, 提取点数=25
[2026-09-20 12:33:17] 当前避障路径段长度为：25
避障轨迹最近点索引为：17
[0m[ INFO] [1789878797.401869342]: local_x: 0.1961, local_y: -0.0024, gear: 1,  error_heading: 0.0309[0m
[0m[ INFO] [1789878797.401954591]: 1 points is not droped, 3.7115, 4.7534, -1.5708, 1, 3.7079, 4.9494, -1.5399[0m
[2026-09-20 12:33:17] 控制路径段: 起点索引=17, 提取点数=2
[2026-09-20 12:33:17] 避障检测路径段: 起点索引=17, 提取点数=25
[2026-09-20 12:33:17] 当前避障路径段长度为：25
避障轨迹最近点索引为：17
[0m[ INFO] [1789878797.501751086]: local_x: 0.1844, local_y: -0.0019, gear: 1,  error_heading: 0.0306[0m
[0m[ INFO] [1789878797.501851055]: 1 points is not droped, 3.7115, 4.7534, -1.5708, 1, 3.7078, 4.9377, -1.5402[0m
[2026-09-20 12:33:17] 控制路径段: 起点索引=17, 提取点数=2
[2026-09-20 12:33:17] 避障检测路径段: 起点索引=17, 提取点数=25
[2026-09-20 12:33:17] 当前避障路径段长度为：25
避障轨迹最近点索引为：17
[0m[ INFO] [1789878797.601771616]: local_x: 0.1579, local_y: -0.0007, gear: 1,  error_heading: 0.0293[0m
[0m[ INFO] [1789878797.601841601]: 1 points is not droped, 3.7115, 4.7534, -1.5708, 1, 3.7075, 4.9112, -1.5415[0m
[2026-09-20 12:33:17] 控制路径段: 起点索引=17, 提取点数=2
[2026-09-20 12:33:17] 避障检测路径段: 起点索引=17, 提取点数=25
[2026-09-20 12:33:17] 当前避障路径段长度为：25
避障轨迹最近点索引为：17
[0m[ INFO] [1789878797.701745714]: local_x: 0.1215, local_y: 0.0014, gear: 1,  error_heading: 0.0265[0m
[0m[ INFO] [1789878797.701816403]: 1 points is not droped, 3.7115, 4.7534, -1.5708, 1, 3.7069, 4.8748, -1.5443[0m
[2026-09-20 12:33:17] 控制路径段: 起点索引=17, 提取点数=2
[2026-09-20 12:33:17] 避障检测路径段: 起点索引=17, 提取点数=25
[2026-09-20 12:33:17] 当前避障路径段长度为：25
避障轨迹最近点索引为：17
[0m[ INFO] [1789878797.802563916]: local_x: 0.0979, local_y: 0.0017, gear: 1,  error_heading: 0.0253[0m
[0m[ INFO] [1789878797.802626125]: gear=1 points is droped, 3.7115, 4.7534[0m
[2026-09-20 12:33:17] 新的最近点索引: 18
[2026-09-20 12:33:17] 控制路径段: 起点索引=18, 提取点数=1
[2026-09-20 12:33:17] 避障检测路径段: 起点索引=18, 提取点数=24
[2026-09-20 12:33:17] 当前避障路径段长度为：24
避障轨迹最近点索引为：18
[0m[ INFO] [1789878797.901734038]: local_x: 0.2303, local_y: 0.0017, gear: 2,  error_heading: -0.7621[0m
[2026-09-20 12:33:17] 还未完成转向!
[0m[ INFO] [1789878797.948197291]: 1 points is not droped, 3.7115, 4.6034, -0.7854, 2, 3.7044, 4.8336, -1.5475[0m
[2026-09-20 12:33:17] 控制路径段: 起点索引=18, 提取点数=1
[2026-09-20 12:33:17] 避障检测路径段: 起点索引=18, 提取点数=24
[2026-09-20 12:33:17] 当前避障路径段长度为：24
避障轨迹最近点索引为：18
[0m[ INFO] [1789878798.002604560]: local_x: 0.2155, local_y: 0.0015, gear: 2,  error_heading: -0.7655[0m
[2026-09-20 12:33:18] 还未完成转向!
[0m[ INFO] [1789878798.048123964]: 1 points is not droped, 3.7115, 4.6034, -0.7854, 2, 3.7057, 4.8188, -1.5509[0m
[2026-09-20 12:33:18] 控制路径段: 起点索引=18, 提取点数=1
[2026-09-20 12:33:18] 避障检测路径段: 起点索引=18, 提取点数=24
[2026-09-20 12:33:18] 当前避障路径段长度为：24
避障轨迹最近点索引为：18
[0m[ INFO] [1789878798.101766745]: local_x: 0.2132, local_y: 0.0012, gear: 2,  error_heading: -0.7636[0m
[2026-09-20 12:33:18] 还未完成转向!
[0m[ INFO] [1789878798.148154670]: 1 points is not droped, 3.7115, 4.6034, -0.7854, 2, 3.7056, 4.8165, -1.5490[0m
[2026-09-20 12:33:18] 控制路径段: 起点索引=18, 提取点数=1
[2026-09-20 12:33:18] 避障检测路径段: 起点索引=18, 提取点数=24
[2026-09-20 12:33:18] 当前避障路径段长度为：24
避障轨迹最近点索引为：18
[0m[ INFO] [1789878798.201718987]: local_x: 0.2037, local_y: 0.0019, gear: 2,  error_heading: -0.7665[0m
[2026-09-20 12:33:18] 还未完成转向!
[0m[ INFO] [1789878798.248187552]: 1 points is not droped, 3.7115, 4.6034, -0.7854, 2, 3.7058, 4.8071, -1.5519[0m
[2026-09-20 12:33:18] 控制路径段: 起点索引=18, 提取点数=1
[2026-09-20 12:33:18] 避障检测路径段: 起点索引=18, 提取点数=24
[2026-09-20 12:33:18] 当前避障路径段长度为：24
避障轨迹最近点索引为：18
[0m[ INFO] [1789878798.301707356]: local_x: 0.1956, local_y: -0.0056, gear: 2,  error_heading: -0.7685[0m
[2026-09-20 12:33:18] 还未完成转向!
[0m[ INFO] [1789878798.348131217]: 1 points is not droped, 3.7115, 4.6034, -0.7854, 2, 3.7138, 4.7991, -1.5539[0m
[2026-09-20 12:33:18] 控制路径段: 起点索引=18, 提取点数=1
[2026-09-20 12:33:18] 避障检测路径段: 起点索引=18, 提取点数=24
[2026-09-20 12:33:18] 当前避障路径段长度为：24
避障轨迹最近点索引为：18
[0m[ INFO] [1789878798.401788655]: local_x: 0.1949, local_y: 0.0026, gear: 2,  error_heading: -0.7673[0m
[2026-09-20 12:33:18] 还未完成转向!
[0m[ INFO] [1789878798.448432518]: 1 points is not droped, 3.7115, 4.6034, -0.7854, 2, 3.7053, 4.7982, -1.5527[0m
[2026-09-20 12:33:18] 控制路径段: 起点索引=18, 提取点数=1
[2026-09-20 12:33:18] 避障检测路径段: 起点索引=18, 提取点数=24
[2026-09-20 12:33:18] 当前避障路径段长度为：24
避障轨迹最近点索引为：18
[0m[ INFO] [1789878798.501830113]: local_x: 0.1831, local_y: 0.0020, gear: 2,  error_heading: -0.7689[0m
[2026-09-20 12:33:18] 还未完成转向!
[0m[ INFO] [1789878798.548581017]: 1 points is not droped, 3.7115, 4.6034, -0.7854, 2, 3.7064, 4.7864, -1.5543[0m
[2026-09-20 12:33:18] 控制路径段: 起点索引=18, 提取点数=1
[2026-09-20 12:33:18] 避障检测路径段: 起点索引=18, 提取点数=24
[2026-09-20 12:33:18] 当前避障路径段长度为：24
避障轨迹最近点索引为：18
[0m[ INFO] [1789878798.601785235]: local_x: 0.1767, local_y: 0.0021, gear: 2,  error_heading: -0.7688[0m
[2026-09-20 12:33:18] 还未完成转向!
[0m[ INFO] [1789878798.648189767]: 1 points is not droped, 3.7115, 4.6034, -0.7854, 2, 3.7065, 4.7800, -1.5542[0m
[2026-09-20 12:33:18] 控制路径段: 起点索引=18, 提取点数=1
[2026-09-20 12:33:18] 避障检测路径段: 起点索引=18, 提取点数=24
[2026-09-20 12:33:18] 当前避障路径段长度为：24
避障轨迹最近点索引为：18
[0m[ INFO] [1789878798.701769828]: local_x: 0.1657, local_y: 0.0020, gear: 2,  error_heading: -0.7692[0m
[2026-09-20 12:33:18] 还未完成转向!
[0m[ INFO] [1789878798.748451580]: 1 points is not droped, 3.7115, 4.6034, -0.7854, 2, 3.7068, 4.7690, -1.5546[0m
[2026-09-20 12:33:18] 控制路径段: 起点索引=18, 提取点数=1
[2026-09-20 12:33:18] 避障检测路径段: 起点索引=18, 提取点数=24
[2026-09-20 12:33:18] 当前避障路径段长度为：24
避障轨迹最近点索引为：18
[0m[ INFO] [1789878798.801729974]: local_x: 0.1589, local_y: 0.0022, gear: 2,  error_heading: -0.7697[0m
[2026-09-20 12:33:18] 还未完成转向!
[0m[ INFO] [1789878798.848164395]: 1 points is not droped, 3.7115, 4.6034, -0.7854, 2, 3.7068, 4.7622, -1.5551[0m
[2026-09-20 12:33:18] 控制路径段: 起点索引=18, 提取点数=1
[2026-09-20 12:33:18] 避障检测路径段: 起点索引=18, 提取点数=24
[2026-09-20 12:33:18] 当前避障路径段长度为：24
避障轨迹最近点索引为：18
[0m[ INFO] [1789878798.901740808]: local_x: 0.1463, local_y: 0.0031, gear: 2,  error_heading: -0.7694[0m
[2026-09-20 12:33:18] 还未完成转向!
[0m[ INFO] [1789878798.948130876]: 1 points is not droped, 3.7115, 4.6034, -0.7854, 2, 3.7060, 4.7496, -1.5548[0m
[2026-09-20 12:33:18] 控制路径段: 起点索引=18, 提取点数=1
[2026-09-20 12:33:18] 避障检测路径段: 起点索引=18, 提取点数=24
[2026-09-20 12:33:18] 当前避障路径段长度为：24
避障轨迹最近点索引为：18
[0m[ INFO] [1789878799.001781722]: local_x: 0.1427, local_y: 0.0035, gear: 2,  error_heading: -0.7692[0m
[2026-09-20 12:33:19] 还未完成转向!
[0m[ INFO] [1789878799.048356272]: 1 points is not droped, 3.7115, 4.6034, -0.7854, 2, 3.7057, 4.7460, -1.5546[0m
[2026-09-20 12:33:19] 控制路径段: 起点索引=18, 提取点数=1
[2026-09-20 12:33:19] 避障检测路径段: 起点索引=18, 提取点数=24
[2026-09-20 12:33:19] 当前避障路径段长度为：24
避障轨迹最近点索引为：18
[0m[ INFO] [1789878799.102411442]: local_x: 0.1280, local_y: 0.0051, gear: 2,  error_heading: -0.7676[0m
[2026-09-20 12:33:19] 还未完成转向!
[0m[ INFO] [1789878799.148257377]: 1 points is not droped, 3.7115, 4.6034, -0.7854, 2, 3.7041, 4.7313, -1.5530[0m
[2026-09-20 12:33:19] 控制路径段: 起点索引=18, 提取点数=1
[2026-09-20 12:33:19] 避障检测路径段: 起点索引=18, 提取点数=24
[2026-09-20 12:33:19] 当前避障路径段长度为：24
避障轨迹最近点索引为：18
[0m[ INFO] [1789878799.201766237]: local_x: 0.1208, local_y: 0.0052, gear: 2,  error_heading: -0.7660[0m
[2026-09-20 12:33:19] 还未完成转向!
[0m[ INFO] [1789878799.248213938]: 1 points is not droped, 3.7115, 4.6034, -0.7854, 2, 3.7039, 4.7241, -1.5514[0m
[2026-09-20 12:33:19] 控制路径段: 起点索引=18, 提取点数=1
[2026-09-20 12:33:19] 避障检测路径段: 起点索引=18, 提取点数=24
[2026-09-20 12:33:19] 当前避障路径段长度为：24
避障轨迹最近点索引为：18
[0m[ INFO] [1789878799.301793615]: local_x: 0.1162, local_y: 0.0048, gear: 2,  error_heading: -0.7585[0m
[2026-09-20 12:33:19] 还未完成转向!
[0m[ INFO] [1789878799.348152196]: 1 points is not droped, 3.7115, 4.6034, -0.7854, 2, 3.7035, 4.7194, -1.5439[0m
[2026-09-20 12:33:19] 控制路径段: 起点索引=18, 提取点数=1
[2026-09-20 12:33:19] 避障检测路径段: 起点索引=18, 提取点数=24
[2026-09-20 12:33:19] 当前避障路径段长度为：24
避障轨迹最近点索引为：18
[0m[ INFO] [1789878799.401820578]: local_x: 0.0997, local_y: 0.0043, gear: 2,  error_heading: -0.7578[0m
[2026-09-20 12:33:19] 还未完成转向!
[0m[ INFO] [1789878799.448295383]: 1 points is not droped, 3.7115, 4.6034, -0.7854, 2, 3.7044, 4.7029, -1.5432[0m
[2026-09-20 12:33:19] 控制路径段: 起点索引=18, 提取点数=1
[2026-09-20 12:33:19] 避障检测路径段: 起点索引=18, 提取点数=24
[2026-09-20 12:33:19] 当前避障路径段长度为：24
避障轨迹最近点索引为：18
[0m[ INFO] [1789878799.501708178]: local_x: 0.0925, local_y: 0.0035, gear: 2,  error_heading: -0.7502[0m
[2026-09-20 12:33:19] 还未完成转向!
[0m[ INFO] [1789878799.548243688]: 1 points is not droped, 3.7115, 4.6034, -0.7854, 2, 3.7047, 4.6957, -1.5356[0m
[2026-09-20 12:33:19] 控制路径段: 起点索引=18, 提取点数=1
[2026-09-20 12:33:19] 避障检测路径段: 起点索引=18, 提取点数=24
[2026-09-20 12:33:19] 当前避障路径段长度为：24
避障轨迹最近点索引为：18
[0m[ INFO] [1789878799.601976455]: local_x: 0.0820, local_y: 0.0032, gear: 2,  error_heading: -0.7362[0m
[2026-09-20 12:33:19] 还未完成转向!
[0m[ INFO] [1789878799.648252570]: 1 points is not droped, 3.7115, 4.6034, -0.7854, 2, 3.7042, 4.6851, -1.5215[0m
[2026-09-20 12:33:19] 控制路径段: 起点索引=18, 提取点数=1
[2026-09-20 12:33:19] 避障检测路径段: 起点索引=18, 提取点数=24
[2026-09-20 12:33:19] 当前避障路径段长度为：24
避障轨迹最近点索引为：18
[0m[ INFO] [1789878799.701755478]: local_x: 0.0748, local_y: 0.0027, gear: 2,  error_heading: -0.7272[0m
[2026-09-20 12:33:19] 还未完成转向!
[0m[ INFO] [1789878799.748550703]: 1 points is not droped, 3.7115, 4.6034, -0.7854, 2, 3.7044, 4.6779, -1.5126[0m
[2026-09-20 12:33:19] 控制路径段: 起点索引=18, 提取点数=1
[2026-09-20 12:33:19] 避障检测路径段: 起点索引=18, 提取点数=24
[2026-09-20 12:33:19] 当前避障路径段长度为：24
避障轨迹最近点索引为：18
[0m[ INFO] [1789878799.801755944]: local_x: 0.0687, local_y: 0.0026, gear: 2,  error_heading: -0.7181[0m
[2026-09-20 12:33:19] 还未完成转向!
[0m[ INFO] [1789878799.848210590]: 1 points is not droped, 3.7115, 4.6034, -0.7854, 2, 3.7043, 4.6717, -1.5035[0m
[2026-09-20 12:33:19] 控制路径段: 起点索引=18, 提取点数=1
[2026-09-20 12:33:19] 避障检测路径段: 起点索引=18, 提取点数=24
[2026-09-20 12:33:19] 当前避障路径段长度为：24
避障轨迹最近点索引为：18
[0m[ INFO] [1789878799.902169279]: local_x: 0.0604, local_y: 0.0012, gear: 2,  error_heading: -0.7097[0m
[2026-09-20 12:33:19] 还未完成转向!
[0m[ INFO] [1789878799.948274673]: 1 points is not droped, 3.7115, 4.6034, -0.7854, 2, 3.7057, 4.6636, -1.4951[0m
[2026-09-20 12:33:19] 控制路径段: 起点索引=18, 提取点数=1
[2026-09-20 12:33:19] 避障检测路径段: 起点索引=18, 提取点数=24
[2026-09-20 12:33:19] 当前避障路径段长度为：24
避障轨迹最近点索引为：18
[0m[ INFO] [1789878800.001903311]: local_x: 0.0592, local_y: 0.0008, gear: 2,  error_heading: -0.7049[0m
[2026-09-20 12:33:20] 还未完成转向!
[0m[ INFO] [1789878800.048221380]: 1 points is not droped, 3.7115, 4.6034, -0.7854, 2, 3.7059, 4.6623, -1.4903[0m
[2026-09-20 12:33:20] 控制路径段: 起点索引=18, 提取点数=1
[2026-09-20 12:33:20] 避障检测路径段: 起点索引=18, 提取点数=24
[2026-09-20 12:33:20] 当前避障路径段长度为：24
避障轨迹最近点索引为：18
[0m[ INFO] [1789878800.101757857]: local_x: 0.0670, local_y: 0.0016, gear: 2,  error_heading: -0.6985[0m
[2026-09-20 12:33:20] 还未完成转向!
[0m[ INFO] [1789878800.148214774]: 1 points is not droped, 3.7115, 4.6034, -0.7854, 2, 3.7040, 4.6700, -1.4839[0m
[2026-09-20 12:33:20] 控制路径段: 起点索引=18, 提取点数=1
[2026-09-20 12:33:20] 避障检测路径段: 起点索引=18, 提取点数=24
[2026-09-20 12:33:20] 当前避障路径段长度为：24
避障轨迹最近点索引为：18
[0m[ INFO] [1789878800.201764532]: local_x: 0.0736, local_y: 0.0025, gear: 2,  error_heading: -0.6802[0m
[2026-09-20 12:33:20] 还未完成转向!
[0m[ INFO] [1789878800.248296170]: 1 points is not droped, 3.7115, 4.6034, -0.7854, 2, 3.7013, 4.6763, -1.4656[0m
[2026-09-20 12:33:20] 控制路径段: 起点索引=18, 提取点数=1
[2026-09-20 12:33:20] 避障检测路径段: 起点索引=18, 提取点数=24
[2026-09-20 12:33:20] 当前避障路径段长度为：24
避障轨迹最近点索引为：18
[0m[ INFO] [1789878800.305841328]: local_x: 0.0677, local_y: -0.0036, gear: 2,  error_heading: -0.6378[0m
[2026-09-20 12:33:20] 还未完成转向!
[0m[ INFO] [1789878800.348665569]: 1 points is not droped, 3.7115, 4.6034, -0.7854, 2, 3.7051, 4.6709, -1.4232[0m
[2026-09-20 12:33:20] 控制路径段: 起点索引=18, 提取点数=1
[2026-09-20 12:33:20] 避障检测路径段: 起点索引=18, 提取点数=24
[2026-09-20 12:33:20] 当前避障路径段长度为：24
避障轨迹最近点索引为：18
[0m[ INFO] [1789878800.401920027]: local_x: 0.0816, local_y: -0.0043, gear: 2,  error_heading: -0.5828[0m
[2026-09-20 12:33:20] 还未完成转向!
[0m[ INFO] [1789878800.448774549]: 1 points is not droped, 3.7115, 4.6034, -0.7854, 2, 3.6992, 4.6842, -1.3682[0m
[2026-09-20 12:33:20] 控制路径段: 起点索引=18, 提取点数=1
[2026-09-20 12:33:20] 避障检测路径段: 起点索引=18, 提取点数=24
[2026-09-20 12:33:20] 当前避障路径段长度为：24
避障轨迹最近点索引为：18
[0m[ INFO] [1789878800.501825197]: local_x: 0.0806, local_y: -0.0078, gear: 2,  error_heading: -0.5262[0m
[2026-09-20 12:33:20] 还未完成转向!
[0m[ INFO] [1789878800.548573381]: 1 points is not droped, 3.7115, 4.6034, -0.7854, 2, 3.6983, 4.6833, -1.3115[0m
[2026-09-20 12:33:20] 控制路径段: 起点索引=18, 提取点数=1
[2026-09-20 12:33:20] 避障检测路径段: 起点索引=18, 提取点数=24
[2026-09-20 12:33:20] 当前避障路径段长度为：24
避障轨迹最近点索引为：18
[0m[ INFO] [1789878800.606437646]: local_x: 0.0832, local_y: -0.0098, gear: 2,  error_heading: -0.4894[0m
[2026-09-20 12:33:20] 还未完成转向!
[0m[ INFO] [1789878800.648391862]: 1 points is not droped, 3.7115, 4.6034, -0.7854, 2, 3.6966, 4.6858, -1.2748[0m
[2026-09-20 12:33:20] 控制路径段: 起点索引=18, 提取点数=1
[2026-09-20 12:33:20] 避障检测路径段: 起点索引=18, 提取点数=24
[2026-09-20 12:33:20] 当前避障路径段长度为：24
避障轨迹最近点索引为：18
[0m[ INFO] [1789878800.701751410]: local_x: 0.0806, local_y: -0.0108, gear: 2,  error_heading: -0.4552[0m
[2026-09-20 12:33:20] 还未完成转向!
[0m[ INFO] [1789878800.748367273]: 1 points is not droped, 3.7115, 4.6034, -0.7854, 2, 3.6955, 4.6832, -1.2406[0m
[2026-09-20 12:33:20] 控制路径段: 起点索引=18, 提取点数=1
[2026-09-20 12:33:20] 避障检测路径段: 起点索引=18, 提取点数=24
[2026-09-20 12:33:20] 当前避障路径段长度为：24
避障轨迹最近点索引为：18
[0m[ INFO] [1789878800.807449470]: local_x: 0.0819, local_y: -0.0140, gear: 2,  error_heading: -0.4117[0m
[2026-09-20 12:33:20] 还未完成转向!
[0m[ INFO] [1789878800.848703711]: 1 points is not droped, 3.7115, 4.6034, -0.7854, 2, 3.6946, 4.6847, -1.1971[0m
[2026-09-20 12:33:20] 控制路径段: 起点索引=18, 提取点数=1
[2026-09-20 12:33:20] 避障检测路径段: 起点索引=18, 提取点数=24
[2026-09-20 12:33:20] 当前避障路径段长度为：24
避障轨迹最近点索引为：18
[0m[ INFO] [1789878800.903032292]: local_x: 0.0781, local_y: -0.0175, gear: 2,  error_heading: -0.3680[0m
[2026-09-20 12:33:20] 还未完成转向!
[0m[ INFO] [1789878800.948534000]: 1 points is not droped, 3.7115, 4.6034, -0.7854, 2, 3.6958, 4.6819, -1.1534[0m
[2026-09-20 12:33:20] 控制路径段: 起点索引=18, 提取点数=1
[2026-09-20 12:33:20] 避障检测路径段: 起点索引=18, 提取点数=24
[2026-09-20 12:33:20] 当前避障路径段长度为：24
避障轨迹最近点索引为：18
[0m[ INFO] [1789878801.009866524]: local_x: 0.0791, local_y: -0.0195, gear: 2,  error_heading: -0.3297[0m
[2026-09-20 12:33:21] 还未完成转向!
[0m[ INFO] [1789878801.050035026]: 1 points is not droped, 3.7115, 4.6034, -0.7854, 2, 3.6941, 4.6830, -1.1151[0m
[2026-09-20 12:33:21] 控制路径段: 起点索引=18, 提取点数=1
[2026-09-20 12:33:21] 避障检测路径段: 起点索引=18, 提取点数=24
[2026-09-20 12:33:21] 当前避障路径段长度为：24
避障轨迹最近点索引为：18
[0m[ INFO] [1789878801.120850014]: local_x: 0.0758, local_y: -0.0221, gear: 2,  error_heading: -0.3001[0m
[2026-09-20 12:33:21] 还未完成转向!
[0m[ INFO] [1789878801.152154651]: 1 points is not droped, 3.7115, 4.6034, -0.7854, 2, 3.6957, 4.6807, -1.0854[0m
[2026-09-20 12:33:21] 控制路径段: 起点索引=18, 提取点数=1
[2026-09-20 12:33:21] 避障检测路径段: 起点索引=18, 提取点数=24
[2026-09-20 12:33:21] 当前避障路径段长度为：24
避障轨迹最近点索引为：18
[0m[ INFO] [1789878801.204050695]: local_x: 0.0775, local_y: -0.0223, gear: 2,  error_heading: -0.2984[0m
[2026-09-20 12:33:21] 还未完成转向!
[0m[ INFO] [1789878801.252407600]: 1 points is not droped, 3.7115, 4.6034, -0.7854, 2, 3.6949, 4.6824, -1.0838[0m
[2026-09-20 12:33:21] 控制路径段: 起点索引=18, 提取点数=1
[2026-09-20 12:33:21] 避障检测路径段: 起点索引=18, 提取点数=24
[2026-09-20 12:33:21] 当前避障路径段长度为：24
避障轨迹最近点索引为：18
[0m[ INFO] [1789878801.303237362]: local_x: 0.0786, local_y: -0.0254, gear: 2,  error_heading: -0.3003[0m
[2026-09-20 12:33:21] 还未完成转向!
[0m[ INFO] [1789878801.348182648]: 1 points is not droped, 3.7115, 4.6034, -0.7854, 2, 3.6973, 4.6847, -1.0857[0m
[2026-09-20 12:33:21] 控制路径段: 起点索引=18, 提取点数=1
[2026-09-20 12:33:21] 避障检测路径段: 起点索引=18, 提取点数=24
[2026-09-20 12:33:21] 当前避障路径段长度为：24
避障轨迹最近点索引为：18
[0m[ INFO] [1789878801.401703317]: local_x: 0.0651, local_y: -0.0475, gear: 2,  error_heading: -0.3361[0m
[2026-09-20 12:33:21] 还未完成转向!
[0m[ INFO] [1789878801.448396045]: 1 points is not droped, 3.7115, 4.6034, -0.7854, 2, 3.7260, 4.6827, -1.1215[0m
[2026-09-20 12:33:21] 控制路径段: 起点索引=18, 提取点数=1
[2026-09-20 12:33:21] 避障检测路径段: 起点索引=18, 提取点数=24
[2026-09-20 12:33:21] 当前避障路径段长度为：24
避障轨迹最近点索引为：18
[0m[ INFO] [1789878801.501729128]: local_x: 0.0595, local_y: -0.0407, gear: 2,  error_heading: -0.3934[0m
[2026-09-20 12:33:21] 还未完成转向!
[0m[ INFO] [1789878801.548501473]: 1 points is not droped, 3.7115, 4.6034, -0.7854, 2, 3.7263, 4.6740, -1.1788[0m
[2026-09-20 12:33:21] 控制路径段: 起点索引=18, 提取点数=1
[2026-09-20 12:33:21] 避障检测路径段: 起点索引=18, 提取点数=24
[2026-09-20 12:33:21] 当前避障路径段长度为：24
避障轨迹最近点索引为：18
[0m[ INFO] [1789878801.601787292]: local_x: 0.0574, local_y: -0.0368, gear: 2,  error_heading: -0.4507[0m
[2026-09-20 12:33:21] 还未完成转向!
[0m[ INFO] [1789878801.649220379]: 1 points is not droped, 3.7115, 4.6034, -0.7854, 2, 3.7274, 4.6697, -1.2361[0m
[2026-09-20 12:33:21] 控制路径段: 起点索引=18, 提取点数=1
[2026-09-20 12:33:21] 避障检测路径段: 起点索引=18, 提取点数=24
[2026-09-20 12:33:21] 当前避障路径段长度为：24
避障轨迹最近点索引为：18
[0m[ INFO] [1789878801.701768815]: local_x: 0.0522, local_y: -0.0180, gear: 2,  error_heading: -0.4618[0m
[2026-09-20 12:33:21] 还未完成转向!
[0m[ INFO] [1789878801.748335557]: 1 points is not droped, 3.7115, 4.6034, -0.7854, 2, 3.7119, 4.6585, -1.2472[0m
[2026-09-20 12:33:21] 控制路径段: 起点索引=18, 提取点数=1
[2026-09-20 12:33:21] 避障检测路径段: 起点索引=18, 提取点数=24
[2026-09-20 12:33:21] 当前避障路径段长度为：24
避障轨迹最近点索引为：18
[0m[ INFO] [1789878801.801716321]: local_x: 0.0514, local_y: -0.0260, gear: 2,  error_heading: -0.4462[0m
[2026-09-20 12:33:21] 还未完成转向!
[0m[ INFO] [1789878801.848697340]: 1 points is not droped, 3.7115, 4.6034, -0.7854, 2, 3.7189, 4.6605, -1.2316[0m
[2026-09-20 12:33:21] 控制路径段: 起点索引=18, 提取点数=1
[2026-09-20 12:33:21] 避障检测路径段: 起点索引=18, 提取点数=24
[2026-09-20 12:33:21] 当前避障路径段长度为：24
避障轨迹最近点索引为：18
[0m[ INFO] [1789878801.901707956]: local_x: 0.0507, local_y: -0.0203, gear: 2,  error_heading: -0.4360[0m
[2026-09-20 12:33:21] 还未完成转向!
[0m[ INFO] [1789878801.948168265]: 1 points is not droped, 3.7115, 4.6034, -0.7854, 2, 3.7132, 4.6580, -1.2214[0m
[2026-09-20 12:33:21] 控制路径段: 起点索引=18, 提取点数=1
[2026-09-20 12:33:21] 避障检测路径段: 起点索引=18, 提取点数=24
[2026-09-20 12:33:21] 当前避障路径段长度为：24
避障轨迹最近点索引为：18
[0m[ INFO] [1789878802.001765543]: local_x: 0.0501, local_y: -0.0195, gear: 2,  error_heading: -0.4271[0m
[2026-09-20 12:33:22] 还未完成转向!
[0m[ INFO] [1789878802.048374942]: 1 points is not droped, 3.7115, 4.6034, -0.7854, 2, 3.7121, 4.6572, -1.2125[0m
[2026-09-20 12:33:22] 控制路径段: 起点索引=18, 提取点数=1
[2026-09-20 12:33:22] 避障检测路径段: 起点索引=18, 提取点数=24
[2026-09-20 12:33:22] 当前避障路径段长度为：24
避障轨迹最近点索引为：18
[0m[ INFO] [1789878802.101786778]: local_x: 0.0468, local_y: -0.0226, gear: 2,  error_heading: -0.3812[0m
[2026-09-20 12:33:22] 还未完成转向!
[0m[ INFO] [1789878802.148333393]: 1 points is not droped, 3.7115, 4.6034, -0.7854, 2, 3.7139, 4.6553, -1.1666[0m
[2026-09-20 12:33:22] 控制路径段: 起点索引=18, 提取点数=1
[2026-09-20 12:33:22] 避障检测路径段: 起点索引=18, 提取点数=24
[2026-09-20 12:33:22] 当前避障路径段长度为：24
避障轨迹最近点索引为：18
[0m[ INFO] [1789878802.201822221]: local_x: 0.0457, local_y: -0.0279, gear: 2,  error_heading: -0.3583[0m
[2026-09-20 12:33:22] 还未完成转向!
[0m[ INFO] [1789878802.248354884]: 1 points is not droped, 3.7115, 4.6034, -0.7854, 2, 3.7179, 4.6566, -1.1437[0m
[2026-09-20 12:33:22] 控制路径段: 起点索引=18, 提取点数=1
[2026-09-20 12:33:22] 避障检测路径段: 起点索引=18, 提取点数=24
[2026-09-20 12:33:22] 当前避障路径段长度为：24
避障轨迹最近点索引为：18
[0m[ INFO] [1789878802.301690207]: local_x: 0.0450, local_y: -0.0316, gear: 2,  error_heading: -0.3348[0m
[2026-09-20 12:33:22] 还未完成转向!
[0m[ INFO] [1789878802.348100308]: 1 points is not droped, 3.7115, 4.6034, -0.7854, 2, 3.7203, 4.6576, -1.1202[0m
[2026-09-20 12:33:22] 控制路径段: 起点索引=18, 提取点数=1
[2026-09-20 12:33:22] 避障检测路径段: 起点索引=18, 提取点数=24
[2026-09-20 12:33:22] 当前避障路径段长度为：24
避障轨迹最近点索引为：18
[0m[ INFO] [1789878802.401704242]: local_x: 0.0396, local_y: -0.0421, gear: 2,  error_heading: -0.2544[0m
[2026-09-20 12:33:22] 还未完成转向!
[0m[ INFO] [1789878802.448150823]: 1 points is not droped, 3.7115, 4.6034, -0.7854, 2, 3.7277, 4.6588, -1.0398[0m
[2026-09-20 12:33:22] 控制路径段: 起点索引=18, 提取点数=1
[2026-09-20 12:33:22] 避障检测路径段: 起点索引=18, 提取点数=24
[2026-09-20 12:33:22] 当前避障路径段长度为：24
避障轨迹最近点索引为：18
[0m[ INFO] [1789878802.501748197]: local_x: 0.0372, local_y: -0.0426, gear: 2,  error_heading: -0.2261[0m
[2026-09-20 12:33:22] 还未完成转向!
[0m[ INFO] [1789878802.548458269]: 1 points is not droped, 3.7115, 4.6034, -0.7854, 2, 3.7278, 4.6575, -1.0115[0m
[2026-09-20 12:33:22] 控制路径段: 起点索引=18, 提取点数=1
[2026-09-20 12:33:22] 避障检测路径段: 起点索引=18, 提取点数=24
[2026-09-20 12:33:22] 当前避障路径段长度为：24
避障轨迹最近点索引为：18
[0m[ INFO] [1789878802.601761464]: local_x: 0.0356, local_y: -0.0460, gear: 2,  error_heading: -0.2253[0m
[2026-09-20 12:33:22] 还未完成转向!
[0m[ INFO] [1789878802.648252014]: 1 points is not droped, 3.7115, 4.6034, -0.7854, 2, 3.7315, 4.6580, -1.0107[0m
[2026-09-20 12:33:22] 控制路径段: 起点索引=18, 提取点数=1
[2026-09-20 12:33:22] 避障检测路径段: 起点索引=18, 提取点数=24
[2026-09-20 12:33:22] 当前避障路径段长度为：24
避障轨迹最近点索引为：18
[0m[ INFO] [1789878802.701728811]: local_x: 0.0382, local_y: -0.0262, gear: 2,  error_heading: -0.2329[0m
[2026-09-20 12:33:22] 还未完成转向!
[0m[ INFO] [1789878802.748506723]: 1 points is not droped, 3.7115, 4.6034, -0.7854, 2, 3.7137, 4.6496, -1.0183[0m
[2026-09-20 12:33:22] 控制路径段: 起点索引=18, 提取点数=1
[2026-09-20 12:33:22] 避障检测路径段: 起点索引=18, 提取点数=24
[2026-09-20 12:33:22] 当前避障路径段长度为：24
避障轨迹最近点索引为：18
[0m[ INFO] [1789878802.801734333]: local_x: 0.0367, local_y: -0.0268, gear: 2,  error_heading: -0.2194[0m
[2026-09-20 12:33:22] 还未完成转向!
[0m[ INFO] [1789878802.848311156]: 1 points is not droped, 3.7115, 4.6034, -0.7854, 2, 3.7144, 4.6487, -1.0048[0m
[2026-09-20 12:33:22] 控制路径段: 起点索引=18, 提取点数=1
[2026-09-20 12:33:22] 避障检测路径段: 起点索引=18, 提取点数=24
[2026-09-20 12:33:22] 当前避障路径段长度为：24
避障轨迹最近点索引为：18
[0m[ INFO] [1789878802.901767857]: local_x: 0.0345, local_y: -0.0318, gear: 2,  error_heading: -0.1971[0m
[2026-09-20 12:33:22] 还未完成转向!
[0m[ INFO] [1789878802.948115717]: 1 points is not droped, 3.7115, 4.6034, -0.7854, 2, 3.7188, 4.6497, -0.9825[0m
[2026-09-20 12:33:22] 控制路径段: 起点索引=18, 提取点数=1
[2026-09-20 12:33:22] 避障检测路径段: 起点索引=18, 提取点数=24
[2026-09-20 12:33:22] 当前避障路径段长度为：24
避障轨迹最近点索引为：18
[0m[ INFO] [1789878803.001805252]: local_x: 0.0329, local_y: -0.0320, gear: 2,  error_heading: -0.1941[0m
[2026-09-20 12:33:23] 还未完成转向!
[0m[ INFO] [1789878803.048621373]: 1 points is not droped, 3.7115, 4.6034, -0.7854, 2, 3.7197, 4.6486, -0.9795[0m
[2026-09-20 12:33:23] 控制路径段: 起点索引=18, 提取点数=1
[2026-09-20 12:33:23] 避障检测路径段: 起点索引=18, 提取点数=24
[2026-09-20 12:33:23] 当前避障路径段长度为：24
避障轨迹最近点索引为：18
[0m[ INFO] [1789878803.101712246]: local_x: 0.0340, local_y: -0.0283, gear: 2,  error_heading: -0.2044[0m
[2026-09-20 12:33:23] 还未完成转向!
[0m[ INFO] [1789878803.148128363]: 1 points is not droped, 3.7115, 4.6034, -0.7854, 2, 3.7165, 4.6474, -0.9898[0m
[2026-09-20 12:33:23] 控制路径段: 起点索引=18, 提取点数=1
[2026-09-20 12:33:23] 避障检测路径段: 起点索引=18, 提取点数=24
[2026-09-20 12:33:23] 当前避障路径段长度为：24
避障轨迹最近点索引为：18
[0m[ INFO] [1789878803.201698889]: local_x: 0.0339, local_y: -0.0306, gear: 2,  error_heading: -0.2064[0m
[2026-09-20 12:33:23] 还未完成转向!
[0m[ INFO] [1789878803.248148030]: 1 points is not droped, 3.7115, 4.6034, -0.7854, 2, 3.7185, 4.6485, -0.9918[0m
[2026-09-20 12:33:23] 控制路径段: 起点索引=18, 提取点数=1
[2026-09-20 12:33:23] 避障检测路径段: 起点索引=18, 提取点数=24
[2026-09-20 12:33:23] 当前避障路径段长度为：24
避障轨迹最近点索引为：18
[0m[ INFO] [1789878803.301688763]: local_x: 0.0306, local_y: -0.0277, gear: 2,  error_heading: -0.2046[0m
[2026-09-20 12:33:23] 还未完成转向!
[0m[ INFO] [1789878803.348147377]: 1 points is not droped, 3.7115, 4.6034, -0.7854, 2, 3.7179, 4.6441, -0.9900[0m
[2026-09-20 12:33:23] 控制路径段: 起点索引=18, 提取点数=1
[2026-09-20 12:33:23] 避障检测路径段: 起点索引=18, 提取点数=24
[2026-09-20 12:33:23] 当前避障路径段长度为：24
避障轨迹最近点索引为：18
[0m[ INFO] [1789878803.401746991]: local_x: 0.0429, local_y: -0.0132, gear: 2,  error_heading: -0.2024[0m
[2026-09-20 12:33:23] 还未完成转向!
[0m[ INFO] [1789878803.448450439]: 1 points is not droped, 3.7115, 4.6034, -0.7854, 2, 3.6989, 4.6465, -0.9878[0m
[2026-09-20 12:33:23] 控制路径段: 起点索引=18, 提取点数=1
[2026-09-20 12:33:23] 避障检测路径段: 起点索引=18, 提取点数=24
[2026-09-20 12:33:23] 当前避障路径段长度为：24
避障轨迹最近点索引为：18
[0m[ INFO] [1789878803.501679969]: local_x: 0.0433, local_y: -0.0142, gear: 2,  error_heading: -0.2047[0m
[2026-09-20 12:33:23] 还未完成转向!
[0m[ INFO] [1789878803.548214647]: 1 points is not droped, 3.7115, 4.6034, -0.7854, 2, 3.6996, 4.6474, -0.9901[0m
[2026-09-20 12:33:23] 控制路径段: 起点索引=18, 提取点数=1
[2026-09-20 12:33:23] 避障检测路径段: 起点索引=18, 提取点数=24
[2026-09-20 12:33:23] 当前避障路径段长度为：24
避障轨迹最近点索引为：18
[0m[ INFO] [1789878803.601749044]: local_x: 0.0441, local_y: -0.0126, gear: 2,  error_heading: -0.2034[0m
[2026-09-20 12:33:23] 还未完成转向!
[0m[ INFO] [1789878803.648554126]: 1 points is not droped, 3.7115, 4.6034, -0.7854, 2, 3.6977, 4.6472, -0.9888[0m
[2026-09-20 12:33:23] 控制路径段: 起点索引=18, 提取点数=1
[2026-09-20 12:33:23] 避障检测路径段: 起点索引=18, 提取点数=24
[2026-09-20 12:33:23] 当前避障路径段长度为：24
避障轨迹最近点索引为：18
[0m[ INFO] [1789878803.701766759]: local_x: 0.0436, local_y: -0.0131, gear: 2,  error_heading: -0.2028[0m
[2026-09-20 12:33:23] 还未完成转向!
[0m[ INFO] [1789878803.748452255]: 1 points is not droped, 3.7115, 4.6034, -0.7854, 2, 3.6984, 4.6470, -0.9882[0m
[2026-09-20 12:33:23] 控制路径段: 起点索引=18, 提取点数=1
[2026-09-20 12:33:23] 避障检测路径段: 起点索引=18, 提取点数=24
[2026-09-20 12:33:23] 当前避障路径段长度为：24
避障轨迹最近点索引为：18
[0m[ INFO] [1789878803.801863035]: local_x: 0.0448, local_y: -0.0111, gear: 2,  error_heading: -0.2036[0m
[2026-09-20 12:33:23] 还未完成转向!
[0m[ INFO] [1789878803.848257232]: 1 points is not droped, 3.7115, 4.6034, -0.7854, 2, 3.6961, 4.6469, -0.9890[0m
[2026-09-20 12:33:23] 控制路径段: 起点索引=18, 提取点数=1
[2026-09-20 12:33:23] 避障检测路径段: 起点索引=18, 提取点数=24
[2026-09-20 12:33:23] 当前避障路径段长度为：24
避障轨迹最近点索引为：18
[0m[ INFO] [1789878803.901786158]: local_x: 0.0435, local_y: -0.0144, gear: 2,  error_heading: -0.2039[0m
[2026-09-20 12:33:23] 还未完成转向!
[0m[ INFO] [1789878803.948261412]: 1 points is not droped, 3.7115, 4.6034, -0.7854, 2, 3.6996, 4.6477, -0.9893[0m
[2026-09-20 12:33:23] 控制路径段: 起点索引=18, 提取点数=1
[2026-09-20 12:33:23] 避障检测路径段: 起点索引=18, 提取点数=24
[2026-09-20 12:33:23] 当前避障路径段长度为：24
避障轨迹最近点索引为：18
[0m[ INFO] [1789878804.001891746]: local_x: 0.0445, local_y: -0.0125, gear: 2,  error_heading: -0.2037[0m
[2026-09-20 12:33:24] 还未完成转向!
[0m[ INFO] [1789878804.048278775]: 1 points is not droped, 3.7115, 4.6034, -0.7854, 2, 3.6975, 4.6474, -0.9891[0m
[2026-09-20 12:33:24] 控制路径段: 起点索引=18, 提取点数=1
[2026-09-20 12:33:24] 避障检测路径段: 起点索引=18, 提取点数=24
[2026-09-20 12:33:24] 当前避障路径段长度为：24
避障轨迹最近点索引为：18
[0m[ INFO] [1789878804.101728851]: local_x: 0.0440, local_y: -0.0148, gear: 2,  error_heading: -0.2035[0m
[2026-09-20 12:33:24] 还未完成转向!
[0m[ INFO] [1789878804.148327435]: 1 points is not droped, 3.7115, 4.6034, -0.7854, 2, 3.6997, 4.6482, -0.9889[0m
[2026-09-20 12:33:24] 控制路径段: 起点索引=18, 提取点数=1
[2026-09-20 12:33:24] 避障检测路径段: 起点索引=18, 提取点数=24
[2026-09-20 12:33:24] 当前避障路径段长度为：24
避障轨迹最近点索引为：18
[0m[ INFO] [1789878804.201807719]: local_x: 0.0454, local_y: -0.0124, gear: 2,  error_heading: -0.2030[0m
[2026-09-20 12:33:24] 还未完成转向!
[0m[ INFO] [1789878804.248124284]: 1 points is not droped, 3.7115, 4.6034, -0.7854, 2, 3.6969, 4.6481, -0.9884[0m
[2026-09-20 12:33:24] 控制路径段: 起点索引=18, 提取点数=1
[2026-09-20 12:33:24] 避障检测路径段: 起点索引=18, 提取点数=24
[2026-09-20 12:33:24] 当前避障路径段长度为：24
避障轨迹最近点索引为：18
[0m[ INFO] [1789878804.301710810]: local_x: 0.0462, local_y: -0.0101, gear: 2,  error_heading: -0.1956[0m
[2026-09-20 12:33:24] 还未完成转向!
[0m[ INFO] [1789878804.348220592]: 1 points is not droped, 3.7115, 4.6034, -0.7854, 2, 3.6941, 4.6474, -0.9810[0m
[2026-09-20 12:33:24] 控制路径段: 起点索引=18, 提取点数=1
[2026-09-20 12:33:24] 避障检测路径段: 起点索引=18, 提取点数=24
[2026-09-20 12:33:24] 当前避障路径段长度为：24
避障轨迹最近点索引为：18
[0m[ INFO] [1789878804.401738189]: local_x: 0.0441, local_y: -0.0169, gear: 2,  error_heading: -0.1485[0m
[2026-09-20 12:33:24] 还未完成转向!
[0m[ INFO] [1789878804.448232707]: 1 points is not droped, 3.7115, 4.6034, -0.7854, 2, 3.6988, 4.6488, -0.9339[0m
[2026-09-20 12:33:24] 控制路径段: 起点索引=18, 提取点数=1
[2026-09-20 12:33:24] 避障检测路径段: 起点索引=18, 提取点数=24
[2026-09-20 12:33:24] 当前避障路径段长度为：24
避障轨迹最近点索引为：18
[0m[ INFO] [1789878804.501715328]: local_x: 0.0441, local_y: -0.0178, gear: 2,  error_heading: -0.1144[0m
[2026-09-20 12:33:24] 还未完成转向!
[0m[ INFO] [1789878804.548872253]: 1 points is not droped, 3.7115, 4.6034, -0.7854, 2, 3.6980, 4.6490, -0.8998[0m
[2026-09-20 12:33:24] 控制路径段: 起点索引=18, 提取点数=1
[2026-09-20 12:33:24] 避障检测路径段: 起点索引=18, 提取点数=24
[2026-09-20 12:33:24] 当前避障路径段长度为：24
避障轨迹最近点索引为：18
[0m[ INFO] [1789878804.601698195]: local_x: 0.0438, local_y: -0.0176, gear: 2,  error_heading: -0.0888[0m
[2026-09-20 12:33:24] 还未完成转向!
[0m[ INFO] [1789878804.648167337]: 1 points is not droped, 3.7115, 4.6034, -0.7854, 2, 3.6969, 4.6482, -0.8742[0m
[2026-09-20 12:33:24] 控制路径段: 起点索引=18, 提取点数=1
[2026-09-20 12:33:24] 避障检测路径段: 起点索引=18, 提取点数=24
[2026-09-20 12:33:24] 当前避障路径段长度为：24
避障轨迹最近点索引为：18
[0m[ INFO] [1789878804.701798215]: local_x: 0.0431, local_y: -0.0191, gear: 2,  error_heading: -0.0582[0m
[0m[ INFO] [1789878804.748328542]: gear=2 points is droped, 3.7115, 4.6034[0m
[2026-09-20 12:33:24] 转向完成!
[2026-09-20 12:33:24] 新的最近点索引: 19
[2026-09-20 12:33:24] 控制路径段: 起点索引=19, 提取点数=21
[2026-09-20 12:33:24] 避障检测路径段: 起点索引=19, 提取点数=23
[2026-09-20 12:33:24] 当前避障路径段长度为：23
避障轨迹最近点索引为：19
[0m[ INFO] [1789878804.801992380]: local_x: 0.2545, local_y: -0.0148, gear: 1,  error_heading: -0.0270[0m
[0m[ INFO] [1789878804.802178046]: 1 points is not droped, 3.8615, 4.4534, -0.7854, 1, 3.6972, 4.6483, -0.8124[0m
[2026-09-20 12:33:24] 控制路径段: 起点索引=19, 提取点数=21
[2026-09-20 12:33:24] 避障检测路径段: 起点索引=19, 提取点数=23
[2026-09-20 12:33:24] 当前避障路径段长度为：23
避障轨迹最近点索引为：19
[0m[ INFO] [1789878804.901730733]: local_x: 0.2530, local_y: -0.0199, gear: 1,  error_heading: -0.0084[0m
[0m[ INFO] [1789878804.901795437]: 1 points is not droped, 3.8615, 4.4534, -0.7854, 1, 3.6983, 4.6477, -0.7938[0m
[2026-09-20 12:33:24] 控制路径段: 起点索引=19, 提取点数=21
[2026-09-20 12:33:24] 避障检测路径段: 起点索引=19, 提取点数=23
[2026-09-20 12:33:24] 当前避障路径段长度为：23
避障轨迹最近点索引为：19
[0m[ INFO] [1789878805.001783008]: local_x: 0.2535, local_y: -0.0177, gear: 1,  error_heading: -0.0127[0m
[0m[ INFO] [1789878805.001863009]: 1 points is not droped, 3.8615, 4.4534, -0.7854, 1, 3.6972, 4.6472, -0.7981[0m
[2026-09-20 12:33:25] 控制路径段: 起点索引=19, 提取点数=21
[2026-09-20 12:33:25] 避障检测路径段: 起点索引=19, 提取点数=23
[2026-09-20 12:33:25] 当前避障路径段长度为：23
避障轨迹最近点索引为：19
[0m[ INFO] [1789878805.101729235]: local_x: 0.2476, local_y: -0.0164, gear: 1,  error_heading: -0.0195[0m
[0m[ INFO] [1789878805.101799604]: 1 points is not droped, 3.8615, 4.4534, -0.7854, 1, 3.7017, 4.6432, -0.8049[0m
[2026-09-20 12:33:25] 控制路径段: 起点索引=19, 提取点数=21
[2026-09-20 12:33:25] 避障检测路径段: 起点索引=19, 提取点数=23
[2026-09-20 12:33:25] 当前避障路径段长度为：23
避障轨迹最近点索引为：19
[0m[ INFO] [1789878805.201776775]: local_x: 0.2296, local_y: -0.0165, gear: 1,  error_heading: -0.0207[0m
[0m[ INFO] [1789878805.201856647]: 1 points is not droped, 3.8615, 4.4534, -0.7854, 1, 3.7144, 4.6305, -0.8061[0m
[2026-09-20 12:33:25] 控制路径段: 起点索引=19, 提取点数=21
[2026-09-20 12:33:25] 避障检测路径段: 起点索引=19, 提取点数=23
[2026-09-20 12:33:25] 当前避障路径段长度为：23
避障轨迹最近点索引为：19
[0m[ INFO] [1789878805.301698553]: local_x: 0.2167, local_y: -0.0169, gear: 1,  error_heading: -0.0185[0m
[0m[ INFO] [1789878805.301757530]: 1 points is not droped, 3.8615, 4.4534, -0.7854, 1, 3.7233, 4.6212, -0.8039[0m
[2026-09-20 12:33:25] 控制路径段: 起点索引=19, 提取点数=21
[2026-09-20 12:33:25] 避障检测路径段: 起点索引=19, 提取点数=23
[2026-09-20 12:33:25] 当前避障路径段长度为：23
避障轨迹最近点索引为：19
[0m[ INFO] [1789878805.401676940]: local_x: 0.1847, local_y: -0.0206, gear: 1,  error_heading: -0.0088[0m
[0m[ INFO] [1789878805.401736460]: 1 points is not droped, 3.8615, 4.4534, -0.7854, 1, 3.7467, 4.5996, -0.7942[0m
[2026-09-20 12:33:25] 控制路径段: 起点索引=19, 提取点数=21
[2026-09-20 12:33:25] 避障检测路径段: 起点索引=19, 提取点数=23
[2026-09-20 12:33:25] 当前避障路径段长度为：23
避障轨迹最近点索引为：19
[0m[ INFO] [1789878805.501732800]: local_x: 0.1545, local_y: -0.0224, gear: 1,  error_heading: -0.0046[0m
[0m[ INFO] [1789878805.501801248]: 1 points is not droped, 3.8615, 4.4534, -0.7854, 1, 3.7686, 4.5789, -0.7900[0m
[2026-09-20 12:33:25] 控制路径段: 起点索引=19, 提取点数=21
[2026-09-20 12:33:25] 避障检测路径段: 起点索引=19, 提取点数=23
[2026-09-20 12:33:25] 当前避障路径段长度为：23
避障轨迹最近点索引为：19
[0m[ INFO] [1789878805.601722867]: local_x: 0.1315, local_y: -0.0220, gear: 1,  error_heading: -0.0030[0m
[0m[ INFO] [1789878805.601789907]: 1 points is not droped, 3.8615, 4.4534, -0.7854, 1, 3.7843, 4.5622, -0.7884[0m
[2026-09-20 12:33:25] 控制路径段: 起点索引=19, 提取点数=21
[2026-09-20 12:33:25] 避障检测路径段: 起点索引=19, 提取点数=23
[2026-09-20 12:33:25] 当前避障路径段长度为：23
避障轨迹最近点索引为：19
[0m[ INFO] [1789878805.701730150]: local_x: 0.1068, local_y: -0.0196, gear: 1,  error_heading: -0.0017[0m
[0m[ INFO] [1789878805.701794471]: 1 points is not droped, 3.8615, 4.4534, -0.7854, 1, 3.8000, 4.5429, -0.7871[0m
[2026-09-20 12:33:25] 控制路径段: 起点索引=19, 提取点数=21
[2026-09-20 12:33:25] 避障检测路径段: 起点索引=19, 提取点数=23
[2026-09-20 12:33:25] 当前避障路径段长度为：23
避障轨迹最近点索引为：19
[0m[ INFO] [1789878805.801715705]: local_x: 0.0846, local_y: -0.0181, gear: 1,  error_heading: 0.0020[0m
[0m[ INFO] [1789878805.801788090]: gear=1 points is droped, 3.8615, 4.4534[0m
[2026-09-20 12:33:25] 新的最近点索引: 20
[2026-09-20 12:33:25] 控制路径段: 起点索引=20, 提取点数=20
[2026-09-20 12:33:25] 避障检测路径段: 起点索引=20, 提取点数=22
[2026-09-20 12:33:25] 当前避障路径段长度为：22
避障轨迹最近点索引为：20
[0m[ INFO] [1789878805.901706540]: local_x: 0.2736, local_y: -0.0185, gear: 1,  error_heading: 0.0020[0m
[0m[ INFO] [1789878805.901764333]: 1 points is not droped, 4.0115, 4.3034, -0.7854, 1, 3.8306, 4.5096, -0.7834[0m
[2026-09-20 12:33:25] 控制路径段: 起点索引=20, 提取点数=20
[2026-09-20 12:33:25] 避障检测路径段: 起点索引=20, 提取点数=22
[2026-09-20 12:33:25] 当前避障路径段长度为：22
避障轨迹最近点索引为：20
[0m[ INFO] [1789878806.001748256]: local_x: 0.2522, local_y: -0.0195, gear: 1,  error_heading: 0.0028[0m
[0m[ INFO] [1789878806.001816768]: 1 points is not droped, 4.0115, 4.3034, -0.7854, 1, 3.8464, 4.4950, -0.7826[0m
[2026-09-20 12:33:26] 控制路径段: 起点索引=20, 提取点数=20
[2026-09-20 12:33:26] 避障检测路径段: 起点索引=20, 提取点数=22
[2026-09-20 12:33:26] 当前避障路径段长度为：22
避障轨迹最近点索引为：20
[0m[ INFO] [1789878806.101703986]: local_x: 0.2293, local_y: -0.0205, gear: 1,  error_heading: 0.0068[0m
[0m[ INFO] [1789878806.101765107]: 1 points is not droped, 4.0115, 4.3034, -0.7854, 1, 3.8626, 4.4791, -0.7786[0m
[2026-09-20 12:33:26] 控制路径段: 起点索引=20, 提取点数=20
[2026-09-20 12:33:26] 避障检测路径段: 起点索引=20, 提取点数=22
[2026-09-20 12:33:26] 当前避障路径段长度为：22
避障轨迹最近点索引为：20
[0m[ INFO] [1789878806.201690597]: local_x: 0.2089, local_y: -0.0223, gear: 1,  error_heading: 0.0137[0m
[0m[ INFO] [1789878806.201755494]: 1 points is not droped, 4.0115, 4.3034, -0.7854, 1, 3.8773, 4.4651, -0.7717[0m
[2026-09-20 12:33:26] 控制路径段: 起点索引=20, 提取点数=20
[2026-09-20 12:33:26] 避障检测路径段: 起点索引=20, 提取点数=22
[2026-09-20 12:33:26] 当前避障路径段长度为：22
避障轨迹最近点索引为：20
[0m[ INFO] [1789878806.301719097]: local_x: 0.1911, local_y: -0.0299, gear: 1,  error_heading: 0.0233[0m
[0m[ INFO] [1789878806.301783161]: 1 points is not droped, 4.0115, 4.3034, -0.7854, 1, 3.8938, 4.4569, -0.7621[0m
[2026-09-20 12:33:26] 控制路径段: 起点索引=20, 提取点数=20
[2026-09-20 12:33:26] 避障检测路径段: 起点索引=20, 提取点数=22
[2026-09-20 12:33:26] 当前避障路径段长度为：22
避障轨迹最近点索引为：20
[0m[ INFO] [1789878806.401709420]: local_x: 0.1652, local_y: -0.0314, gear: 1,  error_heading: 0.0341[0m
[0m[ INFO] [1789878806.401770796]: 1 points is not droped, 4.0115, 4.3034, -0.7854, 1, 3.9121, 4.4391, -0.7513[0m
[2026-09-20 12:33:26] 控制路径段: 起点索引=20, 提取点数=20
[2026-09-20 12:33:26] 避障检测路径段: 起点索引=20, 提取点数=22
[2026-09-20 12:33:26] 当前避障路径段长度为：22
避障轨迹最近点索引为：20
[0m[ INFO] [1789878806.501689055]: local_x: 0.1387, local_y: -0.0259, gear: 1,  error_heading: 0.0412[0m
[0m[ INFO] [1789878806.501747487]: 1 points is not droped, 4.0115, 4.3034, -0.7854, 1, 3.9270, 4.4164, -0.7442[0m
[2026-09-20 12:33:26] 控制路径段: 起点索引=20, 提取点数=20
[2026-09-20 12:33:26] 避障检测路径段: 起点索引=20, 提取点数=22
[2026-09-20 12:33:26] 当前避障路径段长度为：22
避障轨迹最近点索引为：20
[0m[ INFO] [1789878806.601685650]: local_x: 0.1144, local_y: -0.0269, gear: 1,  error_heading: 0.0403[0m
[0m[ INFO] [1789878806.601746162]: 1 points is not droped, 4.0115, 4.3034, -0.7854, 1, 3.9456, 4.4007, -0.7451[0m
[2026-09-20 12:33:26] 控制路径段: 起点索引=20, 提取点数=20
[2026-09-20 12:33:26] 避障检测路径段: 起点索引=20, 提取点数=22
[2026-09-20 12:33:26] 当前避障路径段长度为：22
避障轨迹最近点索引为：20
[0m[ INFO] [1789878806.701692549]: local_x: 0.0847, local_y: -0.0273, gear: 1,  error_heading: 0.0326[0m
[0m[ INFO] [1789878806.701744966]: gear=1 points is droped, 4.0115, 4.3034[0m
[2026-09-20 12:33:26] 新的最近点索引: 21
[2026-09-20 12:33:26] 控制路径段: 起点索引=21, 提取点数=19
[2026-09-20 12:33:26] 避障检测路径段: 起点索引=21, 提取点数=21
[2026-09-20 12:33:26] 当前避障路径段长度为：21
避障轨迹最近点索引为：21
[0m[ INFO] [1789878806.801670712]: local_x: 0.2723, local_y: -0.0379, gear: 1,  error_heading: 0.0361[0m
[0m[ INFO] [1789878806.801727001]: 1 points is not droped, 4.1615, 4.1534, -0.7854, 1, 3.9879, 4.3666, -0.7493[0m
[2026-09-20 12:33:26] 控制路径段: 起点索引=21, 提取点数=19
[2026-09-20 12:33:26] 避障检测路径段: 起点索引=21, 提取点数=21
[2026-09-20 12:33:26] 当前避障路径段长度为：21
避障轨迹最近点索引为：21
[0m[ INFO] [1789878806.901679211]: local_x: 0.2426, local_y: -0.0375, gear: 1,  error_heading: 0.0308[0m
[0m[ INFO] [1789878806.901741324]: 1 points is not droped, 4.1615, 4.1534, -0.7854, 1, 4.0104, 4.3469, -0.7545[0m
[2026-09-20 12:33:26] 控制路径段: 起点索引=21, 提取点数=19
[2026-09-20 12:33:26] 避障检测路径段: 起点索引=21, 提取点数=21
[2026-09-20 12:33:26] 当前避障路径段长度为：21
避障轨迹最近点索引为：21
[0m[ INFO] [1789878807.001835744]: local_x: 0.2189, local_y: -0.0372, gear: 1,  error_heading: 0.0299[0m
[0m[ INFO] [1789878807.001895745]: 1 points is not droped, 4.1615, 4.1534, -0.7854, 1, 4.0276, 4.3306, -0.7555[0m
[2026-09-20 12:33:27] 控制路径段: 起点索引=21, 提取点数=19
[2026-09-20 12:33:27] 避障检测路径段: 起点索引=21, 提取点数=21
[2026-09-20 12:33:27] 当前避障路径段长度为：21
避障轨迹最近点索引为：21
[0m[ INFO] [1789878807.101679250]: local_x: 0.1974, local_y: -0.0337, gear: 1,  error_heading: 0.0288[0m
[0m[ INFO] [1789878807.101734994]: 1 points is not droped, 4.1615, 4.1534, -0.7854, 1, 4.0410, 4.3134, -0.7566[0m
[2026-09-20 12:33:27] 控制路径段: 起点索引=21, 提取点数=19
[2026-09-20 12:33:27] 避障检测路径段: 起点索引=21, 提取点数=21
[2026-09-20 12:33:27] 当前避障路径段长度为：21
避障轨迹最近点索引为：21
[0m[ INFO] [1789878807.201694533]: local_x: 0.1727, local_y: -0.0334, gear: 1,  error_heading: 0.0274[0m
[0m[ INFO] [1789878807.201754085]: 1 points is not droped, 4.1615, 4.1534, -0.7854, 1, 4.0590, 4.2964, -0.7580[0m
[2026-09-20 12:33:27] 控制路径段: 起点索引=21, 提取点数=19
[2026-09-20 12:33:27] 避障检测路径段: 起点索引=21, 提取点数=21
[2026-09-20 12:33:27] 当前避障路径段长度为：21
避障轨迹最近点索引为：21
[0m[ INFO] [1789878807.301638487]: local_x: 0.1559, local_y: -0.0369, gear: 1,  error_heading: 0.0259[0m
[0m[ INFO] [1789878807.301695000]: 1 points is not droped, 4.1615, 4.1534, -0.7854, 1, 4.0738, 4.2875, -0.7595[0m
[2026-09-20 12:33:27] 控制路径段: 起点索引=21, 提取点数=19
[2026-09-20 12:33:27] 避障检测路径段: 起点索引=21, 提取点数=21
[2026-09-20 12:33:27] 当前避障路径段长度为：21
避障轨迹最近点索引为：21
[0m[ INFO] [1789878807.401703659]: local_x: 0.1213, local_y: -0.0361, gear: 1,  error_heading: 0.0236[0m
[0m[ INFO] [1789878807.401768748]: 1 points is not droped, 4.1615, 4.1534, -0.7854, 1, 4.0986, 4.2632, -0.7618[0m
[2026-09-20 12:33:27] 控制路径段: 起点索引=21, 提取点数=19
[2026-09-20 12:33:27] 避障检测路径段: 起点索引=21, 提取点数=21
[2026-09-20 12:33:27] 当前避障路径段长度为：21
避障轨迹最近点索引为：21
[0m[ INFO] [1789878807.502219716]: local_x: 0.1003, local_y: -0.0325, gear: 1,  error_heading: 0.0227[0m
[0m[ INFO] [1789878807.502298148]: 1 points is not droped, 4.1615, 4.1534, -0.7854, 1, 4.1114, 4.2462, -0.7627[0m
[2026-09-20 12:33:27] 控制路径段: 起点索引=21, 提取点数=19
[2026-09-20 12:33:27] 避障检测路径段: 起点索引=21, 提取点数=21
[2026-09-20 12:33:27] 当前避障路径段长度为：21
避障轨迹最近点索引为：21
[0m[ INFO] [1789878807.602124982]: local_x: 0.0737, local_y: -0.0341, gear: 1,  error_heading: 0.0208[0m
[0m[ INFO] [1789878807.602192662]: gear=1 points is droped, 4.1615, 4.1534[0m
[2026-09-20 12:33:27] 新的最近点索引: 22
[2026-09-20 12:33:27] 控制路径段: 起点索引=22, 提取点数=18
[2026-09-20 12:33:27] 避障检测路径段: 起点索引=22, 提取点数=20
[2026-09-20 12:33:27] 当前避障路径段长度为：20
避障轨迹最近点索引为：22
[0m[ INFO] [1789878807.701726789]: local_x: 0.2657, local_y: -0.0358, gear: 1,  error_heading: 0.0186[0m
[0m[ INFO] [1789878807.701804870]: 1 points is not droped, 4.3115, 4.0034, -0.7854, 1, 4.1450, 4.2135, -0.7667[0m
[2026-09-20 12:33:27] 控制路径段: 起点索引=22, 提取点数=18
[2026-09-20 12:33:27] 避障检测路径段: 起点索引=22, 提取点数=20
[2026-09-20 12:33:27] 当前避障路径段长度为：20
避障轨迹最近点索引为：22
[0m[ INFO] [1789878807.803377609]: local_x: 0.2391, local_y: -0.0382, gear: 1,  error_heading: 0.0169[0m
[0m[ INFO] [1789878807.803459818]: 1 points is not droped, 4.3115, 4.0034, -0.7854, 1, 4.1662, 4.1970, -0.7685[0m
[2026-09-20 12:33:27] 控制路径段: 起点索引=22, 提取点数=18
[2026-09-20 12:33:27] 避障检测路径段: 起点索引=22, 提取点数=20
[2026-09-20 12:33:27] 当前避障路径段长度为：20
避障轨迹最近点索引为：22
[0m[ INFO] [1789878807.901742314]: local_x: 0.2216, local_y: -0.0337, gear: 1,  error_heading: 0.0158[0m
[0m[ INFO] [1789878807.901816139]: 1 points is not droped, 4.3115, 4.0034, -0.7854, 1, 4.1758, 4.1818, -0.7696[0m
[2026-09-20 12:33:27] 控制路径段: 起点索引=22, 提取点数=18
[2026-09-20 12:33:27] 避障检测路径段: 起点索引=22, 提取点数=20
[2026-09-20 12:33:27] 当前避障路径段长度为：20
避障轨迹最近点索引为：22
[0m[ INFO] [1789878808.001689180]: local_x: 0.1948, local_y: -0.0349, gear: 1,  error_heading: 0.0147[0m
[0m[ INFO] [1789878808.001751453]: 1 points is not droped, 4.3115, 4.0034, -0.7854, 1, 4.1960, 4.1641, -0.7707[0m
[2026-09-20 12:33:28] 控制路径段: 起点索引=22, 提取点数=18
[2026-09-20 12:33:28] 避障检测路径段: 起点索引=22, 提取点数=20
[2026-09-20 12:33:28] 当前避障路径段长度为：20
避障轨迹最近点索引为：22
[0m[ INFO] [1789878808.103719875]: local_x: 0.1717, local_y: -0.0324, gear: 1,  error_heading: 0.0143[0m
[0m[ INFO] [1789878808.103817860]: 1 points is not droped, 4.3115, 4.0034, -0.7854, 1, 4.2109, 4.1463, -0.7711[0m
[2026-09-20 12:33:28] 控制路径段: 起点索引=22, 提取点数=18
[2026-09-20 12:33:28] 避障检测路径段: 起点索引=22, 提取点数=20
[2026-09-20 12:33:28] 当前避障路径段长度为：20
避障轨迹最近点索引为：22
[0m[ INFO] [1789878808.201871778]: local_x: 0.1450, local_y: -0.0341, gear: 1,  error_heading: 0.0150[0m
[0m[ INFO] [1789878808.201951491]: 1 points is not droped, 4.3115, 4.0034, -0.7854, 1, 4.2312, 4.1289, -0.7704[0m
[2026-09-20 12:33:28] 控制路径段: 起点索引=22, 提取点数=18
[2026-09-20 12:33:28] 避障检测路径段: 起点索引=22, 提取点数=20
[2026-09-20 12:33:28] 当前避障路径段长度为：20
避障轨迹最近点索引为：22
[0m[ INFO] [1789878808.301783699]: local_x: 0.1314, local_y: -0.0356, gear: 1,  error_heading: 0.0148[0m
[0m[ INFO] [1789878808.301864820]: 1 points is not droped, 4.3115, 4.0034, -0.7854, 1, 4.2420, 4.1205, -0.7706[0m
[2026-09-20 12:33:28] 控制路径段: 起点索引=22, 提取点数=18
[2026-09-20 12:33:28] 避障检测路径段: 起点索引=22, 提取点数=20
[2026-09-20 12:33:28] 当前避障路径段长度为：20
避障轨迹最近点索引为：22
[0m[ INFO] [1789878808.401714181]: local_x: 0.0947, local_y: -0.0359, gear: 1,  error_heading: 0.0145[0m
[0m[ INFO] [1789878808.401774726]: gear=1 points is droped, 4.3115, 4.0034[0m
[2026-09-20 12:33:28] 新的最近点索引: 23
[2026-09-20 12:33:28] 控制路径段: 起点索引=23, 提取点数=17
[2026-09-20 12:33:28] 避障检测路径段: 起点索引=23, 提取点数=19
[2026-09-20 12:33:28] 当前避障路径段长度为：19
避障轨迹最近点索引为：23
[0m[ INFO] [1789878808.501858041]: local_x: 0.2850, local_y: -0.0361, gear: 1,  error_heading: 0.0145[0m
[0m[ INFO] [1789878808.501929785]: 1 points is not droped, 4.4615, 3.8534, -0.7854, 1, 4.2821, 4.0779, -0.7709[0m
[2026-09-20 12:33:28] 控制路径段: 起点索引=23, 提取点数=17
[2026-09-20 12:33:28] 避障检测路径段: 起点索引=23, 提取点数=19
[2026-09-20 12:33:28] 当前避障路径段长度为：19
避障轨迹最近点索引为：23
[0m[ INFO] [1789878808.602835157]: local_x: 0.2572, local_y: -0.0371, gear: 1,  error_heading: 0.0151[0m
[0m[ INFO] [1789878808.602970134]: 1 points is not droped, 4.4615, 3.8534, -0.7854, 1, 4.3027, 4.0591, -0.7703[0m
[2026-09-20 12:33:28] 控制路径段: 起点索引=23, 提取点数=17
[2026-09-20 12:33:28] 避障检测路径段: 起点索引=23, 提取点数=19
[2026-09-20 12:33:28] 当前避障路径段长度为：19
避障轨迹最近点索引为：23
[0m[ INFO] [1789878808.701710299]: local_x: 0.2367, local_y: -0.0359, gear: 1,  error_heading: 0.0141[0m
[0m[ INFO] [1789878808.701772828]: 1 points is not droped, 4.4615, 3.8534, -0.7854, 1, 4.3168, 4.0441, -0.7713[0m
[2026-09-20 12:33:28] 控制路径段: 起点索引=23, 提取点数=17
[2026-09-20 12:33:28] 避障检测路径段: 起点索引=23, 提取点数=19
[2026-09-20 12:33:28] 当前避障路径段长度为：19
避障轨迹最近点索引为：23
[0m[ INFO] [1789878808.801768398]: local_x: 0.2120, local_y: -0.0386, gear: 1,  error_heading: 0.0132[0m
[0m[ INFO] [1789878808.801834415]: 1 points is not droped, 4.4615, 3.8534, -0.7854, 1, 4.3365, 4.0289, -0.7722[0m
[2026-09-20 12:33:28] 控制路径段: 起点索引=23, 提取点数=17
[2026-09-20 12:33:28] 避障检测路径段: 起点索引=23, 提取点数=19
[2026-09-20 12:33:28] 当前避障路径段长度为：19
避障轨迹最近点索引为：23
[0m[ INFO] [1789878808.901749824]: local_x: 0.1978, local_y: -0.0355, gear: 1,  error_heading: 0.0145[0m
[0m[ INFO] [1789878808.901839777]: 1 points is not droped, 4.4615, 3.8534, -0.7854, 1, 4.3444, 4.0166, -0.7709[0m
[2026-09-20 12:33:28] 控制路径段: 起点索引=23, 提取点数=17
[2026-09-20 12:33:28] 避障检测路径段: 起点索引=23, 提取点数=19
[2026-09-20 12:33:28] 当前避障路径段长度为：19
避障轨迹最近点索引为：23
[0m[ INFO] [1789878809.001770419]: local_x: 0.1718, local_y: -0.0386, gear: 1,  error_heading: 0.0155[0m
[0m[ INFO] [1789878809.001851091]: 1 points is not droped, 4.4615, 3.8534, -0.7854, 1, 4.3650, 4.0007, -0.7699[0m
[2026-09-20 12:33:29] 控制路径段: 起点索引=23, 提取点数=17
[2026-09-20 12:33:29] 避障检测路径段: 起点索引=23, 提取点数=19
[2026-09-20 12:33:29] 当前避障路径段长度为：19
避障轨迹最近点索引为：23
[0m[ INFO] [1789878809.101728292]: local_x: 0.1544, local_y: -0.0358, gear: 1,  error_heading: 0.0176[0m
[0m[ INFO] [1789878809.101794437]: 1 points is not droped, 4.4615, 3.8534, -0.7854, 1, 4.3752, 3.9864, -0.7678[0m
[2026-09-20 12:33:29] 控制路径段: 起点索引=23, 提取点数=17
[2026-09-20 12:33:29] 避障检测路径段: 起点索引=23, 提取点数=19
[2026-09-20 12:33:29] 当前避障路径段长度为：19
避障轨迹最近点索引为：23
[0m[ INFO] [1789878809.201719158]: local_x: 0.1310, local_y: -0.0327, gear: 1,  error_heading: 0.0298[0m
[0m[ INFO] [1789878809.201780279]: 1 points is not droped, 4.4615, 3.8534, -0.7854, 1, 4.3885, 3.9670, -0.7556[0m
[2026-09-20 12:33:29] 控制路径段: 起点索引=23, 提取点数=17
[2026-09-20 12:33:29] 避障检测路径段: 起点索引=23, 提取点数=19
[2026-09-20 12:33:29] 当前避障路径段长度为：19
避障轨迹最近点索引为：23
[0m[ INFO] [1789878809.301726185]: local_x: 0.1184, local_y: -0.0332, gear: 1,  error_heading: 0.0339[0m
[0m[ INFO] [1789878809.301792233]: 1 points is not droped, 4.4615, 3.8534, -0.7854, 1, 4.3976, 3.9585, -0.7515[0m
[2026-09-20 12:33:29] 控制路径段: 起点索引=23, 提取点数=17
[2026-09-20 12:33:29] 避障检测路径段: 起点索引=23, 提取点数=19
[2026-09-20 12:33:29] 当前避障路径段长度为：19
避障轨迹最近点索引为：23
[0m[ INFO] [1789878809.406940239]: local_x: 0.0778, local_y: -0.0255, gear: 1,  error_heading: 0.0232[0m
[0m[ INFO] [1789878809.407004976]: gear=1 points is droped, 4.4615, 3.8534[0m
[2026-09-20 12:33:29] 新的最近点索引: 24
[2026-09-20 12:33:29] 控制路径段: 起点索引=24, 提取点数=16
[2026-09-20 12:33:29] 避障检测路径段: 起点索引=24, 提取点数=18
[2026-09-20 12:33:29] 当前避障路径段长度为：18
避障轨迹最近点索引为：24
[0m[ INFO] [1789878809.501759181]: local_x: 0.2620, local_y: -0.0305, gear: 1,  error_heading: 0.0196[0m
[0m[ INFO] [1789878809.501830350]: 1 points is not droped, 4.6115, 3.7034, -0.7854, 1, 4.4437, 3.9070, -0.7658[0m
[2026-09-20 12:33:29] 控制路径段: 起点索引=24, 提取点数=16
[2026-09-20 12:33:29] 避障检测路径段: 起点索引=24, 提取点数=18
[2026-09-20 12:33:29] 当前避障路径段长度为：18
避障轨迹最近点索引为：24
[0m[ INFO] [1789878809.601724863]: local_x: 0.2351, local_y: -0.0287, gear: 1,  error_heading: 0.0158[0m
[0m[ INFO] [1789878809.601789632]: 1 points is not droped, 4.6115, 3.7034, -0.7854, 1, 4.4626, 3.8876, -0.7696[0m
[2026-09-20 12:33:29] 控制路径段: 起点索引=24, 提取点数=16
[2026-09-20 12:33:29] 避障检测路径段: 起点索引=24, 提取点数=18
[2026-09-20 12:33:29] 当前避障路径段长度为：18
避障轨迹最近点索引为：24
[0m[ INFO] [1789878809.701702193]: local_x: 0.2151, local_y: -0.0252, gear: 1,  error_heading: 0.0108[0m
[0m[ INFO] [1789878809.701766834]: 1 points is not droped, 4.6115, 3.7034, -0.7854, 1, 4.4754, 3.8718, -0.7746[0m
[2026-09-20 12:33:29] 控制路径段: 起点索引=24, 提取点数=16
[2026-09-20 12:33:29] 避障检测路径段: 起点索引=24, 提取点数=18
[2026-09-20 12:33:29] 当前避障路径段长度为：18
避障轨迹最近点索引为：24
[0m[ INFO] [1789878809.801744964]: local_x: 0.1888, local_y: -0.0236, gear: 1,  error_heading: 0.0056[0m
[0m[ INFO] [1789878809.801818308]: 1 points is not droped, 4.6115, 3.7034, -0.7854, 1, 4.4938, 3.8529, -0.7798[0m
[2026-09-20 12:33:29] 控制路径段: 起点索引=24, 提取点数=16
[2026-09-20 12:33:29] 避障检测路径段: 起点索引=24, 提取点数=18
[2026-09-20 12:33:29] 当前避障路径段长度为：18
避障轨迹最近点索引为：24
[0m[ INFO] [1789878809.903219077]: local_x: 0.1752, local_y: -0.0212, gear: 1,  error_heading: 0.0039[0m
[0m[ INFO] [1789878809.903288421]: 1 points is not droped, 4.6115, 3.7034, -0.7854, 1, 4.5021, 3.8419, -0.7815[0m
[2026-09-20 12:33:29] 控制路径段: 起点索引=24, 提取点数=16
[2026-09-20 12:33:29] 避障检测路径段: 起点索引=24, 提取点数=18
[2026-09-20 12:33:29] 当前避障路径段长度为：18
避障轨迹最近点索引为：24
[0m[ INFO] [1789878810.001722856]: local_x: 0.1425, local_y: -0.0252, gear: 1,  error_heading: -0.0009[0m
[0m[ INFO] [1789878810.001782536]: 1 points is not droped, 4.6115, 3.7034, -0.7854, 1, 4.5286, 3.8220, -0.7863[0m
[2026-09-20 12:33:30] 控制路径段: 起点索引=24, 提取点数=16
[2026-09-20 12:33:30] 避障检测路径段: 起点索引=24, 提取点数=18
[2026-09-20 12:33:30] 当前避障路径段长度为：18
避障轨迹最近点索引为：24
[0m[ INFO] [1789878810.101689210]: local_x: 0.1210, local_y: -0.0296, gear: 1,  error_heading: -0.0055[0m
[0m[ INFO] [1789878810.101881916]: 1 points is not droped, 4.6115, 3.7034, -0.7854, 1, 4.5474, 3.8102, -0.7909[0m
[2026-09-20 12:33:30] 控制路径段: 起点索引=24, 提取点数=16
[2026-09-20 12:33:30] 避障检测路径段: 起点索引=24, 提取点数=18
[2026-09-20 12:33:30] 当前避障路径段长度为：18
避障轨迹最近点索引为：24
[0m[ INFO] [1789878810.201703532]: local_x: 0.0967, local_y: -0.0256, gear: 1,  error_heading: -0.0050[0m
[0m[ INFO] [1789878810.201761837]: gear=1 points is droped, 4.6115, 3.7034[0m
[2026-09-20 12:33:30] 新的最近点索引: 25
[2026-09-20 12:33:30] 控制路径段: 起点索引=25, 提取点数=15
[2026-09-20 12:33:30] 避障检测路径段: 起点索引=25, 提取点数=17
[2026-09-20 12:33:30] 当前避障路径段长度为：17
避障轨迹最近点索引为：25
[0m[ INFO] [1789878810.301704446]: local_x: 0.2969, local_y: -0.0222, gear: 1,  error_heading: -0.0028[0m
[0m[ INFO] [1789878810.301771487]: 1 points is not droped, 4.7615, 3.5534, -0.7854, 1, 4.5679, 3.7795, -0.7882[0m
[2026-09-20 12:33:30] 控制路径段: 起点索引=25, 提取点数=15
[2026-09-20 12:33:30] 避障检测路径段: 起点索引=25, 提取点数=17
[2026-09-20 12:33:30] 当前避障路径段长度为：17
避障轨迹最近点索引为：25
[0m[ INFO] [1789878810.401716816]: local_x: 0.2710, local_y: -0.0256, gear: 1,  error_heading: -0.0031[0m
[0m[ INFO] [1789878810.401783409]: 1 points is not droped, 4.7615, 3.5534, -0.7854, 1, 4.5886, 3.7637, -0.7885[0m
[2026-09-20 12:33:30] 控制路径段: 起点索引=25, 提取点数=15
[2026-09-20 12:33:30] 避障检测路径段: 起点索引=25, 提取点数=17
[2026-09-20 12:33:30] 当前避障路径段长度为：17
避障轨迹最近点索引为：25
[0m[ INFO] [1789878810.501741923]: local_x: 0.2483, local_y: -0.0298, gear: 1,  error_heading: -0.0051[0m
[0m[ INFO] [1789878810.501815972]: 1 points is not droped, 4.7615, 3.5534, -0.7854, 1, 4.6080, 3.7508, -0.7905[0m
[2026-09-20 12:33:30] 控制路径段: 起点索引=25, 提取点数=15
[2026-09-20 12:33:30] 避障检测路径段: 起点索引=25, 提取点数=17
[2026-09-20 12:33:30] 当前避障路径段长度为：17
避障轨迹最近点索引为：25
[0m[ INFO] [1789878810.601711509]: local_x: 0.2260, local_y: -0.0272, gear: 1,  error_heading: -0.0052[0m
[0m[ INFO] [1789878810.601768949]: 1 points is not droped, 4.7615, 3.5534, -0.7854, 1, 4.6219, 3.7332, -0.7906[0m
[2026-09-20 12:33:30] 控制路径段: 起点索引=25, 提取点数=15
[2026-09-20 12:33:30] 避障检测路径段: 起点索引=25, 提取点数=17
[2026-09-20 12:33:30] 当前避障路径段长度为：17
避障轨迹最近点索引为：25
[0m[ INFO] [1789878810.702967028]: local_x: 0.2028, local_y: -0.0329, gear: 1,  error_heading: -0.0044[0m
[0m[ INFO] [1789878810.703042516]: 1 points is not droped, 4.7615, 3.5534, -0.7854, 1, 4.6420, 3.7206, -0.7898[0m
[2026-09-20 12:33:30] 控制路径段: 起点索引=25, 提取点数=15
[2026-09-20 12:33:30] 避障检测路径段: 起点索引=25, 提取点数=17
[2026-09-20 12:33:30] 当前避障路径段长度为：17
避障轨迹最近点索引为：25
[0m[ INFO] [1789878810.801932443]: local_x: 0.1797, local_y: -0.0281, gear: 1,  error_heading: -0.0045[0m
[0m[ INFO] [1789878810.802005660]: 1 points is not droped, 4.7615, 3.5534, -0.7854, 1, 4.6549, 3.7008, -0.7899[0m
[2026-09-20 12:33:30] 控制路径段: 起点索引=25, 提取点数=15
[2026-09-20 12:33:30] 避障检测路径段: 起点索引=25, 提取点数=17
[2026-09-20 12:33:30] 当前避障路径段长度为：17
避障轨迹最近点索引为：25
[0m[ INFO] [1789878810.901686315]: local_x: 0.1530, local_y: -0.0326, gear: 1,  error_heading: -0.0062[0m
[0m[ INFO] [1789878810.901742540]: 1 points is not droped, 4.7615, 3.5534, -0.7854, 1, 4.6771, 3.6851, -0.7916[0m
[2026-09-20 12:33:30] 控制路径段: 起点索引=25, 提取点数=15
[2026-09-20 12:33:30] 避障检测路径段: 起点索引=25, 提取点数=17
[2026-09-20 12:33:30] 当前避障路径段长度为：17
避障轨迹最近点索引为：25
[0m[ INFO] [1789878811.001779358]: local_x: 0.1303, local_y: -0.0302, gear: 1,  error_heading: -0.0064[0m
[0m[ INFO] [1789878811.001847263]: 1 points is not droped, 4.7615, 3.5534, -0.7854, 1, 4.6914, 3.6674, -0.7918[0m
[2026-09-20 12:33:31] 控制路径段: 起点索引=25, 提取点数=15
[2026-09-20 12:33:31] 避障检测路径段: 起点索引=25, 提取点数=17
[2026-09-20 12:33:31] 当前避障路径段长度为：17
避障轨迹最近点索引为：25
[0m[ INFO] [1789878811.101681359]: local_x: 0.1034, local_y: -0.0317, gear: 1,  error_heading: -0.0066[0m
[0m[ INFO] [1789878811.101737808]: 1 points is not droped, 4.7615, 3.5534, -0.7854, 1, 4.7114, 3.6492, -0.7920[0m
[2026-09-20 12:33:31] 控制路径段: 起点索引=25, 提取点数=15
[2026-09-20 12:33:31] 避障检测路径段: 起点索引=25, 提取点数=17
[2026-09-20 12:33:31] 当前避障路径段长度为：17
避障轨迹最近点索引为：25
[0m[ INFO] [1789878811.202376488]: local_x: 0.0797, local_y: -0.0276, gear: 1,  error_heading: -0.0074[0m
[0m[ INFO] [1789878811.202437225]: gear=1 points is droped, 4.7615, 3.5534[0m
[2026-09-20 12:33:31] 新的最近点索引: 26
[2026-09-20 12:33:31] 控制路径段: 起点索引=26, 提取点数=14
[2026-09-20 12:33:31] 避障检测路径段: 起点索引=26, 提取点数=16
[2026-09-20 12:33:31] 当前避障路径段长度为：16
避障轨迹最近点索引为：26
[0m[ INFO] [1789878811.301699604]: local_x: 0.2799, local_y: -0.0257, gear: 1,  error_heading: -0.0082[0m
[0m[ INFO] [1789878811.301759028]: 1 points is not droped, 4.9115, 3.4034, -0.7854, 1, 4.7335, 3.6209, -0.7936[0m
[2026-09-20 12:33:31] 控制路径段: 起点索引=26, 提取点数=14
[2026-09-20 12:33:31] 避障检测路径段: 起点索引=26, 提取点数=16
[2026-09-20 12:33:31] 当前避障路径段长度为：16
避障轨迹最近点索引为：26
[0m[ INFO] [1789878811.401683142]: local_x: 0.2330, local_y: -0.0259, gear: 1,  error_heading: -0.0079[0m
[0m[ INFO] [1789878811.401742278]: 1 points is not droped, 4.9115, 3.4034, -0.7854, 1, 4.7665, 3.5876, -0.7933[0m
[2026-09-20 12:33:31] 控制路径段: 起点索引=26, 提取点数=14
[2026-09-20 12:33:31] 避障检测路径段: 起点索引=26, 提取点数=16
[2026-09-20 12:33:31] 当前避障路径段长度为：16
避障轨迹最近点索引为：26
[0m[ INFO] [1789878811.501724824]: local_x: 0.2077, local_y: -0.0285, gear: 1,  error_heading: -0.0083[0m
[0m[ INFO] [1789878811.501790425]: 1 points is not droped, 4.9115, 3.4034, -0.7854, 1, 4.7862, 3.5715, -0.7937[0m
[2026-09-20 12:33:31] 控制路径段: 起点索引=26, 提取点数=14
[2026-09-20 12:33:31] 避障检测路径段: 起点索引=26, 提取点数=16
[2026-09-20 12:33:31] 当前避障路径段长度为：16
避障轨迹最近点索引为：26
[0m[ INFO] [1789878811.601725163]: local_x: 0.1820, local_y: -0.0268, gear: 1,  error_heading: -0.0086[0m
[0m[ INFO] [1789878811.601791595]: 1 points is not droped, 4.9115, 3.4034, -0.7854, 1, 4.8030, 3.5520, -0.7940[0m
[2026-09-20 12:33:31] 控制路径段: 起点索引=26, 提取点数=14
[2026-09-20 12:33:31] 避障检测路径段: 起点索引=26, 提取点数=16
[2026-09-20 12:33:31] 当前避障路径段长度为：16
避障轨迹最近点索引为：26
[0m[ INFO] [1789878811.701783645]: local_x: 0.1571, local_y: -0.0277, gear: 1,  error_heading: -0.0091[0m
[0m[ INFO] [1789878811.701876958]: 1 points is not droped, 4.9115, 3.4034, -0.7854, 1, 4.8212, 3.5349, -0.7945[0m
[2026-09-20 12:33:31] 控制路径段: 起点索引=26, 提取点数=14
[2026-09-20 12:33:31] 避障检测路径段: 起点索引=26, 提取点数=16
[2026-09-20 12:33:31] 当前避障路径段长度为：16
避障轨迹最近点索引为：26
[0m[ INFO] [1789878811.801801392]: local_x: 0.1312, local_y: -0.0254, gear: 1,  error_heading: -0.0092[0m
[0m[ INFO] [1789878811.801874896]: 1 points is not droped, 4.9115, 3.4034, -0.7854, 1, 4.8376, 3.5148, -0.7946[0m
[2026-09-20 12:33:31] 控制路径段: 起点索引=26, 提取点数=14
[2026-09-20 12:33:31] 避障检测路径段: 起点索引=26, 提取点数=16
[2026-09-20 12:33:31] 当前避障路径段长度为：16
避障轨迹最近点索引为：26
[0m[ INFO] [1789878811.901877890]: local_x: 0.1117, local_y: -0.0215, gear: 1,  error_heading: -0.0099[0m
[0m[ INFO] [1789878811.901954147]: 1 points is not droped, 4.9115, 3.4034, -0.7854, 1, 4.8486, 3.4982, -0.7953[0m
[2026-09-20 12:33:31] 控制路径段: 起点索引=26, 提取点数=14
[2026-09-20 12:33:31] 避障检测路径段: 起点索引=26, 提取点数=16
[2026-09-20 12:33:31] 当前避障路径段长度为：16
避障轨迹最近点索引为：26
[0m[ INFO] [1789878812.001763187]: local_x: 0.0861, local_y: -0.0199, gear: 1,  error_heading: -0.0092[0m
[0m[ INFO] [1789878812.001838356]: gear=1 points is droped, 4.9115, 3.4034[0m
[2026-09-20 12:33:32] 新的最近点索引: 27
[2026-09-20 12:33:32] 控制路径段: 起点索引=27, 提取点数=13
[2026-09-20 12:33:32] 避障检测路径段: 起点索引=27, 提取点数=15
[2026-09-20 12:33:32] 当前避障路径段长度为：15
避障轨迹最近点索引为：27
[0m[ INFO] [1789878812.101739397]: local_x: 0.2763, local_y: -0.0162, gear: 1,  error_heading: -0.0098[0m
[0m[ INFO] [1789878812.101811558]: 1 points is not droped, 5.0615, 3.2534, -0.7854, 1, 4.8796, 3.4620, -0.7952[0m
[2026-09-20 12:33:32] 控制路径段: 起点索引=27, 提取点数=13
[2026-09-20 12:33:32] 避障检测路径段: 起点索引=27, 提取点数=15
[2026-09-20 12:33:32] 当前避障路径段长度为：15
避障轨迹最近点索引为：27
[0m[ INFO] [1789878812.201750935]: local_x: 0.2506, local_y: -0.0163, gear: 1,  error_heading: -0.0110[0m
[0m[ INFO] [1789878812.201825208]: 1 points is not droped, 5.0615, 3.2534, -0.7854, 1, 4.8978, 3.4439, -0.7964[0m
[2026-09-20 12:33:32] 控制路径段: 起点索引=27, 提取点数=13
[2026-09-20 12:33:32] 避障检测路径段: 起点索引=27, 提取点数=15
[2026-09-20 12:33:32] 当前避障路径段长度为：15
避障轨迹最近点索引为：27
[0m[ INFO] [1789878812.301749129]: local_x: 0.2381, local_y: -0.0164, gear: 1,  error_heading: -0.0110[0m
[0m[ INFO] [1789878812.301815146]: 1 points is not droped, 5.0615, 3.2534, -0.7854, 1, 4.9066, 3.4350, -0.7964[0m
[2026-09-20 12:33:32] 控制路径段: 起点索引=27, 提取点数=13
[2026-09-20 12:33:32] 避障检测路径段: 起点索引=27, 提取点数=15
[2026-09-20 12:33:32] 当前避障路径段长度为：15
避障轨迹最近点索引为：27
[0m[ INFO] [1789878812.401730843]: local_x: 0.1991, local_y: -0.0171, gear: 1,  error_heading: -0.0116[0m
[0m[ INFO] [1789878812.401789563]: 1 points is not droped, 5.0615, 3.2534, -0.7854, 1, 4.9346, 3.4077, -0.7970[0m
[2026-09-20 12:33:32] 控制路径段: 起点索引=27, 提取点数=13
[2026-09-20 12:33:32] 避障检测路径段: 起点索引=27, 提取点数=15
[2026-09-20 12:33:32] 当前避障路径段长度为：15
避障轨迹最近点索引为：27
[0m[ INFO] [1789878812.501710572]: local_x: 0.1792, local_y: -0.0164, gear: 1,  error_heading: -0.0113[0m
[0m[ INFO] [1789878812.501772173]: 1 points is not droped, 5.0615, 3.2534, -0.7854, 1, 4.9479, 3.3929, -0.7967[0m
[2026-09-20 12:33:32] 控制路径段: 起点索引=27, 提取点数=13
[2026-09-20 12:33:32] 避障检测路径段: 起点索引=27, 提取点数=15
[2026-09-20 12:33:32] 当前避障路径段长度为：15
避障轨迹最近点索引为：27
[0m[ INFO] [1789878812.601724958]: local_x: 0.1530, local_y: -0.0162, gear: 1,  error_heading: -0.0111[0m
[0m[ INFO] [1789878812.601793119]: 1 points is not droped, 5.0615, 3.2534, -0.7854, 1, 4.9661, 3.3741, -0.7965[0m
[2026-09-20 12:33:32] 控制路径段: 起点索引=27, 提取点数=13
[2026-09-20 12:33:32] 避障检测路径段: 起点索引=27, 提取点数=15
[2026-09-20 12:33:32] 当前避障路径段长度为：15
避障轨迹最近点索引为：27
[0m[ INFO] [1789878812.701709648]: local_x: 0.1324, local_y: -0.0165, gear: 1,  error_heading: -0.0120[0m
[0m[ INFO] [1789878812.701772753]: 1 points is not droped, 5.0615, 3.2534, -0.7854, 1, 4.9808, 3.3597, -0.7974[0m
[2026-09-20 12:33:32] 控制路径段: 起点索引=27, 提取点数=13
[2026-09-20 12:33:32] 避障检测路径段: 起点索引=27, 提取点数=15
[2026-09-20 12:33:32] 当前避障路径段长度为：15
避障轨迹最近点索引为：27
[0m[ INFO] [1789878812.801724194]: local_x: 0.1067, local_y: -0.0167, gear: 1,  error_heading: -0.0120[0m
[0m[ INFO] [1789878812.801796899]: 1 points is not droped, 5.0615, 3.2534, -0.7854, 1, 4.9989, 3.3414, -0.7974[0m
[2026-09-20 12:33:32] 控制路径段: 起点索引=27, 提取点数=13
[2026-09-20 12:33:32] 避障检测路径段: 起点索引=27, 提取点数=15
[2026-09-20 12:33:32] 当前避障路径段长度为：15
避障轨迹最近点索引为：27
[0m[ INFO] [1789878812.901673396]: local_x: 0.0866, local_y: -0.0159, gear: 1,  error_heading: -0.0116[0m
[0m[ INFO] [1789878812.901726068]: gear=1 points is droped, 5.0615, 3.2534[0m
[2026-09-20 12:33:32] 新的最近点索引: 28
[2026-09-20 12:33:32] 控制路径段: 起点索引=28, 提取点数=12
[2026-09-20 12:33:32] 避障检测路径段: 起点索引=28, 提取点数=14
[2026-09-20 12:33:32] 当前避障路径段长度为：14
避障轨迹最近点索引为：28
[0m[ INFO] [1789878813.001685894]: local_x: 0.2738, local_y: -0.0134, gear: 1,  error_heading: -0.0113[0m
[0m[ INFO] [1789878813.001745030]: 1 points is not droped, 5.2115, 3.1034, -0.7854, 1, 5.0297, 3.3085, -0.7967[0m
[2026-09-20 12:33:33] 控制路径段: 起点索引=28, 提取点数=12
[2026-09-20 12:33:33] 避障检测路径段: 起点索引=28, 提取点数=14
[2026-09-20 12:33:33] 当前避障路径段长度为：14
避障轨迹最近点索引为：28
[0m[ INFO] [1789878813.101697560]: local_x: 0.2536, local_y: -0.0131, gear: 1,  error_heading: -0.0085[0m
[0m[ INFO] [1789878813.101753625]: 1 points is not droped, 5.2115, 3.1034, -0.7854, 1, 5.0430, 3.2934, -0.7939[0m
[2026-09-20 12:33:33] 控制路径段: 起点索引=28, 提取点数=12
[2026-09-20 12:33:33] 避障检测路径段: 起点索引=28, 提取点数=14
[2026-09-20 12:33:33] 当前避障路径段长度为：14
避障轨迹最近点索引为：28
[0m[ INFO] [1789878813.201702154]: local_x: 0.2283, local_y: -0.0126, gear: 1,  error_heading: -0.0088[0m
[0m[ INFO] [1789878813.201772235]: 1 points is not droped, 5.2115, 3.1034, -0.7854, 1, 5.0604, 3.2751, -0.7942[0m
[2026-09-20 12:33:33] 控制路径段: 起点索引=28, 提取点数=12
[2026-09-20 12:33:33] 避障检测路径段: 起点索引=28, 提取点数=14
[2026-09-20 12:33:33] 当前避障路径段长度为：14
避障轨迹最近点索引为：28
[0m[ INFO] [1789878813.301680860]: local_x: 0.2145, local_y: -0.0114, gear: 1,  error_heading: -0.0090[0m
[0m[ INFO] [1789878813.301738684]: 1 points is not droped, 5.2115, 3.1034, -0.7854, 1, 5.0693, 3.2644, -0.7944[0m
[2026-09-20 12:33:33] 控制路径段: 起点索引=28, 提取点数=12
[2026-09-20 12:33:33] 避障检测路径段: 起点索引=28, 提取点数=14
[2026-09-20 12:33:33] 当前避障路径段长度为：14
避障轨迹最近点索引为：28
[0m[ INFO] [1789878813.401679118]: local_x: 0.1813, local_y: -0.0158, gear: 1,  error_heading: -0.0066[0m
[0m[ INFO] [1789878813.401745774]: 1 points is not droped, 5.2115, 3.1034, -0.7854, 1, 5.0954, 3.2436, -0.7920[0m
[2026-09-20 12:33:33] 控制路径段: 起点索引=28, 提取点数=12
[2026-09-20 12:33:33] 避障检测路径段: 起点索引=28, 提取点数=14
[2026-09-20 12:33:33] 当前避障路径段长度为：14
避障轨迹最近点索引为：28
[0m[ INFO] [1789878813.501758400]: local_x: 0.1580, local_y: -0.0141, gear: 1,  error_heading: -0.0066[0m
[0m[ INFO] [1789878813.501828641]: 1 points is not droped, 5.2115, 3.1034, -0.7854, 1, 5.1105, 3.2257, -0.7920[0m
[2026-09-20 12:33:33] 控制路径段: 起点索引=28, 提取点数=12
[2026-09-20 12:33:33] 避障检测路径段: 起点索引=28, 提取点数=14
[2026-09-20 12:33:33] 当前避障路径段长度为：14
避障轨迹最近点索引为：28
[0m[ INFO] [1789878813.601819731]: local_x: 0.1328, local_y: -0.0139, gear: 1,  error_heading: -0.0060[0m
[0m[ INFO] [1789878813.601891156]: 1 points is not droped, 5.2115, 3.1034, -0.7854, 1, 5.1280, 3.2077, -0.7914[0m
[2026-09-20 12:33:33] 控制路径段: 起点索引=28, 提取点数=12
[2026-09-20 12:33:33] 避障检测路径段: 起点索引=28, 提取点数=14
[2026-09-20 12:33:33] 当前避障路径段长度为：14
避障轨迹最近点索引为：28
[0m[ INFO] [1789878813.701746916]: local_x: 0.1106, local_y: -0.0186, gear: 1,  error_heading: -0.0057[0m
[0m[ INFO] [1789878813.701817765]: 1 points is not droped, 5.2115, 3.1034, -0.7854, 1, 5.1469, 3.1951, -0.7911[0m
[2026-09-20 12:33:33] 控制路径段: 起点索引=28, 提取点数=12
[2026-09-20 12:33:33] 避障检测路径段: 起点索引=28, 提取点数=14
[2026-09-20 12:33:33] 当前避障路径段长度为：14
避障轨迹最近点索引为：28
[0m[ INFO] [1789878813.801778422]: local_x: 0.0851, local_y: -0.0186, gear: 1,  error_heading: -0.0043[0m
[0m[ INFO] [1789878813.801851159]: gear=1 points is droped, 5.2115, 3.1034[0m
[2026-09-20 12:33:33] 新的最近点索引: 29
[2026-09-20 12:33:33] 控制路径段: 起点索引=29, 提取点数=11
[2026-09-20 12:33:33] 避障检测路径段: 起点索引=29, 提取点数=13
[2026-09-20 12:33:33] 当前避障路径段长度为：13
避障轨迹最近点索引为：29
[0m[ INFO] [1789878813.901720200]: local_x: 0.2742, local_y: -0.0205, gear: 1,  error_heading: -0.0049[0m
[0m[ INFO] [1789878813.901787880]: 1 points is not droped, 5.3615, 2.9534, -0.7854, 1, 5.1831, 3.1626, -0.7903[0m
[2026-09-20 12:33:33] 控制路径段: 起点索引=29, 提取点数=11
[2026-09-20 12:33:33] 避障检测路径段: 起点索引=29, 提取点数=13
[2026-09-20 12:33:33] 当前避障路径段长度为：13
避障轨迹最近点索引为：29
[0m[ INFO] [1789878814.001739866]: local_x: 0.2484, local_y: -0.0205, gear: 1,  error_heading: -0.0056[0m
[0m[ INFO] [1789878814.001807291]: 1 points is not droped, 5.3615, 2.9534, -0.7854, 1, 5.2013, 3.1444, -0.7910[0m
[2026-09-20 12:33:34] 控制路径段: 起点索引=29, 提取点数=11
[2026-09-20 12:33:34] 避障检测路径段: 起点索引=29, 提取点数=13
[2026-09-20 12:33:34] 当前避障路径段长度为：13
避障轨迹最近点索引为：29
[0m[ INFO] [1789878814.101697227]: local_x: 0.2231, local_y: -0.0213, gear: 1,  error_heading: -0.0048[0m
[0m[ INFO] [1789878814.101765068]: 1 points is not droped, 5.3615, 2.9534, -0.7854, 1, 5.2196, 3.1269, -0.7902[0m
[2026-09-20 12:33:34] 控制路径段: 起点索引=29, 提取点数=11
[2026-09-20 12:33:34] 避障检测路径段: 起点索引=29, 提取点数=13
[2026-09-20 12:33:34] 当前避障路径段长度为：13
避障轨迹最近点索引为：29
[0m[ INFO] [1789878814.201728446]: local_x: 0.1979, local_y: -0.0219, gear: 1,  error_heading: -0.0058[0m
[0m[ INFO] [1789878814.201795838]: 1 points is not droped, 5.3615, 2.9534, -0.7854, 1, 5.2379, 3.1095, -0.7912[0m
[2026-09-20 12:33:34] 控制路径段: 起点索引=29, 提取点数=11
[2026-09-20 12:33:34] 避障检测路径段: 起点索引=29, 提取点数=13
[2026-09-20 12:33:34] 当前避障路径段长度为：13
避障轨迹最近点索引为：29
[0m[ INFO] [1789878814.301709807]: local_x: 0.1807, local_y: -0.0135, gear: 1,  error_heading: -0.0080[0m
[0m[ INFO] [1789878814.301765936]: 1 points is not droped, 5.3615, 2.9534, -0.7854, 1, 5.2444, 3.0916, -0.7934[0m
[2026-09-20 12:33:34] 控制路径段: 起点索引=29, 提取点数=11
[2026-09-20 12:33:34] 避障检测路径段: 起点索引=29, 提取点数=13
[2026-09-20 12:33:34] 当前避障路径段长度为：13
避障轨迹最近点索引为：29
[0m[ INFO] [1789878814.401721602]: local_x: 0.1447, local_y: -0.0191, gear: 1,  error_heading: -0.0096[0m
[0m[ INFO] [1789878814.401785538]: 1 points is not droped, 5.3615, 2.9534, -0.7854, 1, 5.2737, 3.0700, -0.7950[0m
[2026-09-20 12:33:34] 控制路径段: 起点索引=29, 提取点数=11
[2026-09-20 12:33:34] 避障检测路径段: 起点索引=29, 提取点数=13
[2026-09-20 12:33:34] 当前避障路径段长度为：13
避障轨迹最近点索引为：29
[0m[ INFO] [1789878814.501703891]: local_x: 0.1199, local_y: -0.0160, gear: 1,  error_heading: -0.0109[0m
[0m[ INFO] [1789878814.501762772]: 1 points is not droped, 5.3615, 2.9534, -0.7854, 1, 5.2891, 3.0503, -0.7963[0m
[2026-09-20 12:33:34] 控制路径段: 起点索引=29, 提取点数=11
[2026-09-20 12:33:34] 避障检测路径段: 起点索引=29, 提取点数=13
[2026-09-20 12:33:34] 当前避障路径段长度为：13
避障轨迹最近点索引为：29
[0m[ INFO] [1789878814.601739558]: local_x: 0.0938, local_y: -0.0165, gear: 1,  error_heading: -0.0130[0m
[0m[ INFO] [1789878814.601811270]: gear=1 points is droped, 5.3615, 2.9534[0m
[2026-09-20 12:33:34] 新的最近点索引: 30
[2026-09-20 12:33:34] 控制路径段: 起点索引=30, 提取点数=10
[2026-09-20 12:33:34] 避障检测路径段: 起点索引=30, 提取点数=12
[2026-09-20 12:33:34] 当前避障路径段长度为：12
避障轨迹最近点索引为：30
[0m[ INFO] [1789878814.701718711]: local_x: 0.2853, local_y: -0.0139, gear: 1,  error_heading: -0.0136[0m
[0m[ INFO] [1789878814.701784056]: 1 points is not droped, 5.5115, 2.8034, -0.7854, 1, 5.3224, 3.0176, -0.7990[0m
[2026-09-20 12:33:34] 控制路径段: 起点索引=30, 提取点数=10
[2026-09-20 12:33:34] 避障检测路径段: 起点索引=30, 提取点数=12
[2026-09-20 12:33:34] 当前避障路径段长度为：12
避障轨迹最近点索引为：30
[0m[ INFO] [1789878814.801716073]: local_x: 0.2596, local_y: -0.0133, gear: 1,  error_heading: -0.0148[0m
[0m[ INFO] [1789878814.801779946]: 1 points is not droped, 5.5115, 2.8034, -0.7854, 1, 5.3402, 2.9989, -0.8001[0m
[2026-09-20 12:33:34] 控制路径段: 起点索引=30, 提取点数=10
[2026-09-20 12:33:34] 避障检测路径段: 起点索引=30, 提取点数=12
[2026-09-20 12:33:34] 当前避障路径段长度为：12
避障轨迹最近点索引为：30
[0m[ INFO] [1789878814.901781372]: local_x: 0.2390, local_y: -0.0141, gear: 1,  error_heading: -0.0155[0m
[0m[ INFO] [1789878814.901865821]: 1 points is not droped, 5.5115, 2.8034, -0.7854, 1, 5.3553, 2.9848, -0.8009[0m
[2026-09-20 12:33:34] 控制路径段: 起点索引=30, 提取点数=10
[2026-09-20 12:33:34] 避障检测路径段: 起点索引=30, 提取点数=12
[2026-09-20 12:33:34] 当前避障路径段长度为：12
避障轨迹最近点索引为：30
[0m[ INFO] [1789878815.001758478]: local_x: 0.2135, local_y: -0.0137, gear: 1,  error_heading: -0.0161[0m
[0m[ INFO] [1789878815.001863119]: 1 points is not droped, 5.5115, 2.8034, -0.7854, 1, 5.3727, 2.9663, -0.8015[0m
[2026-09-20 12:33:35] 控制路径段: 起点索引=30, 提取点数=10
[2026-09-20 12:33:35] 避障检测路径段: 起点索引=30, 提取点数=12
[2026-09-20 12:33:35] 当前避障路径段长度为：12
避障轨迹最近点索引为：30
[0m[ INFO] [1789878815.101792352]: local_x: 0.1852, local_y: -0.0154, gear: 1,  error_heading: -0.0170[0m
[0m[ INFO] [1789878815.101913633]: 1 points is not droped, 5.5115, 2.8034, -0.7854, 1, 5.3938, 2.9472, -0.8024[0m
[2026-09-20 12:33:35] 控制路径段: 起点索引=30, 提取点数=10
[2026-09-20 12:33:35] 避障检测路径段: 起点索引=30, 提取点数=12
[2026-09-20 12:33:35] 当前避障路径段长度为：12
避障轨迹最近点索引为：30
[0m[ INFO] [1789878815.201722993]: local_x: 0.1599, local_y: -0.0153, gear: 1,  error_heading: -0.0173[0m
[0m[ INFO] [1789878815.201793266]: 1 points is not droped, 5.5115, 2.8034, -0.7854, 1, 5.4114, 2.9290, -0.8026[0m
[2026-09-20 12:33:35] 控制路径段: 起点索引=30, 提取点数=10
[2026-09-20 12:33:35] 避障检测路径段: 起点索引=30, 提取点数=12
[2026-09-20 12:33:35] 当前避障路径段长度为：12
避障轨迹最近点索引为：30
[0m[ INFO] [1789878815.301706979]: local_x: 0.1474, local_y: -0.0154, gear: 1,  error_heading: -0.0181[0m
[0m[ INFO] [1789878815.301766500]: 1 points is not droped, 5.5115, 2.8034, -0.7854, 1, 5.4202, 2.9202, -0.8035[0m
[2026-09-20 12:33:35] 控制路径段: 起点索引=30, 提取点数=10
[2026-09-20 12:33:35] 避障检测路径段: 起点索引=30, 提取点数=12
[2026-09-20 12:33:35] 当前避障路径段长度为：12
避障轨迹最近点索引为：30
[0m[ INFO] [1789878815.401713333]: local_x: 0.1068, local_y: -0.0133, gear: 1,  error_heading: -0.0186[0m
[0m[ INFO] [1789878815.401771638]: 1 points is not droped, 5.5115, 2.8034, -0.7854, 1, 5.4470, 2.8895, -0.8040[0m
[2026-09-20 12:33:35] 控制路径段: 起点索引=30, 提取点数=10
[2026-09-20 12:33:35] 避障检测路径段: 起点索引=30, 提取点数=12
[2026-09-20 12:33:35] 当前避障路径段长度为：12
避障轨迹最近点索引为：30
[0m[ INFO] [1789878815.501732551]: local_x: 0.0844, local_y: -0.0100, gear: 1,  error_heading: -0.0193[0m
[0m[ INFO] [1789878815.501793704]: gear=1 points is droped, 5.5115, 2.8034[0m
[2026-09-20 12:33:35] 新的最近点索引: 31
[2026-09-20 12:33:35] 控制路径段: 起点索引=31, 提取点数=9
[2026-09-20 12:33:35] 避障检测路径段: 起点索引=31, 提取点数=11
[2026-09-20 12:33:35] 当前避障路径段长度为：11
避障轨迹最近点索引为：31
[0m[ INFO] [1789878815.601692537]: local_x: 0.2703, local_y: -0.0057, gear: 1,  error_heading: -0.0193[0m
[0m[ INFO] [1789878815.601753657]: 1 points is not droped, 5.6615, 2.6534, -0.7854, 1, 5.4782, 2.8521, -0.8047[0m
[2026-09-20 12:33:35] 控制路径段: 起点索引=31, 提取点数=9
[2026-09-20 12:33:35] 避障检测路径段: 起点索引=31, 提取点数=11
[2026-09-20 12:33:35] 当前避障路径段长度为：11
避障轨迹最近点索引为：31
[0m[ INFO] [1789878815.701767243]: local_x: 0.2466, local_y: -0.0034, gear: 1,  error_heading: -0.0207[0m
[0m[ INFO] [1789878815.701848684]: 1 points is not droped, 5.6615, 2.6534, -0.7854, 1, 5.4932, 2.8337, -0.8061[0m
[2026-09-20 12:33:35] 控制路径段: 起点索引=31, 提取点数=9
[2026-09-20 12:33:35] 避障检测路径段: 起点索引=31, 提取点数=11
[2026-09-20 12:33:35] 当前避障路径段长度为：11
避障轨迹最近点索引为：31
[0m[ INFO] [1789878815.801732605]: local_x: 0.2190, local_y: -0.0047, gear: 1,  error_heading: -0.0203[0m
[0m[ INFO] [1789878815.801801694]: 1 points is not droped, 5.6615, 2.6534, -0.7854, 1, 5.5132, 2.8146, -0.8057[0m
[2026-09-20 12:33:35] 控制路径段: 起点索引=31, 提取点数=9
[2026-09-20 12:33:35] 避障检测路径段: 起点索引=31, 提取点数=11
[2026-09-20 12:33:35] 当前避障路径段长度为：11
避障轨迹最近点索引为：31
[0m[ INFO] [1789878815.901734712]: local_x: 0.1938, local_y: -0.0025, gear: 1,  error_heading: -0.0194[0m
[0m[ INFO] [1789878815.901802680]: 1 points is not droped, 5.6615, 2.6534, -0.7854, 1, 5.5289, 2.7948, -0.8048[0m
[2026-09-20 12:33:35] 控制路径段: 起点索引=31, 提取点数=9
[2026-09-20 12:33:35] 避障检测路径段: 起点索引=31, 提取点数=11
[2026-09-20 12:33:35] 当前避障路径段长度为：11
避障轨迹最近点索引为：31
[0m[ INFO] [1789878816.001701075]: local_x: 0.1676, local_y: -0.0020, gear: 1,  error_heading: -0.0194[0m
[0m[ INFO] [1789878816.001759155]: 1 points is not droped, 5.6615, 2.6534, -0.7854, 1, 5.5467, 2.7756, -0.8048[0m
[2026-09-20 12:33:36] 控制路径段: 起点索引=31, 提取点数=9
[2026-09-20 12:33:36] 避障检测路径段: 起点索引=31, 提取点数=11
[2026-09-20 12:33:36] 当前避障路径段长度为：11
避障轨迹最近点索引为：31
[0m[ INFO] [1789878816.101670542]: local_x: 0.1478, local_y: -0.0011, gear: 1,  error_heading: -0.0188[0m
[0m[ INFO] [1789878816.101726734]: 1 points is not droped, 5.6615, 2.6534, -0.7854, 1, 5.5597, 2.7606, -0.8042[0m
[2026-09-20 12:33:36] 控制路径段: 起点索引=31, 提取点数=9
[2026-09-20 12:33:36] 避障检测路径段: 起点索引=31, 提取点数=11
[2026-09-20 12:33:36] 当前避障路径段长度为：11
避障轨迹最近点索引为：31
[0m[ INFO] [1789878816.201720586]: local_x: 0.1206, local_y: -0.0014, gear: 1,  error_heading: -0.0183[0m
[0m[ INFO] [1789878816.201788971]: 1 points is not droped, 5.6615, 2.6534, -0.7854, 1, 5.5788, 2.7412, -0.8037[0m
[2026-09-20 12:33:36] 控制路径段: 起点索引=31, 提取点数=9
[2026-09-20 12:33:36] 避障检测路径段: 起点索引=31, 提取点数=11
[2026-09-20 12:33:36] 当前避障路径段长度为：11
避障轨迹最近点索引为：31
[0m[ INFO] [1789878816.301731141]: local_x: 0.0971, local_y: -0.0019, gear: 1,  error_heading: -0.0166[0m
[0m[ INFO] [1789878816.301790566]: gear=1 points is droped, 5.6615, 2.6534[0m
[2026-09-20 12:33:36] 新的最近点索引: 32
[2026-09-20 12:33:36] 控制路径段: 起点索引=32, 提取点数=8
[2026-09-20 12:33:36] 避障检测路径段: 起点索引=32, 提取点数=10
[2026-09-20 12:33:36] 当前避障路径段长度为：10
避障轨迹最近点索引为：32
[0m[ INFO] [1789878816.401654944]: local_x: 0.2943, local_y: 0.0038, gear: 1,  error_heading: -0.0152[0m
[0m[ INFO] [1789878816.401711585]: 1 points is not droped, 5.8115, 2.5034, -0.7854, 1, 5.6038, 2.7120, -0.8006[0m
[2026-09-20 12:33:36] 控制路径段: 起点索引=32, 提取点数=8
[2026-09-20 12:33:36] 避障检测路径段: 起点索引=32, 提取点数=10
[2026-09-20 12:33:36] 当前避障路径段长度为：10
避障轨迹最近点索引为：32
[0m[ INFO] [1789878816.502522148]: local_x: 0.2725, local_y: 0.0027, gear: 1,  error_heading: -0.0140[0m
[0m[ INFO] [1789878816.502592485]: 1 points is not droped, 5.8115, 2.5034, -0.7854, 1, 5.6196, 2.6969, -0.7994[0m
[2026-09-20 12:33:36] 控制路径段: 起点索引=32, 提取点数=8
[2026-09-20 12:33:36] 避障检测路径段: 起点索引=32, 提取点数=10
[2026-09-20 12:33:36] 当前避障路径段长度为：10
避障轨迹最近点索引为：32
[0m[ INFO] [1789878816.601724952]: local_x: 0.2486, local_y: 0.0031, gear: 1,  error_heading: -0.0128[0m
[0m[ INFO] [1789878816.601792377]: 1 points is not droped, 5.8115, 2.5034, -0.7854, 1, 5.6357, 2.6792, -0.7982[0m
[2026-09-20 12:33:36] 控制路径段: 起点索引=32, 提取点数=8
[2026-09-20 12:33:36] 避障检测路径段: 起点索引=32, 提取点数=10
[2026-09-20 12:33:36] 当前避障路径段长度为：10
避障轨迹最近点索引为：32
[0m[ INFO] [1789878816.701735539]: local_x: 0.2241, local_y: 0.0055, gear: 1,  error_heading: -0.0116[0m
[0m[ INFO] [1789878816.701803124]: 1 points is not droped, 5.8115, 2.5034, -0.7854, 1, 5.6510, 2.6598, -0.7970[0m
[2026-09-20 12:33:36] 控制路径段: 起点索引=32, 提取点数=8
[2026-09-20 12:33:36] 避障检测路径段: 起点索引=32, 提取点数=10
[2026-09-20 12:33:36] 当前避障路径段长度为：10
避障轨迹最近点索引为：32
[0m[ INFO] [1789878816.801708623]: local_x: 0.1997, local_y: 0.0062, gear: 1,  error_heading: -0.0103[0m
[0m[ INFO] [1789878816.801764463]: 1 points is not droped, 5.8115, 2.5034, -0.7854, 1, 5.6673, 2.6417, -0.7957[0m
[2026-09-20 12:33:36] 控制路径段: 起点索引=32, 提取点数=8
[2026-09-20 12:33:36] 避障检测路径段: 起点索引=32, 提取点数=10
[2026-09-20 12:33:36] 当前避障路径段长度为：10
避障轨迹最近点索引为：32
[0m[ INFO] [1789878816.901688650]: local_x: 0.1746, local_y: 0.0060, gear: 1,  error_heading: -0.0083[0m
[0m[ INFO] [1789878816.901743850]: 1 points is not droped, 5.8115, 2.5034, -0.7854, 1, 5.6848, 2.6237, -0.7937[0m
[2026-09-20 12:33:36] 控制路径段: 起点索引=32, 提取点数=8
[2026-09-20 12:33:36] 避障检测路径段: 起点索引=32, 提取点数=10
[2026-09-20 12:33:36] 当前避障路径段长度为：10
避障轨迹最近点索引为：32
[0m[ INFO] [1789878817.001740294]: local_x: 0.1503, local_y: 0.0067, gear: 1,  error_heading: -0.0057[0m
[0m[ INFO] [1789878817.001878279]: 1 points is not droped, 5.8115, 2.5034, -0.7854, 1, 5.7010, 2.6055, -0.7911[0m
[2026-09-20 12:33:37] 控制路径段: 起点索引=32, 提取点数=8
[2026-09-20 12:33:37] 避障检测路径段: 起点索引=32, 提取点数=10
[2026-09-20 12:33:37] 当前避障路径段长度为：10
避障轨迹最近点索引为：32
[0m[ INFO] [1789878817.101749985]: local_x: 0.1239, local_y: 0.0044, gear: 1,  error_heading: -0.0031[0m
[0m[ INFO] [1789878817.101823330]: 1 points is not droped, 5.8115, 2.5034, -0.7854, 1, 5.7211, 2.5882, -0.7885[0m
[2026-09-20 12:33:37] 控制路径段: 起点索引=32, 提取点数=8
[2026-09-20 12:33:37] 避障检测路径段: 起点索引=32, 提取点数=10
[2026-09-20 12:33:37] 当前避障路径段长度为：10
避障轨迹最近点索引为：32
[0m[ INFO] [1789878817.207066611]: local_x: 0.1000, local_y: 0.0053, gear: 1,  error_heading: -0.0002[0m
[0m[ INFO] [1789878817.207137236]: 1 points is not droped, 5.8115, 2.5034, -0.7854, 1, 5.7371, 2.5704, -0.7856[0m
[2026-09-20 12:33:37] 控制路径段: 起点索引=32, 提取点数=8
[2026-09-20 12:33:37] 避障检测路径段: 起点索引=32, 提取点数=10
[2026-09-20 12:33:37] 当前避障路径段长度为：10
避障轨迹最近点索引为：32
[0m[ INFO] [1789878817.301733912]: local_x: 0.0881, local_y: 0.0052, gear: 1,  error_heading: 0.0011[0m
[0m[ INFO] [1789878817.301803833]: gear=1 points is droped, 5.8115, 2.5034[0m
[2026-09-20 12:33:37] 新的最近点索引: 33
[2026-09-20 12:33:37] 控制路径段: 起点索引=33, 提取点数=7
[2026-09-20 12:33:37] 避障检测路径段: 起点索引=33, 提取点数=9
[2026-09-20 12:33:37] 当前避障路径段长度为：9
避障轨迹最近点索引为：33
[0m[ INFO] [1789878817.401724372]: local_x: 0.2663, local_y: 0.0086, gear: 1,  error_heading: 0.0035[0m
[0m[ INFO] [1789878817.401790452]: 1 points is not droped, 5.9615, 2.3534, -0.7854, 1, 5.7664, 2.5349, -0.7819[0m
[2026-09-20 12:33:37] 控制路径段: 起点索引=33, 提取点数=7
[2026-09-20 12:33:37] 避障检测路径段: 起点索引=33, 提取点数=9
[2026-09-20 12:33:37] 当前避障路径段长度为：9
避障轨迹最近点索引为：33
[0m[ INFO] [1789878817.501737615]: local_x: 0.2388, local_y: 0.0065, gear: 1,  error_heading: 0.0048[0m
[0m[ INFO] [1789878817.501802192]: 1 points is not droped, 5.9615, 2.3534, -0.7854, 1, 5.7873, 2.5168, -0.7806[0m
[2026-09-20 12:33:37] 控制路径段: 起点索引=33, 提取点数=7
[2026-09-20 12:33:37] 避障检测路径段: 起点索引=33, 提取点数=9
[2026-09-20 12:33:37] 当前避障路径段长度为：9
避障轨迹最近点索引为：33
[0m[ INFO] [1789878817.601695018]: local_x: 0.2167, local_y: 0.0068, gear: 1,  error_heading: 0.0069[0m
[0m[ INFO] [1789878817.601757163]: 1 points is not droped, 5.9615, 2.3534, -0.7854, 1, 5.8025, 2.5007, -0.7785[0m
[2026-09-20 12:33:37] 控制路径段: 起点索引=33, 提取点数=7
[2026-09-20 12:33:37] 避障检测路径段: 起点索引=33, 提取点数=9
[2026-09-20 12:33:37] 当前避障路径段长度为：9
避障轨迹最近点索引为：33
[0m[ INFO] [1789878817.701709734]: local_x: 0.1891, local_y: 0.0053, gear: 1,  error_heading: 0.0073[0m
[0m[ INFO] [1789878817.701775815]: 1 points is not droped, 5.9615, 2.3534, -0.7854, 1, 5.8231, 2.4823, -0.7781[0m
[2026-09-20 12:33:37] 控制路径段: 起点索引=33, 提取点数=7
[2026-09-20 12:33:37] 避障检测路径段: 起点索引=33, 提取点数=9
[2026-09-20 12:33:37] 当前避障路径段长度为：9
避障轨迹最近点索引为：33
[0m[ INFO] [1789878817.801741794]: local_x: 0.1671, local_y: 0.0053, gear: 1,  error_heading: 0.0091[0m
[0m[ INFO] [1789878817.801811170]: 1 points is not droped, 5.9615, 2.3534, -0.7854, 1, 5.8385, 2.4667, -0.7763[0m
[2026-09-20 12:33:37] 控制路径段: 起点索引=33, 提取点数=7
[2026-09-20 12:33:37] 避障检测路径段: 起点索引=33, 提取点数=9
[2026-09-20 12:33:37] 当前避障路径段长度为：9
避障轨迹最近点索引为：33
[0m[ INFO] [1789878817.901753885]: local_x: 0.1422, local_y: 0.0037, gear: 1,  error_heading: 0.0103[0m
[0m[ INFO] [1789878817.901866622]: 1 points is not droped, 5.9615, 2.3534, -0.7854, 1, 5.8573, 2.4503, -0.7751[0m
[2026-09-20 12:33:37] 控制路径段: 起点索引=33, 提取点数=7
[2026-09-20 12:33:37] 避障检测路径段: 起点索引=33, 提取点数=9
[2026-09-20 12:33:37] 当前避障路径段长度为：9
避障轨迹最近点索引为：33
[0m[ INFO] [1789878818.004527061]: local_x: 0.1196, local_y: 0.0048, gear: 1,  error_heading: 0.0118[0m
[0m[ INFO] [1789878818.004669782]: 1 points is not droped, 5.9615, 2.3534, -0.7854, 1, 5.8726, 2.4335, -0.7736[0m
[2026-09-20 12:33:38] 控制路径段: 起点索引=33, 提取点数=7
[2026-09-20 12:33:38] 避障检测路径段: 起点索引=33, 提取点数=9
[2026-09-20 12:33:38] 当前避障路径段长度为：9
避障轨迹最近点索引为：33
[0m[ INFO] [1789878818.101724148]: local_x: 0.0998, local_y: 0.0031, gear: 1,  error_heading: 0.0116[0m
[0m[ INFO] [1789878818.101777684]: gear=1 points is droped, 5.9615, 2.3534[0m
[2026-09-20 12:33:38] 新的最近点索引: 34
[2026-09-20 12:33:38] 控制路径段: 起点索引=34, 提取点数=6
[2026-09-20 12:33:38] 避障检测路径段: 起点索引=34, 提取点数=8
[2026-09-20 12:33:38] 当前避障路径段长度为：8
避障轨迹最近点索引为：34
[0m[ INFO] [1789878818.201841905]: local_x: 0.3162, local_y: 0.0018, gear: 1,  error_heading: 0.0136[0m
[0m[ INFO] [1789878818.201918129]: 1 points is not droped, 6.1115, 2.2034, -0.7854, 1, 5.8836, 2.4227, -0.7718[0m
[2026-09-20 12:33:38] 控制路径段: 起点索引=34, 提取点数=6
[2026-09-20 12:33:38] 避障检测路径段: 起点索引=34, 提取点数=8
[2026-09-20 12:33:38] 当前避障路径段长度为：8
避障轨迹最近点索引为：34
[0m[ INFO] [1789878818.301970317]: local_x: 0.3190, local_y: 0.0012, gear: 1,  error_heading: 0.0122[0m
[0m[ INFO] [1789878818.302045326]: 1 points is not droped, 6.1115, 2.2034, -0.7854, 1, 5.8824, 2.4253, -0.7732[0m
[2026-09-20 12:33:38] 控制路径段: 起点索引=34, 提取点数=6
[2026-09-20 12:33:38] 避障检测路径段: 起点索引=34, 提取点数=8
[2026-09-20 12:33:38] 当前避障路径段长度为：8
避障轨迹最近点索引为：34
[0m[ INFO] [1789878818.401705862]: local_x: 0.3289, local_y: -0.0022, gear: 1,  error_heading: 0.0121[0m
[0m[ INFO] [1789878818.401767559]: 1 points is not droped, 6.1115, 2.2034, -0.7854, 1, 5.8777, 2.4347, -0.7733[0m
[2026-09-20 12:33:38] 控制路径段: 起点索引=34, 提取点数=6
[2026-09-20 12:33:38] 避障检测路径段: 起点索引=34, 提取点数=8
[2026-09-20 12:33:38] 当前避障路径段长度为：8
避障轨迹最近点索引为：34
[0m[ INFO] [1789878818.501730882]: local_x: 0.3319, local_y: -0.0027, gear: 1,  error_heading: 0.0122[0m
[0m[ INFO] [1789878818.501792450]: 1 points is not droped, 6.1115, 2.2034, -0.7854, 1, 5.8759, 2.4372, -0.7732[0m
[2026-09-20 12:33:38] 控制路径段: 起点索引=34, 提取点数=6
[2026-09-20 12:33:38] 避障检测路径段: 起点索引=34, 提取点数=8
[2026-09-20 12:33:38] 当前避障路径段长度为：8
避障轨迹最近点索引为：34
[0m[ INFO] [1789878818.601714429]: local_x: 0.3321, local_y: -0.0033, gear: 1,  error_heading: 0.0120[0m
[0m[ INFO] [1789878818.601782302]: 1 points is not droped, 6.1115, 2.2034, -0.7854, 1, 5.8761, 2.4377, -0.7734[0m
[2026-09-20 12:33:38] 控制路径段: 起点索引=34, 提取点数=6
[2026-09-20 12:33:38] 避障检测路径段: 起点索引=34, 提取点数=8
[2026-09-20 12:33:38] 当前避障路径段长度为：8
避障轨迹最近点索引为：34
[0m[ INFO] [1789878818.701699768]: local_x: 0.3245, local_y: -0.0024, gear: 1,  error_heading: 0.0118[0m
[0m[ INFO] [1789878818.701764857]: 1 points is not droped, 6.1115, 2.2034, -0.7854, 1, 5.8810, 2.4319, -0.7736[0m
[2026-09-20 12:33:38] 控制路径段: 起点索引=34, 提取点数=6
[2026-09-20 12:33:38] 避障检测路径段: 起点索引=34, 提取点数=8
[2026-09-20 12:33:38] 当前避障路径段长度为：8
避障轨迹最近点索引为：34
[0m[ INFO] [1789878818.801767093]: local_x: 0.3290, local_y: -0.0020, gear: 1,  error_heading: 0.0118[0m
[0m[ INFO] [1789878818.801837525]: 1 points is not droped, 6.1115, 2.2034, -0.7854, 1, 5.8775, 2.4347, -0.7736[0m
[2026-09-20 12:33:38] 控制路径段: 起点索引=34, 提取点数=6
[2026-09-20 12:33:38] 避障检测路径段: 起点索引=34, 提取点数=8
[2026-09-20 12:33:38] 当前避障路径段长度为：8
避障轨迹最近点索引为：34
[0m[ INFO] [1789878818.901715376]: local_x: 0.3088, local_y: -0.0023, gear: 1,  error_heading: 0.0098[0m
[0m[ INFO] [1789878818.901783504]: 1 points is not droped, 6.1115, 2.2034, -0.7854, 1, 5.8926, 2.4212, -0.7756[0m
[2026-09-20 12:33:38] 控制路径段: 起点索引=34, 提取点数=6
[2026-09-20 12:33:38] 避障检测路径段: 起点索引=34, 提取点数=8
[2026-09-20 12:33:38] 当前避障路径段长度为：8
避障轨迹最近点索引为：34
[0m[ INFO] [1789878819.001747403]: local_x: 0.2857, local_y: -0.0026, gear: 1,  error_heading: 0.0126[0m
[0m[ INFO] [1789878819.001822828]: 1 points is not droped, 6.1115, 2.2034, -0.7854, 1, 5.9087, 2.4047, -0.7728[0m
[2026-09-20 12:33:39] 控制路径段: 起点索引=34, 提取点数=6
[2026-09-20 12:33:39] 避障检测路径段: 起点索引=34, 提取点数=8
[2026-09-20 12:33:39] 当前避障路径段长度为：8
避障轨迹最近点索引为：34
[0m[ INFO] [1789878819.101709030]: local_x: 0.2586, local_y: -0.0024, gear: 1,  error_heading: 0.0135[0m
[0m[ INFO] [1789878819.101772967]: 1 points is not droped, 6.1115, 2.2034, -0.7854, 1, 5.9279, 2.3854, -0.7719[0m
[2026-09-20 12:33:39] 控制路径段: 起点索引=34, 提取点数=6
[2026-09-20 12:33:39] 避障检测路径段: 起点索引=34, 提取点数=8
[2026-09-20 12:33:39] 当前避障路径段长度为：8
避障轨迹最近点索引为：34
[0m[ INFO] [1789878819.201692450]: local_x: 0.2385, local_y: -0.0016, gear: 1,  error_heading: 0.0123[0m
[0m[ INFO] [1789878819.201751618]: 1 points is not droped, 6.1115, 2.2034, -0.7854, 1, 5.9419, 2.3711, -0.7731[0m
[2026-09-20 12:33:39] 控制路径段: 起点索引=34, 提取点数=6
[2026-09-20 12:33:39] 避障检测路径段: 起点索引=34, 提取点数=8
[2026-09-20 12:33:39] 当前避障路径段长度为：8
避障轨迹最近点索引为：34
[0m[ INFO] [1789878819.301687229]: local_x: 0.2215, local_y: -0.0061, gear: 1,  error_heading: 0.0151[0m
[0m[ INFO] [1789878819.301747166]: 1 points is not droped, 6.1115, 2.2034, -0.7854, 1, 5.9567, 2.3621, -0.7703[0m
[2026-09-20 12:33:39] 控制路径段: 起点索引=34, 提取点数=6
[2026-09-20 12:33:39] 避障检测路径段: 起点索引=34, 提取点数=8
[2026-09-20 12:33:39] 当前避障路径段长度为：8
避障轨迹最近点索引为：34
[0m[ INFO] [1789878819.401677369]: local_x: 0.1760, local_y: 0.0034, gear: 1,  error_heading: 0.0107[0m
[0m[ INFO] [1789878819.401734617]: 1 points is not droped, 6.1115, 2.2034, -0.7854, 1, 5.9833, 2.3241, -0.7747[0m
[2026-09-20 12:33:39] 控制路径段: 起点索引=34, 提取点数=6
[2026-09-20 12:33:39] 避障检测路径段: 起点索引=34, 提取点数=8
[2026-09-20 12:33:39] 当前避障路径段长度为：8
避障轨迹最近点索引为：34
[0m[ INFO] [1789878819.504728371]: local_x: 0.1504, local_y: 0.0035, gear: 1,  error_heading: 0.0103[0m
[0m[ INFO] [1789878819.504798900]: 1 points is not droped, 6.1115, 2.2034, -0.7854, 1, 6.0016, 2.3062, -0.7751[0m
[2026-09-20 12:33:39] 控制路径段: 起点索引=34, 提取点数=6
[2026-09-20 12:33:39] 避障检测路径段: 起点索引=34, 提取点数=8
[2026-09-20 12:33:39] 当前避障路径段长度为：8
避障轨迹最近点索引为：34
[0m[ INFO] [1789878819.604261994]: local_x: 0.1264, local_y: 0.0048, gear: 1,  error_heading: 0.0106[0m
[0m[ INFO] [1789878819.604329450]: 1 points is not droped, 6.1115, 2.2034, -0.7854, 1, 6.0178, 2.2883, -0.7748[0m
[2026-09-20 12:33:39] 控制路径段: 起点索引=34, 提取点数=6
[2026-09-20 12:33:39] 避障检测路径段: 起点索引=34, 提取点数=8
[2026-09-20 12:33:39] 当前避障路径段长度为：8
避障轨迹最近点索引为：34
[0m[ INFO] [1789878819.704136932]: local_x: 0.1021, local_y: 0.0050, gear: 1,  error_heading: 0.0103[0m
[0m[ INFO] [1789878819.704211109]: 1 points is not droped, 6.1115, 2.2034, -0.7854, 1, 6.0350, 2.2713, -0.7751[0m
[2026-09-20 12:33:39] 控制路径段: 起点索引=34, 提取点数=6
[2026-09-20 12:33:39] 避障检测路径段: 起点索引=34, 提取点数=8
[2026-09-20 12:33:39] 当前避障路径段长度为：8
避障轨迹最近点索引为：34
[0m[ INFO] [1789878819.801911625]: local_x: 0.0772, local_y: 0.0066, gear: 1,  error_heading: 0.0110[0m
[0m[ INFO] [1789878819.801996586]: gear=1 points is droped, 6.1115, 2.2034[0m
[2026-09-20 12:33:39] 新的最近点索引: 35
[2026-09-20 12:33:39] 控制路径段: 起点索引=35, 提取点数=5
[2026-09-20 12:33:39] 避障检测路径段: 起点索引=35, 提取点数=7
[2026-09-20 12:33:39] 当前避障路径段长度为：7
避障轨迹最近点索引为：35
[0m[ INFO] [1789878819.901716936]: local_x: 0.2635, local_y: 0.0012, gear: 1,  error_heading: 0.0106[0m
[0m[ INFO] [1789878819.901782152]: 1 points is not droped, 6.2615, 2.0534, -0.7854, 1, 6.0723, 2.2368, -0.7748[0m
[2026-09-20 12:33:39] 控制路径段: 起点索引=35, 提取点数=5
[2026-09-20 12:33:39] 避障检测路径段: 起点索引=35, 提取点数=7
[2026-09-20 12:33:39] 当前避障路径段长度为：7
避障轨迹最近点索引为：35
[0m[ INFO] [1789878820.001768690]: local_x: 0.2387, local_y: 0.0027, gear: 1,  error_heading: 0.0105[0m
[0m[ INFO] [1789878820.001843475]: 1 points is not droped, 6.2615, 2.0534, -0.7854, 1, 6.0890, 2.2185, -0.7749[0m
[2026-09-20 12:33:40] 控制路径段: 起点索引=35, 提取点数=5
[2026-09-20 12:33:40] 避障检测路径段: 起点索引=35, 提取点数=7
[2026-09-20 12:33:40] 当前避障路径段长度为：7
避障轨迹最近点索引为：35
[0m[ INFO] [1789878820.101701435]: local_x: 0.2154, local_y: 0.0022, gear: 1,  error_heading: 0.0108[0m
[0m[ INFO] [1789878820.101758972]: 1 points is not droped, 6.2615, 2.0534, -0.7854, 1, 6.1060, 2.2025, -0.7746[0m
[2026-09-20 12:33:40] 控制路径段: 起点索引=35, 提取点数=5
[2026-09-20 12:33:40] 避障检测路径段: 起点索引=35, 提取点数=7
[2026-09-20 12:33:40] 当前避障路径段长度为：7
避障轨迹最近点索引为：35
[0m[ INFO] [1789878820.201687237]: local_x: 0.1901, local_y: 0.0042, gear: 1,  error_heading: 0.0113[0m
[0m[ INFO] [1789878820.201748773]: 1 points is not droped, 6.2615, 2.0534, -0.7854, 1, 6.1226, 2.1833, -0.7741[0m
[2026-09-20 12:33:40] 控制路径段: 起点索引=35, 提取点数=5
[2026-09-20 12:33:40] 避障检测路径段: 起点索引=35, 提取点数=7
[2026-09-20 12:33:40] 当前避障路径段长度为：7
避障轨迹最近点索引为：35
[0m[ INFO] [1789878820.301692943]: local_x: 0.1791, local_y: 0.0047, gear: 1,  error_heading: 0.0122[0m
[0m[ INFO] [1789878820.301751439]: 1 points is not droped, 6.2615, 2.0534, -0.7854, 1, 6.1300, 2.1751, -0.7732[0m
[2026-09-20 12:33:40] 控制路径段: 起点索引=35, 提取点数=5
[2026-09-20 12:33:40] 避障检测路径段: 起点索引=35, 提取点数=7
[2026-09-20 12:33:40] 当前避障路径段长度为：7
避障轨迹最近点索引为：35
[0m[ INFO] [1789878820.401716057]: local_x: 0.1687, local_y: 0.0016, gear: 1,  error_heading: 0.0142[0m
[0m[ INFO] [1789878820.401781817]: 1 points is not droped, 6.2615, 2.0534, -0.7854, 1, 6.1394, 2.1699, -0.7712[0m
[2026-09-20 12:33:40] 控制路径段: 起点索引=35, 提取点数=5
[2026-09-20 12:33:40] 避障检测路径段: 起点索引=35, 提取点数=7
[2026-09-20 12:33:40] 当前避障路径段长度为：7
避障轨迹最近点索引为：35
[0m[ INFO] [1789878820.501863716]: local_x: 0.1722, local_y: 0.0006, gear: 1,  error_heading: 0.0140[0m
[0m[ INFO] [1789878820.501922629]: 1 points is not droped, 6.2615, 2.0534, -0.7854, 1, 6.1376, 2.1730, -0.7714[0m
[2026-09-20 12:33:40] 控制路径段: 起点索引=35, 提取点数=5
[2026-09-20 12:33:40] 避障检测路径段: 起点索引=35, 提取点数=7
[2026-09-20 12:33:40] 当前避障路径段长度为：7
避障轨迹最近点索引为：35
[0m[ INFO] [1789878820.601801453]: local_x: 0.1677, local_y: 0.0001, gear: 1,  error_heading: 0.0142[0m
[0m[ INFO] [1789878820.601880046]: 1 points is not droped, 6.2615, 2.0534, -0.7854, 1, 6.1411, 2.1702, -0.7712[0m
[2026-09-20 12:33:40] 控制路径段: 起点索引=35, 提取点数=5
[2026-09-20 12:33:40] 避障检测路径段: 起点索引=35, 提取点数=7
[2026-09-20 12:33:40] 当前避障路径段长度为：7
避障轨迹最近点索引为：35
[0m[ INFO] [1789878820.701762519]: local_x: 0.1688, local_y: 0.0001, gear: 1,  error_heading: 0.0142[0m
[0m[ INFO] [1789878820.701836376]: 1 points is not droped, 6.2615, 2.0534, -0.7854, 1, 6.1404, 2.1710, -0.7712[0m
[2026-09-20 12:33:40] 控制路径段: 起点索引=35, 提取点数=5
[2026-09-20 12:33:40] 避障检测路径段: 起点索引=35, 提取点数=7
[2026-09-20 12:33:40] 当前避障路径段长度为：7
避障轨迹最近点索引为：35
[0m[ INFO] [1789878820.801704896]: local_x: 0.1662, local_y: 0.0001, gear: 1,  error_heading: 0.0137[0m
[0m[ INFO] [1789878820.801762945]: 1 points is not droped, 6.2615, 2.0534, -0.7854, 1, 6.1423, 2.1693, -0.7717[0m
[2026-09-20 12:33:40] 控制路径段: 起点索引=35, 提取点数=5
[2026-09-20 12:33:40] 避障检测路径段: 起点索引=35, 提取点数=7
[2026-09-20 12:33:40] 当前避障路径段长度为：7
避障轨迹最近点索引为：35
[0m[ INFO] [1789878820.901701546]: local_x: 0.1689, local_y: -0.0077, gear: 1,  error_heading: 0.0120[0m
[0m[ INFO] [1789878820.901770090]: 1 points is not droped, 6.2615, 2.0534, -0.7854, 1, 6.1460, 2.1768, -0.7734[0m
[2026-09-20 12:33:40] 控制路径段: 起点索引=35, 提取点数=5
[2026-09-20 12:33:40] 避障检测路径段: 起点索引=35, 提取点数=7
[2026-09-20 12:33:40] 当前避障路径段长度为：7
避障轨迹最近点索引为：35
[0m[ INFO] [1789878821.001747668]: local_x: 0.1524, local_y: -0.0069, gear: 1,  error_heading: 0.0136[0m
[0m[ INFO] [1789878821.001823733]: 1 points is not droped, 6.2615, 2.0534, -0.7854, 1, 6.1571, 2.1646, -0.7718[0m
[2026-09-20 12:33:41] 控制路径段: 起点索引=35, 提取点数=5
[2026-09-20 12:33:41] 避障检测路径段: 起点索引=35, 提取点数=7
[2026-09-20 12:33:41] 当前避障路径段长度为：7
避障轨迹最近点索引为：35
[0m[ INFO] [1789878821.101729118]: local_x: 0.1556, local_y: -0.0097, gear: 1,  error_heading: 0.0135[0m
[0m[ INFO] [1789878821.101795998]: 1 points is not droped, 6.2615, 2.0534, -0.7854, 1, 6.1567, 2.1688, -0.7719[0m
[2026-09-20 12:33:41] 控制路径段: 起点索引=35, 提取点数=5
[2026-09-20 12:33:41] 避障检测路径段: 起点索引=35, 提取点数=7
[2026-09-20 12:33:41] 当前避障路径段长度为：7
避障轨迹最近点索引为：35
[0m[ INFO] [1789878821.201810280]: local_x: 0.1414, local_y: -0.0084, gear: 1,  error_heading: 0.0107[0m
[0m[ INFO] [1789878821.201883817]: 1 points is not droped, 6.2615, 2.0534, -0.7854, 1, 6.1663, 2.1583, -0.7747[0m
[2026-09-20 12:33:41] 控制路径段: 起点索引=35, 提取点数=5
[2026-09-20 12:33:41] 避障检测路径段: 起点索引=35, 提取点数=7
[2026-09-20 12:33:41] 当前避障路径段长度为：7
避障轨迹最近点索引为：35
[0m[ INFO] [1789878821.301722993]: local_x: 0.1365, local_y: -0.0084, gear: 1,  error_heading: 0.0122[0m
[0m[ INFO] [1789878821.301900595]: 1 points is not droped, 6.2615, 2.0534, -0.7854, 1, 6.1696, 2.1547, -0.7732[0m
[2026-09-20 12:33:41] 控制路径段: 起点索引=35, 提取点数=5
[2026-09-20 12:33:41] 避障检测路径段: 起点索引=35, 提取点数=7
[2026-09-20 12:33:41] 当前避障路径段长度为：7
避障轨迹最近点索引为：35
[0m[ INFO] [1789878821.401755867]: local_x: 0.1396, local_y: -0.0052, gear: 1,  error_heading: 0.0133[0m
[0m[ INFO] [1789878821.401836764]: 1 points is not droped, 6.2615, 2.0534, -0.7854, 1, 6.1651, 2.1545, -0.7721[0m
[2026-09-20 12:33:41] 控制路径段: 起点索引=35, 提取点数=5
[2026-09-20 12:33:41] 避障检测路径段: 起点索引=35, 提取点数=7
[2026-09-20 12:33:41] 当前避障路径段长度为：7
避障轨迹最近点索引为：35
[0m[ INFO] [1789878821.501807110]: local_x: 0.1435, local_y: -0.0069, gear: 1,  error_heading: 0.0133[0m
[0m[ INFO] [1789878821.501884519]: 1 points is not droped, 6.2615, 2.0534, -0.7854, 1, 6.1634, 2.1584, -0.7721[0m
[2026-09-20 12:33:41] 控制路径段: 起点索引=35, 提取点数=5
[2026-09-20 12:33:41] 避障检测路径段: 起点索引=35, 提取点数=7
[2026-09-20 12:33:41] 当前避障路径段长度为：7
避障轨迹最近点索引为：35
[0m[ INFO] [1789878821.602231572]: local_x: 0.1394, local_y: -0.0062, gear: 1,  error_heading: 0.0140[0m
[0m[ INFO] [1789878821.602295925]: 1 points is not droped, 6.2615, 2.0534, -0.7854, 1, 6.1659, 2.1551, -0.7714[0m
[2026-09-20 12:33:41] 控制路径段: 起点索引=35, 提取点数=5
[2026-09-20 12:33:41] 避障检测路径段: 起点索引=35, 提取点数=7
[2026-09-20 12:33:41] 当前避障路径段长度为：7
避障轨迹最近点索引为：35
[0m[ INFO] [1789878821.701684760]: local_x: 0.1442, local_y: -0.0062, gear: 1,  error_heading: 0.0136[0m
[0m[ INFO] [1789878821.701744153]: 1 points is not droped, 6.2615, 2.0534, -0.7854, 1, 6.1625, 2.1584, -0.7718[0m
[2026-09-20 12:33:41] 控制路径段: 起点索引=35, 提取点数=5
[2026-09-20 12:33:41] 避障检测路径段: 起点索引=35, 提取点数=7
[2026-09-20 12:33:41] 当前避障路径段长度为：7
避障轨迹最近点索引为：35
[0m[ INFO] [1789878821.801732418]: local_x: 0.1396, local_y: -0.0059, gear: 1,  error_heading: 0.0137[0m
[0m[ INFO] [1789878821.801806019]: 1 points is not droped, 6.2615, 2.0534, -0.7854, 1, 6.1656, 2.1550, -0.7717[0m
[2026-09-20 12:33:41] 控制路径段: 起点索引=35, 提取点数=5
[2026-09-20 12:33:41] 避障检测路径段: 起点索引=35, 提取点数=7
[2026-09-20 12:33:41] 当前避障路径段长度为：7
避障轨迹最近点索引为：35
[0m[ INFO] [1789878821.901718348]: local_x: 0.1454, local_y: -0.0079, gear: 1,  error_heading: 0.0139[0m
[0m[ INFO] [1789878821.901788045]: 1 points is not droped, 6.2615, 2.0534, -0.7854, 1, 6.1627, 2.1604, -0.7715[0m
[2026-09-20 12:33:41] 控制路径段: 起点索引=35, 提取点数=5
[2026-09-20 12:33:41] 避障检测路径段: 起点索引=35, 提取点数=7
[2026-09-20 12:33:41] 当前避障路径段长度为：7
避障轨迹最近点索引为：35
[0m[ INFO] [1789878822.004546517]: local_x: 0.1410, local_y: -0.0075, gear: 1,  error_heading: 0.0140[0m
[0m[ INFO] [1789878822.004621654]: 1 points is not droped, 6.2615, 2.0534, -0.7854, 1, 6.1656, 2.1570, -0.7714[0m
[2026-09-20 12:33:42] 控制路径段: 起点索引=35, 提取点数=5
[2026-09-20 12:33:42] 避障检测路径段: 起点索引=35, 提取点数=7
[2026-09-20 12:33:42] 当前避障路径段长度为：7
避障轨迹最近点索引为：35
[0m[ INFO] [1789878822.101740992]: local_x: 0.1461, local_y: -0.0106, gear: 1,  error_heading: 0.0139[0m
[0m[ INFO] [1789878822.101810721]: 1 points is not droped, 6.2615, 2.0534, -0.7854, 1, 6.1641, 2.1628, -0.7714[0m
[2026-09-20 12:33:42] 控制路径段: 起点索引=35, 提取点数=5
[2026-09-20 12:33:42] 避障检测路径段: 起点索引=35, 提取点数=7
[2026-09-20 12:33:42] 当前避障路径段长度为：7
避障轨迹最近点索引为：35
[0m[ INFO] [1789878822.201712309]: local_x: 0.1419, local_y: -0.0101, gear: 1,  error_heading: 0.0139[0m
[0m[ INFO] [1789878822.201875894]: 1 points is not droped, 6.2615, 2.0534, -0.7854, 1, 6.1669, 2.1596, -0.7715[0m
[2026-09-20 12:33:42] 控制路径段: 起点索引=35, 提取点数=5
[2026-09-20 12:33:42] 避障检测路径段: 起点索引=35, 提取点数=7
[2026-09-20 12:33:42] 当前避障路径段长度为：7
避障轨迹最近点索引为：35
[0m[ INFO] [1789878822.301696135]: local_x: 0.1393, local_y: -0.0101, gear: 1,  error_heading: 0.0136[0m
[0m[ INFO] [1789878822.301761096]: 1 points is not droped, 6.2615, 2.0534, -0.7854, 1, 6.1687, 2.1578, -0.7718[0m
[2026-09-20 12:33:42] 控制路径段: 起点索引=35, 提取点数=5
[2026-09-20 12:33:42] 避障检测路径段: 起点索引=35, 提取点数=7
[2026-09-20 12:33:42] 当前避障路径段长度为：7
避障轨迹最近点索引为：35
[0m[ INFO] [1789878822.401696090]: local_x: 0.1513, local_y: -0.0096, gear: 1,  error_heading: 0.0132[0m
[0m[ INFO] [1789878822.401760602]: 1 points is not droped, 6.2615, 2.0534, -0.7854, 1, 6.1598, 2.1659, -0.7722[0m
[2026-09-20 12:33:42] 控制路径段: 起点索引=35, 提取点数=5
[2026-09-20 12:33:42] 避障检测路径段: 起点索引=35, 提取点数=7
[2026-09-20 12:33:42] 当前避障路径段长度为：7
避障轨迹最近点索引为：35
[0m[ INFO] [1789878822.502333779]: local_x: 0.1527, local_y: -0.0108, gear: 1,  error_heading: 0.0131[0m
[0m[ INFO] [1789878822.502398419]: 1 points is not droped, 6.2615, 2.0534, -0.7854, 1, 6.1596, 2.1676, -0.7723[0m
[2026-09-20 12:33:42] 控制路径段: 起点索引=35, 提取点数=5
[2026-09-20 12:33:42] 避障检测路径段: 起点索引=35, 提取点数=7
[2026-09-20 12:33:42] 当前避障路径段长度为：7
避障轨迹最近点索引为：35
[0m[ INFO] [1789878822.601724383]: local_x: 0.1451, local_y: -0.0099, gear: 1,  error_heading: 0.0122[0m
[0m[ INFO] [1789878822.601796832]: 1 points is not droped, 6.2615, 2.0534, -0.7854, 1, 6.1646, 2.1618, -0.7732[0m
[2026-09-20 12:33:42] 控制路径段: 起点索引=35, 提取点数=5
[2026-09-20 12:33:42] 避障检测路径段: 起点索引=35, 提取点数=7
[2026-09-20 12:33:42] 当前避障路径段长度为：7
避障轨迹最近点索引为：35
[0m[ INFO] [1789878822.701742482]: local_x: 0.1471, local_y: -0.0118, gear: 1,  error_heading: 0.0115[0m
[0m[ INFO] [1789878822.701807379]: 1 points is not droped, 6.2615, 2.0534, -0.7854, 1, 6.1645, 2.1647, -0.7739[0m
[2026-09-20 12:33:42] 控制路径段: 起点索引=35, 提取点数=5
[2026-09-20 12:33:42] 避障检测路径段: 起点索引=35, 提取点数=7
[2026-09-20 12:33:42] 当前避障路径段长度为：7
避障轨迹最近点索引为：35
[0m[ INFO] [1789878822.801705892]: local_x: 0.1479, local_y: -0.0110, gear: 1,  error_heading: 0.0127[0m
[0m[ INFO] [1789878822.801766693]: 1 points is not droped, 6.2615, 2.0534, -0.7854, 1, 6.1632, 2.1645, -0.7727[0m
[2026-09-20 12:33:42] 控制路径段: 起点索引=35, 提取点数=5
[2026-09-20 12:33:42] 避障检测路径段: 起点索引=35, 提取点数=7
[2026-09-20 12:33:42] 当前避障路径段长度为：7
避障轨迹最近点索引为：35
[0m[ INFO] [1789878822.901737335]: local_x: 0.1461, local_y: -0.0107, gear: 1,  error_heading: 0.0128[0m
[0m[ INFO] [1789878822.901805592]: 1 points is not droped, 6.2615, 2.0534, -0.7854, 1, 6.1644, 2.1630, -0.7726[0m
[2026-09-20 12:33:42] 控制路径段: 起点索引=35, 提取点数=5
[2026-09-20 12:33:42] 避障检测路径段: 起点索引=35, 提取点数=7
[2026-09-20 12:33:42] 当前避障路径段长度为：7
避障轨迹最近点索引为：35
[0m[ INFO] [1789878823.001728649]: local_x: 0.1465, local_y: -0.0101, gear: 1,  error_heading: 0.0129[0m
[0m[ INFO] [1789878823.001795242]: 1 points is not droped, 6.2615, 2.0534, -0.7854, 1, 6.1636, 2.1629, -0.7725[0m
[2026-09-20 12:33:43] 控制路径段: 起点索引=35, 提取点数=5
[2026-09-20 12:33:43] 避障检测路径段: 起点索引=35, 提取点数=7
[2026-09-20 12:33:43] 当前避障路径段长度为：7
避障轨迹最近点索引为：35
[0m[ INFO] [1789878823.101690204]: local_x: 0.1464, local_y: -0.0106, gear: 1,  error_heading: 0.0124[0m
[0m[ INFO] [1789878823.101749564]: 1 points is not droped, 6.2615, 2.0534, -0.7854, 1, 6.1641, 2.1632, -0.7730[0m
[2026-09-20 12:33:43] 控制路径段: 起点索引=35, 提取点数=5
[2026-09-20 12:33:43] 避障检测路径段: 起点索引=35, 提取点数=7
[2026-09-20 12:33:43] 当前避障路径段长度为：7
避障轨迹最近点索引为：35
[0m[ INFO] [1789878823.201687982]: local_x: 0.1466, local_y: -0.0102, gear: 1,  error_heading: 0.0127[0m
[0m[ INFO] [1789878823.201745455]: 1 points is not droped, 6.2615, 2.0534, -0.7854, 1, 6.1636, 2.1631, -0.7727[0m
[2026-09-20 12:33:43] 控制路径段: 起点索引=35, 提取点数=5
[2026-09-20 12:33:43] 避障检测路径段: 起点索引=35, 提取点数=7
[2026-09-20 12:33:43] 当前避障路径段长度为：7
避障轨迹最近点索引为：35
[0m[ INFO] [1789878823.301715489]: local_x: 0.1509, local_y: -0.0048, gear: 1,  error_heading: 0.0117[0m
[0m[ INFO] [1789878823.301777762]: 1 points is not droped, 6.2615, 2.0534, -0.7854, 1, 6.1569, 2.1623, -0.7737[0m
[2026-09-20 12:33:43] 控制路径段: 起点索引=35, 提取点数=5
[2026-09-20 12:33:43] 避障检测路径段: 起点索引=35, 提取点数=7
[2026-09-20 12:33:43] 当前避障路径段长度为：7
避障轨迹最近点索引为：35
[0m[ INFO] [1789878823.401702163]: local_x: 0.1478, local_y: -0.0120, gear: 1,  error_heading: 0.0126[0m
[0m[ INFO] [1789878823.401774900]: 1 points is not droped, 6.2615, 2.0534, -0.7854, 1, 6.1640, 2.1652, -0.7728[0m
[2026-09-20 12:33:43] 控制路径段: 起点索引=35, 提取点数=5
[2026-09-20 12:33:43] 避障检测路径段: 起点索引=35, 提取点数=7
[2026-09-20 12:33:43] 当前避障路径段长度为：7
避障轨迹最近点索引为：35
[0m[ INFO] [1789878823.501729670]: local_x: 0.1469, local_y: -0.0107, gear: 1,  error_heading: 0.0124[0m
[0m[ INFO] [1789878823.501799399]: 1 points is not droped, 6.2615, 2.0534, -0.7854, 1, 6.1638, 2.1636, -0.7730[0m
[2026-09-20 12:33:43] 控制路径段: 起点索引=35, 提取点数=5
[2026-09-20 12:33:43] 避障检测路径段: 起点索引=35, 提取点数=7
[2026-09-20 12:33:43] 当前避障路径段长度为：7
避障轨迹最近点索引为：35
[0m[ INFO] [1789878823.601694200]: local_x: 0.1473, local_y: -0.0110, gear: 1,  error_heading: 0.0125[0m
[0m[ INFO] [1789878823.601751993]: 1 points is not droped, 6.2615, 2.0534, -0.7854, 1, 6.1637, 2.1641, -0.7729[0m
[2026-09-20 12:33:43] 控制路径段: 起点索引=35, 提取点数=5
[2026-09-20 12:33:43] 避障检测路径段: 起点索引=35, 提取点数=7
[2026-09-20 12:33:43] 当前避障路径段长度为：7
避障轨迹最近点索引为：35
[0m[ INFO] [1789878823.701690891]: local_x: 0.1458, local_y: -0.0112, gear: 1,  error_heading: 0.0125[0m
[0m[ INFO] [1789878823.701751115]: 1 points is not droped, 6.2615, 2.0534, -0.7854, 1, 6.1649, 2.1632, -0.7729[0m
[2026-09-20 12:33:43] 控制路径段: 起点索引=35, 提取点数=5
[2026-09-20 12:33:43] 避障检测路径段: 起点索引=35, 提取点数=7
[2026-09-20 12:33:43] 当前避障路径段长度为：7
避障轨迹最近点索引为：35
[0m[ INFO] [1789878823.801730142]: local_x: 0.1462, local_y: -0.0114, gear: 1,  error_heading: 0.0125[0m
[0m[ INFO] [1789878823.801801471]: 1 points is not droped, 6.2615, 2.0534, -0.7854, 1, 6.1648, 2.1636, -0.7728[0m
[2026-09-20 12:33:43] 控制路径段: 起点索引=35, 提取点数=5
[2026-09-20 12:33:43] 避障检测路径段: 起点索引=35, 提取点数=7
[2026-09-20 12:33:43] 当前避障路径段长度为：7
避障轨迹最近点索引为：35
[0m[ INFO] [1789878823.901729040]: local_x: 0.1462, local_y: -0.0108, gear: 1,  error_heading: 0.0124[0m
[0m[ INFO] [1789878823.901790640]: 1 points is not droped, 6.2615, 2.0534, -0.7854, 1, 6.1644, 2.1632, -0.7730[0m
[2026-09-20 12:33:43] 控制路径段: 起点索引=35, 提取点数=5
[2026-09-20 12:33:43] 避障检测路径段: 起点索引=35, 提取点数=7
[2026-09-20 12:33:43] 当前避障路径段长度为：7
避障轨迹最近点索引为：35
[0m[ INFO] [1789878824.001755234]: local_x: 0.1466, local_y: -0.0109, gear: 1,  error_heading: 0.0124[0m
[0m[ INFO] [1789878824.001829219]: 1 points is not droped, 6.2615, 2.0534, -0.7854, 1, 6.1642, 2.1636, -0.7730[0m
[2026-09-20 12:33:44] 控制路径段: 起点索引=35, 提取点数=5
[2026-09-20 12:33:44] 避障检测路径段: 起点索引=35, 提取点数=7
[2026-09-20 12:33:44] 当前避障路径段长度为：7
避障轨迹最近点索引为：35
[0m[ INFO] [1789878824.101757908]: local_x: 0.1462, local_y: -0.0114, gear: 1,  error_heading: 0.0124[0m
[0m[ INFO] [1789878824.101823988]: 1 points is not droped, 6.2615, 2.0534, -0.7854, 1, 6.1647, 2.1636, -0.7730[0m
[2026-09-20 12:33:44] 控制路径段: 起点索引=35, 提取点数=5
[2026-09-20 12:33:44] 避障检测路径段: 起点索引=35, 提取点数=7
[2026-09-20 12:33:44] 当前避障路径段长度为：7
避障轨迹最近点索引为：35
[0m[ INFO] [1789878824.201739013]: local_x: 0.1467, local_y: -0.0114, gear: 1,  error_heading: 0.0124[0m
[0m[ INFO] [1789878824.201844326]: 1 points is not droped, 6.2615, 2.0534, -0.7854, 1, 6.1645, 2.1640, -0.7730[0m
[2026-09-20 12:33:44] 控制路径段: 起点索引=35, 提取点数=5
[2026-09-20 12:33:44] 避障检测路径段: 起点索引=35, 提取点数=7
[2026-09-20 12:33:44] 当前避障路径段长度为：7
避障轨迹最近点索引为：35
[0m[ INFO] [1789878824.301748439]: local_x: 0.1454, local_y: -0.0144, gear: 1,  error_heading: 0.0120[0m
[0m[ INFO] [1789878824.301819032]: 1 points is not droped, 6.2615, 2.0534, -0.7854, 1, 6.1675, 2.1652, -0.7734[0m
[2026-09-20 12:33:44] 控制路径段: 起点索引=35, 提取点数=5
[2026-09-20 12:33:44] 避障检测路径段: 起点索引=35, 提取点数=7
[2026-09-20 12:33:44] 当前避障路径段长度为：7
避障轨迹最近点索引为：35
[0m[ INFO] [1789878824.401722793]: local_x: 0.1456, local_y: -0.0111, gear: 1,  error_heading: 0.0123[0m
[0m[ INFO] [1789878824.401848874]: 1 points is not droped, 6.2615, 2.0534, -0.7854, 1, 6.1650, 2.1630, -0.7731[0m
[2026-09-20 12:33:44] 控制路径段: 起点索引=35, 提取点数=5
[2026-09-20 12:33:44] 避障检测路径段: 起点索引=35, 提取点数=7
[2026-09-20 12:33:44] 当前避障路径段长度为：7
避障轨迹最近点索引为：35
[0m[ INFO] [1789878824.501837692]: local_x: 0.1467, local_y: -0.0110, gear: 1,  error_heading: 0.0123[0m
[0m[ INFO] [1789878824.501917661]: 1 points is not droped, 6.2615, 2.0534, -0.7854, 1, 6.1641, 2.1637, -0.7731[0m
[2026-09-20 12:33:44] 控制路径段: 起点索引=35, 提取点数=5
[2026-09-20 12:33:44] 避障检测路径段: 起点索引=35, 提取点数=7
[2026-09-20 12:33:44] 当前避障路径段长度为：7
避障轨迹最近点索引为：35
[0m[ INFO] [1789878824.601818542]: local_x: 0.1471, local_y: -0.0108, gear: 1,  error_heading: 0.0123[0m
[0m[ INFO] [1789878824.601908623]: 1 points is not droped, 6.2615, 2.0534, -0.7854, 1, 6.1637, 2.1639, -0.7731[0m
[2026-09-20 12:33:44] 控制路径段: 起点索引=35, 提取点数=5
[2026-09-20 12:33:44] 避障检测路径段: 起点索引=35, 提取点数=7
[2026-09-20 12:33:44] 当前避障路径段长度为：7
避障轨迹最近点索引为：35
[0m[ INFO] [1789878824.701802303]: local_x: 0.1466, local_y: -0.0092, gear: 1,  error_heading: 0.0123[0m
[0m[ INFO] [1789878824.701899104]: 1 points is not droped, 6.2615, 2.0534, -0.7854, 1, 6.1630, 2.1623, -0.7731[0m
[2026-09-20 12:33:44] 控制路径段: 起点索引=35, 提取点数=5
[2026-09-20 12:33:44] 避障检测路径段: 起点索引=35, 提取点数=7
[2026-09-20 12:33:44] 当前避障路径段长度为：7
避障轨迹最近点索引为：35
[0m[ INFO] [1789878824.801717712]: local_x: 0.1470, local_y: -0.0089, gear: 1,  error_heading: 0.0123[0m
[0m[ INFO] [1789878824.801787249]: 1 points is not droped, 6.2615, 2.0534, -0.7854, 1, 6.1625, 2.1624, -0.7731[0m
[2026-09-20 12:33:44] 控制路径段: 起点索引=35, 提取点数=5
[2026-09-20 12:33:44] 避障检测路径段: 起点索引=35, 提取点数=7
[2026-09-20 12:33:44] 当前避障路径段长度为：7
避障轨迹最近点索引为：35
[0m[ INFO] [1789878824.901715938]: local_x: 0.1472, local_y: -0.0088, gear: 1,  error_heading: 0.0122[0m
[0m[ INFO] [1789878824.901782659]: 1 points is not droped, 6.2615, 2.0534, -0.7854, 1, 6.1623, 2.1625, -0.7732[0m
[2026-09-20 12:33:44] 控制路径段: 起点索引=35, 提取点数=5
[2026-09-20 12:33:44] 避障检测路径段: 起点索引=35, 提取点数=7
[2026-09-20 12:33:44] 当前避障路径段长度为：7
避障轨迹最近点索引为：35
[0m[ INFO] [1789878825.001722740]: local_x: 0.1468, local_y: -0.0085, gear: 1,  error_heading: 0.0123[0m
[0m[ INFO] [1789878825.001796661]: 1 points is not droped, 6.2615, 2.0534, -0.7854, 1, 6.1623, 2.1620, -0.7731[0m
[2026-09-20 12:33:45] 控制路径段: 起点索引=35, 提取点数=5
[2026-09-20 12:33:45] 避障检测路径段: 起点索引=35, 提取点数=7
[2026-09-20 12:33:45] 当前避障路径段长度为：7
避障轨迹最近点索引为：35
[0m[ INFO] [1789878825.101718054]: local_x: 0.1464, local_y: -0.0086, gear: 1,  error_heading: 0.0122[0m
[0m[ INFO] [1789878825.101780583]: 1 points is not droped, 6.2615, 2.0534, -0.7854, 1, 6.1626, 2.1618, -0.7732[0m
[2026-09-20 12:33:45] 控制路径段: 起点索引=35, 提取点数=5
[2026-09-20 12:33:45] 避障检测路径段: 起点索引=35, 提取点数=7
[2026-09-20 12:33:45] 当前避障路径段长度为：7
避障轨迹最近点索引为：35
[0m[ INFO] [1789878825.201697144]: local_x: 0.1469, local_y: -0.0083, gear: 1,  error_heading: 0.0122[0m
[0m[ INFO] [1789878825.201759512]: 1 points is not droped, 6.2615, 2.0534, -0.7854, 1, 6.1621, 2.1619, -0.7732[0m
[2026-09-20 12:33:45] 控制路径段: 起点索引=35, 提取点数=5
[2026-09-20 12:33:45] 避障检测路径段: 起点索引=35, 提取点数=7
[2026-09-20 12:33:45] 当前避障路径段长度为：7
避障轨迹最近点索引为：35
[0m[ INFO] [1789878825.301701257]: local_x: 0.1557, local_y: -0.0096, gear: 1,  error_heading: 0.0107[0m
[0m[ INFO] [1789878825.301763082]: 1 points is not droped, 6.2615, 2.0534, -0.7854, 1, 6.1569, 2.1692, -0.7747[0m
[2026-09-20 12:33:45] 控制路径段: 起点索引=35, 提取点数=5
[2026-09-20 12:33:45] 避障检测路径段: 起点索引=35, 提取点数=7
[2026-09-20 12:33:45] 当前避障路径段长度为：7
避障轨迹最近点索引为：35
[0m[ INFO] [1789878825.401702331]: local_x: 0.1472, local_y: -0.0085, gear: 1,  error_heading: 0.0122[0m
[0m[ INFO] [1789878825.401768284]: 1 points is not droped, 6.2615, 2.0534, -0.7854, 1, 6.1620, 2.1623, -0.7732[0m
[2026-09-20 12:33:45] 控制路径段: 起点索引=35, 提取点数=5
[2026-09-20 12:33:45] 避障检测路径段: 起点索引=35, 提取点数=7
[2026-09-20 12:33:45] 当前避障路径段长度为：7
避障轨迹最近点索引为：35
[0m[ INFO] [1789878825.501736910]: local_x: 0.1472, local_y: -0.0097, gear: 1,  error_heading: 0.0123[0m
[0m[ INFO] [1789878825.501809486]: 1 points is not droped, 6.2615, 2.0534, -0.7854, 1, 6.1629, 2.1632, -0.7731[0m
[2026-09-20 12:33:45] 控制路径段: 起点索引=35, 提取点数=5
[2026-09-20 12:33:45] 避障检测路径段: 起点索引=35, 提取点数=7
[2026-09-20 12:33:45] 当前避障路径段长度为：7
避障轨迹最近点索引为：35
[0m[ INFO] [1789878825.601718431]: local_x: 0.1477, local_y: -0.0098, gear: 1,  error_heading: 0.0122[0m
[0m[ INFO] [1789878825.601782816]: 1 points is not droped, 6.2615, 2.0534, -0.7854, 1, 6.1626, 2.1635, -0.7732[0m
[2026-09-20 12:33:45] 控制路径段: 起点索引=35, 提取点数=5
[2026-09-20 12:33:45] 避障检测路径段: 起点索引=35, 提取点数=7
[2026-09-20 12:33:45] 当前避障路径段长度为：7
避障轨迹最近点索引为：35
[0m[ INFO] [1789878825.701719057]: local_x: 0.1472, local_y: -0.0100, gear: 1,  error_heading: 0.0122[0m
[0m[ INFO] [1789878825.701787058]: 1 points is not droped, 6.2615, 2.0534, -0.7854, 1, 6.1631, 2.1633, -0.7732[0m
[2026-09-20 12:33:45] 控制路径段: 起点索引=35, 提取点数=5
[2026-09-20 12:33:45] 避障检测路径段: 起点索引=35, 提取点数=7
[2026-09-20 12:33:45] 当前避障路径段长度为：7
避障轨迹最近点索引为：35
[0m[ INFO] [1789878825.801686403]: local_x: 0.1475, local_y: -0.0100, gear: 1,  error_heading: 0.0122[0m
[0m[ INFO] [1789878825.801758435]: 1 points is not droped, 6.2615, 2.0534, -0.7854, 1, 6.1629, 2.1636, -0.7732[0m
[2026-09-20 12:33:45] 控制路径段: 起点索引=35, 提取点数=5
[2026-09-20 12:33:45] 避障检测路径段: 起点索引=35, 提取点数=7
[2026-09-20 12:33:45] 当前避障路径段长度为：7
避障轨迹最近点索引为：35
[0m[ INFO] [1789878825.901679604]: local_x: 0.1472, local_y: -0.0099, gear: 1,  error_heading: 0.0121[0m
[0m[ INFO] [1789878825.901737205]: 1 points is not droped, 6.2615, 2.0534, -0.7854, 1, 6.1630, 2.1633, -0.7733[0m
[2026-09-20 12:33:45] 控制路径段: 起点索引=35, 提取点数=5
[2026-09-20 12:33:45] 避障检测路径段: 起点索引=35, 提取点数=7
[2026-09-20 12:33:45] 当前避障路径段长度为：7
避障轨迹最近点索引为：35
[0m[ INFO] [1789878826.001696134]: local_x: 0.1474, local_y: -0.0099, gear: 1,  error_heading: 0.0121[0m
[0m[ INFO] [1789878826.001756967]: 1 points is not droped, 6.2615, 2.0534, -0.7854, 1, 6.1629, 2.1635, -0.7733[0m
[2026-09-20 12:33:46] 控制路径段: 起点索引=35, 提取点数=5
[2026-09-20 12:33:46] 避障检测路径段: 起点索引=35, 提取点数=7
[2026-09-20 12:33:46] 当前避障路径段长度为：7
避障轨迹最近点索引为：35
[0m[ INFO] [1789878826.101731449]: local_x: 0.1466, local_y: -0.0103, gear: 1,  error_heading: 0.0122[0m
[0m[ INFO] [1789878826.101793977]: 1 points is not droped, 6.2615, 2.0534, -0.7854, 1, 6.1637, 2.1632, -0.7732[0m
[2026-09-20 12:33:46] 控制路径段: 起点索引=35, 提取点数=5
[2026-09-20 12:33:46] 避障检测路径段: 起点索引=35, 提取点数=7
[2026-09-20 12:33:46] 当前避障路径段长度为：7
避障轨迹最近点索引为：35
[0m[ INFO] [1789878826.201750027]: local_x: 0.1467, local_y: -0.0103, gear: 1,  error_heading: 0.0121[0m
[0m[ INFO] [1789878826.201821515]: 1 points is not droped, 6.2615, 2.0534, -0.7854, 1, 6.1636, 2.1632, -0.7733[0m
[2026-09-20 12:33:46] 控制路径段: 起点索引=35, 提取点数=5
[2026-09-20 12:33:46] 避障检测路径段: 起点索引=35, 提取点数=7
[2026-09-20 12:33:46] 当前避障路径段长度为：7
避障轨迹最近点索引为：35
[0m[ INFO] [1789878826.301691420]: local_x: 0.1468, local_y: -0.0103, gear: 1,  error_heading: 0.0121[0m
[0m[ INFO] [1789878826.301750909]: 1 points is not droped, 6.2615, 2.0534, -0.7854, 1, 6.1637, 2.1633, -0.7733[0m
[2026-09-20 12:33:46] 控制路径段: 起点索引=35, 提取点数=5
[2026-09-20 12:33:46] 避障检测路径段: 起点索引=35, 提取点数=7
[2026-09-20 12:33:46] 当前避障路径段长度为：7
避障轨迹最近点索引为：35
[0m[ INFO] [1789878826.401704654]: local_x: 0.1461, local_y: -0.0105, gear: 1,  error_heading: 0.0121[0m
[0m[ INFO] [1789878826.401765071]: 1 points is not droped, 6.2615, 2.0534, -0.7854, 1, 6.1642, 2.1630, -0.7733[0m
[2026-09-20 12:33:46] 控制路径段: 起点索引=35, 提取点数=5
[2026-09-20 12:33:46] 避障检测路径段: 起点索引=35, 提取点数=7
[2026-09-20 12:33:46] 当前避障路径段长度为：7
避障轨迹最近点索引为：35
[0m[ INFO] [1789878826.501678656]: local_x: 0.1459, local_y: -0.0108, gear: 1,  error_heading: 0.0121[0m
[0m[ INFO] [1789878826.501736704]: 1 points is not droped, 6.2615, 2.0534, -0.7854, 1, 6.1646, 2.1630, -0.7733[0m
[2026-09-20 12:33:46] 控制路径段: 起点索引=35, 提取点数=5
[2026-09-20 12:33:46] 避障检测路径段: 起点索引=35, 提取点数=7
[2026-09-20 12:33:46] 当前避障路径段长度为：7
避障轨迹最近点索引为：35
[0m[ INFO] [1789878826.601715442]: local_x: 0.1461, local_y: -0.0108, gear: 1,  error_heading: 0.0121[0m
[0m[ INFO] [1789878826.601784850]: 1 points is not droped, 6.2615, 2.0534, -0.7854, 1, 6.1645, 2.1631, -0.7733[0m
[2026-09-20 12:33:46] 控制路径段: 起点索引=35, 提取点数=5
[2026-09-20 12:33:46] 避障检测路径段: 起点索引=35, 提取点数=7
[2026-09-20 12:33:46] 当前避障路径段长度为：7
避障轨迹最近点索引为：35
[0m[ INFO] [1789878826.701742020]: local_x: 0.1433, local_y: -0.0112, gear: 1,  error_heading: 0.0121[0m
[0m[ INFO] [1789878826.701813285]: 1 points is not droped, 6.2615, 2.0534, -0.7854, 1, 6.1667, 2.1615, -0.7733[0m
[2026-09-20 12:33:46] 控制路径段: 起点索引=35, 提取点数=5
[2026-09-20 12:33:46] 避障检测路径段: 起点索引=35, 提取点数=7
[2026-09-20 12:33:46] 当前避障路径段长度为：7
避障轨迹最近点索引为：35
[0m[ INFO] [1789878826.801731446]: local_x: 0.1209, local_y: -0.0112, gear: 1,  error_heading: 0.0122[0m
[0m[ INFO] [1789878826.801799158]: 1 points is not droped, 6.2615, 2.0534, -0.7854, 1, 6.1827, 2.1458, -0.7731[0m
[2026-09-20 12:33:46] 控制路径段: 起点索引=35, 提取点数=5
[2026-09-20 12:33:46] 避障检测路径段: 起点索引=35, 提取点数=7
[2026-09-20 12:33:46] 当前避障路径段长度为：7
避障轨迹最近点索引为：35
[0m[ INFO] [1789878826.901707175]: local_x: 0.0940, local_y: -0.0107, gear: 1,  error_heading: 0.0118[0m
[0m[ INFO] [1789878826.901766472]: gear=1 points is droped, 6.2615, 2.0534[0m
[2026-09-20 12:33:46] 新的最近点索引: 36
[2026-09-20 12:33:46] 控制路径段: 起点索引=36, 提取点数=4
[2026-09-20 12:33:46] 避障检测路径段: 起点索引=36, 提取点数=6
[2026-09-20 12:33:46] 当前避障路径段长度为：6
避障轨迹最近点索引为：36
[0m[ INFO] [1789878827.002639363]: local_x: 0.2832, local_y: -0.0129, gear: 1,  error_heading: 0.0115[0m
[0m[ INFO] [1789878827.002707555]: 1 points is not droped, 6.4115, 1.9034, -0.7854, 1, 6.2180, 2.1105, -0.7739[0m
[2026-09-20 12:33:47] 控制路径段: 起点索引=36, 提取点数=4
[2026-09-20 12:33:47] 避障检测路径段: 起点索引=36, 提取点数=6
[2026-09-20 12:33:47] 当前避障路径段长度为：6
避障轨迹最近点索引为：36
[0m[ INFO] [1789878827.101765932]: local_x: 0.2583, local_y: -0.0122, gear: 1,  error_heading: 0.0098[0m
[0m[ INFO] [1789878827.101841356]: 1 points is not droped, 6.4115, 1.9034, -0.7854, 1, 6.2356, 2.0930, -0.7756[0m
[2026-09-20 12:33:47] 控制路径段: 起点索引=36, 提取点数=4
[2026-09-20 12:33:47] 避障检测路径段: 起点索引=36, 提取点数=6
[2026-09-20 12:33:47] 当前避障路径段长度为：6
避障轨迹最近点索引为：36
[0m[ INFO] [1789878827.201664604]: local_x: 0.2313, local_y: -0.0132, gear: 1,  error_heading: 0.0101[0m
[0m[ INFO] [1789878827.201721949]: 1 points is not droped, 6.4115, 1.9034, -0.7854, 1, 6.2555, 2.0747, -0.7753[0m
[2026-09-20 12:33:47] 控制路径段: 起点索引=36, 提取点数=4
[2026-09-20 12:33:47] 避障检测路径段: 起点索引=36, 提取点数=6
[2026-09-20 12:33:47] 当前避障路径段长度为：6
避障轨迹最近点索引为：36
[0m[ INFO] [1789878827.301685998]: local_x: 0.2180, local_y: -0.0139, gear: 1,  error_heading: 0.0099[0m
[0m[ INFO] [1789878827.301748623]: 1 points is not droped, 6.4115, 1.9034, -0.7854, 1, 6.2655, 2.0659, -0.7755[0m
[2026-09-20 12:33:47] 控制路径段: 起点索引=36, 提取点数=4
[2026-09-20 12:33:47] 避障检测路径段: 起点索引=36, 提取点数=6
[2026-09-20 12:33:47] 当前避障路径段长度为：6
避障轨迹最近点索引为：36
[0m[ INFO] [1789878827.401713217]: local_x: 0.1904, local_y: -0.0141, gear: 1,  error_heading: 0.0097[0m
[0m[ INFO] [1789878827.401780193]: 1 points is not droped, 6.4115, 1.9034, -0.7854, 1, 6.2854, 2.0468, -0.7757[0m
[2026-09-20 12:33:47] 控制路径段: 起点索引=36, 提取点数=4
[2026-09-20 12:33:47] 避障检测路径段: 起点索引=36, 提取点数=6
[2026-09-20 12:33:47] 当前避障路径段长度为：6
避障轨迹最近点索引为：36
[0m[ INFO] [1789878827.501725715]: local_x: 0.1654, local_y: -0.0106, gear: 1,  error_heading: 0.0092[0m
[0m[ INFO] [1789878827.501808211]: 1 points is not droped, 6.4115, 1.9034, -0.7854, 1, 6.3009, 2.0268, -0.7762[0m
[2026-09-20 12:33:47] 控制路径段: 起点索引=36, 提取点数=4
[2026-09-20 12:33:47] 避障检测路径段: 起点索引=36, 提取点数=6
[2026-09-20 12:33:47] 当前避障路径段长度为：6
避障轨迹最近点索引为：36
[0m[ INFO] [1789878827.601694340]: local_x: 0.1404, local_y: -0.0108, gear: 1,  error_heading: 0.0088[0m
[0m[ INFO] [1789878827.601757477]: 1 points is not droped, 6.4115, 1.9034, -0.7854, 1, 6.3189, 2.0095, -0.7766[0m
[2026-09-20 12:33:47] 控制路径段: 起点索引=36, 提取点数=4
[2026-09-20 12:33:47] 避障检测路径段: 起点索引=36, 提取点数=6
[2026-09-20 12:33:47] 当前避障路径段长度为：6
避障轨迹最近点索引为：36
[0m[ INFO] [1789878827.701713302]: local_x: 0.1164, local_y: -0.0078, gear: 1,  error_heading: 0.0078[0m
[0m[ INFO] [1789878827.701782807]: 1 points is not droped, 6.4115, 1.9034, -0.7854, 1, 6.3340, 1.9906, -0.7776[0m
[2026-09-20 12:33:47] 控制路径段: 起点索引=36, 提取点数=4
[2026-09-20 12:33:47] 避障检测路径段: 起点索引=36, 提取点数=6
[2026-09-20 12:33:47] 当前避障路径段长度为：6
避障轨迹最近点索引为：36
[0m[ INFO] [1789878827.801728936]: local_x: 0.0905, local_y: -0.0076, gear: 1,  error_heading: 0.0075[0m
[0m[ INFO] [1789878827.801789705]: gear=1 points is droped, 6.4115, 1.9034[0m
[2026-09-20 12:33:47] 新的最近点索引: 37
[2026-09-20 12:33:47] 控制路径段: 起点索引=37, 提取点数=3
[2026-09-20 12:33:47] 避障检测路径段: 起点索引=37, 提取点数=5
[2026-09-20 12:33:47] 当前避障路径段长度为：5
避障轨迹最近点索引为：37
[0m[ INFO] [1789878827.901979442]: local_x: 0.2821, local_y: -0.0063, gear: 1,  error_heading: 0.0073[0m
[0m[ INFO] [1789878827.902052850]: 1 points is not droped, 6.5615, 1.7534, -0.7854, 1, 6.3650, 1.9558, -0.7781[0m
[2026-09-20 12:33:47] 控制路径段: 起点索引=37, 提取点数=3
[2026-09-20 12:33:47] 避障检测路径段: 起点索引=37, 提取点数=5
[2026-09-20 12:33:47] 当前避障路径段长度为：5
避障轨迹最近点索引为：37
[0m[ INFO] [1789878828.001743163]: local_x: 0.2572, local_y: -0.0056, gear: 1,  error_heading: 0.0068[0m
[0m[ INFO] [1789878828.001808476]: 1 points is not droped, 6.5615, 1.7534, -0.7854, 1, 6.3823, 1.9379, -0.7786[0m
[2026-09-20 12:33:48] 控制路径段: 起点索引=37, 提取点数=3
[2026-09-20 12:33:48] 避障检测路径段: 起点索引=37, 提取点数=5
[2026-09-20 12:33:48] 当前避障路径段长度为：5
避障轨迹最近点索引为：37
[0m[ INFO] [1789878828.101740614]: local_x: 0.2354, local_y: -0.0041, gear: 1,  error_heading: 0.0054[0m
[0m[ INFO] [1789878828.101807527]: 1 points is not droped, 6.5615, 1.7534, -0.7854, 1, 6.3970, 1.9218, -0.7800[0m
[2026-09-20 12:33:48] 控制路径段: 起点索引=37, 提取点数=3
[2026-09-20 12:33:48] 避障检测路径段: 起点索引=37, 提取点数=5
[2026-09-20 12:33:48] 当前避障路径段长度为：5
避障轨迹最近点索引为：37
[0m[ INFO] [1789878828.201719378]: local_x: 0.2093, local_y: -0.0043, gear: 1,  error_heading: 0.0055[0m
[0m[ INFO] [1789878828.201785779]: 1 points is not droped, 6.5615, 1.7534, -0.7854, 1, 6.4157, 1.9036, -0.7799[0m
[2026-09-20 12:33:48] 控制路径段: 起点索引=37, 提取点数=3
[2026-09-20 12:33:48] 避障检测路径段: 起点索引=37, 提取点数=5
[2026-09-20 12:33:48] 当前避障路径段长度为：5
避障轨迹最近点索引为：37
[0m[ INFO] [1789878828.301724222]: local_x: 0.1962, local_y: -0.0042, gear: 1,  error_heading: 0.0053[0m
[0m[ INFO] [1789878828.301795838]: 1 points is not droped, 6.5615, 1.7534, -0.7854, 1, 6.4249, 1.8944, -0.7801[0m
[2026-09-20 12:33:48] 控制路径段: 起点索引=37, 提取点数=3
[2026-09-20 12:33:48] 避障检测路径段: 起点索引=37, 提取点数=5
[2026-09-20 12:33:48] 当前避障路径段长度为：5
避障轨迹最近点索引为：37
[0m[ INFO] [1789878828.401713929]: local_x: 0.1594, local_y: -0.0073, gear: 1,  error_heading: 0.0058[0m
[0m[ INFO] [1789878828.401779242]: 1 points is not droped, 6.5615, 1.7534, -0.7854, 1, 6.4532, 1.8706, -0.7796[0m
[2026-09-20 12:33:48] 控制路径段: 起点索引=37, 提取点数=3
[2026-09-20 12:33:48] 避障检测路径段: 起点索引=37, 提取点数=5
[2026-09-20 12:33:48] 当前避障路径段长度为：5
避障轨迹最近点索引为：37
[0m[ INFO] [1789878828.501729429]: local_x: 0.1380, local_y: -0.0064, gear: 1,  error_heading: 0.0056[0m
[0m[ INFO] [1789878828.501789622]: 1 points is not droped, 6.5615, 1.7534, -0.7854, 1, 6.4678, 1.8549, -0.7798[0m
[2026-09-20 12:33:48] 控制路径段: 起点索引=37, 提取点数=3
[2026-09-20 12:33:48] 避障检测路径段: 起点索引=37, 提取点数=5
[2026-09-20 12:33:48] 当前避障路径段长度为：5
避障轨迹最近点索引为：37
[0m[ INFO] [1789878828.601722657]: local_x: 0.1130, local_y: -0.0080, gear: 1,  error_heading: 0.0044[0m
[0m[ INFO] [1789878828.601789345]: 1 points is not droped, 6.5615, 1.7534, -0.7854, 1, 6.4868, 1.8386, -0.7810[0m
[2026-09-20 12:33:48] 控制路径段: 起点索引=37, 提取点数=3
[2026-09-20 12:33:48] 避障检测路径段: 起点索引=37, 提取点数=5
[2026-09-20 12:33:48] 当前避障路径段长度为：5
避障轨迹最近点索引为：37
[0m[ INFO] [1789878828.701717324]: local_x: 0.0932, local_y: -0.0107, gear: 1,  error_heading: 0.0047[0m
[0m[ INFO] [1789878828.701779085]: gear=1 points is droped, 6.5615, 1.7534[0m
[2026-09-20 12:33:48] 新的最近点索引: 38
[2026-09-20 12:33:48] 控制路径段: 起点索引=38, 提取点数=2
[2026-09-20 12:33:48] 避障检测路径段: 起点索引=38, 提取点数=4
[2026-09-20 12:33:48] 当前避障路径段长度为：4
避障轨迹最近点索引为：38
[0m[ INFO] [1789878828.802697058]: local_x: 0.2784, local_y: -0.0118, gear: 1,  error_heading: 0.0043[0m
[0m[ INFO] [1789878828.802770275]: 1 points is not droped, 6.7115, 1.6034, -0.7854, 1, 6.5221, 1.8078, -0.7811[0m
[2026-09-20 12:33:48] 控制路径段: 起点索引=38, 提取点数=2
[2026-09-20 12:33:48] 避障检测路径段: 起点索引=38, 提取点数=4
[2026-09-20 12:33:48] 当前避障路径段长度为：4
避障轨迹最近点索引为：38
[0m[ INFO] [1789878828.901715779]: local_x: 0.2581, local_y: -0.0082, gear: 1,  error_heading: 0.0030[0m
[0m[ INFO] [1789878828.901781924]: 1 points is not droped, 6.7115, 1.6034, -0.7854, 1, 6.5343, 1.7912, -0.7824[0m
[2026-09-20 12:33:48] 控制路径段: 起点索引=38, 提取点数=2
[2026-09-20 12:33:48] 避障检测路径段: 起点索引=38, 提取点数=4
[2026-09-20 12:33:48] 当前避障路径段长度为：4
避障轨迹最近点索引为：38
[0m[ INFO] [1789878829.001768976]: local_x: 0.2315, local_y: -0.0087, gear: 1,  error_heading: 0.0028[0m
[0m[ INFO] [1789878829.001844304]: 1 points is not droped, 6.7115, 1.6034, -0.7854, 1, 6.5534, 1.7728, -0.7826[0m
[2026-09-20 12:33:49] 控制路径段: 起点索引=38, 提取点数=2
[2026-09-20 12:33:49] 避障检测路径段: 起点索引=38, 提取点数=4
[2026-09-20 12:33:49] 当前避障路径段长度为：4
避障轨迹最近点索引为：38
[0m[ INFO] [1789878829.101755867]: local_x: 0.2098, local_y: -0.0073, gear: 1,  error_heading: 0.0023[0m
[0m[ INFO] [1789878829.101834332]: 1 points is not droped, 6.7115, 1.6034, -0.7854, 1, 6.5679, 1.7566, -0.7831[0m
[2026-09-20 12:33:49] 控制路径段: 起点索引=38, 提取点数=2
[2026-09-20 12:33:49] 避障检测路径段: 起点索引=38, 提取点数=4
[2026-09-20 12:33:49] 当前避障路径段长度为：4
避障轨迹最近点索引为：38
[0m[ INFO] [1789878829.201678406]: local_x: 0.1837, local_y: -0.0076, gear: 1,  error_heading: 0.0007[0m
[0m[ INFO] [1789878829.201740967]: 1 points is not droped, 6.7115, 1.6034, -0.7854, 1, 6.5869, 1.7386, -0.7847[0m
[2026-09-20 12:33:49] 控制路径段: 起点索引=38, 提取点数=2
[2026-09-20 12:33:49] 避障检测路径段: 起点索引=38, 提取点数=4
[2026-09-20 12:33:49] 当前避障路径段长度为：4
避障轨迹最近点索引为：38
[0m[ INFO] [1789878829.301704114]: local_x: 0.1704, local_y: -0.0074, gear: 1,  error_heading: 0.0003[0m
[0m[ INFO] [1789878829.301767891]: 1 points is not droped, 6.7115, 1.6034, -0.7854, 1, 6.5962, 1.7291, -0.7851[0m
[2026-09-20 12:33:49] 控制路径段: 起点索引=38, 提取点数=2
[2026-09-20 12:33:49] 避障检测路径段: 起点索引=38, 提取点数=4
[2026-09-20 12:33:49] 当前避障路径段长度为：4
避障轨迹最近点索引为：38
[0m[ INFO] [1789878829.402092098]: local_x: 0.1385, local_y: -0.0079, gear: 1,  error_heading: -0.0024[0m
[0m[ INFO] [1789878829.402170338]: 1 points is not droped, 6.7115, 1.6034, -0.7854, 1, 6.6193, 1.7071, -0.7878[0m
[2026-09-20 12:33:49] 控制路径段: 起点索引=38, 提取点数=2
[2026-09-20 12:33:49] 避障检测路径段: 起点索引=38, 提取点数=4
[2026-09-20 12:33:49] 当前避障路径段长度为：4
避障轨迹最近点索引为：38
[0m[ INFO] [1789878829.503797087]: local_x: 0.1149, local_y: -0.0064, gear: 1,  error_heading: -0.0040[0m
[0m[ INFO] [1789878829.503870080]: 1 points is not droped, 6.7115, 1.6034, -0.7854, 1, 6.6351, 1.6895, -0.7894[0m
[2026-09-20 12:33:49] 控制路径段: 起点索引=38, 提取点数=2
[2026-09-20 12:33:49] 避障检测路径段: 起点索引=38, 提取点数=4
[2026-09-20 12:33:49] 当前避障路径段长度为：4
避障轨迹最近点索引为：38
[0m[ INFO] [1789878829.601787766]: local_x: 0.0892, local_y: -0.0071, gear: 1,  error_heading: -0.0061[0m
[0m[ INFO] [1789878829.602326811]: gear=1 points is droped, 6.7115, 1.6034[0m
[2026-09-20 12:33:49] 新的最近点索引: 39
[2026-09-20 12:33:49] 控制路径段: 起点索引=39, 提取点数=1
[2026-09-20 12:33:49] 避障检测路径段: 起点索引=39, 提取点数=3
[2026-09-20 12:33:49] 当前避障路径段长度为：3
避障轨迹最近点索引为：39
[0m[ INFO] [1789878829.701706977]: local_x: 0.2770, local_y: -0.0047, gear: 2,  error_heading: 0.7763[0m
[2026-09-20 12:33:49] 还未完成转向!
[0m[ INFO] [1789878829.748367748]: 1 points is not droped, 6.8615, 1.4534, -1.5708, 2, 6.6708, 1.6543, -0.7945[0m
[2026-09-20 12:33:49] 控制路径段: 起点索引=39, 提取点数=1
[2026-09-20 12:33:49] 避障检测路径段: 起点索引=39, 提取点数=3
[2026-09-20 12:33:49] 当前避障路径段长度为：3
避障轨迹最近点索引为：39
[0m[ INFO] [1789878829.801693196]: local_x: 0.2517, local_y: -0.0040, gear: 2,  error_heading: 0.7721[0m
[2026-09-20 12:33:49] 还未完成转向!
[0m[ INFO] [1789878829.848182222]: 1 points is not droped, 6.8615, 1.4534, -1.5708, 2, 6.6888, 1.6366, -0.7987[0m
[2026-09-20 12:33:49] 控制路径段: 起点索引=39, 提取点数=1
[2026-09-20 12:33:49] 避障检测路径段: 起点索引=39, 提取点数=3
[2026-09-20 12:33:49] 当前避障路径段长度为：3
避障轨迹最近点索引为：39
[0m[ INFO] [1789878829.901708632]: local_x: 0.2307, local_y: -0.0025, gear: 2,  error_heading: 0.7681[0m
[2026-09-20 12:33:49] 还未完成转向!
[0m[ INFO] [1789878829.948155417]: 1 points is not droped, 6.8615, 1.4534, -1.5708, 2, 6.7030, 1.6210, -0.8027[0m
[2026-09-20 12:33:49] 控制路径段: 起点索引=39, 提取点数=1
[2026-09-20 12:33:49] 避障检测路径段: 起点索引=39, 提取点数=3
[2026-09-20 12:33:49] 当前避障路径段长度为：3
避障轨迹最近点索引为：39
[0m[ INFO] [1789878830.001712900]: local_x: 0.2049, local_y: -0.0023, gear: 2,  error_heading: 0.7647[0m
[2026-09-20 12:33:50] 还未完成转向!
[0m[ INFO] [1789878830.048178117]: 1 points is not droped, 6.8615, 1.4534, -1.5708, 2, 6.7212, 1.6029, -0.8061[0m
[2026-09-20 12:33:50] 控制路径段: 起点索引=39, 提取点数=1
[2026-09-20 12:33:50] 避障检测路径段: 起点索引=39, 提取点数=3
[2026-09-20 12:33:50] 当前避障路径段长度为：3
避障轨迹最近点索引为：39
[0m[ INFO] [1789878830.101681807]: local_x: 0.1895, local_y: -0.0035, gear: 2,  error_heading: 0.7609[0m
[2026-09-20 12:33:50] 还未完成转向!
[0m[ INFO] [1789878830.148131184]: 1 points is not droped, 6.8615, 1.4534, -1.5708, 2, 6.7333, 1.5930, -0.8099[0m
[2026-09-20 12:33:50] 控制路径段: 起点索引=39, 提取点数=1
[2026-09-20 12:33:50] 避障检测路径段: 起点索引=39, 提取点数=3
[2026-09-20 12:33:50] 当前避障路径段长度为：3
避障轨迹最近点索引为：39
[0m[ INFO] [1789878830.201771643]: local_x: 0.1836, local_y: -0.0031, gear: 2,  error_heading: 0.7616[0m
[2026-09-20 12:33:50] 还未完成转向!
[0m[ INFO] [1789878830.248169724]: 1 points is not droped, 6.8615, 1.4534, -1.5708, 2, 6.7370, 1.5884, -0.8092[0m
[2026-09-20 12:33:50] 控制路径段: 起点索引=39, 提取点数=1
[2026-09-20 12:33:50] 避障检测路径段: 起点索引=39, 提取点数=3
[2026-09-20 12:33:50] 当前避障路径段长度为：3
避障轨迹最近点索引为：39
[0m[ INFO] [1789878830.301682374]: local_x: 0.1792, local_y: -0.0036, gear: 2,  error_heading: 0.7598[0m
[2026-09-20 12:33:50] 还未完成转向!
[0m[ INFO] [1789878830.348143079]: 1 points is not droped, 6.8615, 1.4534, -1.5708, 2, 6.7407, 1.5858, -0.8110[0m
[2026-09-20 12:33:50] 控制路径段: 起点索引=39, 提取点数=1
[2026-09-20 12:33:50] 避障检测路径段: 起点索引=39, 提取点数=3
[2026-09-20 12:33:50] 当前避障路径段长度为：3
避障轨迹最近点索引为：39
[0m[ INFO] [1789878830.401703538]: local_x: 0.1849, local_y: 0.0012, gear: 2,  error_heading: 0.7568[0m
[2026-09-20 12:33:50] 还未完成转向!
[0m[ INFO] [1789878830.448201972]: 1 points is not droped, 6.8615, 1.4534, -1.5708, 2, 6.7337, 1.5870, -0.8140[0m
[2026-09-20 12:33:50] 控制路径段: 起点索引=39, 提取点数=1
[2026-09-20 12:33:50] 避障检测路径段: 起点索引=39, 提取点数=3
[2026-09-20 12:33:50] 当前避障路径段长度为：3
避障轨迹最近点索引为：39
[0m[ INFO] [1789878830.501912352]: local_x: 0.1701, local_y: 0.0026, gear: 2,  error_heading: 0.7541[0m
[2026-09-20 12:33:50] 还未完成转向!
[0m[ INFO] [1789878830.548172511]: 1 points is not droped, 6.8615, 1.4534, -1.5708, 2, 6.7431, 1.5755, -0.8167[0m
[2026-09-20 12:33:50] 控制路径段: 起点索引=39, 提取点数=1
[2026-09-20 12:33:50] 避障检测路径段: 起点索引=39, 提取点数=3
[2026-09-20 12:33:50] 当前避障路径段长度为：3
避障轨迹最近点索引为：39
[0m[ INFO] [1789878830.601824491]: local_x: 0.1664, local_y: 0.0044, gear: 2,  error_heading: 0.7536[0m
[2026-09-20 12:33:50] 还未完成转向!
[0m[ INFO] [1789878830.648409485]: 1 points is not droped, 6.8615, 1.4534, -1.5708, 2, 6.7444, 1.5717, -0.8172[0m
[2026-09-20 12:33:50] 控制路径段: 起点索引=39, 提取点数=1
[2026-09-20 12:33:50] 避障检测路径段: 起点索引=39, 提取点数=3
[2026-09-20 12:33:50] 当前避障路径段长度为：3
避障轨迹最近点索引为：39
[0m[ INFO] [1789878830.701692469]: local_x: 0.1506, local_y: 0.0046, gear: 2,  error_heading: 0.7533[0m
[2026-09-20 12:33:50] 还未完成转向!
[0m[ INFO] [1789878830.748255607]: 1 points is not droped, 6.8615, 1.4534, -1.5708, 2, 6.7551, 1.5601, -0.8175[0m
[2026-09-20 12:33:50] 控制路径段: 起点索引=39, 提取点数=1
[2026-09-20 12:33:50] 避障检测路径段: 起点索引=39, 提取点数=3
[2026-09-20 12:33:50] 当前避障路径段长度为：3
避障轨迹最近点索引为：39
[0m[ INFO] [1789878830.801726177]: local_x: 0.1472, local_y: 0.0051, gear: 2,  error_heading: 0.7529[0m
[2026-09-20 12:33:50] 还未完成转向!
[0m[ INFO] [1789878830.848159458]: 1 points is not droped, 6.8615, 1.4534, -1.5708, 2, 6.7571, 1.5573, -0.8179[0m
[2026-09-20 12:33:50] 控制路径段: 起点索引=39, 提取点数=1
[2026-09-20 12:33:50] 避障检测路径段: 起点索引=39, 提取点数=3
[2026-09-20 12:33:50] 当前避障路径段长度为：3
避障轨迹最近点索引为：39
[0m[ INFO] [1789878830.901718285]: local_x: 0.1315, local_y: 0.0051, gear: 2,  error_heading: 0.7560[0m
[2026-09-20 12:33:50] 还未完成转向!
[0m[ INFO] [1789878830.948163726]: 1 points is not droped, 6.8615, 1.4534, -1.5708, 2, 6.7676, 1.5456, -0.8148[0m
[2026-09-20 12:33:50] 控制路径段: 起点索引=39, 提取点数=1
[2026-09-20 12:33:50] 避障检测路径段: 起点索引=39, 提取点数=3
[2026-09-20 12:33:50] 当前避障路径段长度为：3
避障轨迹最近点索引为：39
[0m[ INFO] [1789878831.001766329]: local_x: 0.1260, local_y: 0.0054, gear: 2,  error_heading: 0.7601[0m
[2026-09-20 12:33:51] 还未完成转向!
[0m[ INFO] [1789878831.048150617]: 1 points is not droped, 6.8615, 1.4534, -1.5708, 2, 6.7708, 1.5410, -0.8107[0m
[2026-09-20 12:33:51] 控制路径段: 起点索引=39, 提取点数=1
[2026-09-20 12:33:51] 避障检测路径段: 起点索引=39, 提取点数=3
[2026-09-20 12:33:51] 当前避障路径段长度为：3
避障轨迹最近点索引为：39
[0m[ INFO] [1789878831.101858085]: local_x: 0.1088, local_y: 0.0034, gear: 2,  error_heading: 0.7641[0m
[2026-09-20 12:33:51] 还未完成转向!
[0m[ INFO] [1789878831.148245030]: 1 points is not droped, 6.8615, 1.4534, -1.5708, 2, 6.7837, 1.5296, -0.8067[0m
[2026-09-20 12:33:51] 控制路径段: 起点索引=39, 提取点数=1
[2026-09-20 12:33:51] 避障检测路径段: 起点索引=39, 提取点数=3
[2026-09-20 12:33:51] 当前避障路径段长度为：3
避障轨迹最近点索引为：39
[0m[ INFO] [1789878831.201706159]: local_x: 0.1047, local_y: 0.0037, gear: 2,  error_heading: 0.7703[0m
[2026-09-20 12:33:51] 还未完成转向!
[0m[ INFO] [1789878831.248126192]: 1 points is not droped, 6.8615, 1.4534, -1.5708, 2, 6.7859, 1.5260, -0.8005[0m
[2026-09-20 12:33:51] 控制路径段: 起点索引=39, 提取点数=1
[2026-09-20 12:33:51] 避障检测路径段: 起点索引=39, 提取点数=3
[2026-09-20 12:33:51] 当前避障路径段长度为：3
避障轨迹最近点索引为：39
[0m[ INFO] [1789878831.301694939]: local_x: 0.0986, local_y: 0.0076, gear: 2,  error_heading: 0.7773[0m
[2026-09-20 12:33:51] 还未完成转向!
[0m[ INFO] [1789878831.348114108]: 1 points is not droped, 6.8615, 1.4534, -1.5708, 2, 6.7869, 1.5183, -0.7935[0m
[2026-09-20 12:33:51] 控制路径段: 起点索引=39, 提取点数=1
[2026-09-20 12:33:51] 避障检测路径段: 起点索引=39, 提取点数=3
[2026-09-20 12:33:51] 当前避障路径段长度为：3
避障轨迹最近点索引为：39
[0m[ INFO] [1789878831.401710279]: local_x: 0.0797, local_y: 0.0020, gear: 2,  error_heading: 0.7886[0m
[2026-09-20 12:33:51] 还未完成转向!
[0m[ INFO] [1789878831.448156808]: 1 points is not droped, 6.8615, 1.4534, -1.5708, 2, 6.8036, 1.5081, -0.7822[0m
[2026-09-20 12:33:51] 控制路径段: 起点索引=39, 提取点数=1
[2026-09-20 12:33:51] 避障检测路径段: 起点索引=39, 提取点数=3
[2026-09-20 12:33:51] 当前避障路径段长度为：3
避障轨迹最近点索引为：39
[0m[ INFO] [1789878831.501726003]: local_x: 0.0713, local_y: 0.0020, gear: 2,  error_heading: 0.7982[0m
[2026-09-20 12:33:51] 还未完成转向!
[0m[ INFO] [1789878831.548659673]: 1 points is not droped, 6.8615, 1.4534, -1.5708, 2, 6.8090, 1.5017, -0.7726[0m
[2026-09-20 12:33:51] 控制路径段: 起点索引=39, 提取点数=1
[2026-09-20 12:33:51] 避障检测路径段: 起点索引=39, 提取点数=3
[2026-09-20 12:33:51] 当前避障路径段长度为：3
避障轨迹最近点索引为：39
[0m[ INFO] [1789878831.601735038]: local_x: 0.0637, local_y: 0.0015, gear: 2,  error_heading: 0.8085[0m
[2026-09-20 12:33:51] 还未完成转向!
[0m[ INFO] [1789878831.648295584]: 1 points is not droped, 6.8615, 1.4534, -1.5708, 2, 6.8144, 1.4963, -0.7623[0m
[2026-09-20 12:33:51] 控制路径段: 起点索引=39, 提取点数=1
[2026-09-20 12:33:51] 避障检测路径段: 起点索引=39, 提取点数=3
[2026-09-20 12:33:51] 当前避障路径段长度为：3
避障轨迹最近点索引为：39
[0m[ INFO] [1789878831.701731626]: local_x: 0.0560, local_y: 0.0026, gear: 2,  error_heading: 0.8188[0m
[2026-09-20 12:33:51] 还未完成转向!
[0m[ INFO] [1789878831.748244108]: 1 points is not droped, 6.8615, 1.4534, -1.5708, 2, 6.8188, 1.4897, -0.7520[0m
[2026-09-20 12:33:51] 控制路径段: 起点索引=39, 提取点数=1
[2026-09-20 12:33:51] 避障检测路径段: 起点索引=39, 提取点数=3
[2026-09-20 12:33:51] 当前避障路径段长度为：3
避障轨迹最近点索引为：39
[0m[ INFO] [1789878831.801759510]: local_x: 0.0526, local_y: 0.0023, gear: 2,  error_heading: 0.8251[0m
[2026-09-20 12:33:51] 还未完成转向!
[0m[ INFO] [1789878831.848304605]: 1 points is not droped, 6.8615, 1.4534, -1.5708, 2, 6.8213, 1.4874, -0.7457[0m
[2026-09-20 12:33:51] 控制路径段: 起点索引=39, 提取点数=1
[2026-09-20 12:33:51] 避障检测路径段: 起点索引=39, 提取点数=3
[2026-09-20 12:33:51] 当前避障路径段长度为：3
避障轨迹最近点索引为：39
[0m[ INFO] [1789878831.901871828]: local_x: 0.0536, local_y: 0.0012, gear: 2,  error_heading: 0.8195[0m
[2026-09-20 12:33:51] 还未完成转向!
[0m[ INFO] [1789878831.948211775]: 1 points is not droped, 6.8615, 1.4534, -1.5708, 2, 6.8215, 1.4891, -0.7513[0m
[2026-09-20 12:33:51] 控制路径段: 起点索引=39, 提取点数=1
[2026-09-20 12:33:51] 避障检测路径段: 起点索引=39, 提取点数=3
[2026-09-20 12:33:51] 当前避障路径段长度为：3
避障轨迹最近点索引为：39
[0m[ INFO] [1789878832.001804118]: local_x: 0.0616, local_y: 0.0044, gear: 2,  error_heading: 0.7780[0m
[2026-09-20 12:33:52] 还未完成转向!
[0m[ INFO] [1789878832.048194241]: 1 points is not droped, 6.8615, 1.4534, -1.5708, 2, 6.8151, 1.4942, -0.7928[0m
[2026-09-20 12:33:52] 控制路径段: 起点索引=39, 提取点数=1
[2026-09-20 12:33:52] 避障检测路径段: 起点索引=39, 提取点数=3
[2026-09-20 12:33:52] 当前避障路径段长度为：3
避障轨迹最近点索引为：39
[0m[ INFO] [1789878832.101819224]: local_x: 0.0643, local_y: 0.0075, gear: 2,  error_heading: 0.7412[0m
[2026-09-20 12:33:52] 还未完成转向!
[0m[ INFO] [1789878832.148198467]: 1 points is not droped, 6.8615, 1.4534, -1.5708, 2, 6.8125, 1.4957, -0.8296[0m
[2026-09-20 12:33:52] 控制路径段: 起点索引=39, 提取点数=1
[2026-09-20 12:33:52] 避障检测路径段: 起点索引=39, 提取点数=3
[2026-09-20 12:33:52] 当前避障路径段长度为：3
避障轨迹最近点索引为：39
[0m[ INFO] [1789878832.201726106]: local_x: 0.0644, local_y: 0.0101, gear: 2,  error_heading: 0.6990[0m
[2026-09-20 12:33:52] 还未完成转向!
[0m[ INFO] [1789878832.248300039]: 1 points is not droped, 6.8615, 1.4534, -1.5708, 2, 6.8123, 1.4962, -0.8718[0m
[2026-09-20 12:33:52] 控制路径段: 起点索引=39, 提取点数=1
[2026-09-20 12:33:52] 避障检测路径段: 起点索引=39, 提取点数=3
[2026-09-20 12:33:52] 当前避障路径段长度为：3
避障轨迹最近点索引为：39
[0m[ INFO] [1789878832.301719740]: local_x: 0.0638, local_y: 0.0120, gear: 2,  error_heading: 0.6808[0m
[2026-09-20 12:33:52] 还未完成转向!
[0m[ INFO] [1789878832.348204456]: 1 points is not droped, 6.8615, 1.4534, -1.5708, 2, 6.8120, 1.4954, -0.8900[0m
[2026-09-20 12:33:52] 控制路径段: 起点索引=39, 提取点数=1
[2026-09-20 12:33:52] 避障检测路径段: 起点索引=39, 提取点数=3
[2026-09-20 12:33:52] 当前避障路径段长度为：3
避障轨迹最近点索引为：39
[0m[ INFO] [1789878832.401692382]: local_x: 0.0588, local_y: 0.0146, gear: 2,  error_heading: 0.6193[0m
[2026-09-20 12:33:52] 还未完成转向!
[0m[ INFO] [1789878832.448301067]: 1 points is not droped, 6.8615, 1.4534, -1.5708, 2, 6.8155, 1.4928, -0.9514[0m
[2026-09-20 12:33:52] 控制路径段: 起点索引=39, 提取点数=1
[2026-09-20 12:33:52] 避障检测路径段: 起点索引=39, 提取点数=3
[2026-09-20 12:33:52] 当前避障路径段长度为：3
避障轨迹最近点索引为：39
[0m[ INFO] [1789878832.501715425]: local_x: 0.0574, local_y: 0.0154, gear: 2,  error_heading: 0.5791[0m
[2026-09-20 12:33:52] 还未完成转向!
[0m[ INFO] [1789878832.548172012]: 1 points is not droped, 6.8615, 1.4534, -1.5708, 2, 6.8172, 1.4930, -0.9917[0m
[2026-09-20 12:33:52] 控制路径段: 起点索引=39, 提取点数=1
[2026-09-20 12:33:52] 避障检测路径段: 起点索引=39, 提取点数=3
[2026-09-20 12:33:52] 当前避障路径段长度为：3
避障轨迹最近点索引为：39
[0m[ INFO] [1789878832.601714531]: local_x: 0.0559, local_y: 0.0177, gear: 2,  error_heading: 0.5372[0m
[2026-09-20 12:33:52] 还未完成转向!
[0m[ INFO] [1789878832.648183279]: 1 points is not droped, 6.8615, 1.4534, -1.5708, 2, 6.8177, 1.4924, -1.0336[0m
[2026-09-20 12:33:52] 控制路径段: 起点索引=39, 提取点数=1
[2026-09-20 12:33:52] 避障检测路径段: 起点索引=39, 提取点数=3
[2026-09-20 12:33:52] 当前避障路径段长度为：3
避障轨迹最近点索引为：39
[0m[ INFO] [1789878832.701817991]: local_x: 0.0548, local_y: 0.0185, gear: 2,  error_heading: 0.4970[0m
[2026-09-20 12:33:52] 还未完成转向!
[0m[ INFO] [1789878832.748189233]: 1 points is not droped, 6.8615, 1.4534, -1.5708, 2, 6.8191, 1.4927, -1.0738[0m
[2026-09-20 12:33:52] 控制路径段: 起点索引=39, 提取点数=1
[2026-09-20 12:33:52] 避障检测路径段: 起点索引=39, 提取点数=3
[2026-09-20 12:33:52] 当前避障路径段长度为：3
避障轨迹最近点索引为：39
[0m[ INFO] [1789878832.801734728]: local_x: 0.0536, local_y: 0.0202, gear: 2,  error_heading: 0.4567[0m
[2026-09-20 12:33:52] 还未完成转向!
[0m[ INFO] [1789878832.848156499]: 1 points is not droped, 6.8615, 1.4534, -1.5708, 2, 6.8197, 1.4926, -1.1141[0m
[2026-09-20 12:33:52] 控制路径段: 起点索引=39, 提取点数=1
[2026-09-20 12:33:52] 避障检测路径段: 起点索引=39, 提取点数=3
[2026-09-20 12:33:52] 当前避障路径段长度为：3
避障轨迹最近点索引为：39
[0m[ INFO] [1789878832.901690506]: local_x: 0.0529, local_y: 0.0217, gear: 2,  error_heading: 0.4164[0m
[2026-09-20 12:33:52] 还未完成转向!
[0m[ INFO] [1789878832.948153782]: 1 points is not droped, 6.8615, 1.4534, -1.5708, 2, 6.8203, 1.4930, -1.1544[0m
[2026-09-20 12:33:52] 控制路径段: 起点索引=39, 提取点数=1
[2026-09-20 12:33:52] 避障检测路径段: 起点索引=39, 提取点数=3
[2026-09-20 12:33:52] 当前避障路径段长度为：3
避障轨迹最近点索引为：39
[0m[ INFO] [1789878833.001798317]: local_x: 0.0508, local_y: 0.0240, gear: 2,  error_heading: 0.3735[0m
[2026-09-20 12:33:53] 还未完成转向!
[0m[ INFO] [1789878833.048174360]: 1 points is not droped, 6.8615, 1.4534, -1.5708, 2, 6.8206, 1.4920, -1.1973[0m
[2026-09-20 12:33:53] 控制路径段: 起点索引=39, 提取点数=1
[2026-09-20 12:33:53] 避障检测路径段: 起点索引=39, 提取点数=3
[2026-09-20 12:33:53] 当前避障路径段长度为：3
避障轨迹最近点索引为：39
[0m[ INFO] [1789878833.101736271]: local_x: 0.0508, local_y: 0.0241, gear: 2,  error_heading: 0.3334[0m
[2026-09-20 12:33:53] 还未完成转向!
[0m[ INFO] [1789878833.148132474]: 1 points is not droped, 6.8615, 1.4534, -1.5708, 2, 6.8221, 1.4935, -1.2374[0m
[2026-09-20 12:33:53] 控制路径段: 起点索引=39, 提取点数=1
[2026-09-20 12:33:53] 避障检测路径段: 起点索引=39, 提取点数=3
[2026-09-20 12:33:53] 当前避障路径段长度为：3
避障轨迹最近点索引为：39
[0m[ INFO] [1789878833.201898515]: local_x: 0.0485, local_y: 0.0255, gear: 2,  error_heading: 0.2912[0m
[2026-09-20 12:33:53] 还未完成转向!
[0m[ INFO] [1789878833.248179837]: 1 points is not droped, 6.8615, 1.4534, -1.5708, 2, 6.8231, 1.4925, -1.2796[0m
[2026-09-20 12:33:53] 控制路径段: 起点索引=39, 提取点数=1
[2026-09-20 12:33:53] 避障检测路径段: 起点索引=39, 提取点数=3
[2026-09-20 12:33:53] 当前避障路径段长度为：3
避障轨迹最近点索引为：39
[0m[ INFO] [1789878833.301806965]: local_x: 0.0497, local_y: 0.0251, gear: 2,  error_heading: 0.2611[0m
[2026-09-20 12:33:53] 还未完成转向!
[0m[ INFO] [1789878833.348195967]: 1 points is not droped, 6.8615, 1.4534, -1.5708, 2, 6.8244, 1.4950, -1.3097[0m
[2026-09-20 12:33:53] 控制路径段: 起点索引=39, 提取点数=1
[2026-09-20 12:33:53] 避障检测路径段: 起点索引=39, 提取点数=3
[2026-09-20 12:33:53] 当前避障路径段长度为：3
避障轨迹最近点索引为：39
[0m[ INFO] [1789878833.401765750]: local_x: 0.0481, local_y: 0.0276, gear: 2,  error_heading: 0.2107[0m
[2026-09-20 12:33:53] 还未完成转向!
[0m[ INFO] [1789878833.448320643]: 1 points is not droped, 6.8615, 1.4534, -1.5708, 2, 6.8244, 1.4946, -1.3601[0m
[2026-09-20 12:33:53] 控制路径段: 起点索引=39, 提取点数=1
[2026-09-20 12:33:53] 避障检测路径段: 起点索引=39, 提取点数=3
[2026-09-20 12:33:53] 当前避障路径段长度为：3
避障轨迹最近点索引为：39
[0m[ INFO] [1789878833.504788249]: local_x: 0.0477, local_y: 0.0299, gear: 2,  error_heading: 0.1722[0m
[2026-09-20 12:33:53] 还未完成转向!
[0m[ INFO] [1789878833.548135332]: 1 points is not droped, 6.8615, 1.4534, -1.5708, 2, 6.8238, 1.4953, -1.3986[0m
[2026-09-20 12:33:53] 控制路径段: 起点索引=39, 提取点数=1
[2026-09-20 12:33:53] 避障检测路径段: 起点索引=39, 提取点数=3
[2026-09-20 12:33:53] 当前避障路径段长度为：3
避障轨迹最近点索引为：39
[0m[ INFO] [1789878833.601819868]: local_x: 0.0464, local_y: 0.0309, gear: 2,  error_heading: 0.1371[0m
[2026-09-20 12:33:53] 还未完成转向!
[0m[ INFO] [1789878833.648279399]: 1 points is not droped, 6.8615, 1.4534, -1.5708, 2, 6.8245, 1.4951, -1.4337[0m
[2026-09-20 12:33:53] 控制路径段: 起点索引=39, 提取点数=1
[2026-09-20 12:33:53] 避障检测路径段: 起点索引=39, 提取点数=3
[2026-09-20 12:33:53] 当前避障路径段长度为：3
避障轨迹最近点索引为：39
[0m[ INFO] [1789878833.701950239]: local_x: 0.0454, local_y: 0.0308, gear: 2,  error_heading: 0.1133[0m
[2026-09-20 12:33:53] 还未完成转向!
[0m[ INFO] [1789878833.748201417]: 1 points is not droped, 6.8615, 1.4534, -1.5708, 2, 6.8257, 1.4950, -1.4575[0m
[2026-09-20 12:33:53] 控制路径段: 起点索引=39, 提取点数=1
[2026-09-20 12:33:53] 避障检测路径段: 起点索引=39, 提取点数=3
[2026-09-20 12:33:53] 当前避障路径段长度为：3
避障轨迹最近点索引为：39
[0m[ INFO] [1789878833.801733407]: local_x: 0.0443, local_y: 0.0286, gear: 2,  error_heading: 0.0910[0m
[2026-09-20 12:33:53] 还未完成转向!
[0m[ INFO] [1789878833.848231852]: 1 points is not droped, 6.8615, 1.4534, -1.5708, 2, 6.8290, 1.4949, -1.4798[0m
[2026-09-20 12:33:53] 控制路径段: 起点索引=39, 提取点数=1
[2026-09-20 12:33:53] 避障检测路径段: 起点索引=39, 提取点数=3
[2026-09-20 12:33:53] 当前避障路径段长度为：3
避障轨迹最近点索引为：39
[0m[ INFO] [1789878833.901749602]: local_x: 0.0427, local_y: 0.0280, gear: 2,  error_heading: 0.0621[0m
[0m[ INFO] [1789878833.948179213]: gear=2 points is droped, 6.8615, 1.4534[0m
[2026-09-20 12:33:53] 转向完成!
[2026-09-20 12:33:53] 新的最近点索引: 40
[2026-09-20 12:33:53] 控制路径段: 起点索引=40, 提取点数=2
[2026-09-20 12:33:53] 避障检测路径段: 起点索引=40, 提取点数=2
[2026-09-20 12:33:53] 当前避障路径段长度为：2
避障轨迹最近点索引为：40
[0m[ INFO] [1789878834.004101117]: local_x: 0.1916, local_y: 0.0262, gear: 1,  error_heading: 0.0262[0m
[0m[ INFO] [1789878834.004190942]: 1 points is not droped, 6.8615, 1.3034, -1.5708, 1, 6.8303, 1.4943, -1.5446[0m
[2026-09-20 12:33:54] 控制路径段: 起点索引=40, 提取点数=2
[2026-09-20 12:33:54] 避障检测路径段: 起点索引=40, 提取点数=2
[2026-09-20 12:33:54] 当前避障路径段长度为：2
避障轨迹最近点索引为：40
[0m[ INFO] [1789878834.101872904]: local_x: 0.1899, local_y: 0.0330, gear: 1,  error_heading: -0.0073[0m
[0m[ INFO] [1789878834.102342541]: 1 points is not droped, 6.8615, 1.3034, -1.5708, 1, 6.8299, 1.4936, -1.5781[0m
[2026-09-20 12:33:54] 控制路径段: 起点索引=40, 提取点数=2
[2026-09-20 12:33:54] 避障检测路径段: 起点索引=40, 提取点数=2
[2026-09-20 12:33:54] 当前避障路径段长度为：2
避障轨迹最近点索引为：40
[0m[ INFO] [1789878834.201786857]: local_x: 0.1884, local_y: 0.0332, gear: 1,  error_heading: -0.0107[0m
[0m[ INFO] [1789878834.201853418]: 1 points is not droped, 6.8615, 1.3034, -1.5708, 1, 6.8303, 1.4921, -1.5815[0m
[2026-09-20 12:33:54] 控制路径段: 起点索引=40, 提取点数=2
[2026-09-20 12:33:54] 避障检测路径段: 起点索引=40, 提取点数=2
[2026-09-20 12:33:54] 当前避障路径段长度为：2
避障轨迹最近点索引为：40
[0m[ INFO] [1789878834.303176730]: local_x: 0.1896, local_y: 0.0275, gear: 1,  error_heading: 0.0013[0m
[0m[ INFO] [1789878834.303251067]: 1 points is not droped, 6.8615, 1.3034, -1.5708, 1, 6.8337, 1.4929, -1.5695[0m
[2026-09-20 12:33:54] 控制路径段: 起点索引=40, 提取点数=2
[2026-09-20 12:33:54] 避障检测路径段: 起点索引=40, 提取点数=2
[2026-09-20 12:33:54] 当前避障路径段长度为：2
避障轨迹最近点索引为：40
[0m[ INFO] [1789878834.401755534]: local_x: 0.1575, local_y: 0.0659, gear: 1,  error_heading: 0.0050[0m
[0m[ INFO] [1789878834.401822575]: 1 points is not droped, 6.8615, 1.3034, -1.5708, 1, 6.7947, 1.4605, -1.5658[0m
[2026-09-20 12:33:54] 控制路径段: 起点索引=40, 提取点数=2
[2026-09-20 12:33:54] 避障检测路径段: 起点索引=40, 提取点数=2
[2026-09-20 12:33:54] 当前避障路径段长度为：2
避障轨迹最近点索引为：40
[0m[ INFO] [1789878834.501819537]: local_x: 0.1404, local_y: 0.0395, gear: 1,  error_heading: 0.0060[0m
[0m[ INFO] [1789878834.501890450]: 1 points is not droped, 6.8615, 1.3034, -1.5708, 1, 6.8211, 1.4436, -1.5648[0m
[2026-09-20 12:33:54] 控制路径段: 起点索引=40, 提取点数=2
[2026-09-20 12:33:54] 避障检测路径段: 起点索引=40, 提取点数=2
[2026-09-20 12:33:54] 当前避障路径段长度为：2
避障轨迹最近点索引为：40
[0m[ INFO] [1789878834.601790675]: local_x: 0.1207, local_y: 0.0423, gear: 1,  error_heading: 0.0073[0m
[0m[ INFO] [1789878834.601873492]: 1 points is not droped, 6.8615, 1.3034, -1.5708, 1, 6.8183, 1.4237, -1.5635[0m
[2026-09-20 12:33:54] 控制路径段: 起点索引=40, 提取点数=2
[2026-09-20 12:33:54] 避障检测路径段: 起点索引=40, 提取点数=2
[2026-09-20 12:33:54] 当前避障路径段长度为：2
避障轨迹最近点索引为：40
[0m[ INFO] [1789878834.701812533]: local_x: 0.1097, local_y: 0.0433, gear: 1,  error_heading: 0.0158[0m
[0m[ INFO] [1789878834.701896246]: 1 points is not droped, 6.8615, 1.3034, -1.5708, 1, 6.8165, 1.4124, -1.5550[0m
[2026-09-20 12:33:54] 控制路径段: 起点索引=40, 提取点数=2
[2026-09-20 12:33:54] 避障检测路径段: 起点索引=40, 提取点数=2
[2026-09-20 12:33:54] 当前避障路径段长度为：2
避障轨迹最近点索引为：40
[0m[ INFO] [1789878834.801832760]: local_x: 0.0934, local_y: 0.0439, gear: 1,  error_heading: 0.0318[0m
[0m[ INFO] [1789878834.801933241]: gear=1 points is droped, 6.8615, 1.3034[0m
[2026-09-20 12:33:54] 新的最近点索引: 41
[2026-09-20 12:33:54] 控制路径段: 起点索引=41, 提取点数=1
[2026-09-20 12:33:54] 避障检测路径段: 起点索引=41, 提取点数=1
[2026-09-20 12:33:54] 当前避障路径段长度为：1
避障轨迹最近点索引为：41
[0m[ INFO] [1789878834.902077757]: local_x: 0.2335, local_y: 0.0382, gear: 1,  error_heading: 0.0410[0m
[0m[ INFO] [1789878834.902148446]: 1 points is not droped, 6.8615, 1.1534, -1.5708, 1, 6.8138, 1.3852, -1.5298[0m
[2026-09-20 12:33:54] 控制路径段: 起点索引=41, 提取点数=1
[2026-09-20 12:33:54] 避障检测路径段: 起点索引=41, 提取点数=1
[2026-09-20 12:33:54] 当前避障路径段长度为：1
[2026-09-20 12:33:54] 避障状态改变为割草状态，准备继续割草轨迹
[33m[ WARN] [1789878835.002423427]: the goal_point is : 6.817887, 1.200657[0m
[33m[ WARN] [1789878835.002560644]: the nearest index is : 44, the nearest point is : 6.817887,1.200657[0m
[2026-09-20 12:33:55] 控制路径段: 起点索引=44, 提取点数=127
[2026-09-20 12:33:55] 避障检测路径段: 起点索引=44, 提取点数=0
[2026-09-20 12:33:55] 避障结束，继续割草轨迹，最近割草路径点索引: 44
[2026-09-20 12:33:55] 控制路径段: 起点索引=0, 提取点数=1
[2026-09-20 12:33:55] 避障检测路径段: 起点索引=0, 提取点数=200
[0m[ INFO] [1789878835.101673309]: local_x: 0.1662, local_y: -0.0020, gear: 2,  error_heading: 0.6830[0m
[2026-09-20 12:33:55] 还未完成转向!
[0m[ INFO] [1789878835.148205994]: 0 points is not droped, 6.8179, 1.2007, -2.1959, 2, 6.8103, 1.3667, -1.5129[0m
[2026-09-20 12:33:55] 控制路径段: 起点索引=0, 提取点数=1
[2026-09-20 12:33:55] 避障检测路径段: 起点索引=0, 提取点数=200
[0m[ INFO] [1789878835.201714176]: local_x: 0.1564, local_y: -0.0001, gear: 2,  error_heading: 0.6940[0m
[2026-09-20 12:33:55] 还未完成转向!
[0m[ INFO] [1789878835.248144044]: 0 points is not droped, 6.8179, 1.2007, -2.1959, 2, 6.8073, 1.3567, -1.5019[0m
[2026-09-20 12:33:55] 控制路径段: 起点索引=0, 提取点数=1
[2026-09-20 12:33:55] 避障检测路径段: 起点索引=0, 提取点数=200
[0m[ INFO] [1789878835.301718947]: local_x: 0.1517, local_y: 0.0008, gear: 2,  error_heading: 0.6987[0m
[2026-09-20 12:33:55] 还未完成转向!
[0m[ INFO] [1789878835.348174734]: 0 points is not droped, 6.8179, 1.2007, -2.1959, 2, 6.8060, 1.3519, -1.4971[0m
[2026-09-20 12:33:55] 控制路径段: 起点索引=0, 提取点数=1
[2026-09-20 12:33:55] 避障检测路径段: 起点索引=0, 提取点数=200
[0m[ INFO] [1789878835.401756517]: local_x: 0.1466, local_y: -0.0128, gear: 2,  error_heading: 0.7024[0m
[2026-09-20 12:33:55] 还未完成转向!
[0m[ INFO] [1789878835.448328146]: 0 points is not droped, 6.8179, 1.2007, -2.1959, 2, 6.8193, 1.3479, -1.4934[0m
[2026-09-20 12:33:55] 控制路径段: 起点索引=0, 提取点数=1
[2026-09-20 12:33:55] 避障检测路径段: 起点索引=0, 提取点数=200
[0m[ INFO] [1789878835.501707751]: local_x: 0.1389, local_y: -0.0162, gear: 2,  error_heading: 0.7041[0m
[2026-09-20 12:33:55] 还未完成转向!
[0m[ INFO] [1789878835.548172115]: 0 points is not droped, 6.8179, 1.2007, -2.1959, 2, 6.8231, 1.3404, -1.4918[0m
[2026-09-20 12:33:55] 控制路径段: 起点索引=0, 提取点数=1
[2026-09-20 12:33:55] 避障检测路径段: 起点索引=0, 提取点数=200
[0m[ INFO] [1789878835.612018007]: local_x: 0.1313, local_y: -0.0157, gear: 2,  error_heading: 0.7048[0m
[2026-09-20 12:33:55] 还未完成转向!
[0m[ INFO] [1789878835.650334508]: 0 points is not droped, 6.8179, 1.2007, -2.1959, 2, 6.8230, 1.3328, -1.4911[0m
[2026-09-20 12:33:55] 控制路径段: 起点索引=0, 提取点数=1
[2026-09-20 12:33:55] 避障检测路径段: 起点索引=0, 提取点数=200
[0m[ INFO] [1789878835.702167328]: local_x: 0.1259, local_y: -0.0209, gear: 2,  error_heading: 0.7006[0m
[2026-09-20 12:33:55] 还未完成转向!
[0m[ INFO] [1789878835.748293845]: 0 points is not droped, 6.8179, 1.2007, -2.1959, 2, 6.8293, 1.3277, -1.4953[0m
[2026-09-20 12:33:55] 控制路径段: 起点索引=0, 提取点数=1
[2026-09-20 12:33:55] 避障检测路径段: 起点索引=0, 提取点数=200
[0m[ INFO] [1789878835.801966871]: local_x: 0.1166, local_y: -0.0192, gear: 2,  error_heading: 0.6959[0m
[2026-09-20 12:33:55] 还未完成转向!
[0m[ INFO] [1789878835.848154130]: 0 points is not droped, 6.8179, 1.2007, -2.1959, 2, 6.8288, 1.3184, -1.5000[0m
[2026-09-20 12:33:55] 控制路径段: 起点索引=0, 提取点数=1
[2026-09-20 12:33:55] 避障检测路径段: 起点索引=0, 提取点数=200
[0m[ INFO] [1789878835.901797985]: local_x: 0.1128, local_y: -0.0211, gear: 2,  error_heading: 0.6913[0m
[2026-09-20 12:33:55] 还未完成转向!
[0m[ INFO] [1789878835.949524338]: 0 points is not droped, 6.8179, 1.2007, -2.1959, 2, 6.8315, 1.3146, -1.5046[0m
[2026-09-20 12:33:55] 控制路径段: 起点索引=0, 提取点数=1
[2026-09-20 12:33:55] 避障检测路径段: 起点索引=0, 提取点数=200
[0m[ INFO] [1789878836.001689041]: local_x: 0.1102, local_y: -0.0194, gear: 2,  error_heading: 0.6892[0m
[2026-09-20 12:33:56] 还未完成转向!
[0m[ INFO] [1789878836.048908252]: 0 points is not droped, 6.8179, 1.2007, -2.1959, 2, 6.8302, 1.3119, -1.5067[0m
[2026-09-20 12:33:56] 控制路径段: 起点索引=0, 提取点数=1
[2026-09-20 12:33:56] 避障检测路径段: 起点索引=0, 提取点数=200
[0m[ INFO] [1789878836.101623905]: local_x: 0.1088, local_y: -0.0218, gear: 2,  error_heading: 0.6850[0m
[2026-09-20 12:33:56] 还未完成转向!
[0m[ INFO] [1789878836.148363368]: 0 points is not droped, 6.8179, 1.2007, -2.1959, 2, 6.8332, 1.3106, -1.5108[0m
[2026-09-20 12:33:56] 控制路径段: 起点索引=0, 提取点数=1
[2026-09-20 12:33:56] 避障检测路径段: 起点索引=0, 提取点数=200
[0m[ INFO] [1789878836.201678131]: local_x: 0.1069, local_y: -0.0195, gear: 2,  error_heading: 0.6827[0m
[2026-09-20 12:33:56] 还未完成转向!
[0m[ INFO] [1789878836.248161846]: 0 points is not droped, 6.8179, 1.2007, -2.1959, 2, 6.8312, 1.3085, -1.5131[0m
[2026-09-20 12:33:56] 控制路径段: 起点索引=0, 提取点数=1
[2026-09-20 12:33:56] 避障检测路径段: 起点索引=0, 提取点数=200
[0m[ INFO] [1789878836.301831941]: local_x: 0.1066, local_y: -0.0208, gear: 2,  error_heading: 0.6821[0m
[2026-09-20 12:33:56] 还未完成转向!
[0m[ INFO] [1789878836.348159111]: 0 points is not droped, 6.8179, 1.2007, -2.1959, 2, 6.8326, 1.3082, -1.5138[0m
[2026-09-20 12:33:56] 控制路径段: 起点索引=0, 提取点数=1
[2026-09-20 12:33:56] 避障检测路径段: 起点索引=0, 提取点数=200
[0m[ INFO] [1789878836.401777366]: local_x: 0.1026, local_y: -0.0221, gear: 2,  error_heading: 0.6791[0m
[2026-09-20 12:33:56] 还未完成转向!
[0m[ INFO] [1789878836.448211737]: 0 points is not droped, 6.8179, 1.2007, -2.1959, 2, 6.8344, 1.3043, -1.5168[0m
[2026-09-20 12:33:56] 控制路径段: 起点索引=0, 提取点数=1
[2026-09-20 12:33:56] 避障检测路径段: 起点索引=0, 提取点数=200
[0m[ INFO] [1789878836.501705798]: local_x: 0.0978, local_y: -0.0211, gear: 2,  error_heading: 0.6681[0m
[2026-09-20 12:33:56] 还未完成转向!
[0m[ INFO] [1789878836.548377324]: 0 points is not droped, 6.8179, 1.2007, -2.1959, 2, 6.8348, 1.2993, -1.5278[0m
[2026-09-20 12:33:56] 控制路径段: 起点索引=0, 提取点数=1
[2026-09-20 12:33:56] 避障检测路径段: 起点索引=0, 提取点数=200
[0m[ INFO] [1789878836.601711799]: local_x: 0.0922, local_y: -0.0183, gear: 2,  error_heading: 0.6530[0m
[2026-09-20 12:33:56] 还未完成转向!
[0m[ INFO] [1789878836.649128420]: 0 points is not droped, 6.8179, 1.2007, -2.1959, 2, 6.8336, 1.2933, -1.5429[0m
[2026-09-20 12:33:56] 控制路径段: 起点索引=0, 提取点数=1
[2026-09-20 12:33:56] 避障检测路径段: 起点索引=0, 提取点数=200
[0m[ INFO] [1789878836.701689960]: local_x: 0.0980, local_y: -0.0200, gear: 2,  error_heading: 0.6498[0m
[2026-09-20 12:33:56] 还未完成转向!
[0m[ INFO] [1789878836.748967412]: 0 points is not droped, 6.8179, 1.2007, -2.1959, 2, 6.8354, 1.2991, -1.5461[0m
[2026-09-20 12:33:56] 控制路径段: 起点索引=0, 提取点数=1
[2026-09-20 12:33:56] 避障检测路径段: 起点索引=0, 提取点数=200
[0m[ INFO] [1789878836.813442931]: local_x: 0.0977, local_y: -0.0201, gear: 2,  error_heading: 0.6511[0m
[2026-09-20 12:33:56] 还未完成转向!
[0m[ INFO] [1789878836.848220445]: 0 points is not droped, 6.8179, 1.2007, -2.1959, 2, 6.8355, 1.2989, -1.5448[0m
[2026-09-20 12:33:56] 控制路径段: 起点索引=0, 提取点数=1
[2026-09-20 12:33:56] 避障检测路径段: 起点索引=0, 提取点数=200
[0m[ INFO] [1789878836.901717962]: local_x: 0.1034, local_y: -0.0194, gear: 2,  error_heading: 0.6513[0m
[2026-09-20 12:33:56] 还未完成转向!
[0m[ INFO] [1789878836.948179086]: 0 points is not droped, 6.8179, 1.2007, -2.1959, 2, 6.8345, 1.3046, -1.5445[0m
[2026-09-20 12:33:56] 控制路径段: 起点索引=0, 提取点数=1
[2026-09-20 12:33:56] 避障检测路径段: 起点索引=0, 提取点数=200
[0m[ INFO] [1789878837.001862204]: local_x: 0.1029, local_y: -0.0187, gear: 2,  error_heading: 0.6508[0m
[2026-09-20 12:33:57] 还未完成转向!
[0m[ INFO] [1789878837.048225855]: 0 points is not droped, 6.8179, 1.2007, -2.1959, 2, 6.8339, 1.3040, -1.5450[0m
[2026-09-20 12:33:57] 控制路径段: 起点索引=0, 提取点数=1
[2026-09-20 12:33:57] 避障检测路径段: 起点索引=0, 提取点数=200
[0m[ INFO] [1789878837.101879182]: local_x: 0.1050, local_y: -0.0202, gear: 2,  error_heading: 0.6493[0m
[2026-09-20 12:33:57] 还未完成转向!
[0m[ INFO] [1789878837.148108943]: 0 points is not droped, 6.8179, 1.2007, -2.1959, 2, 6.8356, 1.3062, -1.5465[0m
[2026-09-20 12:33:57] 控制路径段: 起点索引=0, 提取点数=1
[2026-09-20 12:33:57] 避障检测路径段: 起点索引=0, 提取点数=200
[0m[ INFO] [1789878837.203077995]: local_x: 0.1046, local_y: -0.0190, gear: 2,  error_heading: 0.6511[0m
[2026-09-20 12:33:57] 还未完成转向!
[0m[ INFO] [1789878837.251110975]: 0 points is not droped, 6.8179, 1.2007, -2.1959, 2, 6.8341, 1.3057, -1.5448[0m
[2026-09-20 12:33:57] 控制路径段: 起点索引=0, 提取点数=1
[2026-09-20 12:33:57] 避障检测路径段: 起点索引=0, 提取点数=200
[0m[ INFO] [1789878837.301675566]: local_x: 0.1042, local_y: -0.0186, gear: 2,  error_heading: 0.6520[0m
[2026-09-20 12:33:57] 还未完成转向!
[0m[ INFO] [1789878837.348174674]: 0 points is not droped, 6.8179, 1.2007, -2.1959, 2, 6.8337, 1.3053, -1.5439[0m
[2026-09-20 12:33:57] 控制路径段: 起点索引=0, 提取点数=1
[2026-09-20 12:33:57] 避障检测路径段: 起点索引=0, 提取点数=200
[0m[ INFO] [1789878837.402506247]: local_x: 0.1041, local_y: -0.0195, gear: 2,  error_heading: 0.6501[0m
[2026-09-20 12:33:57] 还未完成转向!
[0m[ INFO] [1789878837.448162210]: 0 points is not droped, 6.8179, 1.2007, -2.1959, 2, 6.8348, 1.3052, -1.5457[0m
[2026-09-20 12:33:57] 控制路径段: 起点索引=0, 提取点数=1
[2026-09-20 12:33:57] 避障检测路径段: 起点索引=0, 提取点数=200
[0m[ INFO] [1789878837.501957266]: local_x: 0.1064, local_y: -0.0199, gear: 2,  error_heading: 0.6522[0m
[2026-09-20 12:33:57] 还未完成转向!
[0m[ INFO] [1789878837.548149203]: 0 points is not droped, 6.8179, 1.2007, -2.1959, 2, 6.8349, 1.3076, -1.5436[0m
[2026-09-20 12:33:57] 控制路径段: 起点索引=0, 提取点数=1
[2026-09-20 12:33:57] 避障检测路径段: 起点索引=0, 提取点数=200
[0m[ INFO] [1789878837.601694465]: local_x: 0.1040, local_y: -0.0194, gear: 2,  error_heading: 0.6494[0m
[2026-09-20 12:33:57] 还未完成转向!
[0m[ INFO] [1789878837.648163140]: 0 points is not droped, 6.8179, 1.2007, -2.1959, 2, 6.8348, 1.3051, -1.5465[0m
[2026-09-20 12:33:57] 控制路径段: 起点索引=0, 提取点数=1
[2026-09-20 12:33:57] 避障检测路径段: 起点索引=0, 提取点数=200
[0m[ INFO] [1789878837.709368386]: local_x: 0.1071, local_y: -0.0204, gear: 2,  error_heading: 0.6518[0m
[2026-09-20 12:33:57] 还未完成转向!
[0m[ INFO] [1789878837.748148277]: 0 points is not droped, 6.8179, 1.2007, -2.1959, 2, 6.8354, 1.3083, -1.5440[0m
[2026-09-20 12:33:57] 控制路径段: 起点索引=0, 提取点数=1
[2026-09-20 12:33:57] 避障检测路径段: 起点索引=0, 提取点数=200
[0m[ INFO] [1789878837.802456523]: local_x: 0.1050, local_y: -0.0204, gear: 2,  error_heading: 0.6497[0m
[2026-09-20 12:33:57] 还未完成转向!
[0m[ INFO] [1789878837.848172167]: 0 points is not droped, 6.8179, 1.2007, -2.1959, 2, 6.8357, 1.3062, -1.5461[0m
[2026-09-20 12:33:57] 控制路径段: 起点索引=0, 提取点数=1
[2026-09-20 12:33:57] 避障检测路径段: 起点索引=0, 提取点数=200
[0m[ INFO] [1789878837.901670355]: local_x: 0.1069, local_y: -0.0205, gear: 2,  error_heading: 0.6517[0m
[2026-09-20 12:33:57] 还未完成转向!
[0m[ INFO] [1789878837.948167480]: 0 points is not droped, 6.8179, 1.2007, -2.1959, 2, 6.8355, 1.3081, -1.5441[0m
[2026-09-20 12:33:57] 控制路径段: 起点索引=0, 提取点数=1
[2026-09-20 12:33:57] 避障检测路径段: 起点索引=0, 提取点数=200
[0m[ INFO] [1789878838.001688453]: local_x: 0.1063, local_y: -0.0207, gear: 2,  error_heading: 0.6523[0m
[2026-09-20 12:33:58] 还未完成转向!
[0m[ INFO] [1789878838.048157768]: 0 points is not droped, 6.8179, 1.2007, -2.1959, 2, 6.8357, 1.3074, -1.5436[0m
[2026-09-20 12:33:58] 控制路径段: 起点索引=0, 提取点数=1
[2026-09-20 12:33:58] 避障检测路径段: 起点索引=0, 提取点数=200
[0m[ INFO] [1789878838.101731798]: local_x: 0.1055, local_y: -0.0217, gear: 2,  error_heading: 0.6496[0m
[2026-09-20 12:33:58] 还未完成转向!
[0m[ INFO] [1789878838.148239482]: 0 points is not droped, 6.8179, 1.2007, -2.1959, 2, 6.8370, 1.3066, -1.5462[0m
[2026-09-20 12:33:58] 控制路径段: 起点索引=0, 提取点数=1
[2026-09-20 12:33:58] 避障检测路径段: 起点索引=0, 提取点数=200
[0m[ INFO] [1789878838.205369069]: local_x: 0.1071, local_y: -0.0212, gear: 2,  error_heading: 0.6534[0m
[2026-09-20 12:33:58] 还未完成转向!
[0m[ INFO] [1789878838.248173835]: 0 points is not droped, 6.8179, 1.2007, -2.1959, 2, 6.8360, 1.3083, -1.5424[0m
[2026-09-20 12:33:58] 控制路径段: 起点索引=0, 提取点数=1
[2026-09-20 12:33:58] 避障检测路径段: 起点索引=0, 提取点数=200
[0m[ INFO] [1789878838.302269854]: local_x: 0.1035, local_y: -0.0202, gear: 2,  error_heading: 0.6491[0m
[2026-09-20 12:33:58] 还未完成转向!
[0m[ INFO] [1789878838.348132731]: 0 points is not droped, 6.8179, 1.2007, -2.1959, 2, 6.8356, 1.3046, -1.5468[0m
[2026-09-20 12:33:58] 控制路径段: 起点索引=0, 提取点数=1
[2026-09-20 12:33:58] 避障检测路径段: 起点索引=0, 提取点数=200
[0m[ INFO] [1789878838.401799946]: local_x: 0.1118, local_y: -0.0196, gear: 2,  error_heading: 0.6520[0m
[2026-09-20 12:33:58] 还未完成转向!
[0m[ INFO] [1789878838.448118924]: 0 points is not droped, 6.8179, 1.2007, -2.1959, 2, 6.8345, 1.3130, -1.5438[0m
[2026-09-20 12:33:58] 控制路径段: 起点索引=0, 提取点数=1
[2026-09-20 12:33:58] 避障检测路径段: 起点索引=0, 提取点数=200
[0m[ INFO] [1789878838.503181129]: local_x: 0.1106, local_y: -0.0222, gear: 2,  error_heading: 0.6501[0m
[2026-09-20 12:33:58] 还未完成转向!
[0m[ INFO] [1789878838.548211966]: 0 points is not droped, 6.8179, 1.2007, -2.1959, 2, 6.8373, 1.3118, -1.5458[0m
[2026-09-20 12:33:58] 控制路径段: 起点索引=0, 提取点数=1
[2026-09-20 12:33:58] 避障检测路径段: 起点索引=0, 提取点数=200
[0m[ INFO] [1789878838.605186639]: local_x: 0.1115, local_y: -0.0205, gear: 2,  error_heading: 0.6495[0m
[2026-09-20 12:33:58] 还未完成转向!
[0m[ INFO] [1789878838.648136558]: 0 points is not droped, 6.8179, 1.2007, -2.1959, 2, 6.8356, 1.3127, -1.5464[0m
[2026-09-20 12:33:58] 控制路径段: 起点索引=0, 提取点数=1
[2026-09-20 12:33:58] 避障检测路径段: 起点索引=0, 提取点数=200
[0m[ INFO] [1789878838.710981788]: local_x: 0.1113, local_y: -0.0211, gear: 2,  error_heading: 0.6515[0m
[2026-09-20 12:33:58] 还未完成转向!
[0m[ INFO] [1789878838.748211360]: 0 points is not droped, 6.8179, 1.2007, -2.1959, 2, 6.8360, 1.3125, -1.5444[0m
[2026-09-20 12:33:58] 控制路径段: 起点索引=0, 提取点数=1
[2026-09-20 12:33:58] 避障检测路径段: 起点索引=0, 提取点数=200
[0m[ INFO] [1789878838.801738285]: local_x: 0.1102, local_y: -0.0206, gear: 2,  error_heading: 0.6475[0m
[2026-09-20 12:33:58] 还未完成转向!
[0m[ INFO] [1789878838.849028954]: 0 points is not droped, 6.8179, 1.2007, -2.1959, 2, 6.8360, 1.3113, -1.5483[0m
[2026-09-20 12:33:58] 控制路径段: 起点索引=0, 提取点数=1
[2026-09-20 12:33:58] 避障检测路径段: 起点索引=0, 提取点数=200
[0m[ INFO] [1789878838.905485125]: local_x: 0.1115, local_y: -0.0195, gear: 2,  error_heading: 0.6495[0m
[2026-09-20 12:33:58] 还未完成转向!
[0m[ INFO] [1789878838.948159393]: 0 points is not droped, 6.8179, 1.2007, -2.1959, 2, 6.8347, 1.3126, -1.5464[0m
[2026-09-20 12:33:58] 控制路径段: 起点索引=0, 提取点数=1
[2026-09-20 12:33:58] 避障检测路径段: 起点索引=0, 提取点数=200
[0m[ INFO] [1789878839.001727119]: local_x: 0.1099, local_y: -0.0212, gear: 2,  error_heading: 0.6498[0m
[2026-09-20 12:33:59] 还未完成转向!
[0m[ INFO] [1789878839.048287668]: 0 points is not droped, 6.8179, 1.2007, -2.1959, 2, 6.8363, 1.3110, -1.5460[0m
[2026-09-20 12:33:59] 控制路径段: 起点索引=0, 提取点数=1
[2026-09-20 12:33:59] 避障检测路径段: 起点索引=0, 提取点数=200
[0m[ INFO] [1789878839.105281477]: local_x: 0.1082, local_y: -0.0204, gear: 2,  error_heading: 0.6493[0m
[2026-09-20 12:33:59] 还未完成转向!
[0m[ INFO] [1789878839.148200356]: 0 points is not droped, 6.8179, 1.2007, -2.1959, 2, 6.8357, 1.3093, -1.5466[0m
[2026-09-20 12:33:59] 控制路径段: 起点索引=0, 提取点数=1
[2026-09-20 12:33:59] 避障检测路径段: 起点索引=0, 提取点数=200
[0m[ INFO] [1789878839.201738801]: local_x: 0.1108, local_y: -0.0209, gear: 2,  error_heading: 0.6525[0m
[2026-09-20 12:33:59] 还未完成转向!
[0m[ INFO] [1789878839.248144500]: 0 points is not droped, 6.8179, 1.2007, -2.1959, 2, 6.8357, 1.3120, -1.5434[0m
[2026-09-20 12:33:59] 控制路径段: 起点索引=0, 提取点数=1
[2026-09-20 12:33:59] 避障检测路径段: 起点索引=0, 提取点数=200
[0m[ INFO] [1789878839.307071258]: local_x: 0.1101, local_y: -0.0212, gear: 2,  error_heading: 0.6504[0m
[2026-09-20 12:33:59] 还未完成转向!
[0m[ INFO] [1789878839.348182182]: 0 points is not droped, 6.8179, 1.2007, -2.1959, 2, 6.8363, 1.3112, -1.5455[0m
[2026-09-20 12:33:59] 控制路径段: 起点索引=0, 提取点数=1
[2026-09-20 12:33:59] 避障检测路径段: 起点索引=0, 提取点数=200
[0m[ INFO] [1789878839.402327737]: local_x: 0.1103, local_y: -0.0192, gear: 2,  error_heading: 0.6519[0m
[2026-09-20 12:33:59] 还未完成转向!
[0m[ INFO] [1789878839.448181143]: 0 points is not droped, 6.8179, 1.2007, -2.1959, 2, 6.8341, 1.3115, -1.5439[0m
[2026-09-20 12:33:59] 控制路径段: 起点索引=0, 提取点数=1
[2026-09-20 12:33:59] 避障检测路径段: 起点索引=0, 提取点数=200
[0m[ INFO] [1789878839.501700676]: local_x: 0.1068, local_y: -0.0201, gear: 2,  error_heading: 0.6506[0m
[2026-09-20 12:33:59] 还未完成转向!
[0m[ INFO] [1789878839.548291273]: 0 points is not droped, 6.8179, 1.2007, -2.1959, 2, 6.8353, 1.3080, -1.5453[0m
[2026-09-20 12:33:59] 控制路径段: 起点索引=0, 提取点数=1
[2026-09-20 12:33:59] 避障检测路径段: 起点索引=0, 提取点数=200
[0m[ INFO] [1789878839.601710933]: local_x: 0.1079, local_y: -0.0186, gear: 2,  error_heading: 0.6504[0m
[2026-09-20 12:33:59] 还未完成转向!
[0m[ INFO] [1789878839.648277754]: 0 points is not droped, 6.8179, 1.2007, -2.1959, 2, 6.8337, 1.3090, -1.5455[0m
[2026-09-20 12:33:59] 控制路径段: 起点索引=0, 提取点数=1
[2026-09-20 12:33:59] 避障检测路径段: 起点索引=0, 提取点数=200
[0m[ INFO] [1789878839.701729126]: local_x: 0.1083, local_y: -0.0179, gear: 2,  error_heading: 0.6528[0m
[2026-09-20 12:33:59] 还未完成转向!
[0m[ INFO] [1789878839.748412812]: 0 points is not droped, 6.8179, 1.2007, -2.1959, 2, 6.8328, 1.3094, -1.5431[0m
[2026-09-20 12:33:59] 控制路径段: 起点索引=0, 提取点数=1
[2026-09-20 12:33:59] 避障检测路径段: 起点索引=0, 提取点数=200
[0m[ INFO] [1789878839.801724663]: local_x: 0.1081, local_y: -0.0175, gear: 2,  error_heading: 0.6499[0m
[2026-09-20 12:33:59] 还未完成转向!
[0m[ INFO] [1789878839.848340731]: 0 points is not droped, 6.8179, 1.2007, -2.1959, 2, 6.8327, 1.3092, -1.5459[0m
[2026-09-20 12:33:59] 控制路径段: 起点索引=0, 提取点数=1
[2026-09-20 12:33:59] 避障检测路径段: 起点索引=0, 提取点数=200
[0m[ INFO] [1789878839.901836418]: local_x: 0.1092, local_y: -0.0166, gear: 2,  error_heading: 0.6530[0m
[2026-09-20 12:33:59] 还未完成转向!
[0m[ INFO] [1789878839.948172159]: 0 points is not droped, 6.8179, 1.2007, -2.1959, 2, 6.8314, 1.3103, -1.5429[0m
[2026-09-20 12:33:59] 控制路径段: 起点索引=0, 提取点数=1
[2026-09-20 12:33:59] 避障检测路径段: 起点索引=0, 提取点数=200
[0m[ INFO] [1789878840.001693318]: local_x: 0.1109, local_y: -0.0174, gear: 2,  error_heading: 0.6519[0m
[2026-09-20 12:34:00] 还未完成转向!
[0m[ INFO] [1789878840.048947277]: 0 points is not droped, 6.8179, 1.2007, -2.1959, 2, 6.8323, 1.3120, -1.5439[0m
[2026-09-20 12:34:00] 控制路径段: 起点索引=0, 提取点数=1
[2026-09-20 12:34:00] 避障检测路径段: 起点索引=0, 提取点数=200
[0m[ INFO] [1789878840.101711117]: local_x: 0.1076, local_y: -0.0155, gear: 2,  error_heading: 0.6519[0m
[2026-09-20 12:34:00] 还未完成转向!
[0m[ INFO] [1789878840.148212172]: 0 points is not droped, 6.8179, 1.2007, -2.1959, 2, 6.8305, 1.3087, -1.5440[0m
[2026-09-20 12:34:00] 控制路径段: 起点索引=0, 提取点数=1
[2026-09-20 12:34:00] 避障检测路径段: 起点索引=0, 提取点数=200
[0m[ INFO] [1789878840.201705555]: local_x: 0.1101, local_y: -0.0151, gear: 2,  error_heading: 0.6532[0m
[2026-09-20 12:34:00] 还未完成转向!
[0m[ INFO] [1789878840.248129137]: 0 points is not droped, 6.8179, 1.2007, -2.1959, 2, 6.8299, 1.3111, -1.5427[0m
[2026-09-20 12:34:00] 控制路径段: 起点索引=0, 提取点数=1
[2026-09-20 12:34:00] 避障检测路径段: 起点索引=0, 提取点数=200
[0m[ INFO] [1789878840.301806490]: local_x: 0.1063, local_y: -0.0199, gear: 2,  error_heading: 0.6505[0m
[2026-09-20 12:34:00] 还未完成转向!
[0m[ INFO] [1789878840.348178968]: 0 points is not droped, 6.8179, 1.2007, -2.1959, 2, 6.8351, 1.3074, -1.5453[0m
[2026-09-20 12:34:00] 控制路径段: 起点索引=0, 提取点数=1
[2026-09-20 12:34:00] 避障检测路径段: 起点索引=0, 提取点数=200
[0m[ INFO] [1789878840.401734559]: local_x: 0.1049, local_y: -0.0132, gear: 2,  error_heading: 0.6529[0m
[2026-09-20 12:34:00] 还未完成转向!
[0m[ INFO] [1789878840.448169086]: 0 points is not droped, 6.8179, 1.2007, -2.1959, 2, 6.8282, 1.3059, -1.5430[0m
[2026-09-20 12:34:00] 控制路径段: 起点索引=0, 提取点数=1
[2026-09-20 12:34:00] 避障检测路径段: 起点索引=0, 提取点数=200
[0m[ INFO] [1789878840.501711493]: local_x: 0.1027, local_y: -0.0143, gear: 2,  error_heading: 0.6525[0m
[2026-09-20 12:34:00] 还未完成转向!
[0m[ INFO] [1789878840.548172676]: 0 points is not droped, 6.8179, 1.2007, -2.1959, 2, 6.8293, 1.3038, -1.5433[0m
[2026-09-20 12:34:00] 控制路径段: 起点索引=0, 提取点数=1
[2026-09-20 12:34:00] 避障检测路径段: 起点索引=0, 提取点数=200
[0m[ INFO] [1789878840.602438803]: local_x: 0.1038, local_y: -0.0133, gear: 2,  error_heading: 0.6538[0m
[2026-09-20 12:34:00] 还未完成转向!
[0m[ INFO] [1789878840.648167338]: 0 points is not droped, 6.8179, 1.2007, -2.1959, 2, 6.8282, 1.3048, -1.5420[0m
[2026-09-20 12:34:00] 控制路径段: 起点索引=0, 提取点数=1
[2026-09-20 12:34:00] 避障检测路径段: 起点索引=0, 提取点数=200
[0m[ INFO] [1789878840.704772785]: local_x: 0.1002, local_y: -0.0138, gear: 2,  error_heading: 0.6530[0m
[2026-09-20 12:34:00] 还未完成转向!
[0m[ INFO] [1789878840.748279794]: 0 points is not droped, 6.8179, 1.2007, -2.1959, 2, 6.8288, 1.3012, -1.5428[0m
[2026-09-20 12:34:00] 控制路径段: 起点索引=0, 提取点数=1
[2026-09-20 12:34:00] 避障检测路径段: 起点索引=0, 提取点数=200
[0m[ INFO] [1789878840.801664407]: local_x: 0.0976, local_y: -0.0127, gear: 2,  error_heading: 0.6518[0m
[2026-09-20 12:34:00] 还未完成转向!
[0m[ INFO] [1789878840.848183959]: 0 points is not droped, 6.8179, 1.2007, -2.1959, 2, 6.8280, 1.2986, -1.5441[0m
[2026-09-20 12:34:00] 控制路径段: 起点索引=0, 提取点数=1
[2026-09-20 12:34:00] 避障检测路径段: 起点索引=0, 提取点数=200
[0m[ INFO] [1789878840.901663934]: local_x: 0.0927, local_y: -0.0150, gear: 2,  error_heading: 0.6508[0m
[2026-09-20 12:34:00] 还未完成转向!
[0m[ INFO] [1789878840.948182141]: 0 points is not droped, 6.8179, 1.2007, -2.1959, 2, 6.8305, 1.2937, -1.5450[0m
[2026-09-20 12:34:00] 控制路径段: 起点索引=0, 提取点数=1
[2026-09-20 12:34:00] 避障检测路径段: 起点索引=0, 提取点数=200
[0m[ INFO] [1789878841.001731588]: local_x: 0.0935, local_y: -0.0144, gear: 2,  error_heading: 0.6516[0m
[2026-09-20 12:34:01] 还未完成转向!
[0m[ INFO] [1789878841.048246308]: 0 points is not droped, 6.8179, 1.2007, -2.1959, 2, 6.8298, 1.2945, -1.5443[0m
[2026-09-20 12:34:01] 控制路径段: 起点索引=0, 提取点数=1
[2026-09-20 12:34:01] 避障检测路径段: 起点索引=0, 提取点数=200
[0m[ INFO] [1789878841.101783467]: local_x: 0.0927, local_y: -0.0146, gear: 2,  error_heading: 0.6511[0m
[2026-09-20 12:34:01] 还未完成转向!
[0m[ INFO] [1789878841.148525997]: 0 points is not droped, 6.8179, 1.2007, -2.1959, 2, 6.8301, 1.2937, -1.5448[0m
[2026-09-20 12:34:01] 控制路径段: 起点索引=0, 提取点数=1
[2026-09-20 12:34:01] 避障检测路径段: 起点索引=0, 提取点数=200
[0m[ INFO] [1789878841.202522937]: local_x: 0.0916, local_y: -0.0137, gear: 2,  error_heading: 0.6494[0m
[2026-09-20 12:34:01] 还未完成转向!
[0m[ INFO] [1789878841.248119791]: 0 points is not droped, 6.8179, 1.2007, -2.1959, 2, 6.8293, 1.2926, -1.5464[0m
[2026-09-20 12:34:01] 控制路径段: 起点索引=0, 提取点数=1
[2026-09-20 12:34:01] 避障检测路径段: 起点索引=0, 提取点数=200
[0m[ INFO] [1789878841.301791480]: local_x: 0.0924, local_y: -0.0262, gear: 2,  error_heading: 0.6505[0m
[2026-09-20 12:34:01] 还未完成转向!
[0m[ INFO] [1789878841.348152789]: 0 points is not droped, 6.8179, 1.2007, -2.1959, 2, 6.8417, 1.2937, -1.5454[0m
[2026-09-20 12:34:01] 控制路径段: 起点索引=0, 提取点数=1
[2026-09-20 12:34:01] 避障检测路径段: 起点索引=0, 提取点数=200
[0m[ INFO] [1789878841.401862623]: local_x: 0.0903, local_y: -0.0152, gear: 2,  error_heading: 0.6513[0m
[2026-09-20 12:34:01] 还未完成转向!
[0m[ INFO] [1789878841.448204348]: 0 points is not droped, 6.8179, 1.2007, -2.1959, 2, 6.8308, 1.2913, -1.5446[0m
[2026-09-20 12:34:01] 控制路径段: 起点索引=0, 提取点数=1
[2026-09-20 12:34:01] 避障检测路径段: 起点索引=0, 提取点数=200
[0m[ INFO] [1789878841.501764420]: local_x: 0.0891, local_y: -0.0159, gear: 2,  error_heading: 0.6509[0m
[2026-09-20 12:34:01] 还未完成转向!
[0m[ INFO] [1789878841.548132513]: 0 points is not droped, 6.8179, 1.2007, -2.1959, 2, 6.8314, 1.2901, -1.5449[0m
[2026-09-20 12:34:01] 控制路径段: 起点索引=0, 提取点数=1
[2026-09-20 12:34:01] 避障检测路径段: 起点索引=0, 提取点数=200
[0m[ INFO] [1789878841.601649769]: local_x: 0.0913, local_y: -0.0148, gear: 2,  error_heading: 0.6506[0m
[2026-09-20 12:34:01] 还未完成转向!
[0m[ INFO] [1789878841.648099207]: 0 points is not droped, 6.8179, 1.2007, -2.1959, 2, 6.8304, 1.2923, -1.5452[0m
[2026-09-20 12:34:01] 控制路径段: 起点索引=0, 提取点数=1
[2026-09-20 12:34:01] 避障检测路径段: 起点索引=0, 提取点数=200
[0m[ INFO] [1789878841.715177434]: local_x: 0.0935, local_y: -0.0168, gear: 2,  error_heading: 0.6534[0m
[2026-09-20 12:34:01] 还未完成转向!
[0m[ INFO] [1789878841.748140494]: 0 points is not droped, 6.8179, 1.2007, -2.1959, 2, 6.8321, 1.2946, -1.5425[0m
[2026-09-20 12:34:01] 控制路径段: 起点索引=0, 提取点数=1
[2026-09-20 12:34:01] 避障检测路径段: 起点索引=0, 提取点数=200
[0m[ INFO] [1789878841.811051062]: local_x: 0.0931, local_y: -0.0168, gear: 2,  error_heading: 0.6519[0m
[2026-09-20 12:34:01] 还未完成转向!
[0m[ INFO] [1789878841.848222901]: 0 points is not droped, 6.8179, 1.2007, -2.1959, 2, 6.8321, 1.2942, -1.5440[0m
[2026-09-20 12:34:01] 控制路径段: 起点索引=0, 提取点数=1
[2026-09-20 12:34:01] 避障检测路径段: 起点索引=0, 提取点数=200
[0m[ INFO] [1789878841.902772583]: local_x: 0.0900, local_y: -0.0172, gear: 2,  error_heading: 0.6505[0m
[2026-09-20 12:34:01] 还未完成转向!
[0m[ INFO] [1789878841.948157082]: 0 points is not droped, 6.8179, 1.2007, -2.1959, 2, 6.8328, 1.2911, -1.5454[0m
[2026-09-20 12:34:01] 控制路径段: 起点索引=0, 提取点数=1
[2026-09-20 12:34:01] 避障检测路径段: 起点索引=0, 提取点数=200
[0m[ INFO] [1789878842.006150384]: local_x: 0.0922, local_y: -0.0171, gear: 2,  error_heading: 0.6526[0m
[2026-09-20 12:34:02] 还未完成转向!
[0m[ INFO] [1789878842.048184833]: 0 points is not droped, 6.8179, 1.2007, -2.1959, 2, 6.8324, 1.2933, -1.5433[0m
[2026-09-20 12:34:02] 控制路径段: 起点索引=0, 提取点数=1
[2026-09-20 12:34:02] 避障检测路径段: 起点索引=0, 提取点数=200
[0m[ INFO] [1789878842.102049388]: local_x: 0.0932, local_y: -0.0170, gear: 2,  error_heading: 0.6518[0m
[2026-09-20 12:34:02] 还未完成转向!
[0m[ INFO] [1789878842.148164647]: 0 points is not droped, 6.8179, 1.2007, -2.1959, 2, 6.8324, 1.2942, -1.5440[0m
[2026-09-20 12:34:02] 控制路径段: 起点索引=0, 提取点数=1
[2026-09-20 12:34:02] 避障检测路径段: 起点索引=0, 提取点数=200
[0m[ INFO] [1789878842.201637262]: local_x: 0.0935, local_y: -0.0162, gear: 2,  error_heading: 0.6502[0m
[2026-09-20 12:34:02] 还未完成转向!
[0m[ INFO] [1789878842.248149133]: 0 points is not droped, 6.8179, 1.2007, -2.1959, 2, 6.8318, 1.2945, -1.5457[0m
[2026-09-20 12:34:02] 控制路径段: 起点索引=0, 提取点数=1
[2026-09-20 12:34:02] 避障检测路径段: 起点索引=0, 提取点数=200
[0m[ INFO] [1789878842.301676660]: local_x: 0.0948, local_y: -0.0157, gear: 2,  error_heading: 0.6521[0m
[2026-09-20 12:34:02] 还未完成转向!
[0m[ INFO] [1789878842.348172147]: 0 points is not droped, 6.8179, 1.2007, -2.1959, 2, 6.8310, 1.2958, -1.5437[0m
[2026-09-20 12:34:02] 控制路径段: 起点索引=0, 提取点数=1
[2026-09-20 12:34:02] 避障检测路径段: 起点索引=0, 提取点数=200
[0m[ INFO] [1789878842.401902109]: local_x: 0.0909, local_y: -0.0160, gear: 2,  error_heading: 0.6523[0m
[2026-09-20 12:34:02] 还未完成转向!
[0m[ INFO] [1789878842.448241914]: 0 points is not droped, 6.8179, 1.2007, -2.1959, 2, 6.8314, 1.2919, -1.5436[0m
[2026-09-20 12:34:02] 控制路径段: 起点索引=0, 提取点数=1
[2026-09-20 12:34:02] 避障检测路径段: 起点索引=0, 提取点数=200
[0m[ INFO] [1789878842.502639018]: local_x: 0.0909, local_y: -0.0157, gear: 2,  error_heading: 0.6514[0m
[2026-09-20 12:34:02] 还未完成转向!
[0m[ INFO] [1789878842.548326657]: 0 points is not droped, 6.8179, 1.2007, -2.1959, 2, 6.8312, 1.2919, -1.5444[0m
[2026-09-20 12:34:02] 控制路径段: 起点索引=0, 提取点数=1
[2026-09-20 12:34:02] 避障检测路径段: 起点索引=0, 提取点数=200
[0m[ INFO] [1789878842.601696391]: local_x: 0.0912, local_y: -0.0156, gear: 2,  error_heading: 0.6542[0m
[2026-09-20 12:34:02] 还未完成转向!
[0m[ INFO] [1789878842.648237542]: 0 points is not droped, 6.8179, 1.2007, -2.1959, 2, 6.8308, 1.2923, -1.5417[0m
[2026-09-20 12:34:02] 控制路径段: 起点索引=0, 提取点数=1
[2026-09-20 12:34:02] 避障检测路径段: 起点索引=0, 提取点数=200
[0m[ INFO] [1789878842.702415637]: local_x: 0.0911, local_y: -0.0155, gear: 2,  error_heading: 0.6524[0m
[2026-09-20 12:34:02] 还未完成转向!
[0m[ INFO] [1789878842.748181580]: 0 points is not droped, 6.8179, 1.2007, -2.1959, 2, 6.8309, 1.2921, -1.5435[0m
[2026-09-20 12:34:02] 控制路径段: 起点索引=0, 提取点数=1
[2026-09-20 12:34:02] 避障检测路径段: 起点索引=0, 提取点数=200
[0m[ INFO] [1789878842.805729885]: local_x: 0.0896, local_y: -0.0142, gear: 2,  error_heading: 0.6510[0m
[2026-09-20 12:34:02] 还未完成转向!
[0m[ INFO] [1789878842.848330612]: 0 points is not droped, 6.8179, 1.2007, -2.1959, 2, 6.8298, 1.2906, -1.5449[0m
[2026-09-20 12:34:02] 控制路径段: 起点索引=0, 提取点数=1
[2026-09-20 12:34:02] 避障检测路径段: 起点索引=0, 提取点数=200
[0m[ INFO] [1789878842.903744015]: local_x: 0.0919, local_y: -0.0163, gear: 2,  error_heading: 0.6554[0m
[2026-09-20 12:34:02] 还未完成转向!
[0m[ INFO] [1789878842.948117656]: 0 points is not droped, 6.8179, 1.2007, -2.1959, 2, 6.8314, 1.2930, -1.5404[0m
[2026-09-20 12:34:02] 控制路径段: 起点索引=0, 提取点数=1
[2026-09-20 12:34:02] 避障检测路径段: 起点索引=0, 提取点数=200
[0m[ INFO] [1789878843.001789857]: local_x: 0.0893, local_y: -0.0169, gear: 2,  error_heading: 0.6524[0m
[2026-09-20 12:34:03] 还未完成转向!
[0m[ INFO] [1789878843.048154974]: 0 points is not droped, 6.8179, 1.2007, -2.1959, 2, 6.8323, 1.2904, -1.5435[0m
[2026-09-20 12:34:03] 控制路径段: 起点索引=0, 提取点数=1
[2026-09-20 12:34:03] 避障检测路径段: 起点索引=0, 提取点数=200
[0m[ INFO] [1789878843.102072394]: local_x: 0.0903, local_y: -0.0185, gear: 2,  error_heading: 0.6511[0m
[2026-09-20 12:34:03] 还未完成转向!
[0m[ INFO] [1789878843.148126980]: 0 points is not droped, 6.8179, 1.2007, -2.1959, 2, 6.8340, 1.2914, -1.5447[0m
[2026-09-20 12:34:03] 控制路径段: 起点索引=0, 提取点数=1
[2026-09-20 12:34:03] 避障检测路径段: 起点索引=0, 提取点数=200
[0m[ INFO] [1789878843.201952943]: local_x: 0.0928, local_y: -0.0195, gear: 2,  error_heading: 0.6553[0m
[2026-09-20 12:34:03] 还未完成转向!
[0m[ INFO] [1789878843.248190667]: 0 points is not droped, 6.8179, 1.2007, -2.1959, 2, 6.8346, 1.2940, -1.5406[0m
[2026-09-20 12:34:03] 控制路径段: 起点索引=0, 提取点数=1
[2026-09-20 12:34:03] 避障检测路径段: 起点索引=0, 提取点数=200
[0m[ INFO] [1789878843.301779827]: local_x: 0.0988, local_y: -0.0248, gear: 2,  error_heading: 0.6498[0m
[2026-09-20 12:34:03] 还未完成转向!
[0m[ INFO] [1789878843.348116944]: 0 points is not droped, 6.8179, 1.2007, -2.1959, 2, 6.8403, 1.3001, -1.5461[0m
[2026-09-20 12:34:03] 控制路径段: 起点索引=0, 提取点数=1
[2026-09-20 12:34:03] 避障检测路径段: 起点索引=0, 提取点数=200
[0m[ INFO] [1789878843.401771225]: local_x: 0.0969, local_y: -0.0173, gear: 2,  error_heading: 0.6509[0m
[2026-09-20 12:34:03] 还未完成转向!
[0m[ INFO] [1789878843.448198775]: 0 points is not droped, 6.8179, 1.2007, -2.1959, 2, 6.8326, 1.2980, -1.5450[0m
[2026-09-20 12:34:03] 控制路径段: 起点索引=0, 提取点数=1
[2026-09-20 12:34:03] 避障检测路径段: 起点索引=0, 提取点数=200
[0m[ INFO] [1789878843.501735871]: local_x: 0.1024, local_y: -0.0170, gear: 2,  error_heading: 0.6564[0m
[2026-09-20 12:34:03] 还未完成转向!
[0m[ INFO] [1789878843.548182269]: 0 points is not droped, 6.8179, 1.2007, -2.1959, 2, 6.8317, 1.3035, -1.5394[0m
[2026-09-20 12:34:03] 控制路径段: 起点索引=0, 提取点数=1
[2026-09-20 12:34:03] 避障检测路径段: 起点索引=0, 提取点数=200
[0m[ INFO] [1789878843.601836550]: local_x: 0.0998, local_y: -0.0176, gear: 2,  error_heading: 0.6512[0m
[2026-09-20 12:34:03] 还未完成转向!
[0m[ INFO] [1789878843.648143299]: 0 points is not droped, 6.8179, 1.2007, -2.1959, 2, 6.8329, 1.3009, -1.5447[0m
[2026-09-20 12:34:03] 控制路径段: 起点索引=0, 提取点数=1
[2026-09-20 12:34:03] 避障检测路径段: 起点索引=0, 提取点数=200
[0m[ INFO] [1789878843.701702219]: local_x: 0.0992, local_y: -0.0193, gear: 2,  error_heading: 0.6524[0m
[2026-09-20 12:34:03] 还未完成转向!
[0m[ INFO] [1789878843.748142281]: 0 points is not droped, 6.8179, 1.2007, -2.1959, 2, 6.8345, 1.3004, -1.5434[0m
[2026-09-20 12:34:03] 控制路径段: 起点索引=0, 提取点数=1
[2026-09-20 12:34:03] 避障检测路径段: 起点索引=0, 提取点数=200
[0m[ INFO] [1789878843.802545594]: local_x: 0.1010, local_y: -0.0224, gear: 2,  error_heading: 0.6567[0m
[2026-09-20 12:34:03] 还未完成转向!
[0m[ INFO] [1789878843.848181488]: 0 points is not droped, 6.8179, 1.2007, -2.1959, 2, 6.8370, 1.3023, -1.5391[0m
[2026-09-20 12:34:03] 控制路径段: 起点索引=0, 提取点数=1
[2026-09-20 12:34:03] 避障检测路径段: 起点索引=0, 提取点数=200
[0m[ INFO] [1789878843.902352990]: local_x: 0.0972, local_y: -0.0226, gear: 2,  error_heading: 0.6498[0m
[2026-09-20 12:34:03] 还未完成转向!
[0m[ INFO] [1789878843.948146262]: 0 points is not droped, 6.8179, 1.2007, -2.1959, 2, 6.8381, 1.2984, -1.5460[0m
[2026-09-20 12:34:03] 控制路径段: 起点索引=0, 提取点数=1
[2026-09-20 12:34:03] 避障检测路径段: 起点索引=0, 提取点数=200
[0m[ INFO] [1789878844.001713118]: local_x: 0.1003, local_y: -0.0218, gear: 2,  error_heading: 0.6525[0m
[2026-09-20 12:34:04] 还未完成转向!
[0m[ INFO] [1789878844.048172540]: 0 points is not droped, 6.8179, 1.2007, -2.1959, 2, 6.8369, 1.3016, -1.5434[0m
[2026-09-20 12:34:04] 控制路径段: 起点索引=0, 提取点数=1
[2026-09-20 12:34:04] 避障检测路径段: 起点索引=0, 提取点数=200
[0m[ INFO] [1789878844.101739044]: local_x: 0.1038, local_y: -0.0174, gear: 2,  error_heading: 0.6552[0m
[2026-09-20 12:34:04] 还未完成转向!
[0m[ INFO] [1789878844.148131810]: 0 points is not droped, 6.8179, 1.2007, -2.1959, 2, 6.8322, 1.3049, -1.5407[0m
[2026-09-20 12:34:04] 控制路径段: 起点索引=0, 提取点数=1
[2026-09-20 12:34:04] 避障检测路径段: 起点索引=0, 提取点数=200
[0m[ INFO] [1789878844.201715850]: local_x: 0.1018, local_y: -0.0156, gear: 2,  error_heading: 0.6481[0m
[2026-09-20 12:34:04] 还未完成转向!
[0m[ INFO] [1789878844.248146857]: 0 points is not droped, 6.8179, 1.2007, -2.1959, 2, 6.8312, 1.3028, -1.5477[0m
[2026-09-20 12:34:04] 控制路径段: 起点索引=0, 提取点数=1
[2026-09-20 12:34:04] 避障检测路径段: 起点索引=0, 提取点数=200
[0m[ INFO] [1789878844.301700528]: local_x: 0.1026, local_y: -0.0139, gear: 2,  error_heading: 0.6561[0m
[2026-09-20 12:34:04] 还未完成转向!
[0m[ INFO] [1789878844.348114799]: 0 points is not droped, 6.8179, 1.2007, -2.1959, 2, 6.8286, 1.3036, -1.5398[0m
[2026-09-20 12:34:04] 控制路径段: 起点索引=0, 提取点数=1
[2026-09-20 12:34:04] 避障检测路径段: 起点索引=0, 提取点数=200
[0m[ INFO] [1789878844.401695607]: local_x: 0.1009, local_y: -0.0176, gear: 2,  error_heading: 0.6513[0m
[2026-09-20 12:34:04] 还未完成转向!
[0m[ INFO] [1789878844.448192246]: 0 points is not droped, 6.8179, 1.2007, -2.1959, 2, 6.8329, 1.3020, -1.5446[0m
[2026-09-20 12:34:04] 控制路径段: 起点索引=0, 提取点数=1
[2026-09-20 12:34:04] 避障检测路径段: 起点索引=0, 提取点数=200
[0m[ INFO] [1789878844.501684829]: local_x: 0.0997, local_y: -0.0179, gear: 2,  error_heading: 0.6494[0m
[2026-09-20 12:34:04] 还未完成转向!
[0m[ INFO] [1789878844.548130139]: 0 points is not droped, 6.8179, 1.2007, -2.1959, 2, 6.8334, 1.3008, -1.5465[0m
[2026-09-20 12:34:04] 控制路径段: 起点索引=0, 提取点数=1
[2026-09-20 12:34:04] 避障检测路径段: 起点索引=0, 提取点数=200
[0m[ INFO] [1789878844.601702723]: local_x: 0.1006, local_y: -0.0195, gear: 2,  error_heading: 0.6531[0m
[2026-09-20 12:34:04] 还未完成转向!
[0m[ INFO] [1789878844.648155874]: 0 points is not droped, 6.8179, 1.2007, -2.1959, 2, 6.8345, 1.3018, -1.5427[0m
[2026-09-20 12:34:04] 控制路径段: 起点索引=0, 提取点数=1
[2026-09-20 12:34:04] 避障检测路径段: 起点索引=0, 提取点数=200
[0m[ INFO] [1789878844.701688073]: local_x: 0.0993, local_y: -0.0189, gear: 2,  error_heading: 0.6511[0m
[2026-09-20 12:34:04] 还未完成转向!
[0m[ INFO] [1789878844.748171784]: 0 points is not droped, 6.8179, 1.2007, -2.1959, 2, 6.8342, 1.3004, -1.5448[0m
[2026-09-20 12:34:04] 控制路径段: 起点索引=0, 提取点数=1
[2026-09-20 12:34:04] 避障检测路径段: 起点索引=0, 提取点数=200
[0m[ INFO] [1789878844.801652815]: local_x: 0.0990, local_y: -0.0181, gear: 2,  error_heading: 0.6505[0m
[2026-09-20 12:34:04] 还未完成转向!
[0m[ INFO] [1789878844.848246415]: 0 points is not droped, 6.8179, 1.2007, -2.1959, 2, 6.8335, 1.3001, -1.5453[0m
[2026-09-20 12:34:04] 控制路径段: 起点索引=0, 提取点数=1
[2026-09-20 12:34:04] 避障检测路径段: 起点索引=0, 提取点数=200
[0m[ INFO] [1789878844.901976889]: local_x: 0.1003, local_y: -0.0175, gear: 2,  error_heading: 0.6538[0m
[2026-09-20 12:34:04] 还未完成转向!
[0m[ INFO] [1789878844.948238293]: 0 points is not droped, 6.8179, 1.2007, -2.1959, 2, 6.8325, 1.3014, -1.5421[0m
[2026-09-20 12:34:04] 控制路径段: 起点索引=0, 提取点数=1
[2026-09-20 12:34:04] 避障检测路径段: 起点索引=0, 提取点数=200
[0m[ INFO] [1789878845.001954527]: local_x: 0.0973, local_y: -0.0174, gear: 2,  error_heading: 0.6492[0m
[2026-09-20 12:34:05] 还未完成转向!
[0m[ INFO] [1789878845.048128059]: 0 points is not droped, 6.8179, 1.2007, -2.1959, 2, 6.8329, 1.2983, -1.5467[0m
[2026-09-20 12:34:05] 控制路径段: 起点索引=0, 提取点数=1
[2026-09-20 12:34:05] 避障检测路径段: 起点索引=0, 提取点数=200
[0m[ INFO] [1789878845.101692130]: local_x: 0.0997, local_y: -0.0179, gear: 2,  error_heading: 0.6529[0m
[2026-09-20 12:34:05] 还未完成转向!
[0m[ INFO] [1789878845.148261346]: 0 points is not droped, 6.8179, 1.2007, -2.1959, 2, 6.8330, 1.3008, -1.5429[0m
[2026-09-20 12:34:05] 控制路径段: 起点索引=0, 提取点数=1
[2026-09-20 12:34:05] 避障检测路径段: 起点索引=0, 提取点数=200
[0m[ INFO] [1789878845.201767369]: local_x: 0.0980, local_y: -0.0195, gear: 2,  error_heading: 0.6519[0m
[2026-09-20 12:34:05] 还未完成转向!
[0m[ INFO] [1789878845.248577516]: 0 points is not droped, 6.8179, 1.2007, -2.1959, 2, 6.8347, 1.2992, -1.5439[0m
[2026-09-20 12:34:05] 控制路径段: 起点索引=0, 提取点数=1
[2026-09-20 12:34:05] 避障检测路径段: 起点索引=0, 提取点数=200
[0m[ INFO] [1789878845.301677743]: local_x: 0.0965, local_y: -0.0190, gear: 2,  error_heading: 0.6492[0m
[2026-09-20 12:34:05] 还未完成转向!
[0m[ INFO] [1789878845.348176046]: 0 points is not droped, 6.8179, 1.2007, -2.1959, 2, 6.8346, 1.2976, -1.5466[0m
[2026-09-20 12:34:05] 控制路径段: 起点索引=0, 提取点数=1
[2026-09-20 12:34:05] 避障检测路径段: 起点索引=0, 提取点数=200
[0m[ INFO] [1789878845.401687125]: local_x: 0.1039, local_y: -0.0210, gear: 2,  error_heading: 0.6536[0m
[2026-09-20 12:34:05] 还未完成转向!
[0m[ INFO] [1789878845.448183444]: 0 points is not droped, 6.8179, 1.2007, -2.1959, 2, 6.8359, 1.3051, -1.5422[0m
[2026-09-20 12:34:05] 控制路径段: 起点索引=0, 提取点数=1
[2026-09-20 12:34:05] 避障检测路径段: 起点索引=0, 提取点数=200
[0m[ INFO] [1789878845.501801117]: local_x: 0.1028, local_y: -0.0208, gear: 2,  error_heading: 0.6489[0m
[2026-09-20 12:34:05] 还未完成转向!
[0m[ INFO] [1789878845.548166522]: 0 points is not droped, 6.8179, 1.2007, -2.1959, 2, 6.8362, 1.3039, -1.5469[0m
[2026-09-20 12:34:05] 控制路径段: 起点索引=0, 提取点数=1
[2026-09-20 12:34:05] 避障检测路径段: 起点索引=0, 提取点数=200
[0m[ INFO] [1789878845.601692866]: local_x: 0.1053, local_y: -0.0202, gear: 2,  error_heading: 0.6513[0m
[2026-09-20 12:34:05] 还未完成转向!
[0m[ INFO] [1789878845.648142368]: 0 points is not droped, 6.8179, 1.2007, -2.1959, 2, 6.8354, 1.3065, -1.5446[0m
[2026-09-20 12:34:05] 控制路径段: 起点索引=0, 提取点数=1
[2026-09-20 12:34:05] 避障检测路径段: 起点索引=0, 提取点数=200
[0m[ INFO] [1789878845.701699400]: local_x: 0.1057, local_y: -0.0187, gear: 2,  error_heading: 0.6518[0m
[2026-09-20 12:34:05] 还未完成转向!
[0m[ INFO] [1789878845.748154791]: 0 points is not droped, 6.8179, 1.2007, -2.1959, 2, 6.8337, 1.3068, -1.5440[0m
[2026-09-20 12:34:05] 控制路径段: 起点索引=0, 提取点数=1
[2026-09-20 12:34:05] 避障检测路径段: 起点索引=0, 提取点数=200
[0m[ INFO] [1789878845.801690414]: local_x: 0.1046, local_y: -0.0171, gear: 2,  error_heading: 0.6476[0m
[2026-09-20 12:34:05] 还未完成转向!
[0m[ INFO] [1789878845.848262478]: 0 points is not droped, 6.8179, 1.2007, -2.1959, 2, 6.8326, 1.3057, -1.5482[0m
[2026-09-20 12:34:05] 控制路径段: 起点索引=0, 提取点数=1
[2026-09-20 12:34:05] 避障检测路径段: 起点索引=0, 提取点数=200
[0m[ INFO] [1789878845.902222074]: local_x: 0.1081, local_y: -0.0165, gear: 2,  error_heading: 0.6531[0m
[2026-09-20 12:34:05] 还未完成转向!
[0m[ INFO] [1789878845.948153651]: 0 points is not droped, 6.8179, 1.2007, -2.1959, 2, 6.8314, 1.3092, -1.5428[0m
[2026-09-20 12:34:05] 控制路径段: 起点索引=0, 提取点数=1
[2026-09-20 12:34:05] 避障检测路径段: 起点索引=0, 提取点数=200
[0m[ INFO] [1789878846.002094047]: local_x: 0.1058, local_y: -0.0169, gear: 2,  error_heading: 0.6487[0m
[2026-09-20 12:34:06] 还未完成转向!
[0m[ INFO] [1789878846.048127897]: 0 points is not droped, 6.8179, 1.2007, -2.1959, 2, 6.8323, 1.3068, -1.5472[0m
[2026-09-20 12:34:06] 控制路径段: 起点索引=0, 提取点数=1
[2026-09-20 12:34:06] 避障检测路径段: 起点索引=0, 提取点数=200
[0m[ INFO] [1789878846.101659905]: local_x: 0.1035, local_y: -0.0168, gear: 2,  error_heading: 0.6506[0m
[2026-09-20 12:34:06] 还未完成转向!
[0m[ INFO] [1789878846.148178464]: 0 points is not droped, 6.8179, 1.2007, -2.1959, 2, 6.8320, 1.3046, -1.5453[0m
[2026-09-20 12:34:06] 控制路径段: 起点索引=0, 提取点数=1
[2026-09-20 12:34:06] 避障检测路径段: 起点索引=0, 提取点数=200
[0m[ INFO] [1789878846.201699399]: local_x: 0.1049, local_y: -0.0190, gear: 2,  error_heading: 0.6523[0m
[2026-09-20 12:34:06] 还未完成转向!
[0m[ INFO] [1789878846.248173894]: 0 points is not droped, 6.8179, 1.2007, -2.1959, 2, 6.8340, 1.3061, -1.5436[0m
[2026-09-20 12:34:06] 控制路径段: 起点索引=0, 提取点数=1
[2026-09-20 12:34:06] 避障检测路径段: 起点索引=0, 提取点数=200
[0m[ INFO] [1789878846.301648269]: local_x: 0.1040, local_y: -0.0193, gear: 2,  error_heading: 0.6500[0m
[2026-09-20 12:34:06] 还未完成转向!
[0m[ INFO] [1789878846.348540784]: 0 points is not droped, 6.8179, 1.2007, -2.1959, 2, 6.8346, 1.3051, -1.5459[0m
[2026-09-20 12:34:06] 控制路径段: 起点索引=0, 提取点数=1
[2026-09-20 12:34:06] 避障检测路径段: 起点索引=0, 提取点数=200
[0m[ INFO] [1789878846.401689172]: local_x: 0.1049, local_y: -0.0188, gear: 2,  error_heading: 0.6517[0m
[2026-09-20 12:34:06] 还未完成转向!
[0m[ INFO] [1789878846.449333823]: 0 points is not droped, 6.8179, 1.2007, -2.1959, 2, 6.8339, 1.3060, -1.5442[0m
[2026-09-20 12:34:06] 控制路径段: 起点索引=0, 提取点数=1
[2026-09-20 12:34:06] 避障检测路径段: 起点索引=0, 提取点数=200
[0m[ INFO] [1789878846.501741627]: local_x: 0.1038, local_y: -0.0183, gear: 2,  error_heading: 0.6508[0m
[2026-09-20 12:34:06] 还未完成转向!
[0m[ INFO] [1789878846.548190169]: 0 points is not droped, 6.8179, 1.2007, -2.1959, 2, 6.8335, 1.3049, -1.5450[0m
[2026-09-20 12:34:06] 控制路径段: 起点索引=0, 提取点数=1
[2026-09-20 12:34:06] 避障检测路径段: 起点索引=0, 提取点数=200
[0m[ INFO] [1789878846.601695328]: local_x: 0.1050, local_y: -0.0176, gear: 2,  error_heading: 0.6502[0m
[2026-09-20 12:34:06] 还未完成转向!
[0m[ INFO] [1789878846.648637892]: 0 points is not droped, 6.8179, 1.2007, -2.1959, 2, 6.8328, 1.3061, -1.5456[0m
[2026-09-20 12:34:06] 控制路径段: 起点索引=0, 提取点数=1
[2026-09-20 12:34:06] 避障检测路径段: 起点索引=0, 提取点数=200
[0m[ INFO] [1789878846.702078666]: local_x: 0.1042, local_y: -0.0189, gear: 2,  error_heading: 0.6524[0m
[2026-09-20 12:34:06] 还未完成转向!
[0m[ INFO] [1789878846.748217414]: 0 points is not droped, 6.8179, 1.2007, -2.1959, 2, 6.8339, 1.3054, -1.5435[0m
[2026-09-20 12:34:06] 控制路径段: 起点索引=0, 提取点数=1
[2026-09-20 12:34:06] 避障检测路径段: 起点索引=0, 提取点数=200
[0m[ INFO] [1789878846.801695437]: local_x: 0.1048, local_y: -0.0194, gear: 2,  error_heading: 0.6497[0m
[2026-09-20 12:34:06] 还未完成转向!
[0m[ INFO] [1789878846.848252524]: 0 points is not droped, 6.8179, 1.2007, -2.1959, 2, 6.8347, 1.3059, -1.5462[0m
[2026-09-20 12:34:06] 控制路径段: 起点索引=0, 提取点数=1
[2026-09-20 12:34:06] 避障检测路径段: 起点索引=0, 提取点数=200
[0m[ INFO] [1789878846.901684851]: local_x: 0.1042, local_y: -0.0190, gear: 2,  error_heading: 0.6520[0m
[2026-09-20 12:34:06] 还未完成转向!
[0m[ INFO] [1789878846.948117841]: 0 points is not droped, 6.8179, 1.2007, -2.1959, 2, 6.8341, 1.3054, -1.5439[0m
[2026-09-20 12:34:06] 控制路径段: 起点索引=0, 提取点数=1
[2026-09-20 12:34:06] 避障检测路径段: 起点索引=0, 提取点数=200
[0m[ INFO] [1789878847.001679609]: local_x: 0.1057, local_y: -0.0204, gear: 2,  error_heading: 0.6508[0m
[2026-09-20 12:34:07] 还未完成转向!
[0m[ INFO] [1789878847.048182968]: 0 points is not droped, 6.8179, 1.2007, -2.1959, 2, 6.8356, 1.3069, -1.5451[0m
[2026-09-20 12:34:07] 控制路径段: 起点索引=0, 提取点数=1
[2026-09-20 12:34:07] 避障检测路径段: 起点索引=0, 提取点数=200
[0m[ INFO] [1789878847.102514376]: local_x: 0.1039, local_y: -0.0194, gear: 2,  error_heading: 0.6510[0m
[2026-09-20 12:34:07] 还未完成转向!
[0m[ INFO] [1789878847.148118110]: 0 points is not droped, 6.8179, 1.2007, -2.1959, 2, 6.8346, 1.3050, -1.5448[0m
[2026-09-20 12:34:07] 控制路径段: 起点索引=0, 提取点数=1
[2026-09-20 12:34:07] 避障检测路径段: 起点索引=0, 提取点数=200
[0m[ INFO] [1789878847.201628933]: local_x: 0.1057, local_y: -0.0204, gear: 2,  error_heading: 0.6517[0m
[2026-09-20 12:34:07] 还未完成转向!
[0m[ INFO] [1789878847.248141444]: 0 points is not droped, 6.8179, 1.2007, -2.1959, 2, 6.8355, 1.3069, -1.5442[0m
[2026-09-20 12:34:07] 控制路径段: 起点索引=0, 提取点数=1
[2026-09-20 12:34:07] 避障检测路径段: 起点索引=0, 提取点数=200
[0m[ INFO] [1789878847.301687948]: local_x: 0.1062, local_y: -0.0208, gear: 2,  error_heading: 0.6509[0m
[2026-09-20 12:34:07] 还未完成转向!
[0m[ INFO] [1789878847.348130987]: 0 points is not droped, 6.8179, 1.2007, -2.1959, 2, 6.8359, 1.3074, -1.5450[0m
[2026-09-20 12:34:07] 控制路径段: 起点索引=0, 提取点数=1
[2026-09-20 12:34:07] 避障检测路径段: 起点索引=0, 提取点数=200
[0m[ INFO] [1789878847.406166464]: local_x: 0.1053, local_y: -0.0200, gear: 2,  error_heading: 0.6521[0m
[2026-09-20 12:34:07] 还未完成转向!
[0m[ INFO] [1789878847.448180241]: 0 points is not droped, 6.8179, 1.2007, -2.1959, 2, 6.8351, 1.3065, -1.5437[0m
[2026-09-20 12:34:07] 控制路径段: 起点索引=0, 提取点数=1
[2026-09-20 12:34:07] 避障检测路径段: 起点索引=0, 提取点数=200
[0m[ INFO] [1789878847.501684537]: local_x: 0.1019, local_y: -0.0203, gear: 2,  error_heading: 0.6506[0m
[2026-09-20 12:34:07] 还未完成转向!
[0m[ INFO] [1789878847.548127031]: 0 points is not droped, 6.8179, 1.2007, -2.1959, 2, 6.8355, 1.3030, -1.5452[0m
[2026-09-20 12:34:07] 控制路径段: 起点索引=0, 提取点数=1
[2026-09-20 12:34:07] 避障检测路径段: 起点索引=0, 提取点数=200
[0m[ INFO] [1789878847.601670207]: local_x: 0.1036, local_y: -0.0201, gear: 2,  error_heading: 0.6520[0m
[2026-09-20 12:34:07] 还未完成转向!
[0m[ INFO] [1789878847.648202974]: 0 points is not droped, 6.8179, 1.2007, -2.1959, 2, 6.8352, 1.3048, -1.5439[0m
[2026-09-20 12:34:07] 控制路径段: 起点索引=0, 提取点数=1
[2026-09-20 12:34:07] 避障检测路径段: 起点索引=0, 提取点数=200
[0m[ INFO] [1789878847.701704549]: local_x: 0.1013, local_y: -0.0191, gear: 2,  error_heading: 0.6508[0m
[2026-09-20 12:34:07] 还未完成转向!
[0m[ INFO] [1789878847.748233061]: 0 points is not droped, 6.8179, 1.2007, -2.1959, 2, 6.8344, 1.3024, -1.5450[0m
[2026-09-20 12:34:07] 控制路径段: 起点索引=0, 提取点数=1
[2026-09-20 12:34:07] 避障检测路径段: 起点索引=0, 提取点数=200
[0m[ INFO] [1789878847.802916728]: local_x: 0.1025, local_y: -0.0187, gear: 2,  error_heading: 0.6513[0m
[2026-09-20 12:34:07] 还未完成转向!
[0m[ INFO] [1789878847.848186255]: 0 points is not droped, 6.8179, 1.2007, -2.1959, 2, 6.8339, 1.3036, -1.5446[0m
[2026-09-20 12:34:07] 控制路径段: 起点索引=0, 提取点数=1
[2026-09-20 12:34:07] 避障检测路径段: 起点索引=0, 提取点数=200
[0m[ INFO] [1789878847.901653774]: local_x: 0.1015, local_y: -0.0196, gear: 2,  error_heading: 0.6520[0m
[2026-09-20 12:34:07] 还未完成转向!
[0m[ INFO] [1789878847.948172387]: 0 points is not droped, 6.8179, 1.2007, -2.1959, 2, 6.8348, 1.3027, -1.5439[0m
[2026-09-20 12:34:07] 控制路径段: 起点索引=0, 提取点数=1
[2026-09-20 12:34:07] 避障检测路径段: 起点索引=0, 提取点数=200
[0m[ INFO] [1789878848.002102279]: local_x: 0.1017, local_y: -0.0193, gear: 2,  error_heading: 0.6509[0m
[2026-09-20 12:34:08] 还未完成转向!
[0m[ INFO] [1789878848.048200054]: 0 points is not droped, 6.8179, 1.2007, -2.1959, 2, 6.8346, 1.3028, -1.5449[0m
[2026-09-20 12:34:08] 控制路径段: 起点索引=0, 提取点数=1
[2026-09-20 12:34:08] 避障检测路径段: 起点索引=0, 提取点数=200
[0m[ INFO] [1789878848.101694070]: local_x: 0.1014, local_y: -0.0189, gear: 2,  error_heading: 0.6527[0m
[2026-09-20 12:34:08] 还未完成转向!
[0m[ INFO] [1789878848.148123273]: 0 points is not droped, 6.8179, 1.2007, -2.1959, 2, 6.8339, 1.3026, -1.5432[0m
[2026-09-20 12:34:08] 控制路径段: 起点索引=0, 提取点数=1
[2026-09-20 12:34:08] 避障检测路径段: 起点索引=0, 提取点数=200
[0m[ INFO] [1789878848.201672841]: local_x: 0.1010, local_y: -0.0191, gear: 2,  error_heading: 0.6505[0m
[2026-09-20 12:34:08] 还未完成转向!
[0m[ INFO] [1789878848.248155581]: 0 points is not droped, 6.8179, 1.2007, -2.1959, 2, 6.8345, 1.3021, -1.5454[0m
[2026-09-20 12:34:08] 控制路径段: 起点索引=0, 提取点数=1
[2026-09-20 12:34:08] 避障检测路径段: 起点索引=0, 提取点数=200
[0m[ INFO] [1789878848.301710493]: local_x: 0.1017, local_y: -0.0186, gear: 2,  error_heading: 0.6511[0m
[2026-09-20 12:34:08] 还未完成转向!
[0m[ INFO] [1789878848.348177553]: 0 points is not droped, 6.8179, 1.2007, -2.1959, 2, 6.8338, 1.3028, -1.5447[0m
[2026-09-20 12:34:08] 控制路径段: 起点索引=0, 提取点数=1
[2026-09-20 12:34:08] 避障检测路径段: 起点索引=0, 提取点数=200
[0m[ INFO] [1789878848.403531556]: local_x: 0.0977, local_y: -0.0215, gear: 2,  error_heading: 0.6509[0m
[2026-09-20 12:34:08] 还未完成转向!
[0m[ INFO] [1789878848.448171204]: 0 points is not droped, 6.8179, 1.2007, -2.1959, 2, 6.8369, 1.2988, -1.5450[0m
[2026-09-20 12:34:08] 控制路径段: 起点索引=0, 提取点数=1
[2026-09-20 12:34:08] 避障检测路径段: 起点索引=0, 提取点数=200
[0m[ INFO] [1789878848.501653316]: local_x: 0.0983, local_y: -0.0201, gear: 2,  error_heading: 0.6514[0m
[2026-09-20 12:34:08] 还未完成转向!
[0m[ INFO] [1789878848.548155256]: 0 points is not droped, 6.8179, 1.2007, -2.1959, 2, 6.8353, 1.2995, -1.5444[0m
[2026-09-20 12:34:08] 控制路径段: 起点索引=0, 提取点数=1
[2026-09-20 12:34:08] 避障检测路径段: 起点索引=0, 提取点数=200
[0m[ INFO] [1789878848.601733848]: local_x: 0.0988, local_y: -0.0213, gear: 2,  error_heading: 0.6516[0m
[2026-09-20 12:34:08] 还未完成转向!
[0m[ INFO] [1789878848.648599952]: 0 points is not droped, 6.8179, 1.2007, -2.1959, 2, 6.8366, 1.3000, -1.5442[0m
[2026-09-20 12:34:08] 控制路径段: 起点索引=0, 提取点数=1
[2026-09-20 12:34:08] 避障检测路径段: 起点索引=0, 提取点数=200
[0m[ INFO] [1789878848.701604746]: local_x: 0.0994, local_y: -0.0203, gear: 2,  error_heading: 0.6505[0m
[2026-09-20 12:34:08] 还未完成转向!
[0m[ INFO] [1789878848.748452930]: 0 points is not droped, 6.8179, 1.2007, -2.1959, 2, 6.8357, 1.3005, -1.5453[0m
[2026-09-20 12:34:08] 控制路径段: 起点索引=0, 提取点数=1
[2026-09-20 12:34:08] 避障检测路径段: 起点索引=0, 提取点数=200
[0m[ INFO] [1789878848.801717119]: local_x: 0.1001, local_y: -0.0209, gear: 2,  error_heading: 0.6511[0m
[2026-09-20 12:34:08] 还未完成转向!
[0m[ INFO] [1789878848.848231379]: 0 points is not droped, 6.8179, 1.2007, -2.1959, 2, 6.8361, 1.3013, -1.5447[0m
[2026-09-20 12:34:08] 控制路径段: 起点索引=0, 提取点数=1
[2026-09-20 12:34:08] 避障检测路径段: 起点索引=0, 提取点数=200
[0m[ INFO] [1789878848.902577436]: local_x: 0.1029, local_y: -0.0213, gear: 2,  error_heading: 0.6507[0m
[2026-09-20 12:34:08] 还未完成转向!
[0m[ INFO] [1789878848.948190566]: 0 points is not droped, 6.8179, 1.2007, -2.1959, 2, 6.8365, 1.3040, -1.5451[0m
[2026-09-20 12:34:08] 控制路径段: 起点索引=0, 提取点数=1
[2026-09-20 12:34:08] 避障检测路径段: 起点索引=0, 提取点数=200
[0m[ INFO] [1789878849.002457806]: local_x: 0.1030, local_y: -0.0215, gear: 2,  error_heading: 0.6503[0m
[2026-09-20 12:34:09] 还未完成转向!
[0m[ INFO] [1789878849.048224890]: 0 points is not droped, 6.8179, 1.2007, -2.1959, 2, 6.8368, 1.3041, -1.5456[0m
[2026-09-20 12:34:09] 控制路径段: 起点索引=0, 提取点数=1
[2026-09-20 12:34:09] 避障检测路径段: 起点索引=0, 提取点数=200
[0m[ INFO] [1789878849.101667833]: local_x: 0.1056, local_y: -0.0207, gear: 2,  error_heading: 0.6505[0m
[2026-09-20 12:34:09] 还未完成转向!
[0m[ INFO] [1789878849.148159533]: 0 points is not droped, 6.8179, 1.2007, -2.1959, 2, 6.8359, 1.3068, -1.5453[0m
[2026-09-20 12:34:09] 控制路径段: 起点索引=0, 提取点数=1
[2026-09-20 12:34:09] 避障检测路径段: 起点索引=0, 提取点数=200
[0m[ INFO] [1789878849.201697037]: local_x: 0.1055, local_y: -0.0210, gear: 2,  error_heading: 0.6503[0m
[2026-09-20 12:34:09] 还未完成转向!
[0m[ INFO] [1789878849.248168321]: 0 points is not droped, 6.8179, 1.2007, -2.1959, 2, 6.8362, 1.3067, -1.5455[0m
[2026-09-20 12:34:09] 控制路径段: 起点索引=0, 提取点数=1
[2026-09-20 12:34:09] 避障检测路径段: 起点索引=0, 提取点数=200
[0m[ INFO] [1789878849.301672896]: local_x: 0.1052, local_y: -0.0211, gear: 2,  error_heading: 0.6496[0m
[2026-09-20 12:34:09] 还未完成转向!
[0m[ INFO] [1789878849.348135892]: 0 points is not droped, 6.8179, 1.2007, -2.1959, 2, 6.8364, 1.3064, -1.5463[0m
[2026-09-20 12:34:09] 控制路径段: 起点索引=0, 提取点数=1
[2026-09-20 12:34:09] 避障检测路径段: 起点索引=0, 提取点数=200
[0m[ INFO] [1789878849.401673012]: local_x: 0.1075, local_y: -0.0205, gear: 2,  error_heading: 0.6508[0m
[2026-09-20 12:34:09] 还未完成转向!
[0m[ INFO] [1789878849.448186856]: 0 points is not droped, 6.8179, 1.2007, -2.1959, 2, 6.8356, 1.3087, -1.5450[0m
[2026-09-20 12:34:09] 控制路径段: 起点索引=0, 提取点数=1
[2026-09-20 12:34:09] 避障检测路径段: 起点索引=0, 提取点数=200
[0m[ INFO] [1789878849.501663303]: local_x: 0.1071, local_y: -0.0204, gear: 2,  error_heading: 0.6493[0m
[2026-09-20 12:34:09] 还未完成转向!
[0m[ INFO] [1789878849.548173467]: 0 points is not droped, 6.8179, 1.2007, -2.1959, 2, 6.8357, 1.3083, -1.5465[0m
[2026-09-20 12:34:09] 控制路径段: 起点索引=0, 提取点数=1
[2026-09-20 12:34:09] 避障检测路径段: 起点索引=0, 提取点数=200
[0m[ INFO] [1789878849.601734076]: local_x: 0.1077, local_y: -0.0201, gear: 2,  error_heading: 0.6510[0m
[2026-09-20 12:34:09] 还未完成转向!
[0m[ INFO] [1789878849.648179119]: 0 points is not droped, 6.8179, 1.2007, -2.1959, 2, 6.8352, 1.3089, -1.5449[0m
[2026-09-20 12:34:09] 控制路径段: 起点索引=0, 提取点数=1
[2026-09-20 12:34:09] 避障检测路径段: 起点索引=0, 提取点数=200
[0m[ INFO] [1789878849.701727183]: local_x: 0.1070, local_y: -0.0209, gear: 2,  error_heading: 0.6495[0m
[2026-09-20 12:34:09] 还未完成转向!
[0m[ INFO] [1789878849.748235715]: 0 points is not droped, 6.8179, 1.2007, -2.1959, 2, 6.8362, 1.3081, -1.5463[0m
[2026-09-20 12:34:09] 控制路径段: 起点索引=0, 提取点数=1
[2026-09-20 12:34:09] 避障检测路径段: 起点索引=0, 提取点数=200
[0m[ INFO] [1789878849.801693186]: local_x: 0.1070, local_y: -0.0204, gear: 2,  error_heading: 0.6500[0m
[2026-09-20 12:34:09] 还未完成转向!
[0m[ INFO] [1789878849.848207830]: 0 points is not droped, 6.8179, 1.2007, -2.1959, 2, 6.8356, 1.3081, -1.5458[0m
[2026-09-20 12:34:09] 控制路径段: 起点索引=0, 提取点数=1
[2026-09-20 12:34:09] 避障检测路径段: 起点索引=0, 提取点数=200
[0m[ INFO] [1789878849.901687126]: local_x: 0.1071, local_y: -0.0204, gear: 2,  error_heading: 0.6509[0m
[2026-09-20 12:34:09] 还未完成转向!
[0m[ INFO] [1789878849.948152809]: 0 points is not droped, 6.8179, 1.2007, -2.1959, 2, 6.8355, 1.3083, -1.5449[0m
[2026-09-20 12:34:09] 控制路径段: 起点索引=0, 提取点数=1
[2026-09-20 12:34:09] 避障检测路径段: 起点索引=0, 提取点数=200
[0m[ INFO] [1789878850.001686857]: local_x: 0.1058, local_y: -0.0201, gear: 2,  error_heading: 0.6488[0m
[2026-09-20 12:34:10] 还未完成转向!
[0m[ INFO] [1789878850.048181597]: 0 points is not droped, 6.8179, 1.2007, -2.1959, 2, 6.8355, 1.3069, -1.5470[0m
[2026-09-20 12:34:10] 控制路径段: 起点索引=0, 提取点数=1
[2026-09-20 12:34:10] 避障检测路径段: 起点索引=0, 提取点数=200
[0m[ INFO] [1789878850.101754909]: local_x: 0.1071, local_y: -0.0201, gear: 2,  error_heading: 0.6519[0m
[2026-09-20 12:34:10] 还未完成转向!
[0m[ INFO] [1789878850.148160433]: 0 points is not droped, 6.8179, 1.2007, -2.1959, 2, 6.8351, 1.3083, -1.5439[0m
[2026-09-20 12:34:10] 控制路径段: 起点索引=0, 提取点数=1
[2026-09-20 12:34:10] 避障检测路径段: 起点索引=0, 提取点数=200
[0m[ INFO] [1789878850.201693872]: local_x: 0.1053, local_y: -0.0208, gear: 2,  error_heading: 0.6494[0m
[2026-09-20 12:34:10] 还未完成转向!
[0m[ INFO] [1789878850.248227237]: 0 points is not droped, 6.8179, 1.2007, -2.1959, 2, 6.8361, 1.3065, -1.5465[0m
[2026-09-20 12:34:10] 控制路径段: 起点索引=0, 提取点数=1
[2026-09-20 12:34:10] 避障检测路径段: 起点索引=0, 提取点数=200
[0m[ INFO] [1789878850.301724708]: local_x: 0.1058, local_y: -0.0221, gear: 2,  error_heading: 0.6537[0m
[2026-09-20 12:34:10] 还未完成转向!
[0m[ INFO] [1789878850.348154744]: 0 points is not droped, 6.8179, 1.2007, -2.1959, 2, 6.8370, 1.3071, -1.5422[0m
[2026-09-20 12:34:10] 控制路径段: 起点索引=0, 提取点数=1
[2026-09-20 12:34:10] 避障检测路径段: 起点索引=0, 提取点数=200
[0m[ INFO] [1789878850.401707320]: local_x: 0.1046, local_y: -0.0229, gear: 2,  error_heading: 0.6514[0m
[2026-09-20 12:34:10] 还未完成转向!
[0m[ INFO] [1789878850.448173515]: 0 points is not droped, 6.8179, 1.2007, -2.1959, 2, 6.8380, 1.3059, -1.5444[0m
[2026-09-20 12:34:10] 控制路径段: 起点索引=0, 提取点数=1
[2026-09-20 12:34:10] 避障检测路径段: 起点索引=0, 提取点数=200
[0m[ INFO] [1789878850.501690731]: local_x: 0.1041, local_y: -0.0214, gear: 2,  error_heading: 0.6485[0m
[2026-09-20 12:34:10] 还未完成转向!
[0m[ INFO] [1789878850.548173279]: 0 points is not droped, 6.8179, 1.2007, -2.1959, 2, 6.8368, 1.3053, -1.5474[0m
[2026-09-20 12:34:10] 控制路径段: 起点索引=0, 提取点数=1
[2026-09-20 12:34:10] 避障检测路径段: 起点索引=0, 提取点数=200
[0m[ INFO] [1789878850.601784672]: local_x: 0.1062, local_y: -0.0220, gear: 2,  error_heading: 0.6518[0m
[2026-09-20 12:34:10] 还未完成转向!
[0m[ INFO] [1789878850.648146994]: 0 points is not droped, 6.8179, 1.2007, -2.1959, 2, 6.8371, 1.3074, -1.5440[0m
[2026-09-20 12:34:10] 控制路径段: 起点索引=0, 提取点数=1
[2026-09-20 12:34:10] 避障检测路径段: 起点索引=0, 提取点数=200
[0m[ INFO] [1789878850.701690578]: local_x: 0.1061, local_y: -0.0211, gear: 2,  error_heading: 0.6482[0m
[2026-09-20 12:34:10] 还未完成转向!
[0m[ INFO] [1789878850.748191462]: 0 points is not droped, 6.8179, 1.2007, -2.1959, 2, 6.8365, 1.3072, -1.5477[0m
[2026-09-20 12:34:10] 控制路径段: 起点索引=0, 提取点数=1
[2026-09-20 12:34:10] 避障检测路径段: 起点索引=0, 提取点数=200
[0m[ INFO] [1789878850.802857650]: local_x: 0.1070, local_y: -0.0207, gear: 2,  error_heading: 0.6495[0m
[2026-09-20 12:34:10] 还未完成转向!
[0m[ INFO] [1789878850.848784032]: 0 points is not droped, 6.8179, 1.2007, -2.1959, 2, 6.8359, 1.3081, -1.5464[0m
[2026-09-20 12:34:10] 控制路径段: 起点索引=0, 提取点数=1
[2026-09-20 12:34:10] 避障检测路径段: 起点索引=0, 提取点数=200
[0m[ INFO] [1789878850.901760122]: local_x: 0.1092, local_y: -0.0221, gear: 2,  error_heading: 0.6499[0m
[2026-09-20 12:34:10] 还未完成转向!
[0m[ INFO] [1789878850.948111852]: 0 points is not droped, 6.8179, 1.2007, -2.1959, 2, 6.8373, 1.3103, -1.5460[0m
[2026-09-20 12:34:10] 控制路径段: 起点索引=0, 提取点数=1
[2026-09-20 12:34:10] 避障检测路径段: 起点索引=0, 提取点数=200
[0m[ INFO] [1789878851.001844622]: local_x: 0.1076, local_y: -0.0222, gear: 2,  error_heading: 0.6466[0m
[2026-09-20 12:34:11] 还未完成转向!
[0m[ INFO] [1789878851.048606917]: 0 points is not droped, 6.8179, 1.2007, -2.1959, 2, 6.8378, 1.3087, -1.5493[0m
[2026-09-20 12:34:11] 控制路径段: 起点索引=0, 提取点数=1
[2026-09-20 12:34:11] 避障检测路径段: 起点索引=0, 提取点数=200
[0m[ INFO] [1789878851.101685664]: local_x: 0.1105, local_y: -0.0216, gear: 2,  error_heading: 0.6501[0m
[2026-09-20 12:34:11] 还未完成转向!
[0m[ INFO] [1789878851.148161332]: 0 points is not droped, 6.8179, 1.2007, -2.1959, 2, 6.8367, 1.3117, -1.5457[0m
[2026-09-20 12:34:11] 控制路径段: 起点索引=0, 提取点数=1
[2026-09-20 12:34:11] 避障检测路径段: 起点索引=0, 提取点数=200
[0m[ INFO] [1789878851.201714984]: local_x: 0.1081, local_y: -0.0231, gear: 2,  error_heading: 0.6467[0m
[2026-09-20 12:34:11] 还未完成转向!
[0m[ INFO] [1789878851.248124648]: 0 points is not droped, 6.8179, 1.2007, -2.1959, 2, 6.8386, 1.3093, -1.5491[0m
[2026-09-20 12:34:11] 控制路径段: 起点索引=0, 提取点数=1
[2026-09-20 12:34:11] 避障检测路径段: 起点索引=0, 提取点数=200
[0m[ INFO] [1789878851.301656240]: local_x: 0.1057, local_y: -0.0166, gear: 2,  error_heading: 0.6518[0m
[2026-09-20 12:34:11] 还未完成转向!
[0m[ INFO] [1789878851.348131696]: 0 points is not droped, 6.8179, 1.2007, -2.1959, 2, 6.8317, 1.3068, -1.5441[0m
[2026-09-20 12:34:11] 控制路径段: 起点索引=0, 提取点数=1
[2026-09-20 12:34:11] 避障检测路径段: 起点索引=0, 提取点数=200
[0m[ INFO] [1789878851.401700602]: local_x: 0.1077, local_y: -0.0263, gear: 2,  error_heading: 0.6481[0m
[2026-09-20 12:34:11] 还未完成转向!
[0m[ INFO] [1789878851.448165337]: 0 points is not droped, 6.8179, 1.2007, -2.1959, 2, 6.8417, 1.3089, -1.5478[0m
[2026-09-20 12:34:11] 控制路径段: 起点索引=0, 提取点数=1
[2026-09-20 12:34:11] 避障检测路径段: 起点索引=0, 提取点数=200
[0m[ INFO] [1789878851.501695266]: local_x: 0.1088, local_y: -0.0233, gear: 2,  error_heading: 0.6476[0m
[2026-09-20 12:34:11] 还未完成转向!
[0m[ INFO] [1789878851.548139138]: 0 points is not droped, 6.8179, 1.2007, -2.1959, 2, 6.8387, 1.3100, -1.5482[0m
[2026-09-20 12:34:11] 控制路径段: 起点索引=0, 提取点数=1
[2026-09-20 12:34:11] 避障检测路径段: 起点索引=0, 提取点数=200
[0m[ INFO] [1789878851.601709835]: local_x: 0.1090, local_y: -0.0257, gear: 2,  error_heading: 0.6479[0m
[2026-09-20 12:34:11] 还未完成转向!
[0m[ INFO] [1789878851.648204747]: 0 points is not droped, 6.8179, 1.2007, -2.1959, 2, 6.8411, 1.3102, -1.5480[0m
[2026-09-20 12:34:11] 控制路径段: 起点索引=0, 提取点数=1
[2026-09-20 12:34:11] 避障检测路径段: 起点索引=0, 提取点数=200
[0m[ INFO] [1789878851.701677236]: local_x: 0.1103, local_y: -0.0240, gear: 2,  error_heading: 0.6472[0m
[2026-09-20 12:34:11] 还未完成转向!
[0m[ INFO] [1789878851.748469079]: 0 points is not droped, 6.8179, 1.2007, -2.1959, 2, 6.8394, 1.3115, -1.5486[0m
[2026-09-20 12:34:11] 控制路径段: 起点索引=0, 提取点数=1
[2026-09-20 12:34:11] 避障检测路径段: 起点索引=0, 提取点数=200
[0m[ INFO] [1789878851.801669468]: local_x: 0.1107, local_y: -0.0251, gear: 2,  error_heading: 0.6473[0m
[2026-09-20 12:34:11] 还未完成转向!
[0m[ INFO] [1789878851.848293662]: 0 points is not droped, 6.8179, 1.2007, -2.1959, 2, 6.8406, 1.3118, -1.5486[0m
[2026-09-20 12:34:11] 控制路径段: 起点索引=0, 提取点数=1
[2026-09-20 12:34:11] 避障检测路径段: 起点索引=0, 提取点数=200
[0m[ INFO] [1789878851.901653866]: local_x: 0.1084, local_y: -0.0236, gear: 2,  error_heading: 0.6467[0m
[2026-09-20 12:34:11] 还未完成转向!
[0m[ INFO] [1789878851.948123661]: 0 points is not droped, 6.8179, 1.2007, -2.1959, 2, 6.8391, 1.3095, -1.5491[0m
[2026-09-20 12:34:11] 控制路径段: 起点索引=0, 提取点数=1
[2026-09-20 12:34:11] 避障检测路径段: 起点索引=0, 提取点数=200
[0m[ INFO] [1789878852.001699354]: local_x: 0.1075, local_y: -0.0247, gear: 2,  error_heading: 0.6457[0m
[2026-09-20 12:34:12] 还未完成转向!
[0m[ INFO] [1789878852.048218974]: 0 points is not droped, 6.8179, 1.2007, -2.1959, 2, 6.8403, 1.3086, -1.5502[0m
[2026-09-20 12:34:12] 控制路径段: 起点索引=0, 提取点数=1
[2026-09-20 12:34:12] 避障检测路径段: 起点索引=0, 提取点数=200
[0m[ INFO] [1789878852.101964749]: local_x: 0.1095, local_y: -0.0225, gear: 2,  error_heading: 0.6456[0m
[2026-09-20 12:34:12] 还未完成转向!
[0m[ INFO] [1789878852.148131182]: 0 points is not droped, 6.8179, 1.2007, -2.1959, 2, 6.8381, 1.3106, -1.5502[0m
[2026-09-20 12:34:12] 控制路径段: 起点索引=0, 提取点数=1
[2026-09-20 12:34:12] 避障检测路径段: 起点索引=0, 提取点数=200
[0m[ INFO] [1789878852.207006354]: local_x: 0.1086, local_y: -0.0238, gear: 2,  error_heading: 0.6443[0m
[2026-09-20 12:34:12] 还未完成转向!
[0m[ INFO] [1789878852.248247743]: 0 points is not droped, 6.8179, 1.2007, -2.1959, 2, 6.8396, 1.3097, -1.5516[0m
[2026-09-20 12:34:12] 控制路径段: 起点索引=0, 提取点数=1
[2026-09-20 12:34:12] 避障检测路径段: 起点索引=0, 提取点数=200
[0m[ INFO] [1789878852.301691147]: local_x: 0.1082, local_y: -0.0242, gear: 2,  error_heading: 0.6442[0m
[2026-09-20 12:34:12] 还未完成转向!
[0m[ INFO] [1789878852.348151534]: 0 points is not droped, 6.8179, 1.2007, -2.1959, 2, 6.8400, 1.3093, -1.5517[0m
[2026-09-20 12:34:12] 控制路径段: 起点索引=0, 提取点数=1
[2026-09-20 12:34:12] 避障检测路径段: 起点索引=0, 提取点数=200
[0m[ INFO] [1789878852.401693083]: local_x: 0.1116, local_y: -0.0217, gear: 2,  error_heading: 0.6432[0m
[2026-09-20 12:34:12] 还未完成转向!
[0m[ INFO] [1789878852.448191007]: 0 points is not droped, 6.8179, 1.2007, -2.1959, 2, 6.8376, 1.3127, -1.5527[0m
[2026-09-20 12:34:12] 控制路径段: 起点索引=0, 提取点数=1
[2026-09-20 12:34:12] 避障检测路径段: 起点索引=0, 提取点数=200
[0m[ INFO] [1789878852.501677515]: local_x: 0.1116, local_y: -0.0205, gear: 2,  error_heading: 0.6426[0m
[2026-09-20 12:34:12] 还未完成转向!
[0m[ INFO] [1789878852.548166191]: 0 points is not droped, 6.8179, 1.2007, -2.1959, 2, 6.8364, 1.3126, -1.5532[0m
[2026-09-20 12:34:12] 控制路径段: 起点索引=0, 提取点数=1
[2026-09-20 12:34:12] 避障检测路径段: 起点索引=0, 提取点数=200
[0m[ INFO] [1789878852.601803549]: local_x: 0.1108, local_y: -0.0210, gear: 2,  error_heading: 0.6421[0m
[2026-09-20 12:34:12] 还未完成转向!
[0m[ INFO] [1789878852.648212064]: 0 points is not droped, 6.8179, 1.2007, -2.1959, 2, 6.8370, 1.3118, -1.5537[0m
[2026-09-20 12:34:12] 控制路径段: 起点索引=0, 提取点数=1
[2026-09-20 12:34:12] 避障检测路径段: 起点索引=0, 提取点数=200
[0m[ INFO] [1789878852.701684108]: local_x: 0.1114, local_y: -0.0200, gear: 2,  error_heading: 0.6418[0m
[2026-09-20 12:34:12] 还未完成转向!
[0m[ INFO] [1789878852.748342353]: 0 points is not droped, 6.8179, 1.2007, -2.1959, 2, 6.8360, 1.3123, -1.5541[0m
[2026-09-20 12:34:12] 控制路径段: 起点索引=0, 提取点数=1
[2026-09-20 12:34:12] 避障检测路径段: 起点索引=0, 提取点数=200
[0m[ INFO] [1789878852.801689724]: local_x: 0.1099, local_y: -0.0205, gear: 2,  error_heading: 0.6414[0m
[2026-09-20 12:34:12] 还未完成转向!
[0m[ INFO] [1789878852.848417795]: 0 points is not droped, 6.8179, 1.2007, -2.1959, 2, 6.8366, 1.3109, -1.5544[0m
[2026-09-20 12:34:12] 控制路径段: 起点索引=0, 提取点数=1
[2026-09-20 12:34:12] 避障检测路径段: 起点索引=0, 提取点数=200
[0m[ INFO] [1789878852.901658316]: local_x: 0.1081, local_y: -0.0221, gear: 2,  error_heading: 0.6423[0m
[2026-09-20 12:34:12] 还未完成转向!
[0m[ INFO] [1789878852.948206897]: 0 points is not droped, 6.8179, 1.2007, -2.1959, 2, 6.8381, 1.3091, -1.5536[0m
[2026-09-20 12:34:12] 控制路径段: 起点索引=0, 提取点数=1
[2026-09-20 12:34:12] 避障检测路径段: 起点索引=0, 提取点数=200
[0m[ INFO] [1789878853.001620252]: local_x: 0.1059, local_y: -0.0227, gear: 2,  error_heading: 0.6408[0m
[2026-09-20 12:34:13] 还未完成转向!
[0m[ INFO] [1789878853.048618949]: 0 points is not droped, 6.8179, 1.2007, -2.1959, 2, 6.8389, 1.3069, -1.5550[0m
[2026-09-20 12:34:13] 控制路径段: 起点索引=0, 提取点数=1
[2026-09-20 12:34:13] 避障检测路径段: 起点索引=0, 提取点数=200
[0m[ INFO] [1789878853.101692493]: local_x: 0.1075, local_y: -0.0228, gear: 2,  error_heading: 0.6421[0m
[2026-09-20 12:34:13] 还未完成转向!
[0m[ INFO] [1789878853.148141009]: 0 points is not droped, 6.8179, 1.2007, -2.1959, 2, 6.8388, 1.3086, -1.5537[0m
[2026-09-20 12:34:13] 控制路径段: 起点索引=0, 提取点数=1
[2026-09-20 12:34:13] 避障检测路径段: 起点索引=0, 提取点数=200
[0m[ INFO] [1789878853.201694622]: local_x: 0.1063, local_y: -0.0238, gear: 2,  error_heading: 0.6410[0m
[2026-09-20 12:34:13] 还未完成转向!
[0m[ INFO] [1789878853.248205729]: 0 points is not droped, 6.8179, 1.2007, -2.1959, 2, 6.8400, 1.3073, -1.5548[0m
[2026-09-20 12:34:13] 控制路径段: 起点索引=0, 提取点数=1
[2026-09-20 12:34:13] 避障检测路径段: 起点索引=0, 提取点数=200
[0m[ INFO] [1789878853.301659406]: local_x: 0.1065, local_y: -0.0181, gear: 2,  error_heading: 0.6441[0m
[2026-09-20 12:34:13] 还未完成转向!
[0m[ INFO] [1789878853.348159025]: 0 points is not droped, 6.8179, 1.2007, -2.1959, 2, 6.8339, 1.3075, -1.5517[0m
[2026-09-20 12:34:13] 控制路径段: 起点索引=0, 提取点数=1
[2026-09-20 12:34:13] 避障检测路径段: 起点索引=0, 提取点数=200
[0m[ INFO] [1789878853.401673470]: local_x: 0.1085, local_y: -0.0243, gear: 2,  error_heading: 0.6412[0m
[2026-09-20 12:34:13] 还未完成转向!
[0m[ INFO] [1789878853.448246434]: 0 points is not droped, 6.8179, 1.2007, -2.1959, 2, 6.8404, 1.3096, -1.5546[0m
[2026-09-20 12:34:13] 控制路径段: 起点索引=0, 提取点数=1
[2026-09-20 12:34:13] 避障检测路径段: 起点索引=0, 提取点数=200
[0m[ INFO] [1789878853.501782063]: local_x: 0.1087, local_y: -0.0231, gear: 2,  error_heading: 0.6401[0m
[2026-09-20 12:34:13] 还未完成转向!
[0m[ INFO] [1789878853.548209106]: 0 points is not droped, 6.8179, 1.2007, -2.1959, 2, 6.8394, 1.3097, -1.5557[0m
[2026-09-20 12:34:13] 控制路径段: 起点索引=0, 提取点数=1
[2026-09-20 12:34:13] 避障检测路径段: 起点索引=0, 提取点数=200
[0m[ INFO] [1789878853.601686431]: local_x: 0.1090, local_y: -0.0234, gear: 2,  error_heading: 0.6409[0m
[2026-09-20 12:34:13] 还未完成转向!
[0m[ INFO] [1789878853.648202019]: 0 points is not droped, 6.8179, 1.2007, -2.1959, 2, 6.8396, 1.3100, -1.5550[0m
[2026-09-20 12:34:13] 控制路径段: 起点索引=0, 提取点数=1
[2026-09-20 12:34:13] 避障检测路径段: 起点索引=0, 提取点数=200
[0m[ INFO] [1789878853.701671087]: local_x: 0.1094, local_y: -0.0230, gear: 2,  error_heading: 0.6405[0m
[2026-09-20 12:34:13] 还未完成转向!
[0m[ INFO] [1789878853.748219987]: 0 points is not droped, 6.8179, 1.2007, -2.1959, 2, 6.8392, 1.3104, -1.5553[0m
[2026-09-20 12:34:13] 控制路径段: 起点索引=0, 提取点数=1
[2026-09-20 12:34:13] 避障检测路径段: 起点索引=0, 提取点数=200
[0m[ INFO] [1789878853.801688223]: local_x: 0.1094, local_y: -0.0230, gear: 2,  error_heading: 0.6398[0m
[2026-09-20 12:34:13] 还未完成转向!
[0m[ INFO] [1789878853.848184515]: 0 points is not droped, 6.8179, 1.2007, -2.1959, 2, 6.8393, 1.3104, -1.5561[0m
[2026-09-20 12:34:13] 控制路径段: 起点索引=0, 提取点数=1
[2026-09-20 12:34:13] 避障检测路径段: 起点索引=0, 提取点数=200
[0m[ INFO] [1789878853.901669487]: local_x: 0.1114, local_y: -0.0222, gear: 2,  error_heading: 0.6405[0m
[2026-09-20 12:34:13] 还未完成转向!
[0m[ INFO] [1789878853.948183635]: 0 points is not droped, 6.8179, 1.2007, -2.1959, 2, 6.8384, 1.3124, -1.5553[0m
[2026-09-20 12:34:13] 控制路径段: 起点索引=0, 提取点数=1
[2026-09-20 12:34:13] 避障检测路径段: 起点索引=0, 提取点数=200
[0m[ INFO] [1789878854.001747904]: local_x: 0.1105, local_y: -0.0226, gear: 2,  error_heading: 0.6387[0m
[2026-09-20 12:34:14] 还未完成转向!
[0m[ INFO] [1789878854.048182980]: 0 points is not droped, 6.8179, 1.2007, -2.1959, 2, 6.8390, 1.3114, -1.5572[0m
[2026-09-20 12:34:14] 控制路径段: 起点索引=0, 提取点数=1
[2026-09-20 12:34:14] 避障检测路径段: 起点索引=0, 提取点数=200
[0m[ INFO] [1789878854.101687760]: local_x: 0.1118, local_y: -0.0220, gear: 2,  error_heading: 0.6401[0m
[2026-09-20 12:34:14] 还未完成转向!
[0m[ INFO] [1789878854.148120819]: 0 points is not droped, 6.8179, 1.2007, -2.1959, 2, 6.8382, 1.3128, -1.5558[0m
[2026-09-20 12:34:14] 控制路径段: 起点索引=0, 提取点数=1
[2026-09-20 12:34:14] 避障检测路径段: 起点索引=0, 提取点数=200
[0m[ INFO] [1789878854.201686976]: local_x: 0.1105, local_y: -0.0227, gear: 2,  error_heading: 0.6384[0m
[2026-09-20 12:34:14] 还未完成转向!
[0m[ INFO] [1789878854.248177732]: 0 points is not droped, 6.8179, 1.2007, -2.1959, 2, 6.8391, 1.3114, -1.5575[0m
[2026-09-20 12:34:14] 控制路径段: 起点索引=0, 提取点数=1
[2026-09-20 12:34:14] 避障检测路径段: 起点索引=0, 提取点数=200
[0m[ INFO] [1789878854.301679729]: local_x: 0.1092, local_y: -0.0239, gear: 2,  error_heading: 0.6396[0m
[2026-09-20 12:34:14] 还未完成转向!
[0m[ INFO] [1789878854.348100180]: 0 points is not droped, 6.8179, 1.2007, -2.1959, 2, 6.8401, 1.3102, -1.5563[0m
[2026-09-20 12:34:14] 控制路径段: 起点索引=0, 提取点数=1
[2026-09-20 12:34:14] 避障检测路径段: 起点索引=0, 提取点数=200
[0m[ INFO] [1789878854.401719265]: local_x: 0.1113, local_y: -0.0235, gear: 2,  error_heading: 0.6389[0m
[2026-09-20 12:34:14] 还未完成转向!
[0m[ INFO] [1789878854.448215813]: 0 points is not droped, 6.8179, 1.2007, -2.1959, 2, 6.8398, 1.3123, -1.5570[0m
[2026-09-20 12:34:14] 控制路径段: 起点索引=0, 提取点数=1
[2026-09-20 12:34:14] 避障检测路径段: 起点索引=0, 提取点数=200
[0m[ INFO] [1789878854.501696241]: local_x: 0.1126, local_y: -0.0228, gear: 2,  error_heading: 0.6383[0m
[2026-09-20 12:34:14] 还未完成转向!
[0m[ INFO] [1789878854.548186677]: 0 points is not droped, 6.8179, 1.2007, -2.1959, 2, 6.8392, 1.3135, -1.5576[0m
[2026-09-20 12:34:14] 控制路径段: 起点索引=0, 提取点数=1
[2026-09-20 12:34:14] 避障检测路径段: 起点索引=0, 提取点数=200
[0m[ INFO] [1789878854.601715842]: local_x: 0.1128, local_y: -0.0239, gear: 2,  error_heading: 0.6393[0m
[2026-09-20 12:34:14] 还未完成转向!
[0m[ INFO] [1789878854.648323975]: 0 points is not droped, 6.8179, 1.2007, -2.1959, 2, 6.8401, 1.3138, -1.5566[0m
[2026-09-20 12:34:14] 控制路径段: 起点索引=0, 提取点数=1
[2026-09-20 12:34:14] 避障检测路径段: 起点索引=0, 提取点数=200
[0m[ INFO] [1789878854.701879444]: local_x: 0.1121, local_y: -0.0225, gear: 2,  error_heading: 0.6375[0m
[2026-09-20 12:34:14] 还未完成转向!
[0m[ INFO] [1789878854.748616282]: 0 points is not droped, 6.8179, 1.2007, -2.1959, 2, 6.8390, 1.3131, -1.5584[0m
[2026-09-20 12:34:14] 控制路径段: 起点索引=0, 提取点数=1
[2026-09-20 12:34:14] 避障检测路径段: 起点索引=0, 提取点数=200
[0m[ INFO] [1789878854.801672482]: local_x: 0.1126, local_y: -0.0232, gear: 2,  error_heading: 0.6388[0m
[2026-09-20 12:34:14] 还未完成转向!
[0m[ INFO] [1789878854.848451913]: 0 points is not droped, 6.8179, 1.2007, -2.1959, 2, 6.8395, 1.3136, -1.5570[0m
[2026-09-20 12:34:14] 控制路径段: 起点索引=0, 提取点数=1
[2026-09-20 12:34:14] 避障检测路径段: 起点索引=0, 提取点数=200
[0m[ INFO] [1789878854.901766643]: local_x: 0.1114, local_y: -0.0236, gear: 2,  error_heading: 0.6376[0m
[2026-09-20 12:34:14] 还未完成转向!
[0m[ INFO] [1789878854.948191510]: 0 points is not droped, 6.8179, 1.2007, -2.1959, 2, 6.8401, 1.3123, -1.5582[0m
[2026-09-20 12:34:14] 控制路径段: 起点索引=0, 提取点数=1
[2026-09-20 12:34:14] 避障检测路径段: 起点索引=0, 提取点数=200
[0m[ INFO] [1789878855.001752483]: local_x: 0.1117, local_y: -0.0238, gear: 2,  error_heading: 0.6385[0m
[2026-09-20 12:34:15] 还未完成转向!
[0m[ INFO] [1789878855.048194087]: 0 points is not droped, 6.8179, 1.2007, -2.1959, 2, 6.8402, 1.3127, -1.5573[0m
[2026-09-20 12:34:15] 控制路径段: 起点索引=0, 提取点数=1
[2026-09-20 12:34:15] 避障检测路径段: 起点索引=0, 提取点数=200
[0m[ INFO] [1789878855.101722099]: local_x: 0.1126, local_y: -0.0229, gear: 2,  error_heading: 0.6380[0m
[2026-09-20 12:34:15] 还未完成转向!
[0m[ INFO] [1789878855.148516922]: 0 points is not droped, 6.8179, 1.2007, -2.1959, 2, 6.8393, 1.3135, -1.5578[0m
[2026-09-20 12:34:15] 控制路径段: 起点索引=0, 提取点数=1
[2026-09-20 12:34:15] 避障检测路径段: 起点索引=0, 提取点数=200
[0m[ INFO] [1789878855.201719940]: local_x: 0.1129, local_y: -0.0229, gear: 2,  error_heading: 0.6380[0m
[2026-09-20 12:34:15] 还未完成转向!
[0m[ INFO] [1789878855.248183783]: 0 points is not droped, 6.8179, 1.2007, -2.1959, 2, 6.8393, 1.3138, -1.5578[0m
[2026-09-20 12:34:15] 控制路径段: 起点索引=0, 提取点数=1
[2026-09-20 12:34:15] 避障检测路径段: 起点索引=0, 提取点数=200
[0m[ INFO] [1789878855.302009079]: local_x: 0.1133, local_y: -0.0232, gear: 2,  error_heading: 0.6389[0m
[2026-09-20 12:34:15] 还未完成转向!
[0m[ INFO] [1789878855.348187927]: 0 points is not droped, 6.8179, 1.2007, -2.1959, 2, 6.8395, 1.3142, -1.5570[0m
[2026-09-20 12:34:15] 控制路径段: 起点索引=0, 提取点数=1
[2026-09-20 12:34:15] 避障检测路径段: 起点索引=0, 提取点数=200
[0m[ INFO] [1789878855.401693956]: local_x: 0.1115, local_y: -0.0213, gear: 2,  error_heading: 0.6373[0m
[2026-09-20 12:34:15] 还未完成转向!
[0m[ INFO] [1789878855.448849934]: 0 points is not droped, 6.8179, 1.2007, -2.1959, 2, 6.8378, 1.3124, -1.5585[0m
[2026-09-20 12:34:15] 控制路径段: 起点索引=0, 提取点数=1
[2026-09-20 12:34:15] 避障检测路径段: 起点索引=0, 提取点数=200
[0m[ INFO] [1789878855.501703348]: local_x: 0.1129, local_y: -0.0219, gear: 2,  error_heading: 0.6389[0m
[2026-09-20 12:34:15] 还未完成转向!
[0m[ INFO] [1789878855.548552604]: 0 points is not droped, 6.8179, 1.2007, -2.1959, 2, 6.8382, 1.3139, -1.5569[0m
[2026-09-20 12:34:15] 控制路径段: 起点索引=0, 提取点数=1
[2026-09-20 12:34:15] 避障检测路径段: 起点索引=0, 提取点数=200
[0m[ INFO] [1789878855.601745285]: local_x: 0.1118, local_y: -0.0216, gear: 2,  error_heading: 0.6377[0m
[2026-09-20 12:34:15] 还未完成转向!
[0m[ INFO] [1789878855.648290249]: 0 points is not droped, 6.8179, 1.2007, -2.1959, 2, 6.8381, 1.3127, -1.5581[0m
[2026-09-20 12:34:15] 控制路径段: 起点索引=0, 提取点数=1
[2026-09-20 12:34:15] 避障检测路径段: 起点索引=0, 提取点数=200
[0m[ INFO] [1789878855.702085753]: local_x: 0.1138, local_y: -0.0208, gear: 2,  error_heading: 0.6387[0m
[2026-09-20 12:34:15] 还未完成转向!
[0m[ INFO] [1789878855.749524582]: 0 points is not droped, 6.8179, 1.2007, -2.1959, 2, 6.8372, 1.3147, -1.5571[0m
[2026-09-20 12:34:15] 控制路径段: 起点索引=0, 提取点数=1
[2026-09-20 12:34:15] 避障检测路径段: 起点索引=0, 提取点数=200
[0m[ INFO] [1789878855.801989704]: local_x: 0.1131, local_y: -0.0207, gear: 2,  error_heading: 0.6384[0m
[2026-09-20 12:34:15] 还未完成转向!
[0m[ INFO] [1789878855.848198953]: 0 points is not droped, 6.8179, 1.2007, -2.1959, 2, 6.8371, 1.3140, -1.5574[0m
[2026-09-20 12:34:15] 控制路径段: 起点索引=0, 提取点数=1
[2026-09-20 12:34:15] 避障检测路径段: 起点索引=0, 提取点数=200
[0m[ INFO] [1789878855.901651251]: local_x: 0.1142, local_y: -0.0203, gear: 2,  error_heading: 0.6384[0m
[2026-09-20 12:34:15] 还未完成转向!
[0m[ INFO] [1789878855.948161237]: 0 points is not droped, 6.8179, 1.2007, -2.1959, 2, 6.8366, 1.3151, -1.5575[0m
[2026-09-20 12:34:15] 控制路径段: 起点索引=0, 提取点数=1
[2026-09-20 12:34:15] 避障检测路径段: 起点索引=0, 提取点数=200
[0m[ INFO] [1789878856.001666911]: local_x: 0.1137, local_y: -0.0198, gear: 2,  error_heading: 0.6391[0m
[2026-09-20 12:34:16] 还未完成转向!
[0m[ INFO] [1789878856.048353155]: 0 points is not droped, 6.8179, 1.2007, -2.1959, 2, 6.8361, 1.3146, -1.5567[0m
[2026-09-20 12:34:16] 控制路径段: 起点索引=0, 提取点数=1
[2026-09-20 12:34:16] 避障检测路径段: 起点索引=0, 提取点数=200
[0m[ INFO] [1789878856.101676236]: local_x: 0.1128, local_y: -0.0204, gear: 2,  error_heading: 0.6383[0m
[2026-09-20 12:34:16] 还未完成转向!
[0m[ INFO] [1789878856.148149197]: 0 points is not droped, 6.8179, 1.2007, -2.1959, 2, 6.8368, 1.3137, -1.5576[0m
[2026-09-20 12:34:16] 控制路径段: 起点索引=0, 提取点数=1
[2026-09-20 12:34:16] 避障检测路径段: 起点索引=0, 提取点数=200
[0m[ INFO] [1789878856.201692184]: local_x: 0.1126, local_y: -0.0193, gear: 2,  error_heading: 0.6399[0m
[2026-09-20 12:34:16] 还未完成转向!
[0m[ INFO] [1789878856.248140666]: 0 points is not droped, 6.8179, 1.2007, -2.1959, 2, 6.8355, 1.3136, -1.5560[0m
[2026-09-20 12:34:16] 控制路径段: 起点索引=0, 提取点数=1
[2026-09-20 12:34:16] 避障检测路径段: 起点索引=0, 提取点数=200
[0m[ INFO] [1789878856.301665700]: local_x: 0.1122, local_y: -0.0193, gear: 2,  error_heading: 0.6397[0m
[2026-09-20 12:34:16] 还未完成转向!
[0m[ INFO] [1789878856.348113894]: 0 points is not droped, 6.8179, 1.2007, -2.1959, 2, 6.8355, 1.3131, -1.5562[0m
[2026-09-20 12:34:16] 控制路径段: 起点索引=0, 提取点数=1
[2026-09-20 12:34:16] 避障检测路径段: 起点索引=0, 提取点数=200
[0m[ INFO] [1789878856.402014292]: local_x: 0.1123, local_y: -0.0197, gear: 2,  error_heading: 0.6394[0m
[2026-09-20 12:34:16] 还未完成转向!
[0m[ INFO] [1789878856.448188979]: 0 points is not droped, 6.8179, 1.2007, -2.1959, 2, 6.8360, 1.3133, -1.5565[0m
[2026-09-20 12:34:16] 控制路径段: 起点索引=0, 提取点数=1
[2026-09-20 12:34:16] 避障检测路径段: 起点索引=0, 提取点数=200
[0m[ INFO] [1789878856.501680605]: local_x: 0.1126, local_y: -0.0208, gear: 2,  error_heading: 0.6400[0m
[2026-09-20 12:34:16] 还未完成转向!
[0m[ INFO] [1789878856.548796197]: 0 points is not droped, 6.8179, 1.2007, -2.1959, 2, 6.8369, 1.3136, -1.5558[0m
[2026-09-20 12:34:16] 控制路径段: 起点索引=0, 提取点数=1
[2026-09-20 12:34:16] 避障检测路径段: 起点索引=0, 提取点数=200
[0m[ INFO] [1789878856.601661033]: local_x: 0.1118, local_y: -0.0194, gear: 2,  error_heading: 0.6393[0m
[2026-09-20 12:34:16] 还未完成转向!
[0m[ INFO] [1789878856.648267340]: 0 points is not droped, 6.8179, 1.2007, -2.1959, 2, 6.8356, 1.3127, -1.5566[0m
[2026-09-20 12:34:16] 控制路径段: 起点索引=0, 提取点数=1
[2026-09-20 12:34:16] 避障检测路径段: 起点索引=0, 提取点数=200
[0m[ INFO] [1789878856.701694838]: local_x: 0.1114, local_y: -0.0201, gear: 2,  error_heading: 0.6402[0m
[2026-09-20 12:34:16] 还未完成转向!
[0m[ INFO] [1789878856.748864671]: 0 points is not droped, 6.8179, 1.2007, -2.1959, 2, 6.8363, 1.3123, -1.5557[0m
[2026-09-20 12:34:16] 控制路径段: 起点索引=0, 提取点数=1
[2026-09-20 12:34:16] 避障检测路径段: 起点索引=0, 提取点数=200
[0m[ INFO] [1789878856.802774126]: local_x: 0.1118, local_y: -0.0197, gear: 2,  error_heading: 0.6398[0m
[2026-09-20 12:34:16] 还未完成转向!
[0m[ INFO] [1789878856.848195044]: 0 points is not droped, 6.8179, 1.2007, -2.1959, 2, 6.8359, 1.3128, -1.5560[0m
[2026-09-20 12:34:16] 控制路径段: 起点索引=0, 提取点数=1
[2026-09-20 12:34:16] 避障检测路径段: 起点索引=0, 提取点数=200
[0m[ INFO] [1789878856.901707855]: local_x: 0.1132, local_y: -0.0196, gear: 2,  error_heading: 0.6397[0m
[2026-09-20 12:34:16] 还未完成转向!
[0m[ INFO] [1789878856.948108624]: 0 points is not droped, 6.8179, 1.2007, -2.1959, 2, 6.8358, 1.3142, -1.5561[0m
[2026-09-20 12:34:16] 控制路径段: 起点索引=0, 提取点数=1
[2026-09-20 12:34:16] 避障检测路径段: 起点索引=0, 提取点数=200
[0m[ INFO] [1789878857.001697403]: local_x: 0.1137, local_y: -0.0189, gear: 2,  error_heading: 0.6401[0m
[2026-09-20 12:34:17] 还未完成转向!
[0m[ INFO] [1789878857.048167133]: 0 points is not droped, 6.8179, 1.2007, -2.1959, 2, 6.8350, 1.3146, -1.5558[0m
[2026-09-20 12:34:17] 控制路径段: 起点索引=0, 提取点数=1
[2026-09-20 12:34:17] 避障检测路径段: 起点索引=0, 提取点数=200
[0m[ INFO] [1789878857.101734984]: local_x: 0.1126, local_y: -0.0193, gear: 2,  error_heading: 0.6398[0m
[2026-09-20 12:34:17] 还未完成转向!
[0m[ INFO] [1789878857.148146665]: 0 points is not droped, 6.8179, 1.2007, -2.1959, 2, 6.8355, 1.3136, -1.5560[0m
[2026-09-20 12:34:17] 控制路径段: 起点索引=0, 提取点数=1
[2026-09-20 12:34:17] 避障检测路径段: 起点索引=0, 提取点数=200
[0m[ INFO] [1789878857.201672372]: local_x: 0.1119, local_y: -0.0178, gear: 2,  error_heading: 0.6400[0m
[2026-09-20 12:34:17] 还未完成转向!
[0m[ INFO] [1789878857.248849501]: 0 points is not droped, 6.8179, 1.2007, -2.1959, 2, 6.8340, 1.3128, -1.5559[0m
[2026-09-20 12:34:17] 控制路径段: 起点索引=0, 提取点数=1
[2026-09-20 12:34:17] 避障检测路径段: 起点索引=0, 提取点数=200
[0m[ INFO] [1789878857.301679008]: local_x: 0.1121, local_y: -0.0173, gear: 2,  error_heading: 0.6397[0m
[2026-09-20 12:34:17] 还未完成转向!
[0m[ INFO] [1789878857.348189986]: 0 points is not droped, 6.8179, 1.2007, -2.1959, 2, 6.8335, 1.3130, -1.5562[0m
[2026-09-20 12:34:17] 控制路径段: 起点索引=0, 提取点数=1
[2026-09-20 12:34:17] 避障检测路径段: 起点索引=0, 提取点数=200
[0m[ INFO] [1789878857.401714381]: local_x: 0.1079, local_y: -0.0180, gear: 2,  error_heading: 0.6396[0m
[2026-09-20 12:34:17] 还未完成转向!
[0m[ INFO] [1789878857.448153198]: 0 points is not droped, 6.8179, 1.2007, -2.1959, 2, 6.8343, 1.3088, -1.5563[0m
[2026-09-20 12:34:17] 控制路径段: 起点索引=0, 提取点数=1
[2026-09-20 12:34:17] 避障检测路径段: 起点索引=0, 提取点数=200
[0m[ INFO] [1789878857.501776250]: local_x: 0.1051, local_y: -0.0187, gear: 2,  error_heading: 0.6394[0m
[2026-09-20 12:34:17] 还未完成转向!
[0m[ INFO] [1789878857.548209819]: 0 points is not droped, 6.8179, 1.2007, -2.1959, 2, 6.8351, 1.3060, -1.5565[0m
[2026-09-20 12:34:17] 控制路径段: 起点索引=0, 提取点数=1
[2026-09-20 12:34:17] 避障检测路径段: 起点索引=0, 提取点数=200
[0m[ INFO] [1789878857.602031401]: local_x: 0.1046, local_y: -0.0182, gear: 2,  error_heading: 0.6391[0m
[2026-09-20 12:34:17] 还未完成转向!
[0m[ INFO] [1789878857.648224776]: 0 points is not droped, 6.8179, 1.2007, -2.1959, 2, 6.8347, 1.3055, -1.5568[0m
[2026-09-20 12:34:17] 控制路径段: 起点索引=0, 提取点数=1
[2026-09-20 12:34:17] 避障检测路径段: 起点索引=0, 提取点数=200
[0m[ INFO] [1789878857.701683442]: local_x: 0.1021, local_y: -0.0188, gear: 2,  error_heading: 0.6387[0m
[2026-09-20 12:34:17] 还未完成转向!
[0m[ INFO] [1789878857.748263348]: 0 points is not droped, 6.8179, 1.2007, -2.1959, 2, 6.8353, 1.3030, -1.5572[0m
[2026-09-20 12:34:17] 控制路径段: 起点索引=0, 提取点数=1
[2026-09-20 12:34:17] 避障检测路径段: 起点索引=0, 提取点数=200
[0m[ INFO] [1789878857.801636573]: local_x: 0.1029, local_y: -0.0181, gear: 2,  error_heading: 0.6391[0m
[2026-09-20 12:34:17] 还未完成转向!
[0m[ INFO] [1789878857.848177024]: 0 points is not droped, 6.8179, 1.2007, -2.1959, 2, 6.8346, 1.3038, -1.5567[0m
[2026-09-20 12:34:17] 控制路径段: 起点索引=0, 提取点数=1
[2026-09-20 12:34:17] 避障检测路径段: 起点索引=0, 提取点数=200
[0m[ INFO] [1789878857.901660074]: local_x: 0.1009, local_y: -0.0197, gear: 2,  error_heading: 0.6387[0m
[2026-09-20 12:34:17] 还未完成转向!
[0m[ INFO] [1789878857.948145548]: 0 points is not droped, 6.8179, 1.2007, -2.1959, 2, 6.8362, 1.3018, -1.5572[0m
[2026-09-20 12:34:17] 控制路径段: 起点索引=0, 提取点数=1
[2026-09-20 12:34:17] 避障检测路径段: 起点索引=0, 提取点数=200
[0m[ INFO] [1789878858.001769880]: local_x: 0.1012, local_y: -0.0188, gear: 2,  error_heading: 0.6390[0m
[2026-09-20 12:34:18] 还未完成转向!
[0m[ INFO] [1789878858.048224217]: 0 points is not droped, 6.8179, 1.2007, -2.1959, 2, 6.8353, 1.3021, -1.5568[0m
[2026-09-20 12:34:18] 控制路径段: 起点索引=0, 提取点数=1
[2026-09-20 12:34:18] 避障检测路径段: 起点索引=0, 提取点数=200
[0m[ INFO] [1789878858.101648515]: local_x: 0.0989, local_y: -0.0203, gear: 2,  error_heading: 0.6385[0m
[2026-09-20 12:34:18] 还未完成转向!
[0m[ INFO] [1789878858.148170853]: 0 points is not droped, 6.8179, 1.2007, -2.1959, 2, 6.8368, 1.2998, -1.5573[0m
[2026-09-20 12:34:18] 控制路径段: 起点索引=0, 提取点数=1
[2026-09-20 12:34:18] 避障检测路径段: 起点索引=0, 提取点数=200
[0m[ INFO] [1789878858.201685551]: local_x: 0.0993, local_y: -0.0196, gear: 2,  error_heading: 0.6382[0m
[2026-09-20 12:34:18] 还未完成转向!
[0m[ INFO] [1789878858.248148241]: 0 points is not droped, 6.8179, 1.2007, -2.1959, 2, 6.8362, 1.3002, -1.5576[0m
[2026-09-20 12:34:18] 控制路径段: 起点索引=0, 提取点数=1
[2026-09-20 12:34:18] 避障检测路径段: 起点索引=0, 提取点数=200
[0m[ INFO] [1789878858.301677052]: local_x: 0.0998, local_y: -0.0192, gear: 2,  error_heading: 0.6386[0m
[2026-09-20 12:34:18] 还未完成转向!
[0m[ INFO] [1789878858.348141437]: 0 points is not droped, 6.8179, 1.2007, -2.1959, 2, 6.8357, 1.3007, -1.5573[0m
[2026-09-20 12:34:18] 控制路径段: 起点索引=0, 提取点数=1
[2026-09-20 12:34:18] 避障检测路径段: 起点索引=0, 提取点数=200
[0m[ INFO] [1789878858.401680904]: local_x: 0.0985, local_y: -0.0207, gear: 2,  error_heading: 0.6384[0m
[2026-09-20 12:34:18] 还未完成转向!
[0m[ INFO] [1789878858.448210538]: 0 points is not droped, 6.8179, 1.2007, -2.1959, 2, 6.8372, 1.2994, -1.5574[0m
[2026-09-20 12:34:18] 控制路径段: 起点索引=0, 提取点数=1
[2026-09-20 12:34:18] 避障检测路径段: 起点索引=0, 提取点数=200
[0m[ INFO] [1789878858.501680820]: local_x: 0.0972, local_y: -0.0220, gear: 2,  error_heading: 0.6382[0m
[2026-09-20 12:34:18] 还未完成转向!
[0m[ INFO] [1789878858.548254711]: 0 points is not droped, 6.8179, 1.2007, -2.1959, 2, 6.8386, 1.2981, -1.5576[0m
[2026-09-20 12:34:18] 控制路径段: 起点索引=0, 提取点数=1
[2026-09-20 12:34:18] 避障检测路径段: 起点索引=0, 提取点数=200
[0m[ INFO] [1789878858.601701313]: local_x: 0.0983, local_y: -0.0225, gear: 2,  error_heading: 0.6389[0m
[2026-09-20 12:34:18] 还未完成转向!
[0m[ INFO] [1789878858.648494150]: 0 points is not droped, 6.8179, 1.2007, -2.1959, 2, 6.8391, 1.2993, -1.5569[0m
[2026-09-20 12:34:18] 控制路径段: 起点索引=0, 提取点数=1
[2026-09-20 12:34:18] 避障检测路径段: 起点索引=0, 提取点数=200
[0m[ INFO] [1789878858.702097361]: local_x: 0.0996, local_y: -0.0213, gear: 2,  error_heading: 0.6385[0m
[2026-09-20 12:34:18] 还未完成转向!
[0m[ INFO] [1789878858.748168815]: 0 points is not droped, 6.8179, 1.2007, -2.1959, 2, 6.8378, 1.3006, -1.5573[0m
[2026-09-20 12:34:18] 控制路径段: 起点索引=0, 提取点数=1
[2026-09-20 12:34:18] 避障检测路径段: 起点索引=0, 提取点数=200
[0m[ INFO] [1789878858.801722618]: local_x: 0.1011, local_y: -0.0214, gear: 2,  error_heading: 0.6389[0m
[2026-09-20 12:34:18] 还未完成转向!
[0m[ INFO] [1789878858.848274972]: 0 points is not droped, 6.8179, 1.2007, -2.1959, 2, 6.8379, 1.3021, -1.5570[0m
[2026-09-20 12:34:18] 控制路径段: 起点索引=0, 提取点数=1
[2026-09-20 12:34:18] 避障检测路径段: 起点索引=0, 提取点数=200
[0m[ INFO] [1789878858.901677606]: local_x: 0.1038, local_y: -0.0214, gear: 2,  error_heading: 0.6397[0m
[2026-09-20 12:34:18] 还未完成转向!
[0m[ INFO] [1789878858.948921199]: 0 points is not droped, 6.8179, 1.2007, -2.1959, 2, 6.8378, 1.3048, -1.5561[0m
[2026-09-20 12:34:18] 控制路径段: 起点索引=0, 提取点数=1
[2026-09-20 12:34:18] 避障检测路径段: 起点索引=0, 提取点数=200
[0m[ INFO] [1789878859.002089174]: local_x: 0.1041, local_y: -0.0213, gear: 2,  error_heading: 0.6391[0m
[2026-09-20 12:34:19] 还未完成转向!
[0m[ INFO] [1789878859.048226613]: 0 points is not droped, 6.8179, 1.2007, -2.1959, 2, 6.8377, 1.3051, -1.5568[0m
[2026-09-20 12:34:19] 控制路径段: 起点索引=0, 提取点数=1
[2026-09-20 12:34:19] 避障检测路径段: 起点索引=0, 提取点数=200
[0m[ INFO] [1789878859.101661310]: local_x: 0.1027, local_y: -0.0213, gear: 2,  error_heading: 0.6393[0m
[2026-09-20 12:34:19] 还未完成转向!
[0m[ INFO] [1789878859.148162720]: 0 points is not droped, 6.8179, 1.2007, -2.1959, 2, 6.8377, 1.3036, -1.5565[0m
[2026-09-20 12:34:19] 控制路径段: 起点索引=0, 提取点数=1
[2026-09-20 12:34:19] 避障检测路径段: 起点索引=0, 提取点数=200
[0m[ INFO] [1789878859.201681739]: local_x: 0.1026, local_y: -0.0216, gear: 2,  error_heading: 0.6392[0m
[2026-09-20 12:34:19] 还未完成转向!
[0m[ INFO] [1789878859.248341423]: 0 points is not droped, 6.8179, 1.2007, -2.1959, 2, 6.8380, 1.3035, -1.5567[0m
[2026-09-20 12:34:19] 控制路径段: 起点索引=0, 提取点数=1
[2026-09-20 12:34:19] 避障检测路径段: 起点索引=0, 提取点数=200
[0m[ INFO] [1789878859.301700568]: local_x: 0.1022, local_y: -0.0214, gear: 2,  error_heading: 0.6386[0m
[2026-09-20 12:34:19] 还未完成转向!
[0m[ INFO] [1789878859.348153401]: 0 points is not droped, 6.8179, 1.2007, -2.1959, 2, 6.8379, 1.3031, -1.5572[0m
[2026-09-20 12:34:19] 控制路径段: 起点索引=0, 提取点数=1
[2026-09-20 12:34:19] 避障检测路径段: 起点索引=0, 提取点数=200
[0m[ INFO] [1789878859.401768901]: local_x: 0.1040, local_y: -0.0211, gear: 2,  error_heading: 0.6396[0m
[2026-09-20 12:34:19] 还未完成转向!
[0m[ INFO] [1789878859.448274407]: 0 points is not droped, 6.8179, 1.2007, -2.1959, 2, 6.8375, 1.3050, -1.5562[0m
[2026-09-20 12:34:19] 控制路径段: 起点索引=0, 提取点数=1
[2026-09-20 12:34:19] 避障检测路径段: 起点索引=0, 提取点数=200
[0m[ INFO] [1789878859.502116629]: local_x: 0.1038, local_y: -0.0205, gear: 2,  error_heading: 0.6375[0m
[2026-09-20 12:34:19] 还未完成转向!
[0m[ INFO] [1789878859.548146194]: 0 points is not droped, 6.8179, 1.2007, -2.1959, 2, 6.8371, 1.3047, -1.5583[0m
[2026-09-20 12:34:19] 控制路径段: 起点索引=0, 提取点数=1
[2026-09-20 12:34:19] 避障检测路径段: 起点索引=0, 提取点数=200
[0m[ INFO] [1789878859.601701597]: local_x: 0.1048, local_y: -0.0202, gear: 2,  error_heading: 0.6390[0m
[2026-09-20 12:34:19] 还未完成转向!
[0m[ INFO] [1789878859.648160126]: 0 points is not droped, 6.8179, 1.2007, -2.1959, 2, 6.8367, 1.3057, -1.5569[0m
[2026-09-20 12:34:19] 控制路径段: 起点索引=0, 提取点数=1
[2026-09-20 12:34:19] 避障检测路径段: 起点索引=0, 提取点数=200
[0m[ INFO] [1789878859.705266350]: local_x: 0.1042, local_y: -0.0211, gear: 2,  error_heading: 0.6380[0m
[2026-09-20 12:34:19] 还未完成转向!
[0m[ INFO] [1789878859.748180715]: 0 points is not droped, 6.8179, 1.2007, -2.1959, 2, 6.8376, 1.3051, -1.5579[0m
[2026-09-20 12:34:19] 控制路径段: 起点索引=0, 提取点数=1
[2026-09-20 12:34:19] 避障检测路径段: 起点索引=0, 提取点数=200
[0m[ INFO] [1789878859.802238203]: local_x: 0.1041, local_y: -0.0205, gear: 2,  error_heading: 0.6381[0m
[2026-09-20 12:34:19] 还未完成转向!
[0m[ INFO] [1789878859.848214487]: 0 points is not droped, 6.8179, 1.2007, -2.1959, 2, 6.8371, 1.3050, -1.5578[0m
[2026-09-20 12:34:19] 控制路径段: 起点索引=0, 提取点数=1
[2026-09-20 12:34:19] 避障检测路径段: 起点索引=0, 提取点数=200
[0m[ INFO] [1789878859.904547317]: local_x: 0.1042, local_y: -0.0225, gear: 2,  error_heading: 0.6384[0m
[2026-09-20 12:34:19] 还未完成转向!
[0m[ INFO] [1789878859.948158801]: 0 points is not droped, 6.8179, 1.2007, -2.1959, 2, 6.8390, 1.3051, -1.5575[0m
[2026-09-20 12:34:19] 控制路径段: 起点索引=0, 提取点数=1
[2026-09-20 12:34:19] 避障检测路径段: 起点索引=0, 提取点数=200
[0m[ INFO] [1789878860.001699537]: local_x: 0.1038, local_y: -0.0224, gear: 2,  error_heading: 0.6373[0m
[2026-09-20 12:34:20] 还未完成转向!
[0m[ INFO] [1789878860.048225067]: 0 points is not droped, 6.8179, 1.2007, -2.1959, 2, 6.8391, 1.3048, -1.5586[0m
[2026-09-20 12:34:20] 控制路径段: 起点索引=0, 提取点数=1
[2026-09-20 12:34:20] 避障检测路径段: 起点索引=0, 提取点数=200
[0m[ INFO] [1789878860.101710923]: local_x: 0.1063, local_y: -0.0237, gear: 2,  error_heading: 0.6387[0m
[2026-09-20 12:34:20] 还未完成转向!
[0m[ INFO] [1789878860.148143876]: 0 points is not droped, 6.8179, 1.2007, -2.1959, 2, 6.8401, 1.3073, -1.5571[0m
[2026-09-20 12:34:20] 控制路径段: 起点索引=0, 提取点数=1
[2026-09-20 12:34:20] 避障检测路径段: 起点索引=0, 提取点数=200
[0m[ INFO] [1789878860.202924145]: local_x: 0.1063, local_y: -0.0243, gear: 2,  error_heading: 0.6372[0m
[2026-09-20 12:34:20] 还未完成转向!
[0m[ INFO] [1789878860.248184638]: 0 points is not droped, 6.8179, 1.2007, -2.1959, 2, 6.8409, 1.3072, -1.5587[0m
[2026-09-20 12:34:20] 控制路径段: 起点索引=0, 提取点数=1
[2026-09-20 12:34:20] 避障检测路径段: 起点索引=0, 提取点数=200
[0m[ INFO] [1789878860.301686558]: local_x: 0.1066, local_y: -0.0240, gear: 2,  error_heading: 0.6370[0m
[2026-09-20 12:34:20] 还未完成转向!
[0m[ INFO] [1789878860.348155063]: 0 points is not droped, 6.8179, 1.2007, -2.1959, 2, 6.8406, 1.3075, -1.5588[0m
[2026-09-20 12:34:20] 控制路径段: 起点索引=0, 提取点数=1
[2026-09-20 12:34:20] 避障检测路径段: 起点索引=0, 提取点数=200
[0m[ INFO] [1789878860.401696888]: local_x: 0.1081, local_y: -0.0253, gear: 2,  error_heading: 0.6371[0m
[2026-09-20 12:34:20] 还未完成转向!
[0m[ INFO] [1789878860.448171217]: 0 points is not droped, 6.8179, 1.2007, -2.1959, 2, 6.8419, 1.3091, -1.5588[0m
[2026-09-20 12:34:20] 控制路径段: 起点索引=0, 提取点数=1
[2026-09-20 12:34:20] 避障检测路径段: 起点索引=0, 提取点数=200
[0m[ INFO] [1789878860.502119766]: local_x: 0.1103, local_y: -0.0242, gear: 2,  error_heading: 0.6361[0m
[2026-09-20 12:34:20] 还未完成转向!
[0m[ INFO] [1789878860.548132459]: 0 points is not droped, 6.8179, 1.2007, -2.1959, 2, 6.8408, 1.3112, -1.5597[0m
[2026-09-20 12:34:20] 控制路径段: 起点索引=0, 提取点数=1
[2026-09-20 12:34:20] 避障检测路径段: 起点索引=0, 提取点数=200
[0m[ INFO] [1789878860.601886158]: local_x: 0.1108, local_y: -0.0246, gear: 2,  error_heading: 0.6354[0m
[2026-09-20 12:34:20] 还未完成转向!
[0m[ INFO] [1789878860.648136484]: 0 points is not droped, 6.8179, 1.2007, -2.1959, 2, 6.8413, 1.3117, -1.5604[0m
[2026-09-20 12:34:20] 控制路径段: 起点索引=0, 提取点数=1
[2026-09-20 12:34:20] 避障检测路径段: 起点索引=0, 提取点数=200
[0m[ INFO] [1789878860.701729734]: local_x: 0.1123, local_y: -0.0238, gear: 2,  error_heading: 0.6349[0m
[2026-09-20 12:34:20] 还未完成转向!
[0m[ INFO] [1789878860.748228639]: 0 points is not droped, 6.8179, 1.2007, -2.1959, 2, 6.8406, 1.3132, -1.5609[0m
[2026-09-20 12:34:20] 控制路径段: 起点索引=0, 提取点数=1
[2026-09-20 12:34:20] 避障检测路径段: 起点索引=0, 提取点数=200
[0m[ INFO] [1789878860.804569404]: local_x: 0.1120, local_y: -0.0241, gear: 2,  error_heading: 0.6337[0m
[2026-09-20 12:34:20] 还未完成转向!
[0m[ INFO] [1789878860.848158648]: 0 points is not droped, 6.8179, 1.2007, -2.1959, 2, 6.8411, 1.3129, -1.5622[0m
[2026-09-20 12:34:20] 控制路径段: 起点索引=0, 提取点数=1
[2026-09-20 12:34:20] 避障检测路径段: 起点索引=0, 提取点数=200
[0m[ INFO] [1789878860.901665689]: local_x: 0.1130, local_y: -0.0239, gear: 2,  error_heading: 0.6340[0m
[2026-09-20 12:34:20] 还未完成转向!
[0m[ INFO] [1789878860.948136433]: 0 points is not droped, 6.8179, 1.2007, -2.1959, 2, 6.8408, 1.3138, -1.5618[0m
[2026-09-20 12:34:20] 控制路径段: 起点索引=0, 提取点数=1
[2026-09-20 12:34:20] 避障检测路径段: 起点索引=0, 提取点数=200
[0m[ INFO] [1789878861.001692947]: local_x: 0.1125, local_y: -0.0245, gear: 2,  error_heading: 0.6328[0m
[2026-09-20 12:34:21] 还未完成转向!
[0m[ INFO] [1789878861.048209324]: 0 points is not droped, 6.8179, 1.2007, -2.1959, 2, 6.8415, 1.3134, -1.5631[0m
[2026-09-20 12:34:21] 控制路径段: 起点索引=0, 提取点数=1
[2026-09-20 12:34:21] 避障检测路径段: 起点索引=0, 提取点数=200
[0m[ INFO] [1789878861.102121649]: local_x: 0.1144, local_y: -0.0247, gear: 2,  error_heading: 0.6330[0m
[2026-09-20 12:34:21] 还未完成转向!
[0m[ INFO] [1789878861.148130597]: 0 points is not droped, 6.8179, 1.2007, -2.1959, 2, 6.8417, 1.3152, -1.5629[0m
[2026-09-20 12:34:21] 控制路径段: 起点索引=0, 提取点数=1
[2026-09-20 12:34:21] 避障检测路径段: 起点索引=0, 提取点数=200
[0m[ INFO] [1789878861.201705478]: local_x: 0.1145, local_y: -0.0254, gear: 2,  error_heading: 0.6333[0m
[2026-09-20 12:34:21] 还未完成转向!
[0m[ INFO] [1789878861.248182335]: 0 points is not droped, 6.8179, 1.2007, -2.1959, 2, 6.8423, 1.3154, -1.5626[0m
[2026-09-20 12:34:21] 控制路径段: 起点索引=0, 提取点数=1
[2026-09-20 12:34:21] 避障检测路径段: 起点索引=0, 提取点数=200
[0m[ INFO] [1789878861.301699360]: local_x: 0.1141, local_y: -0.0256, gear: 2,  error_heading: 0.6323[0m
[2026-09-20 12:34:21] 还未完成转向!
[0m[ INFO] [1789878861.348177305]: 0 points is not droped, 6.8179, 1.2007, -2.1959, 2, 6.8427, 1.3149, -1.5635[0m
[2026-09-20 12:34:21] 控制路径段: 起点索引=0, 提取点数=1
[2026-09-20 12:34:21] 避障检测路径段: 起点索引=0, 提取点数=200
[0m[ INFO] [1789878861.412234597]: local_x: 0.1178, local_y: -0.0247, gear: 2,  error_heading: 0.6332[0m
[2026-09-20 12:34:21] 还未完成转向!
[0m[ INFO] [1789878861.448235123]: 0 points is not droped, 6.8179, 1.2007, -2.1959, 2, 6.8416, 1.3187, -1.5627[0m
[2026-09-20 12:34:21] 控制路径段: 起点索引=0, 提取点数=1
[2026-09-20 12:34:21] 避障检测路径段: 起点索引=0, 提取点数=200
[0m[ INFO] [1789878861.502053175]: local_x: 0.1196, local_y: -0.0246, gear: 2,  error_heading: 0.6318[0m
[2026-09-20 12:34:21] 还未完成转向!
[0m[ INFO] [1789878861.550059487]: 0 points is not droped, 6.8179, 1.2007, -2.1959, 2, 6.8417, 1.3204, -1.5641[0m
[2026-09-20 12:34:21] 控制路径段: 起点索引=0, 提取点数=1
[2026-09-20 12:34:21] 避障检测路径段: 起点索引=0, 提取点数=200
[0m[ INFO] [1789878861.603430654]: local_x: 0.1204, local_y: -0.0244, gear: 2,  error_heading: 0.6321[0m
[2026-09-20 12:34:21] 还未完成转向!
[0m[ INFO] [1789878861.649200528]: 0 points is not droped, 6.8179, 1.2007, -2.1959, 2, 6.8414, 1.3212, -1.5638[0m
[2026-09-20 12:34:21] 控制路径段: 起点索引=0, 提取点数=1
[2026-09-20 12:34:21] 避障检测路径段: 起点索引=0, 提取点数=200
[0m[ INFO] [1789878861.701684806]: local_x: 0.1192, local_y: -0.0259, gear: 2,  error_heading: 0.6321[0m
[2026-09-20 12:34:21] 还未完成转向!
[0m[ INFO] [1789878861.748531523]: 0 points is not droped, 6.8179, 1.2007, -2.1959, 2, 6.8429, 1.3200, -1.5637[0m
[2026-09-20 12:34:21] 控制路径段: 起点索引=0, 提取点数=1
[2026-09-20 12:34:21] 避障检测路径段: 起点索引=0, 提取点数=200
[0m[ INFO] [1789878861.801691936]: local_x: 0.1190, local_y: -0.0258, gear: 2,  error_heading: 0.6314[0m
[2026-09-20 12:34:21] 还未完成转向!
[0m[ INFO] [1789878861.848331163]: 0 points is not droped, 6.8179, 1.2007, -2.1959, 2, 6.8429, 1.3199, -1.5645[0m
[2026-09-20 12:34:21] 控制路径段: 起点索引=0, 提取点数=1
[2026-09-20 12:34:21] 避障检测路径段: 起点索引=0, 提取点数=200
[0m[ INFO] [1789878861.901678458]: local_x: 0.1162, local_y: -0.0276, gear: 2,  error_heading: 0.6325[0m
[2026-09-20 12:34:21] 还未完成转向!
[0m[ INFO] [1789878861.949339903]: 0 points is not droped, 6.8179, 1.2007, -2.1959, 2, 6.8447, 1.3171, -1.5633[0m
[2026-09-20 12:34:21] 控制路径段: 起点索引=0, 提取点数=1
[2026-09-20 12:34:21] 避障检测路径段: 起点索引=0, 提取点数=200
[0m[ INFO] [1789878862.001728308]: local_x: 0.1161, local_y: -0.0281, gear: 2,  error_heading: 0.6312[0m
[2026-09-20 12:34:22] 还未完成转向!
[0m[ INFO] [1789878862.049017173]: 0 points is not droped, 6.8179, 1.2007, -2.1959, 2, 6.8452, 1.3169, -1.5647[0m
[2026-09-20 12:34:22] 控制路径段: 起点索引=0, 提取点数=1
[2026-09-20 12:34:22] 避障检测路径段: 起点索引=0, 提取点数=200
[0m[ INFO] [1789878862.101725390]: local_x: 0.1153, local_y: -0.0296, gear: 2,  error_heading: 0.6323[0m
[2026-09-20 12:34:22] 还未完成转向!
[0m[ INFO] [1789878862.148160166]: 0 points is not droped, 6.8179, 1.2007, -2.1959, 2, 6.8467, 1.3161, -1.5636[0m
[2026-09-20 12:34:22] 控制路径段: 起点索引=0, 提取点数=1
[2026-09-20 12:34:22] 避障检测路径段: 起点索引=0, 提取点数=200
[0m[ INFO] [1789878862.201647271]: local_x: 0.1162, local_y: -0.0308, gear: 2,  error_heading: 0.6319[0m
[2026-09-20 12:34:22] 还未完成转向!
[0m[ INFO] [1789878862.248300161]: 0 points is not droped, 6.8179, 1.2007, -2.1959, 2, 6.8478, 1.3170, -1.5639[0m
[2026-09-20 12:34:22] 控制路径段: 起点索引=0, 提取点数=1
[2026-09-20 12:34:22] 避障检测路径段: 起点索引=0, 提取点数=200
[0m[ INFO] [1789878862.301680385]: local_x: 0.1164, local_y: -0.0308, gear: 2,  error_heading: 0.6310[0m
[2026-09-20 12:34:22] 还未完成转向!
[0m[ INFO] [1789878862.348140793]: 0 points is not droped, 6.8179, 1.2007, -2.1959, 2, 6.8479, 1.3172, -1.5648[0m
[2026-09-20 12:34:22] 控制路径段: 起点索引=0, 提取点数=1
[2026-09-20 12:34:22] 避障检测路径段: 起点索引=0, 提取点数=200
[0m[ INFO] [1789878862.401706267]: local_x: 0.1197, local_y: -0.0301, gear: 2,  error_heading: 0.6309[0m
[2026-09-20 12:34:22] 还未完成转向!
[0m[ INFO] [1789878862.448269877]: 0 points is not droped, 6.8179, 1.2007, -2.1959, 2, 6.8473, 1.3205, -1.5650[0m
[2026-09-20 12:34:22] 控制路径段: 起点索引=0, 提取点数=1
[2026-09-20 12:34:22] 避障检测路径段: 起点索引=0, 提取点数=200
[0m[ INFO] [1789878862.501681268]: local_x: 0.1202, local_y: -0.0289, gear: 2,  error_heading: 0.6291[0m
[2026-09-20 12:34:22] 还未完成转向!
[0m[ INFO] [1789878862.548162093]: 0 points is not droped, 6.8179, 1.2007, -2.1959, 2, 6.8463, 1.3209, -1.5667[0m
[2026-09-20 12:34:22] 控制路径段: 起点索引=0, 提取点数=1
[2026-09-20 12:34:22] 避障检测路径段: 起点索引=0, 提取点数=200
[0m[ INFO] [1789878862.601714510]: local_x: 0.1210, local_y: -0.0291, gear: 2,  error_heading: 0.6276[0m
[2026-09-20 12:34:22] 还未完成转向!
[0m[ INFO] [1789878862.648906446]: 0 points is not droped, 6.8179, 1.2007, -2.1959, 2, 6.8467, 1.3218, -1.5683[0m
[2026-09-20 12:34:22] 控制路径段: 起点索引=0, 提取点数=1
[2026-09-20 12:34:22] 避障检测路径段: 起点索引=0, 提取点数=200
[0m[ INFO] [1789878862.701746088]: local_x: 0.1201, local_y: -0.0281, gear: 2,  error_heading: 0.6267[0m
[2026-09-20 12:34:22] 还未完成转向!
[0m[ INFO] [1789878862.748269602]: 0 points is not droped, 6.8179, 1.2007, -2.1959, 2, 6.8458, 1.3208, -1.5692[0m
[2026-09-20 12:34:22] 控制路径段: 起点索引=0, 提取点数=1
[2026-09-20 12:34:22] 避障检测路径段: 起点索引=0, 提取点数=200
[0m[ INFO] [1789878862.801676161]: local_x: 0.1206, local_y: -0.0290, gear: 2,  error_heading: 0.6260[0m
[2026-09-20 12:34:22] 还未完成转向!
[0m[ INFO] [1789878862.848258587]: 0 points is not droped, 6.8179, 1.2007, -2.1959, 2, 6.8468, 1.3212, -1.5698[0m
[2026-09-20 12:34:22] 控制路径段: 起点索引=0, 提取点数=1
[2026-09-20 12:34:22] 避障检测路径段: 起点索引=0, 提取点数=200
[0m[ INFO] [1789878862.901730875]: local_x: 0.1181, local_y: -0.0269, gear: 2,  error_heading: 0.6251[0m
[2026-09-20 12:34:22] 还未完成转向!
[0m[ INFO] [1789878862.948353206]: 0 points is not droped, 6.8179, 1.2007, -2.1959, 2, 6.8447, 1.3187, -1.5707[0m
[2026-09-20 12:34:22] 控制路径段: 起点索引=0, 提取点数=1
[2026-09-20 12:34:22] 避障检测路径段: 起点索引=0, 提取点数=200
[0m[ INFO] [1789878863.002227834]: local_x: 0.1185, local_y: -0.0275, gear: 2,  error_heading: 0.6247[0m
[2026-09-20 12:34:23] 还未完成转向!
[0m[ INFO] [1789878863.048175502]: 0 points is not droped, 6.8179, 1.2007, -2.1959, 2, 6.8454, 1.3192, -1.5711[0m
[2026-09-20 12:34:23] 控制路径段: 起点索引=0, 提取点数=1
[2026-09-20 12:34:23] 避障检测路径段: 起点索引=0, 提取点数=200
[0m[ INFO] [1789878863.101747119]: local_x: 0.1181, local_y: -0.0253, gear: 2,  error_heading: 0.6234[0m
[2026-09-20 12:34:23] 还未完成转向!
[0m[ INFO] [1789878863.148245608]: 0 points is not droped, 6.8179, 1.2007, -2.1959, 2, 6.8434, 1.3187, -1.5725[0m
[2026-09-20 12:34:23] 控制路径段: 起点索引=0, 提取点数=1
[2026-09-20 12:34:23] 避障检测路径段: 起点索引=0, 提取点数=200
[0m[ INFO] [1789878863.201783145]: local_x: 0.1182, local_y: -0.0255, gear: 2,  error_heading: 0.6229[0m
[2026-09-20 12:34:23] 还未完成转向!
[0m[ INFO] [1789878863.248235522]: 0 points is not droped, 6.8179, 1.2007, -2.1959, 2, 6.8436, 1.3188, -1.5730[0m
[2026-09-20 12:34:23] 控制路径段: 起点索引=0, 提取点数=1
[2026-09-20 12:34:23] 避障检测路径段: 起点索引=0, 提取点数=200
[0m[ INFO] [1789878863.301935876]: local_x: 0.1182, local_y: -0.0258, gear: 2,  error_heading: 0.6230[0m
[2026-09-20 12:34:23] 还未完成转向!
[0m[ INFO] [1789878863.348106010]: 0 points is not droped, 6.8179, 1.2007, -2.1959, 2, 6.8440, 1.3188, -1.5729[0m
[2026-09-20 12:34:23] 控制路径段: 起点索引=0, 提取点数=1
[2026-09-20 12:34:23] 避障检测路径段: 起点索引=0, 提取点数=200
[0m[ INFO] [1789878863.401791357]: local_x: 0.1171, local_y: -0.0231, gear: 2,  error_heading: 0.6218[0m
[2026-09-20 12:34:23] 还未完成转向!
[0m[ INFO] [1789878863.448227317]: 0 points is not droped, 6.8179, 1.2007, -2.1959, 2, 6.8414, 1.3177, -1.5741[0m
[2026-09-20 12:34:23] 控制路径段: 起点索引=0, 提取点数=1
[2026-09-20 12:34:23] 避障检测路径段: 起点索引=0, 提取点数=200
[0m[ INFO] [1789878863.502369084]: local_x: 0.1190, local_y: -0.0229, gear: 2,  error_heading: 0.6220[0m
[2026-09-20 12:34:23] 还未完成转向!
[0m[ INFO] [1789878863.548933654]: 0 points is not droped, 6.8179, 1.2007, -2.1959, 2, 6.8411, 1.3195, -1.5739[0m
[2026-09-20 12:34:23] 控制路径段: 起点索引=0, 提取点数=1
[2026-09-20 12:34:23] 避障检测路径段: 起点索引=0, 提取点数=200
[0m[ INFO] [1789878863.601696943]: local_x: 0.1179, local_y: -0.0227, gear: 2,  error_heading: 0.6214[0m
[2026-09-20 12:34:23] 还未完成转向!
[0m[ INFO] [1789878863.648583500]: 0 points is not droped, 6.8179, 1.2007, -2.1959, 2, 6.8410, 1.3185, -1.5744[0m
[2026-09-20 12:34:23] 控制路径段: 起点索引=0, 提取点数=1
[2026-09-20 12:34:23] 避障检测路径段: 起点索引=0, 提取点数=200
[0m[ INFO] [1789878863.701667688]: local_x: 0.1185, local_y: -0.0225, gear: 2,  error_heading: 0.6214[0m
[2026-09-20 12:34:23] 还未完成转向!
[0m[ INFO] [1789878863.748241730]: 0 points is not droped, 6.8179, 1.2007, -2.1959, 2, 6.8408, 1.3190, -1.5745[0m
[2026-09-20 12:34:23] 控制路径段: 起点索引=0, 提取点数=1
[2026-09-20 12:34:23] 避障检测路径段: 起点索引=0, 提取点数=200
[0m[ INFO] [1789878863.801977861]: local_x: 0.1169, local_y: -0.0226, gear: 2,  error_heading: 0.6203[0m
[2026-09-20 12:34:23] 还未完成转向!
[0m[ INFO] [1789878863.848218236]: 0 points is not droped, 6.8179, 1.2007, -2.1959, 2, 6.8410, 1.3174, -1.5756[0m
[2026-09-20 12:34:23] 控制路径段: 起点索引=0, 提取点数=1
[2026-09-20 12:34:23] 避障检测路径段: 起点索引=0, 提取点数=200
[0m[ INFO] [1789878863.902325868]: local_x: 0.1208, local_y: -0.0222, gear: 2,  error_heading: 0.6194[0m
[2026-09-20 12:34:23] 还未完成转向!
[0m[ INFO] [1789878863.948163910]: 0 points is not droped, 6.8179, 1.2007, -2.1959, 2, 6.8408, 1.3213, -1.5765[0m
[2026-09-20 12:34:23] 控制路径段: 起点索引=0, 提取点数=1
[2026-09-20 12:34:23] 避障检测路径段: 起点索引=0, 提取点数=200
[0m[ INFO] [1789878864.001693873]: local_x: 0.1203, local_y: -0.0224, gear: 2,  error_heading: 0.6200[0m
[2026-09-20 12:34:24] 还未完成转向!
[0m[ INFO] [1789878864.048179314]: 0 points is not droped, 6.8179, 1.2007, -2.1959, 2, 6.8409, 1.3208, -1.5758[0m
[2026-09-20 12:34:24] 控制路径段: 起点索引=0, 提取点数=1
[2026-09-20 12:34:24] 避障检测路径段: 起点索引=0, 提取点数=200
[0m[ INFO] [1789878864.101675484]: local_x: 0.1197, local_y: -0.0216, gear: 2,  error_heading: 0.6190[0m
[2026-09-20 12:34:24] 还未完成转向!
[0m[ INFO] [1789878864.148147229]: 0 points is not droped, 6.8179, 1.2007, -2.1959, 2, 6.8402, 1.3202, -1.5768[0m
[2026-09-20 12:34:24] 控制路径段: 起点索引=0, 提取点数=1
[2026-09-20 12:34:24] 避障检测路径段: 起点索引=0, 提取点数=200
[0m[ INFO] [1789878864.201689928]: local_x: 0.1186, local_y: -0.0211, gear: 2,  error_heading: 0.6187[0m
[2026-09-20 12:34:24] 还未完成转向!
[0m[ INFO] [1789878864.248133384]: 0 points is not droped, 6.8179, 1.2007, -2.1959, 2, 6.8397, 1.3191, -1.5772[0m
[2026-09-20 12:34:24] 控制路径段: 起点索引=0, 提取点数=1
[2026-09-20 12:34:24] 避障检测路径段: 起点索引=0, 提取点数=200
[0m[ INFO] [1789878864.302488635]: local_x: 0.1182, local_y: -0.0211, gear: 2,  error_heading: 0.6189[0m
[2026-09-20 12:34:24] 还未完成转向!
[0m[ INFO] [1789878864.348906268]: 0 points is not droped, 6.8179, 1.2007, -2.1959, 2, 6.8397, 1.3188, -1.5769[0m
[2026-09-20 12:34:24] 控制路径段: 起点索引=0, 提取点数=1
[2026-09-20 12:34:24] 避障检测路径段: 起点索引=0, 提取点数=200
[0m[ INFO] [1789878864.402039778]: local_x: 0.1185, local_y: -0.0198, gear: 2,  error_heading: 0.6184[0m
[2026-09-20 12:34:24] 还未完成转向!
[0m[ INFO] [1789878864.448258465]: 0 points is not droped, 6.8179, 1.2007, -2.1959, 2, 6.8385, 1.3190, -1.5775[0m
[2026-09-20 12:34:24] 控制路径段: 起点索引=0, 提取点数=1
[2026-09-20 12:34:24] 避障检测路径段: 起点索引=0, 提取点数=200
[0m[ INFO] [1789878864.501808075]: local_x: 0.1173, local_y: -0.0200, gear: 2,  error_heading: 0.6188[0m
[2026-09-20 12:34:24] 还未完成转向!
[0m[ INFO] [1789878864.548507215]: 0 points is not droped, 6.8179, 1.2007, -2.1959, 2, 6.8386, 1.3178, -1.5771[0m
[2026-09-20 12:34:24] 控制路径段: 起点索引=0, 提取点数=1
[2026-09-20 12:34:24] 避障检测路径段: 起点索引=0, 提取点数=200
[0m[ INFO] [1789878864.602749856]: local_x: 0.1166, local_y: -0.0196, gear: 2,  error_heading: 0.6190[0m
[2026-09-20 12:34:24] 还未完成转向!
[0m[ INFO] [1789878864.648177463]: 0 points is not droped, 6.8179, 1.2007, -2.1959, 2, 6.8382, 1.3171, -1.5768[0m
[2026-09-20 12:34:24] 控制路径段: 起点索引=0, 提取点数=1
[2026-09-20 12:34:24] 避障检测路径段: 起点索引=0, 提取点数=200
[0m[ INFO] [1789878864.701692449]: local_x: 0.1157, local_y: -0.0201, gear: 2,  error_heading: 0.6185[0m
[2026-09-20 12:34:24] 还未完成转向!
[0m[ INFO] [1789878864.748336900]: 0 points is not droped, 6.8179, 1.2007, -2.1959, 2, 6.8387, 1.3163, -1.5773[0m
[2026-09-20 12:34:24] 控制路径段: 起点索引=0, 提取点数=1
[2026-09-20 12:34:24] 避障检测路径段: 起点索引=0, 提取点数=200
[0m[ INFO] [1789878864.801714700]: local_x: 0.1152, local_y: -0.0196, gear: 2,  error_heading: 0.6186[0m
[2026-09-20 12:34:24] 还未完成转向!
[0m[ INFO] [1789878864.848297711]: 0 points is not droped, 6.8179, 1.2007, -2.1959, 2, 6.8382, 1.3157, -1.5772[0m
[2026-09-20 12:34:24] 控制路径段: 起点索引=0, 提取点数=1
[2026-09-20 12:34:24] 避障检测路径段: 起点索引=0, 提取点数=200
[0m[ INFO] [1789878864.901798809]: local_x: 0.1123, local_y: -0.0207, gear: 2,  error_heading: 0.6183[0m
[2026-09-20 12:34:24] 还未完成转向!
[0m[ INFO] [1789878864.948165145]: 0 points is not droped, 6.8179, 1.2007, -2.1959, 2, 6.8394, 1.3128, -1.5776[0m
[2026-09-20 12:34:24] 控制路径段: 起点索引=0, 提取点数=1
[2026-09-20 12:34:24] 避障检测路径段: 起点索引=0, 提取点数=200
[0m[ INFO] [1789878865.001685315]: local_x: 0.1117, local_y: -0.0199, gear: 2,  error_heading: 0.6179[0m
[2026-09-20 12:34:25] 还未完成转向!
[0m[ INFO] [1789878865.048583305]: 0 points is not droped, 6.8179, 1.2007, -2.1959, 2, 6.8386, 1.3122, -1.5779[0m
[2026-09-20 12:34:25] 控制路径段: 起点索引=0, 提取点数=1
[2026-09-20 12:34:25] 避障检测路径段: 起点索引=0, 提取点数=200
[0m[ INFO] [1789878865.101689998]: local_x: 0.1094, local_y: -0.0202, gear: 2,  error_heading: 0.6180[0m
[2026-09-20 12:34:25] 还未完成转向!
[0m[ INFO] [1789878865.148148848]: 0 points is not droped, 6.8179, 1.2007, -2.1959, 2, 6.8388, 1.3099, -1.5778[0m
[2026-09-20 12:34:25] 控制路径段: 起点索引=0, 提取点数=1
[2026-09-20 12:34:25] 避障检测路径段: 起点索引=0, 提取点数=200
[0m[ INFO] [1789878865.201701242]: local_x: 0.1087, local_y: -0.0196, gear: 2,  error_heading: 0.6183[0m
[2026-09-20 12:34:25] 还未完成转向!
[0m[ INFO] [1789878865.248163451]: 0 points is not droped, 6.8179, 1.2007, -2.1959, 2, 6.8382, 1.3092, -1.5776[0m
[2026-09-20 12:34:25] 控制路径段: 起点索引=0, 提取点数=1
[2026-09-20 12:34:25] 避障检测路径段: 起点索引=0, 提取点数=200
[0m[ INFO] [1789878865.301683685]: local_x: 0.1088, local_y: -0.0160, gear: 2,  error_heading: 0.6191[0m
[2026-09-20 12:34:25] 还未完成转向!
[0m[ INFO] [1789878865.348196167]: 0 points is not droped, 6.8179, 1.2007, -2.1959, 2, 6.8345, 1.3094, -1.5768[0m
[2026-09-20 12:34:25] 控制路径段: 起点索引=0, 提取点数=1
[2026-09-20 12:34:25] 避障检测路径段: 起点索引=0, 提取点数=200
[0m[ INFO] [1789878865.401698609]: local_x: 0.1082, local_y: -0.0209, gear: 2,  error_heading: 0.6174[0m
[2026-09-20 12:34:25] 还未完成转向!
[0m[ INFO] [1789878865.448364628]: 0 points is not droped, 6.8179, 1.2007, -2.1959, 2, 6.8396, 1.3087, -1.5784[0m
[2026-09-20 12:34:25] 控制路径段: 起点索引=0, 提取点数=1
[2026-09-20 12:34:25] 避障检测路径段: 起点索引=0, 提取点数=200
[0m[ INFO] [1789878865.501706524]: local_x: 0.1069, local_y: -0.0212, gear: 2,  error_heading: 0.6182[0m
[2026-09-20 12:34:25] 还未完成转向!
[0m[ INFO] [1789878865.548177790]: 0 points is not droped, 6.8179, 1.2007, -2.1959, 2, 6.8398, 1.3074, -1.5776[0m
[2026-09-20 12:34:25] 控制路径段: 起点索引=0, 提取点数=1
[2026-09-20 12:34:25] 避障检测路径段: 起点索引=0, 提取点数=200
[0m[ INFO] [1789878865.602005675]: local_x: 0.1066, local_y: -0.0210, gear: 2,  error_heading: 0.6173[0m
[2026-09-20 12:34:25] 还未完成转向!
[0m[ INFO] [1789878865.648168393]: 0 points is not droped, 6.8179, 1.2007, -2.1959, 2, 6.8397, 1.3071, -1.5786[0m
[2026-09-20 12:34:25] 控制路径段: 起点索引=0, 提取点数=1
[2026-09-20 12:34:25] 避障检测路径段: 起点索引=0, 提取点数=200
[0m[ INFO] [1789878865.701676019]: local_x: 0.1053, local_y: -0.0210, gear: 2,  error_heading: 0.6169[0m
[2026-09-20 12:34:25] 还未完成转向!
[0m[ INFO] [1789878865.748245109]: 0 points is not droped, 6.8179, 1.2007, -2.1959, 2, 6.8398, 1.3058, -1.5789[0m
[2026-09-20 12:34:25] 控制路径段: 起点索引=0, 提取点数=1
[2026-09-20 12:34:25] 避障检测路径段: 起点索引=0, 提取点数=200
[0m[ INFO] [1789878865.801665662]: local_x: 0.1062, local_y: -0.0212, gear: 2,  error_heading: 0.6172[0m
[2026-09-20 12:34:25] 还未完成转向!
[0m[ INFO] [1789878865.848196608]: 0 points is not droped, 6.8179, 1.2007, -2.1959, 2, 6.8399, 1.3067, -1.5787[0m
[2026-09-20 12:34:25] 控制路径段: 起点索引=0, 提取点数=1
[2026-09-20 12:34:25] 避障检测路径段: 起点索引=0, 提取点数=200
[0m[ INFO] [1789878865.919647460]: local_x: 0.1062, local_y: -0.0219, gear: 2,  error_heading: 0.6169[0m
[2026-09-20 12:34:25] 还未完成转向!
[0m[ INFO] [1789878865.948163883]: 0 points is not droped, 6.8179, 1.2007, -2.1959, 2, 6.8407, 1.3066, -1.5789[0m
[2026-09-20 12:34:25] 控制路径段: 起点索引=0, 提取点数=1
[2026-09-20 12:34:25] 避障检测路径段: 起点索引=0, 提取点数=200
[0m[ INFO] [1789878866.001710486]: local_x: 0.1070, local_y: -0.0217, gear: 2,  error_heading: 0.6169[0m
[2026-09-20 12:34:26] 还未完成转向!
[0m[ INFO] [1789878866.048181015]: 0 points is not droped, 6.8179, 1.2007, -2.1959, 2, 6.8405, 1.3075, -1.5790[0m
[2026-09-20 12:34:26] 控制路径段: 起点索引=0, 提取点数=1
[2026-09-20 12:34:26] 避障检测路径段: 起点索引=0, 提取点数=200
[0m[ INFO] [1789878866.101700801]: local_x: 0.1052, local_y: -0.0220, gear: 2,  error_heading: 0.6171[0m
[2026-09-20 12:34:26] 还未完成转向!
[0m[ INFO] [1789878866.148356068]: 0 points is not droped, 6.8179, 1.2007, -2.1959, 2, 6.8407, 1.3057, -1.5787[0m
[2026-09-20 12:34:26] 控制路径段: 起点索引=0, 提取点数=1
[2026-09-20 12:34:26] 避障检测路径段: 起点索引=0, 提取点数=200
[0m[ INFO] [1789878866.201837870]: local_x: 0.1059, local_y: -0.0216, gear: 2,  error_heading: 0.6169[0m
[2026-09-20 12:34:26] 还未完成转向!
[0m[ INFO] [1789878866.248134861]: 0 points is not droped, 6.8179, 1.2007, -2.1959, 2, 6.8404, 1.3064, -1.5790[0m
[2026-09-20 12:34:26] 控制路径段: 起点索引=0, 提取点数=1
[2026-09-20 12:34:26] 避障检测路径段: 起点索引=0, 提取点数=200
[0m[ INFO] [1789878866.301673048]: local_x: 0.1052, local_y: -0.0231, gear: 2,  error_heading: 0.6174[0m
[2026-09-20 12:34:26] 还未完成转向!
[0m[ INFO] [1789878866.348137305]: 0 points is not droped, 6.8179, 1.2007, -2.1959, 2, 6.8418, 1.3057, -1.5785[0m
[2026-09-20 12:34:26] 控制路径段: 起点索引=0, 提取点数=1
[2026-09-20 12:34:26] 避障检测路径段: 起点索引=0, 提取点数=200
[0m[ INFO] [1789878866.402051015]: local_x: 0.1063, local_y: -0.0215, gear: 2,  error_heading: 0.6170[0m
[2026-09-20 12:34:27] 还未完成转向!
[0m[ INFO] [1789878867.448135927]: 0 points is not droped, 6.8179, 1.2007, -2.1959, 2, 6.8403, 1.3067, -1.5788[0m
[2026-09-20 12:34:27] 控制路径段: 起点索引=0, 提取点数=1
[2026-09-20 12:34:27] 避障检测路径段: 起点索引=0, 提取点数=200
[0m[ INFO] [1789878867.448431066]: local_x: -0.5084, local_y: -0.0316, gear: 2,  error_heading: 0.5471[0m
[2026-09-20 12:34:27] 还未完成转向!
[0m[ INFO] [1789878867.499739565]: 0 points is not droped, 6.8179, 1.2007, -2.1959, 2, 6.8098, 0.6914, -1.6487[0m
[2026-09-20 12:34:27] 控制路径段: 起点索引=0, 提取点数=1
[2026-09-20 12:34:27] 避障检测路径段: 起点索引=0, 提取点数=200
[0m[ INFO] [1789878867.548557158]: local_x: -0.6096, local_y: -0.0346, gear: 2,  error_heading: 0.5481[0m
[2026-09-20 12:34:27] 还未完成转向!
[0m[ INFO] [1789878867.599955643]: 0 points is not droped, 6.8179, 1.2007, -2.1959, 2, 6.8056, 0.5902, -1.6477[0m
[2026-09-20 12:34:27] 控制路径段: 起点索引=0, 提取点数=1
[2026-09-20 12:34:27] 避障检测路径段: 起点索引=0, 提取点数=200
[0m[ INFO] [1789878867.648724052]: local_x: -0.7067, local_y: -0.0228, gear: 2,  error_heading: 0.5528[0m
[2026-09-20 12:34:27] 还未完成转向!
[0m[ INFO] [1789878867.698943452]: 0 points is not droped, 6.8179, 1.2007, -2.1959, 2, 6.7896, 0.4941, -1.6430[0m
[2026-09-20 12:34:27] 控制路径段: 起点索引=0, 提取点数=1
[2026-09-20 12:34:27] 避障检测路径段: 起点索引=0, 提取点数=200
[0m[ INFO] [1789878867.748553565]: local_x: -0.7758, local_y: -0.0278, gear: 2,  error_heading: 0.5511[0m
[2026-09-20 12:34:27] 还未完成转向!
[0m[ INFO] [1789878867.798178335]: 0 points is not droped, 6.8179, 1.2007, -2.1959, 2, 6.7883, 0.4249, -1.6448[0m
[2026-09-20 12:34:27] 控制路径段: 起点索引=0, 提取点数=1
[2026-09-20 12:34:27] 避障检测路径段: 起点索引=0, 提取点数=200
[0m[ INFO] [1789878867.848524392]: local_x: -0.8187, local_y: -0.0071, gear: 2,  error_heading: 0.5733[0m
[2026-09-20 12:34:27] 还未完成转向!
[0m[ INFO] [1789878867.902914940]: 0 points is not droped, 6.8179, 1.2007, -2.1959, 2, 6.7826, 0.3827, -1.6226[0m
[2026-09-20 12:34:27] 控制路径段: 起点索引=0, 提取点数=1
[2026-09-20 12:34:27] 避障检测路径段: 起点索引=0, 提取点数=200
[0m[ INFO] [1789878867.948544853]: local_x: -0.8343, local_y: 0.0044, gear: 2,  error_heading: 0.5865[0m
[2026-09-20 12:34:27] 还未完成转向!
[0m[ INFO] [1789878867.998689661]: 0 points is not droped, 6.8179, 1.2007, -2.1959, 2, 6.7813, 0.3672, -1.6093[0m
[2026-09-20 12:34:27] 控制路径段: 起点索引=0, 提取点数=1
[2026-09-20 12:34:27] 避障检测路径段: 起点索引=0, 提取点数=200
[0m[ INFO] [1789878868.048555201]: local_x: -0.8314, local_y: -0.0114, gear: 2,  error_heading: 0.5699[0m
[2026-09-20 12:34:28] 还未完成转向!
[0m[ INFO] [1789878868.099795316]: 0 points is not droped, 6.8179, 1.2007, -2.1959, 2, 6.7834, 0.3699, -1.6259[0m
[2026-09-20 12:34:28] 控制路径段: 起点索引=0, 提取点数=1
[2026-09-20 12:34:28] 避障检测路径段: 起点索引=0, 提取点数=200
[0m[ INFO] [1789878868.148588814]: local_x: -0.8339, local_y: -0.0346, gear: 2,  error_heading: 0.5430[0m
[2026-09-20 12:34:28] 还未完成转向!
[0m[ INFO] [1789878868.199431869]: 0 points is not droped, 6.8179, 1.2007, -2.1959, 2, 6.7840, 0.3667, -1.6529[0m
[2026-09-20 12:34:28] 控制路径段: 起点索引=0, 提取点数=1
[2026-09-20 12:34:28] 避障检测路径段: 起点索引=0, 提取点数=200
[0m[ INFO] [1789878868.248549466]: local_x: -0.8303, local_y: -0.0616, gear: 2,  error_heading: 0.5130[0m
[2026-09-20 12:34:28] 还未完成转向!
[0m[ INFO] [1789878868.298233405]: 0 points is not droped, 6.8179, 1.2007, -2.1959, 2, 6.7863, 0.3687, -1.6828[0m
[2026-09-20 12:34:28] 控制路径段: 起点索引=0, 提取点数=1
[2026-09-20 12:34:28] 避障检测路径段: 起点索引=0, 提取点数=200
[0m[ INFO] [1789878868.348557798]: local_x: -0.8048, local_y: -0.0793, gear: 2,  error_heading: 0.4780[0m
[2026-09-20 12:34:28] 还未完成转向!
[0m[ INFO] [1789878868.398310986]: 0 points is not droped, 6.8179, 1.2007, -2.1959, 2, 6.7784, 0.3929, -1.7179[0m
[2026-09-20 12:34:28] 控制路径段: 起点索引=0, 提取点数=1
[2026-09-20 12:34:28] 避障检测路径段: 起点索引=0, 提取点数=200
[0m[ INFO] [1789878868.448823062]: local_x: -0.8041, local_y: -0.1035, gear: 2,  error_heading: 0.4454[0m
[2026-09-20 12:34:28] 还未完成转向!
[0m[ INFO] [1789878868.498229878]: 0 points is not droped, 6.8179, 1.2007, -2.1959, 2, 6.7761, 0.3910, -1.7504[0m
[2026-09-20 12:34:28] 控制路径段: 起点索引=0, 提取点数=1
[2026-09-20 12:34:28] 避障检测路径段: 起点索引=0, 提取点数=200
[0m[ INFO] [1789878868.548590496]: local_x: -0.7970, local_y: -0.1332, gear: 2,  error_heading: 0.4078[0m
[2026-09-20 12:34:28] 还未完成转向!
[0m[ INFO] [1789878868.600308536]: 0 points is not droped, 6.8179, 1.2007, -2.1959, 2, 6.7761, 0.3937, -1.7881[0m
[2026-09-20 12:34:28] 控制路径段: 起点索引=0, 提取点数=1
[2026-09-20 12:34:28] 避障检测路径段: 起点索引=0, 提取点数=200
[0m[ INFO] [1789878868.648609004]: local_x: -0.7901, local_y: -0.1692, gear: 2,  error_heading: 0.3619[0m
[2026-09-20 12:34:28] 还未完成转向!
[0m[ INFO] [1789878868.698565650]: 0 points is not droped, 6.8179, 1.2007, -2.1959, 2, 6.7757, 0.3937, -1.8340[0m
[2026-09-20 12:34:28] 控制路径段: 起点索引=0, 提取点数=1
[2026-09-20 12:34:28] 避障检测路径段: 起点索引=0, 提取点数=200
[0m[ INFO] [1789878868.748822651]: local_x: -0.7775, local_y: -0.2032, gear: 2,  error_heading: 0.3166[0m
[2026-09-20 12:34:28] 还未完成转向!
[0m[ INFO] [1789878868.798289947]: 0 points is not droped, 6.8179, 1.2007, -2.1959, 2, 6.7754, 0.3982, -1.8793[0m
[2026-09-20 12:34:28] 控制路径段: 起点索引=0, 提取点数=1
[2026-09-20 12:34:28] 避障检测路径段: 起点索引=0, 提取点数=200
[0m[ INFO] [1789878868.848549732]: local_x: -0.7684, local_y: -0.2407, gear: 2,  error_heading: 0.2712[0m
[2026-09-20 12:34:28] 还未完成转向!
[0m[ INFO] [1789878868.898831853]: 0 points is not droped, 6.8179, 1.2007, -2.1959, 2, 6.7774, 0.3965, -1.9246[0m
[2026-09-20 12:34:28] 控制路径段: 起点索引=0, 提取点数=1
[2026-09-20 12:34:28] 避障检测路径段: 起点索引=0, 提取点数=200
[0m[ INFO] [1789878868.948542513]: local_x: -0.7537, local_y: -0.2729, gear: 2,  error_heading: 0.2280[0m
[2026-09-20 12:34:29] 还未完成转向!
[0m[ INFO] [1789878869.001129362]: 0 points is not droped, 6.8179, 1.2007, -2.1959, 2, 6.7781, 0.4000, -1.9679[0m
[2026-09-20 12:34:29] 控制路径段: 起点索引=0, 提取点数=1
[2026-09-20 12:34:29] 避障检测路径段: 起点索引=0, 提取点数=200
[0m[ INFO] [1789878869.048549821]: local_x: -0.7426, local_y: -0.3084, gear: 2,  error_heading: 0.1837[0m
[2026-09-20 12:34:29] 还未完成转向!
[0m[ INFO] [1789878869.098364993]: 0 points is not droped, 6.8179, 1.2007, -2.1959, 2, 6.7795, 0.3975, -2.0121[0m
[2026-09-20 12:34:29] 控制路径段: 起点索引=0, 提取点数=1
[2026-09-20 12:34:29] 避障检测路径段: 起点索引=0, 提取点数=200
[0m[ INFO] [1789878869.148545513]: local_x: -0.7251, local_y: -0.3375, gear: 2,  error_heading: 0.1420[0m
[2026-09-20 12:34:29] 还未完成转向!
[0m[ INFO] [1789878869.198634704]: 0 points is not droped, 6.8179, 1.2007, -2.1959, 2, 6.7800, 0.4018, -2.0539[0m
[2026-09-20 12:34:29] 控制路径段: 起点索引=0, 提取点数=1
[2026-09-20 12:34:29] 避障检测路径段: 起点索引=0, 提取点数=200
[0m[ INFO] [1789878869.248538678]: local_x: -0.7145, local_y: -0.3536, gear: 2,  error_heading: 0.1164[0m
[2026-09-20 12:34:29] 还未完成转向!
[0m[ INFO] [1789878869.300642450]: 0 points is not droped, 6.8179, 1.2007, -2.1959, 2, 6.7787, 0.4044, -2.0794[0m
[2026-09-20 12:34:29] 控制路径段: 起点索引=0, 提取点数=1
[2026-09-20 12:34:29] 避障检测路径段: 起点索引=0, 提取点数=200
[33m[ WARN] [1789878869.399480818]: First gear=2 point is dropped[0m
[0m[ INFO] [1789878869.348551074]: local_x: -0.7071, local_y: -0.3870, gear: 2,  error_heading: 0.0743[0m
[0m[ INFO] [1789878869.399427505]: gear=2 points is droped, 6.8179, 1.2007[0m
[2026-09-20 12:34:29] 转向完成!
[2026-09-20 12:34:29] 控制路径段: 起点索引=1, 提取点数=2
[2026-09-20 12:34:29] 避障检测路径段: 起点索引=1, 提取点数=200
[0m[ INFO] [1789878869.448547054]: local_x: -0.5467, local_y: -0.4180, gear: 1,  error_heading: 0.0436[0m
[0m[ INFO] [1789878869.448599919]: gear=1 points is droped, 6.7301, 1.0790[0m
[2026-09-20 12:34:29] 控制路径段: 起点索引=2, 提取点数=1
[2026-09-20 12:34:29] 避障检测路径段: 起点索引=2, 提取点数=200
[0m[ INFO] [1789878869.548644860]: local_x: -0.4822, local_y: -0.4327, gear: 2,  error_heading: 1.9408[0m
[2026-09-20 12:34:29] 还未完成转向!
[0m[ INFO] [1789878869.598507617]: 2 points is not droped, 6.7012, 1.0390, 2.1601, 2, 6.7787, 0.3957, -2.1823[0m
[2026-09-20 12:34:29] 控制路径段: 起点索引=2, 提取点数=1
[2026-09-20 12:34:29] 避障检测路径段: 起点索引=2, 提取点数=200
[0m[ INFO] [1789878869.648563815]: local_x: -0.4900, local_y: -0.4483, gear: 2,  error_heading: 1.9352[0m
[2026-09-20 12:34:29] 还未完成转向!
[0m[ INFO] [1789878869.698344875]: 2 points is not droped, 6.7012, 1.0390, 2.1601, 2, 6.7833, 0.3799, -2.1878[0m
[2026-09-20 12:34:29] 控制路径段: 起点索引=2, 提取点数=1
[2026-09-20 12:34:29] 避障检测路径段: 起点索引=2, 提取点数=200
[0m[ INFO] [1789878869.748549780]: local_x: -0.4842, local_y: -0.4621, gear: 2,  error_heading: 1.9202[0m
[2026-09-20 12:34:29] 还未完成转向!
[0m[ INFO] [1789878869.798544666]: 2 points is not droped, 6.7012, 1.0390, 2.1601, 2, 6.7880, 0.3753, -2.2029[0m
[2026-09-20 12:34:29] 控制路径段: 起点索引=2, 提取点数=1
[2026-09-20 12:34:29] 避障检测路径段: 起点索引=2, 提取点数=200
[0m[ INFO] [1789878869.848590496]: local_x: -0.4682, local_y: -0.4848, gear: 2,  error_heading: 1.8763[0m
[2026-09-20 12:34:29] 还未完成转向!
[0m[ INFO] [1789878869.900583419]: 2 points is not droped, 6.7012, 1.0390, 2.1601, 2, 6.7865, 0.3705, -2.2468[0m
[2026-09-20 12:34:29] 控制路径段: 起点索引=2, 提取点数=1
[2026-09-20 12:34:29] 避障检测路径段: 起点索引=2, 提取点数=200
[0m[ INFO] [1789878869.948659949]: local_x: -0.4450, local_y: -0.5034, gear: 2,  error_heading: 1.8311[0m
[2026-09-20 12:34:29] 还未完成转向!
[0m[ INFO] [1789878869.998305520]: 2 points is not droped, 6.7012, 1.0390, 2.1601, 2, 6.7854, 0.3724, -2.2920[0m
[2026-09-20 12:34:29] 控制路径段: 起点索引=2, 提取点数=1
[2026-09-20 12:34:29] 避障检测路径段: 起点索引=2, 提取点数=200
[0m[ INFO] [1789878870.048696954]: local_x: -0.4121, local_y: -0.5311, gear: 2,  error_heading: 1.7665[0m
[2026-09-20 12:34:30] 还未完成转向!
[0m[ INFO] [1789878870.099283494]: 2 points is not droped, 6.7012, 1.0390, 2.1601, 2, 6.7852, 0.3720, -2.3565[0m
[2026-09-20 12:34:30] 控制路径段: 起点索引=2, 提取点数=1
[2026-09-20 12:34:30] 避障检测路径段: 起点索引=2, 提取点数=200
[0m[ INFO] [1789878870.148541637]: local_x: -0.3819, local_y: -0.5534, gear: 2,  error_heading: 1.7094[0m
[2026-09-20 12:34:30] 还未完成转向!
[0m[ INFO] [1789878870.198601932]: 2 points is not droped, 6.7012, 1.0390, 2.1601, 2, 6.7843, 0.3717, -2.4137[0m
[2026-09-20 12:34:30] 控制路径段: 起点索引=2, 提取点数=1
[2026-09-20 12:34:30] 避障检测路径段: 起点索引=2, 提取点数=200
[0m[ INFO] [1789878870.248542289]: local_x: -0.3603, local_y: -0.5716, gear: 2,  error_heading: 1.6686[0m
[2026-09-20 12:34:30] 还未完成转向!
[0m[ INFO] [1789878870.299171326]: 2 points is not droped, 6.7012, 1.0390, 2.1601, 2, 6.7853, 0.3685, -2.4544[0m
[2026-09-20 12:34:30] 控制路径段: 起点索引=2, 提取点数=1
[2026-09-20 12:34:30] 避障检测路径段: 起点索引=2, 提取点数=200
[0m[ INFO] [1789878870.348544638]: local_x: -0.3256, local_y: -0.5844, gear: 2,  error_heading: 1.6091[0m
[2026-09-20 12:34:30] 还未完成转向!
[0m[ INFO] [1789878870.399736720]: 2 points is not droped, 6.7012, 1.0390, 2.1601, 2, 6.7808, 0.3747, -2.5140[0m
[2026-09-20 12:34:30] 控制路径段: 起点索引=2, 提取点数=1
[2026-09-20 12:34:30] 避障检测路径段: 起点索引=2, 提取点数=200
[0m[ INFO] [1789878870.448581706]: local_x: -0.2951, local_y: -0.6038, gear: 2,  error_heading: 1.5538[0m
[2026-09-20 12:34:30] 还未完成转向!
[0m[ INFO] [1789878870.498597617]: 2 points is not droped, 6.7012, 1.0390, 2.1601, 2, 6.7802, 0.3716, -2.5692[0m
[2026-09-20 12:34:30] 控制路径段: 起点索引=2, 提取点数=1
[2026-09-20 12:34:30] 避障检测路径段: 起点索引=2, 提取点数=200
[0m[ INFO] [1789878870.548641399]: local_x: -0.2597, local_y: -0.6188, gear: 2,  error_heading: 1.4919[0m
[2026-09-20 12:34:30] 还未完成转向!
[0m[ INFO] [1789878870.602407205]: 2 points is not droped, 6.7012, 1.0390, 2.1601, 2, 6.7770, 0.3721, -2.6312[0m
[2026-09-20 12:34:30] 控制路径段: 起点索引=2, 提取点数=1
[2026-09-20 12:34:30] 避障检测路径段: 起点索引=2, 提取点数=200
[0m[ INFO] [1789878870.648530435]: local_x: -0.2272, local_y: -0.6335, gear: 2,  error_heading: 1.4401[0m
[2026-09-20 12:34:30] 还未完成转向!
[0m[ INFO] [1789878870.698184677]: 2 points is not droped, 6.7012, 1.0390, 2.1601, 2, 6.7780, 0.3704, -2.6830[0m
[2026-09-20 12:34:30] 控制路径段: 起点索引=2, 提取点数=1
[2026-09-20 12:34:30] 避障检测路径段: 起点索引=2, 提取点数=200
[0m[ INFO] [1789878870.748547087]: local_x: -0.1954, local_y: -0.6443, gear: 2,  error_heading: 1.3908[0m
[2026-09-20 12:34:30] 还未完成转向!
[0m[ INFO] [1789878870.798827480]: 2 points is not droped, 6.7012, 1.0390, 2.1601, 2, 6.7784, 0.3701, -2.7323[0m
[2026-09-20 12:34:30] 控制路径段: 起点索引=2, 提取点数=1
[2026-09-20 12:34:30] 避障检测路径段: 起点索引=2, 提取点数=200
[0m[ INFO] [1789878870.848670493]: local_x: -0.1592, local_y: -0.6561, gear: 2,  error_heading: 1.3362[0m
[2026-09-20 12:34:30] 还未完成转向!
[0m[ INFO] [1789878870.901208285]: 2 points is not droped, 6.7012, 1.0390, 2.1601, 2, 6.7798, 0.3684, -2.7869[0m
[2026-09-20 12:34:30] 控制路径段: 起点索引=2, 提取点数=1
[2026-09-20 12:34:30] 避障检测路径段: 起点索引=2, 提取点数=200
[0m[ INFO] [1789878870.948562120]: local_x: -0.1206, local_y: -0.6629, gear: 2,  error_heading: 1.2786[0m
[2026-09-20 12:34:30] 还未完成转向!
[0m[ INFO] [1789878870.998316460]: 2 points is not droped, 6.7012, 1.0390, 2.1601, 2, 6.7799, 0.3698, -2.8445[0m
[2026-09-20 12:34:30] 控制路径段: 起点索引=2, 提取点数=1
[2026-09-20 12:34:30] 避障检测路径段: 起点索引=2, 提取点数=200
[0m[ INFO] [1789878871.048544692]: local_x: -0.0771, local_y: -0.6710, gear: 2,  error_heading: 1.2168[0m
[2026-09-20 12:34:31] 还未完成转向!
[0m[ INFO] [1789878871.098571867]: 2 points is not droped, 6.7012, 1.0390, 2.1601, 2, 6.7827, 0.3685, -2.9063[0m
[2026-09-20 12:34:31] 控制路径段: 起点索引=2, 提取点数=1
[2026-09-20 12:34:31] 避障检测路径段: 起点索引=2, 提取点数=200
[0m[ INFO] [1789878871.148547873]: local_x: -0.0379, local_y: -0.6741, gear: 2,  error_heading: 1.1592[0m
[2026-09-20 12:34:31] 还未完成转向!
[0m[ INFO] [1789878871.198810154]: 2 points is not droped, 6.7012, 1.0390, 2.1601, 2, 6.7831, 0.3687, -2.9638[0m
[2026-09-20 12:34:31] 控制路径段: 起点索引=2, 提取点数=1
[2026-09-20 12:34:31] 避障检测路径段: 起点索引=2, 提取点数=200
[0m[ INFO] [1789878871.248552749]: local_x: -0.0193, local_y: -0.6754, gear: 2,  error_heading: 1.1325[0m
[2026-09-20 12:34:31] 还未完成转向!
[0m[ INFO] [1789878871.298141295]: 2 points is not droped, 6.7012, 1.0390, 2.1601, 2, 6.7837, 0.3683, -2.9905[0m
[2026-09-20 12:34:31] 控制路径段: 起点索引=2, 提取点数=1
[2026-09-20 12:34:31] 避障检测路径段: 起点索引=2, 提取点数=200
[0m[ INFO] [1789878871.348551129]: local_x: 0.0322, local_y: -0.6689, gear: 2,  error_heading: 1.0545[0m
[2026-09-20 12:34:31] 还未完成转向!
[0m[ INFO] [1789878871.398112155]: 2 points is not droped, 6.7012, 1.0390, 2.1601, 2, 6.7821, 0.3742, -3.0685[0m
[2026-09-20 12:34:31] 控制路径段: 起点索引=2, 提取点数=1
[2026-09-20 12:34:31] 避障检测路径段: 起点索引=2, 提取点数=200
[0m[ INFO] [1789878871.448545382]: local_x: 0.0724, local_y: -0.6675, gear: 2,  error_heading: 0.9969[0m
[2026-09-20 12:34:31] 还未完成转向!
[0m[ INFO] [1789878871.498198312]: 2 points is not droped, 6.7012, 1.0390, 2.1601, 2, 6.7839, 0.3726, -3.1262[0m
[2026-09-20 12:34:31] 控制路径段: 起点索引=2, 提取点数=1
[2026-09-20 12:34:31] 避障检测路径段: 起点索引=2, 提取点数=200
[0m[ INFO] [1789878871.548601299]: local_x: 0.1091, local_y: -0.6636, gear: 2,  error_heading: 0.9399[0m
[2026-09-20 12:34:31] 还未完成转向!
[0m[ INFO] [1789878871.598333942]: 2 points is not droped, 6.7012, 1.0390, 2.1601, 2, 6.7826, 0.3714, 3.1000[0m
[2026-09-20 12:34:31] 控制路径段: 起点索引=2, 提取点数=1
[2026-09-20 12:34:31] 避障检测路径段: 起点索引=2, 提取点数=200
[0m[ INFO] [1789878871.648548990]: local_x: 0.1408, local_y: -0.6614, gear: 2,  error_heading: 0.8970[0m
[2026-09-20 12:34:31] 还未完成转向!
[0m[ INFO] [1789878871.698202529]: 2 points is not droped, 6.7012, 1.0390, 2.1601, 2, 6.7857, 0.3681, 3.0571[0m
[2026-09-20 12:34:31] 控制路径段: 起点索引=2, 提取点数=1
[2026-09-20 12:34:31] 避障检测路径段: 起点索引=2, 提取点数=200
[0m[ INFO] [1789878871.748562155]: local_x: 0.1732, local_y: -0.6548, gear: 2,  error_heading: 0.8454[0m
[2026-09-20 12:34:31] 还未完成转向!
[0m[ INFO] [1789878871.798277870]: 2 points is not droped, 6.7012, 1.0390, 2.1601, 2, 6.7839, 0.3667, 3.0055[0m
[2026-09-20 12:34:31] 控制路径段: 起点索引=2, 提取点数=1
[2026-09-20 12:34:31] 避障检测路径段: 起点索引=2, 提取点数=200
[0m[ INFO] [1789878871.848631992]: local_x: 0.2081, local_y: -0.6482, gear: 2,  error_heading: 0.7940[0m
[2026-09-20 12:34:31] 还未完成转向!
[0m[ INFO] [1789878871.898121528]: 2 points is not droped, 6.7012, 1.0390, 2.1601, 2, 6.7848, 0.3633, 2.9541[0m
[2026-09-20 12:34:31] 控制路径段: 起点索引=2, 提取点数=1
[2026-09-20 12:34:31] 避障检测路径段: 起点索引=2, 提取点数=200
[0m[ INFO] [1789878871.948555842]: local_x: 0.2411, local_y: -0.6382, gear: 2,  error_heading: 0.7421[0m
[2026-09-20 12:34:31] 还未完成转向!
[0m[ INFO] [1789878871.998231844]: 2 points is not droped, 6.7012, 1.0390, 2.1601, 2, 6.7841, 0.3618, 2.9022[0m
[2026-09-20 12:34:31] 控制路径段: 起点索引=2, 提取点数=1
[2026-09-20 12:34:31] 避障检测路径段: 起点索引=2, 提取点数=200
[0m[ INFO] [1789878872.048575725]: local_x: 0.2761, local_y: -0.6276, gear: 2,  error_heading: 0.6879[0m
[2026-09-20 12:34:32] 还未完成转向!
[0m[ INFO] [1789878872.098236271]: 2 points is not droped, 6.7012, 1.0390, 2.1601, 2, 6.7839, 0.3583, 2.8480[0m
[2026-09-20 12:34:32] 控制路径段: 起点索引=2, 提取点数=1
[2026-09-20 12:34:32] 避障检测路径段: 起点索引=2, 提取点数=200
[0m[ INFO] [1789878872.148551255]: local_x: 0.3072, local_y: -0.6137, gear: 2,  error_heading: 0.6373[0m
[2026-09-20 12:34:32] 还未完成转向!
[0m[ INFO] [1789878872.198048119]: 2 points is not droped, 6.7012, 1.0390, 2.1601, 2, 6.7833, 0.3576, 2.7974[0m
[2026-09-20 12:34:32] 控制路径段: 起点索引=2, 提取点数=1
[2026-09-20 12:34:32] 避障检测路径段: 起点索引=2, 提取点数=200
[0m[ INFO] [1789878872.248553954]: local_x: 0.3177, local_y: -0.6056, gear: 2,  error_heading: 0.6118[0m
[2026-09-20 12:34:32] 还未完成转向!
[0m[ INFO] [1789878872.298148227]: 2 points is not droped, 6.7012, 1.0390, 2.1601, 2, 6.7786, 0.3595, 2.7719[0m
[2026-09-20 12:34:32] 控制路径段: 起点索引=2, 提取点数=1
[2026-09-20 12:34:32] 避障检测路径段: 起点索引=2, 提取点数=200
[0m[ INFO] [1789878872.348546540]: local_x: 0.3388, local_y: -0.5847, gear: 2,  error_heading: 0.5680[0m
[2026-09-20 12:34:32] 还未完成转向!
[0m[ INFO] [1789878872.398118317]: 2 points is not droped, 6.7012, 1.0390, 2.1601, 2, 6.7765, 0.3674, 2.7281[0m
[2026-09-20 12:34:32] 控制路径段: 起点索引=2, 提取点数=1
[2026-09-20 12:34:32] 避障检测路径段: 起点索引=2, 提取点数=200
[0m[ INFO] [1789878872.448593527]: local_x: 0.3649, local_y: -0.5726, gear: 2,  error_heading: 0.5251[0m
[2026-09-20 12:34:32] 还未完成转向!
[0m[ INFO] [1789878872.498188216]: 2 points is not droped, 6.7012, 1.0390, 2.1601, 2, 6.7765, 0.3642, 2.6852[0m
[2026-09-20 12:34:32] 控制路径段: 起点索引=2, 提取点数=1
[2026-09-20 12:34:32] 避障检测路径段: 起点索引=2, 提取点数=200
[0m[ INFO] [1789878872.548848868]: local_x: 0.3919, local_y: -0.5541, gear: 2,  error_heading: 0.4780[0m
[2026-09-20 12:34:32] 还未完成转向!
[0m[ INFO] [1789878872.598172067]: 2 points is not droped, 6.7012, 1.0390, 2.1601, 2, 6.7771, 0.3646, 2.6381[0m
[2026-09-20 12:34:32] 控制路径段: 起点索引=2, 提取点数=1
[2026-09-20 12:34:32] 避障检测路径段: 起点索引=2, 提取点数=200
[0m[ INFO] [1789878872.648599596]: local_x: 0.4184, local_y: -0.5368, gear: 2,  error_heading: 0.4316[0m
[2026-09-20 12:34:32] 还未完成转向!
[0m[ INFO] [1789878872.698843348]: 2 points is not droped, 6.7012, 1.0390, 2.1601, 2, 6.7774, 0.3626, 2.5917[0m
[2026-09-20 12:34:32] 控制路径段: 起点索引=2, 提取点数=1
[2026-09-20 12:34:32] 避障检测路径段: 起点索引=2, 提取点数=200
[0m[ INFO] [1789878872.748515894]: local_x: 0.4394, local_y: -0.5218, gear: 2,  error_heading: 0.3914[0m
[2026-09-20 12:34:32] 还未完成转向!
[0m[ INFO] [1789878872.798175704]: 2 points is not droped, 6.7012, 1.0390, 2.1601, 2, 6.7760, 0.3609, 2.5515[0m
[2026-09-20 12:34:32] 控制路径段: 起点索引=2, 提取点数=1
[2026-09-20 12:34:32] 避障检测路径段: 起点索引=2, 提取点数=200
[0m[ INFO] [1789878872.848578977]: local_x: 0.4596, local_y: -0.5087, gear: 2,  error_heading: 0.3562[0m
[2026-09-20 12:34:32] 还未完成转向!
[0m[ INFO] [1789878872.898089345]: 2 points is not droped, 6.7012, 1.0390, 2.1601, 2, 6.7761, 0.3575, 2.5163[0m
[2026-09-20 12:34:32] 控制路径段: 起点索引=2, 提取点数=1
[2026-09-20 12:34:32] 避障检测路径段: 起点索引=2, 提取点数=200
[0m[ INFO] [1789878872.948539531]: local_x: 0.4805, local_y: -0.4900, gear: 2,  error_heading: 0.3126[0m
[2026-09-20 12:34:32] 还未完成转向!
[0m[ INFO] [1789878872.998247374]: 2 points is not droped, 6.7012, 1.0390, 2.1601, 2, 6.7743, 0.3566, 2.4727[0m
[2026-09-20 12:34:32] 控制路径段: 起点索引=2, 提取点数=1
[2026-09-20 12:34:32] 避障检测路径段: 起点索引=2, 提取点数=200
[0m[ INFO] [1789878873.048567350]: local_x: 0.5031, local_y: -0.4665, gear: 2,  error_heading: 0.2664[0m
[2026-09-20 12:34:33] 还未完成转向!
[0m[ INFO] [1789878873.098266840]: 2 points is not droped, 6.7012, 1.0390, 2.1601, 2, 6.7752, 0.3568, 2.4265[0m
[2026-09-20 12:34:33] 控制路径段: 起点索引=2, 提取点数=1
[2026-09-20 12:34:33] 避障检测路径段: 起点索引=2, 提取点数=200
[0m[ INFO] [1789878873.148619841]: local_x: 0.5214, local_y: -0.4479, gear: 2,  error_heading: 0.2266[0m
[2026-09-20 12:34:33] 还未完成转向!
[0m[ INFO] [1789878873.198137634]: 2 points is not droped, 6.7012, 1.0390, 2.1601, 2, 6.7741, 0.3555, 2.3867[0m
[2026-09-20 12:34:33] 控制路径段: 起点索引=2, 提取点数=1
[2026-09-20 12:34:33] 避障检测路径段: 起点索引=2, 提取点数=200
[0m[ INFO] [1789878873.248542795]: local_x: 0.5341, local_y: -0.4357, gear: 2,  error_heading: 0.1977[0m
[2026-09-20 12:34:33] 还未完成转向!
[0m[ INFO] [1789878873.298123404]: 2 points is not droped, 6.7012, 1.0390, 2.1601, 2, 6.7719, 0.3533, 2.3578[0m
[2026-09-20 12:34:33] 控制路径段: 起点索引=2, 提取点数=1
[2026-09-20 12:34:33] 避障检测路径段: 起点索引=2, 提取点数=200
[0m[ INFO] [1789878873.348546230]: local_x: 0.5500, local_y: -0.4029, gear: 2,  error_heading: 0.1547[0m
[2026-09-20 12:34:33] 还未完成转向!
[0m[ INFO] [1789878873.398144887]: 2 points is not droped, 6.7012, 1.0390, 2.1601, 2, 6.7772, 0.3614, 2.3148[0m
[2026-09-20 12:34:33] 控制路径段: 起点索引=2, 提取点数=1
[2026-09-20 12:34:33] 避障检测路径段: 起点索引=2, 提取点数=200
[0m[ INFO] [1789878873.448586049]: local_x: 0.5636, local_y: -0.3887, gear: 2,  error_heading: 0.1268[0m
[2026-09-20 12:34:33] 还未完成转向!
[0m[ INFO] [1789878873.498204226]: 2 points is not droped, 6.7012, 1.0390, 2.1601, 2, 6.7780, 0.3586, 2.2869[0m
[2026-09-20 12:34:33] 控制路径段: 起点索引=2, 提取点数=1
[2026-09-20 12:34:33] 避障检测路径段: 起点索引=2, 提取点数=200
[0m[ INFO] [1789878873.548516010]: local_x: 0.5766, local_y: -0.3672, gear: 2,  error_heading: 0.0881[0m
[2026-09-20 12:34:33] 还未完成转向!
[0m[ INFO] [1789878873.598213869]: 2 points is not droped, 6.7012, 1.0390, 2.1601, 2, 6.7765, 0.3595, 2.2482[0m
[2026-09-20 12:34:33] 控制路径段: 起点索引=2, 提取点数=1
[2026-09-20 12:34:33] 避障检测路径段: 起点索引=2, 提取点数=200
[0m[ INFO] [1789878873.648669175]: local_x: 0.5919, local_y: -0.3422, gear: 2,  error_heading: 0.0443[0m
[0m[ INFO] [1789878873.698291512]: gear=2 points is droped, 6.7012, 1.0390[0m
[2026-09-20 12:34:33] 转向完成!
[2026-09-20 12:34:33] 控制路径段: 起点索引=3, 提取点数=27
[2026-09-20 12:34:33] 避障检测路径段: 起点索引=3, 提取点数=200
[0m[ INFO] [1789878873.748621953]: local_x: 0.7535, local_y: -0.3217, gear: 1,  error_heading: 0.0083[0m
[0m[ INFO] [1789878873.748674785]: 3 points is not droped, 6.6178, 1.1637, 2.1601, 1, 6.7759, 0.3597, 2.1684[0m
[2026-09-20 12:34:33] 控制路径段: 起点索引=3, 提取点数=27
[2026-09-20 12:34:33] 避障检测路径段: 起点索引=3, 提取点数=200
[0m[ INFO] [1789878873.848547786]: local_x: 0.7608, local_y: -0.3093, gear: 1,  error_heading: -0.0088[0m
[0m[ INFO] [1789878873.848602027]: 3 points is not droped, 6.6178, 1.1637, 2.1601, 1, 6.7765, 0.3578, 2.1513[0m
[2026-09-20 12:34:33] 控制路径段: 起点索引=3, 提取点数=27
[2026-09-20 12:34:33] 避障检测路径段: 起点索引=3, 提取点数=200
[0m[ INFO] [1789878873.948571477]: local_x: 0.7559, local_y: -0.3153, gear: 1,  error_heading: -0.0036[0m
[0m[ INFO] [1789878873.948636982]: 3 points is not droped, 6.6178, 1.1637, 2.1601, 1, 6.7730, 0.3595, 2.1565[0m
[2026-09-20 12:34:33] 控制路径段: 起点索引=3, 提取点数=27
[2026-09-20 12:34:33] 避障检测路径段: 起点索引=3, 提取点数=200
[0m[ INFO] [1789878874.048649441]: local_x: 0.7443, local_y: -0.3219, gear: 1,  error_heading: 0.0030[0m
[0m[ INFO] [1789878874.048722497]: 3 points is not droped, 6.6178, 1.1637, 2.1601, 1, 6.7663, 0.3664, 2.1631[0m
[2026-09-20 12:34:34] 控制路径段: 起点索引=3, 提取点数=27
[2026-09-20 12:34:34] 避障检测路径段: 起点索引=3, 提取点数=200
[0m[ INFO] [1789878874.148538922]: local_x: 0.7215, local_y: -0.3179, gear: 1,  error_heading: -0.0076[0m
[0m[ INFO] [1789878874.148592971]: 3 points is not droped, 6.6178, 1.1637, 2.1601, 1, 6.7486, 0.3862, 2.1525[0m
[2026-09-20 12:34:34] 控制路径段: 起点索引=3, 提取点数=27
[2026-09-20 12:34:34] 避障检测路径段: 起点索引=3, 提取点数=200
[0m[ INFO] [1789878874.248541461]: local_x: 0.7025, local_y: -0.3081, gear: 1,  error_heading: -0.0197[0m
[0m[ INFO] [1789878874.248605269]: 3 points is not droped, 6.6178, 1.1637, 2.1601, 1, 6.7372, 0.4059, 2.1404[0m
[2026-09-20 12:34:34] 控制路径段: 起点索引=3, 提取点数=27
[2026-09-20 12:34:34] 避障检测路径段: 起点索引=3, 提取点数=200
[0m[ INFO] [1789878874.348540767]: local_x: 0.6635, local_y: -0.3242, gear: 1,  error_heading: -0.0373[0m
[0m[ INFO] [1789878874.348598368]: 3 points is not droped, 6.6178, 1.1637, 2.1601, 1, 6.6898, 0.4287, 2.1228[0m
[2026-09-20 12:34:34] 控制路径段: 起点索引=3, 提取点数=27
[2026-09-20 12:34:34] 避障检测路径段: 起点索引=3, 提取点数=200
[0m[ INFO] [1789878874.448604426]: local_x: 0.6440, local_y: -0.3168, gear: 1,  error_heading: -0.0498[0m
[0m[ INFO] [1789878874.448660267]: 3 points is not droped, 6.6178, 1.1637, 2.1601, 1, 6.6769, 0.4484, 2.1103[0m
[2026-09-20 12:34:34] 控制路径段: 起点索引=3, 提取点数=27
[2026-09-20 12:34:34] 避障检测路径段: 起点索引=3, 提取点数=200
[0m[ INFO] [1789878874.548815511]: local_x: 0.6195, local_y: -0.3159, gear: 1,  error_heading: -0.0608[0m
[0m[ INFO] [1789878874.548868696]: 3 points is not droped, 6.6178, 1.1637, 2.1601, 1, 6.6574, 0.4694, 2.0993[0m
[2026-09-20 12:34:34] 控制路径段: 起点索引=3, 提取点数=27
[2026-09-20 12:34:34] 避障检测路径段: 起点索引=3, 提取点数=200
[0m[ INFO] [1789878874.648556223]: local_x: 0.5994, local_y: -0.3075, gear: 1,  error_heading: -0.0732[0m
[0m[ INFO] [1789878874.648612928]: 3 points is not droped, 6.6178, 1.1637, 2.1601, 1, 6.6462, 0.4906, 2.0869[0m
[2026-09-20 12:34:34] 控制路径段: 起点索引=3, 提取点数=27
[2026-09-20 12:34:34] 避障检测路径段: 起点索引=3, 提取点数=200
[0m[ INFO] [1789878874.748566314]: local_x: 0.5739, local_y: -0.3085, gear: 1,  error_heading: -0.0847[0m
[0m[ INFO] [1789878874.748631114]: 3 points is not droped, 6.6178, 1.1637, 2.1601, 1, 6.6252, 0.5121, 2.0754[0m
[2026-09-20 12:34:34] 控制路径段: 起点索引=3, 提取点数=27
[2026-09-20 12:34:34] 避障检测路径段: 起点索引=3, 提取点数=200
[0m[ INFO] [1789878874.848551060]: local_x: 0.5640, local_y: -0.2813, gear: 1,  error_heading: -0.0917[0m
[0m[ INFO] [1789878874.848606421]: 3 points is not droped, 6.6178, 1.1637, 2.1601, 1, 6.6399, 0.5338, 2.0684[0m
[2026-09-20 12:34:34] 控制路径段: 起点索引=3, 提取点数=27
[2026-09-20 12:34:34] 避障检测路径段: 起点索引=3, 提取点数=200
[0m[ INFO] [1789878874.948536702]: local_x: 0.5382, local_y: -0.2822, gear: 1,  error_heading: -0.1025[0m
[0m[ INFO] [1789878874.948594207]: 3 points is not droped, 6.6178, 1.1637, 2.1601, 1, 6.6202, 0.5560, 2.0576[0m
[2026-09-20 12:34:34] 控制路径段: 起点索引=3, 提取点数=27
[2026-09-20 12:34:34] 避障检测路径段: 起点索引=3, 提取点数=200
[0m[ INFO] [1789878875.048603626]: local_x: 0.5141, local_y: -0.2761, gear: 1,  error_heading: -0.1143[0m
[0m[ INFO] [1789878875.048664778]: 3 points is not droped, 6.6178, 1.1637, 2.1601, 1, 6.6074, 0.5802, 2.0458[0m
[2026-09-20 12:34:35] 控制路径段: 起点索引=3, 提取点数=27
[2026-09-20 12:34:35] 避障检测路径段: 起点索引=3, 提取点数=200
[0m[ INFO] [1789878875.148547796]: local_x: 0.4875, local_y: -0.2776, gear: 1,  error_heading: -0.1255[0m
[0m[ INFO] [1789878875.148604212]: 3 points is not droped, 6.6178, 1.1637, 2.1601, 1, 6.5876, 0.6035, 2.0346[0m
[2026-09-20 12:34:35] 控制路径段: 起点索引=3, 提取点数=27
[2026-09-20 12:34:35] 避障检测路径段: 起点索引=3, 提取点数=200
[0m[ INFO] [1789878875.248538014]: local_x: 0.4612, local_y: -0.2728, gear: 1,  error_heading: -0.1294[0m
[0m[ INFO] [1789878875.248593631]: 3 points is not droped, 6.6178, 1.1637, 2.1601, 1, 6.5781, 0.6293, 2.0307[0m
[2026-09-20 12:34:35] 控制路径段: 起点索引=3, 提取点数=27
[2026-09-20 12:34:35] 避障检测路径段: 起点索引=3, 提取点数=200
[0m[ INFO] [1789878875.348557545]: local_x: 0.4500, local_y: -0.2555, gear: 1,  error_heading: -0.1385[0m
[0m[ INFO] [1789878875.348606409]: 3 points is not droped, 6.6178, 1.1637, 2.1601, 1, 6.5840, 0.6473, 2.0216[0m
[2026-09-20 12:34:35] 控制路径段: 起点索引=3, 提取点数=27
[2026-09-20 12:34:35] 避障检测路径段: 起点索引=3, 提取点数=200
[0m[ INFO] [1789878875.450512968]: local_x: 0.4309, local_y: -0.2515, gear: 1,  error_heading: -0.1407[0m
[0m[ INFO] [1789878875.450571432]: 3 points is not droped, 6.6178, 1.1637, 2.1601, 1, 6.5782, 0.6663, 2.0194[0m
[2026-09-20 12:34:35] 控制路径段: 起点索引=3, 提取点数=27
[2026-09-20 12:34:35] 避障检测路径段: 起点索引=3, 提取点数=200
[0m[ INFO] [1789878875.548658943]: local_x: 0.4043, local_y: -0.2531, gear: 1,  error_heading: -0.1416[0m
[0m[ INFO] [1789878875.548724448]: 3 points is not droped, 6.6178, 1.1637, 2.1601, 1, 6.5647, 0.6896, 2.0185[0m
[2026-09-20 12:34:35] 控制路径段: 起点索引=3, 提取点数=27
[2026-09-20 12:34:35] 避障检测路径段: 起点索引=3, 提取点数=200
[0m[ INFO] [1789878875.648544392]: local_x: 0.3838, local_y: -0.2458, gear: 1,  error_heading: -0.1469[0m
[0m[ INFO] [1789878875.648601001]: 3 points is not droped, 6.6178, 1.1637, 2.1601, 1, 6.5600, 0.7115, 2.0132[0m
[2026-09-20 12:34:35] 控制路径段: 起点索引=3, 提取点数=27
[2026-09-20 12:34:35] 避障检测路径段: 起点索引=3, 提取点数=200
[0m[ INFO] [1789878875.748646964]: local_x: 0.3573, local_y: -0.2471, gear: 1,  error_heading: -0.1511[0m
[0m[ INFO] [1789878875.748705269]: 3 points is not droped, 6.6178, 1.1637, 2.1601, 1, 6.5457, 0.7353, 2.0090[0m
[2026-09-20 12:34:35] 控制路径段: 起点索引=3, 提取点数=27
[2026-09-20 12:34:35] 避障检测路径段: 起点索引=3, 提取点数=200
[0m[ INFO] [1789878875.848506461]: local_x: 0.3330, local_y: -0.2403, gear: 1,  error_heading: -0.1551[0m
[0m[ INFO] [1789878875.848566974]: 3 points is not droped, 6.6178, 1.1637, 2.1601, 1, 6.5399, 0.7604, 2.0050[0m
[2026-09-20 12:34:35] 控制路径段: 起点索引=3, 提取点数=27
[2026-09-20 12:34:35] 避障检测路径段: 起点索引=3, 提取点数=200
[0m[ INFO] [1789878875.948558252]: local_x: 0.3069, local_y: -0.2427, gear: 1,  error_heading: -0.1592[0m
[0m[ INFO] [1789878875.948616268]: 3 points is not droped, 6.6178, 1.1637, 2.1601, 1, 6.5252, 0.7835, 2.0009[0m
[2026-09-20 12:34:35] 控制路径段: 起点索引=3, 提取点数=27
[2026-09-20 12:34:35] 避障检测路径段: 起点索引=3, 提取点数=200
[0m[ INFO] [1789878876.048568090]: local_x: 0.2891, local_y: -0.2371, gear: 1,  error_heading: -0.1627[0m
[0m[ INFO] [1789878876.048625723]: 3 points is not droped, 6.6178, 1.1637, 2.1601, 1, 6.5217, 0.8024, 1.9974[0m
[2026-09-20 12:34:36] 控制路径段: 起点索引=3, 提取点数=27
[2026-09-20 12:34:36] 避障检测路径段: 起点索引=3, 提取点数=200
[0m[ INFO] [1789878876.148655785]: local_x: 0.2638, local_y: -0.2384, gear: 1,  error_heading: -0.1658[0m
[0m[ INFO] [1789878876.148713866]: 3 points is not droped, 6.6178, 1.1637, 2.1601, 1, 6.5089, 0.8252, 1.9943[0m
[2026-09-20 12:34:36] 控制路径段: 起点索引=3, 提取点数=27
[2026-09-20 12:34:36] 避障检测路径段: 起点索引=3, 提取点数=200
[0m[ INFO] [1789878876.248540214]: local_x: 0.2510, local_y: -0.2389, gear: 1,  error_heading: -0.1668[0m
[0m[ INFO] [1789878876.248608215]: 3 points is not droped, 6.6178, 1.1637, 2.1601, 1, 6.5029, 0.8368, 1.9933[0m
[2026-09-20 12:34:36] 控制路径段: 起点索引=3, 提取点数=27
[2026-09-20 12:34:36] 避障检测路径段: 起点索引=3, 提取点数=200
[0m[ INFO] [1789878876.348539141]: local_x: 0.2244, local_y: -0.2312, gear: 1,  error_heading: -0.1726[0m
[0m[ INFO] [1789878876.348593605]: 3 points is not droped, 6.6178, 1.1637, 2.1601, 1, 6.4973, 0.8648, 1.9875[0m
[2026-09-20 12:34:36] 控制路径段: 起点索引=3, 提取点数=27
[2026-09-20 12:34:36] 避障检测路径段: 起点索引=3, 提取点数=200
[0m[ INFO] [1789878876.448551123]: local_x: 0.2011, local_y: -0.2249, gear: 1,  error_heading: -0.1754[0m
[0m[ INFO] [1789878876.448605556]: 3 points is not droped, 6.6178, 1.1637, 2.1601, 1, 6.4928, 0.8891, 1.9847[0m
[2026-09-20 12:34:36] 控制路径段: 起点索引=3, 提取点数=27
[2026-09-20 12:34:36] 避障检测路径段: 起点索引=3, 提取点数=200
[0m[ INFO] [1789878876.548598882]: local_x: 0.1772, local_y: -0.2257, gear: 1,  error_heading: -0.1780[0m
[0m[ INFO] [1789878876.548661411]: 3 points is not droped, 6.6178, 1.1637, 2.1601, 1, 6.4818, 0.9110, 1.9821[0m
[2026-09-20 12:34:36] 控制路径段: 起点索引=3, 提取点数=27
[2026-09-20 12:34:36] 避障检测路径段: 起点索引=3, 提取点数=200
[0m[ INFO] [1789878876.648581552]: local_x: 0.1577, local_y: -0.2217, gear: 1,  error_heading: -0.1814[0m
[0m[ INFO] [1789878876.648647473]: 3 points is not droped, 6.6178, 1.1637, 2.1601, 1, 6.4769, 0.9310, 1.9787[0m
[2026-09-20 12:34:36] 控制路径段: 起点索引=3, 提取点数=27
[2026-09-20 12:34:36] 避障检测路径段: 起点索引=3, 提取点数=200
[0m[ INFO] [1789878876.748515998]: local_x: 0.1340, local_y: -0.2236, gear: 1,  error_heading: -0.1843[0m
[0m[ INFO] [1789878876.748579039]: 3 points is not droped, 6.6178, 1.1637, 2.1601, 1, 6.4652, 0.9524, 1.9758[0m
[2026-09-20 12:34:36] 控制路径段: 起点索引=3, 提取点数=27
[2026-09-20 12:34:36] 避障检测路径段: 起点索引=3, 提取点数=200
[0m[ INFO] [1789878876.848549133]: local_x: 0.1122, local_y: -0.2190, gear: 1,  error_heading: -0.1876[0m
[0m[ INFO] [1789878876.848605133]: 3 points is not droped, 6.6178, 1.1637, 2.1601, 1, 6.4602, 0.9748, 1.9725[0m
[2026-09-20 12:34:36] 控制路径段: 起点索引=3, 提取点数=27
[2026-09-20 12:34:36] 避障检测路径段: 起点索引=3, 提取点数=200
[0m[ INFO] [1789878876.948538843]: local_x: 0.0892, local_y: -0.2201, gear: 1,  error_heading: -0.1901[0m
[0m[ INFO] [1789878876.948596699]: gear=1 points is droped, 6.6178, 1.1637[0m
[2026-09-20 12:34:36] 控制路径段: 起点索引=4, 提取点数=26
[2026-09-20 12:34:36] 避障检测路径段: 起点索引=4, 提取点数=200
[0m[ INFO] [1789878877.048551721]: local_x: 0.2126, local_y: -0.1874, gear: 1,  error_heading: -0.1929[0m
[0m[ INFO] [1789878877.048611178]: 4 points is not droped, 6.5345, 1.2884, 2.1601, 1, 6.4437, 1.0199, 1.9672[0m
[2026-09-20 12:34:37] 控制路径段: 起点索引=4, 提取点数=26
[2026-09-20 12:34:37] 避障检测路径段: 起点索引=4, 提取点数=200
[0m[ INFO] [1789878877.148562712]: local_x: 0.1899, local_y: -0.1877, gear: 1,  error_heading: -0.1947[0m
[0m[ INFO] [1789878877.148620632]: 4 points is not droped, 6.5345, 1.2884, 2.1601, 1, 6.4342, 1.0409, 1.9654[0m
[2026-09-20 12:34:37] 控制路径段: 起点索引=4, 提取点数=26
[2026-09-20 12:34:37] 避障检测路径段: 起点索引=4, 提取点数=200
[0m[ INFO] [1789878877.248560102]: local_x: 0.1779, local_y: -0.1881, gear: 1,  error_heading: -0.1947[0m
[0m[ INFO] [1789878877.248618599]: 4 points is not droped, 6.5345, 1.2884, 2.1601, 1, 6.4292, 1.0518, 1.9654[0m
[2026-09-20 12:34:37] 控制路径段: 起点索引=4, 提取点数=26
[2026-09-20 12:34:37] 避障检测路径段: 起点索引=4, 提取点数=200
[0m[ INFO] [1789878877.348554420]: local_x: 0.1513, local_y: -0.1843, gear: 1,  error_heading: -0.1962[0m
[0m[ INFO] [1789878877.348611253]: 4 points is not droped, 6.5345, 1.2884, 2.1601, 1, 6.4221, 1.0780, 1.9639[0m
[2026-09-20 12:34:37] 控制路径段: 起点索引=4, 提取点数=26
[2026-09-20 12:34:37] 避障检测路径段: 起点索引=4, 提取点数=200
[0m[ INFO] [1789878877.448616067]: local_x: 0.1247, local_y: -0.1848, gear: 1,  error_heading: -0.1969[0m
[0m[ INFO] [1789878877.448668580]: 4 points is not droped, 6.5345, 1.2884, 2.1601, 1, 6.4114, 1.1025, 1.9632[0m
[2026-09-20 12:34:37] 控制路径段: 起点索引=4, 提取点数=26
[2026-09-20 12:34:37] 避障检测路径段: 起点索引=4, 提取点数=200
[0m[ INFO] [1789878877.548539441]: local_x: 0.1040, local_y: -0.1850, gear: 1,  error_heading: -0.1976[0m
[0m[ INFO] [1789878877.548599729]: 4 points is not droped, 6.5345, 1.2884, 2.1601, 1, 6.4031, 1.1216, 1.9625[0m
[2026-09-20 12:34:37] 控制路径段: 起点索引=4, 提取点数=26
[2026-09-20 12:34:37] 避障检测路径段: 起点索引=4, 提取点数=200
[0m[ INFO] [1789878877.648678017]: local_x: 0.0759, local_y: -0.1864, gear: 1,  error_heading: -0.1989[0m
[0m[ INFO] [1789878877.648735809]: gear=1 points is droped, 6.5345, 1.2884[0m
[2026-09-20 12:34:37] 控制路径段: 起点索引=5, 提取点数=25
[2026-09-20 12:34:37] 避障检测路径段: 起点索引=5, 提取点数=200
[0m[ INFO] [1789878877.748665327]: local_x: 0.2017, local_y: -0.1575, gear: 1,  error_heading: -0.1995[0m
[0m[ INFO] [1789878877.748723887]: 5 points is not droped, 6.4511, 1.4131, 2.1601, 1, 6.3821, 1.1666, 1.9606[0m
[2026-09-20 12:34:37] 控制路径段: 起点索引=5, 提取点数=25
[2026-09-20 12:34:37] 避障检测路径段: 起点索引=5, 提取点数=200
[0m[ INFO] [1789878877.848553788]: local_x: 0.1753, local_y: -0.1603, gear: 1,  error_heading: -0.1993[0m
[0m[ INFO] [1789878877.848613661]: 5 points is not droped, 6.4511, 1.4131, 2.1601, 1, 6.3695, 1.1900, 1.9608[0m
[2026-09-20 12:34:37] 控制路径段: 起点索引=5, 提取点数=25
[2026-09-20 12:34:37] 避障检测路径段: 起点索引=5, 提取点数=200
[0m[ INFO] [1789878877.948537514]: local_x: 0.1513, local_y: -0.1604, gear: 1,  error_heading: -0.1966[0m
[0m[ INFO] [1789878877.948601099]: 5 points is not droped, 6.4511, 1.4131, 2.1601, 1, 6.3609, 1.2119, 1.9635[0m
[2026-09-20 12:34:37] 控制路径段: 起点索引=5, 提取点数=25
[2026-09-20 12:34:37] 避障检测路径段: 起点索引=5, 提取点数=200
[0m[ INFO] [1789878878.048547321]: local_x: 0.1168, local_y: -0.1635, gear: 1,  error_heading: -0.1950[0m
[0m[ INFO] [1789878878.048611193]: 5 points is not droped, 6.4511, 1.4131, 2.1601, 1, 6.3450, 1.2424, 1.9651[0m
[2026-09-20 12:34:38] 控制路径段: 起点索引=5, 提取点数=25
[2026-09-20 12:34:38] 避障检测路径段: 起点索引=5, 提取点数=200
[0m[ INFO] [1789878878.148537959]: local_x: 0.0917, local_y: -0.1625, gear: 1,  error_heading: -0.1932[0m
[0m[ INFO] [1789878878.148600904]: gear=1 points is droped, 6.4511, 1.4131[0m
[2026-09-20 12:34:38] 控制路径段: 起点索引=6, 提取点数=24
[2026-09-20 12:34:38] 避障检测路径段: 起点索引=6, 提取点数=200
[0m[ INFO] [1789878878.248538101]: local_x: 0.2264, local_y: -0.1333, gear: 1,  error_heading: -0.1928[0m
[0m[ INFO] [1789878878.248593686]: 6 points is not droped, 6.3677, 1.5378, 2.1601, 1, 6.3322, 1.2774, 1.9673[0m
[2026-09-20 12:34:38] 控制路径段: 起点索引=6, 提取点数=24
[2026-09-20 12:34:38] 避障检测路径段: 起点索引=6, 提取点数=200
[0m[ INFO] [1789878878.348544900]: local_x: 0.1741, local_y: -0.1353, gear: 1,  error_heading: -0.1911[0m
[0m[ INFO] [1789878878.348603620]: 6 points is not droped, 6.3677, 1.5378, 2.1601, 1, 6.3106, 1.3248, 1.9690[0m
[2026-09-20 12:34:38] 控制路径段: 起点索引=6, 提取点数=24
[2026-09-20 12:34:38] 避障检测路径段: 起点索引=6, 提取点数=200
[0m[ INFO] [1789878878.448749940]: local_x: 0.1434, local_y: -0.1343, gear: 1,  error_heading: -0.1889[0m
[0m[ INFO] [1789878878.448814709]: 6 points is not droped, 6.3677, 1.5378, 2.1601, 1, 6.3000, 1.3533, 1.9712[0m
[2026-09-20 12:34:38] 控制路径段: 起点索引=6, 提取点数=24
[2026-09-20 12:34:38] 避障检测路径段: 起点索引=6, 提取点数=200
[0m[ INFO] [1789878878.548561472]: local_x: 0.1083, local_y: -0.1342, gear: 1,  error_heading: -0.1882[0m
[0m[ INFO] [1789878878.548696802]: 6 points is not droped, 6.3677, 1.5378, 2.1601, 1, 6.2865, 1.3857, 1.9719[0m
[2026-09-20 12:34:38] 控制路径段: 起点索引=6, 提取点数=24
[2026-09-20 12:34:38] 避障检测路径段: 起点索引=6, 提取点数=200
[0m[ INFO] [1789878878.648588271]: local_x: 0.0718, local_y: -0.1349, gear: 1,  error_heading: -0.1854[0m
[0m[ INFO] [1789878878.648646704]: gear=1 points is droped, 6.3677, 1.5378[0m
[2026-09-20 12:34:38] 控制路径段: 起点索引=7, 提取点数=23
[2026-09-20 12:34:38] 避障检测路径段: 起点索引=7, 提取点数=200
[0m[ INFO] [1789878878.748614686]: local_x: 0.1851, local_y: -0.1069, gear: 1,  error_heading: -0.1813[0m
[0m[ INFO] [1789878878.748673246]: 7 points is not droped, 6.2844, 1.6625, 2.1601, 1, 6.2597, 1.4502, 1.9788[0m
[2026-09-20 12:34:38] 控制路径段: 起点索引=7, 提取点数=23
[2026-09-20 12:34:38] 避障检测路径段: 起点索引=7, 提取点数=200
[0m[ INFO] [1789878878.848556203]: local_x: 0.1496, local_y: -0.1072, gear: 1,  error_heading: -0.1793[0m
[0m[ INFO] [1789878878.848616620]: 7 points is not droped, 6.2844, 1.6625, 2.1601, 1, 6.2457, 1.4826, 1.9808[0m
[2026-09-20 12:34:38] 控制路径段: 起点索引=7, 提取点数=23
[2026-09-20 12:34:38] 避障检测路径段: 起点索引=7, 提取点数=200
[0m[ INFO] [1789878878.948541690]: local_x: 0.1126, local_y: -0.1068, gear: 1,  error_heading: -0.1747[0m
[0m[ INFO] [1789878878.948606554]: 7 points is not droped, 6.2844, 1.6625, 2.1601, 1, 6.2320, 1.5164, 1.9854[0m
[2026-09-20 12:34:38] 控制路径段: 起点索引=7, 提取点数=23
[2026-09-20 12:34:38] 避障检测路径段: 起点索引=7, 提取点数=200
[0m[ INFO] [1789878879.048559560]: local_x: 0.0708, local_y: -0.1034, gear: 1,  error_heading: -0.1679[0m
[0m[ INFO] [1789878879.048620841]: gear=1 points is droped, 6.2844, 1.6625[0m
[2026-09-20 12:34:39] 控制路径段: 起点索引=8, 提取点数=22
[2026-09-20 12:34:39] 避障检测路径段: 起点索引=8, 提取点数=200
[0m[ INFO] [1789878879.148543638]: local_x: 0.1813, local_y: -0.0785, gear: 1,  error_heading: -0.1611[0m
[0m[ INFO] [1789878879.148608023]: 8 points is not droped, 6.2010, 1.7872, 2.1601, 1, 6.2049, 1.5896, 1.9990[0m
[2026-09-20 12:34:39] 控制路径段: 起点索引=8, 提取点数=22
[2026-09-20 12:34:39] 避障检测路径段: 起点索引=8, 提取点数=200
[0m[ INFO] [1789878879.248595621]: local_x: 0.1479, local_y: -0.0756, gear: 1,  error_heading: -0.1505[0m
[0m[ INFO] [1789878879.248652870]: 8 points is not droped, 6.2010, 1.7872, 2.1601, 1, 6.1954, 1.6211, 2.0096[0m
[2026-09-20 12:34:39] 控制路径段: 起点索引=8, 提取点数=22
[2026-09-20 12:34:39] 避障检测路径段: 起点索引=8, 提取点数=200
[0m[ INFO] [1789878879.348544179]: local_x: 0.1026, local_y: -0.0813, gear: 1,  error_heading: -0.1385[0m
[0m[ INFO] [1789878879.348611412]: 8 points is not droped, 6.2010, 1.7872, 2.1601, 1, 6.1725, 1.6593, 2.0216[0m
[2026-09-20 12:34:39] 控制路径段: 起点索引=8, 提取点数=22
[2026-09-20 12:34:39] 避障检测路径段: 起点索引=8, 提取点数=200
[0m[ INFO] [1789878879.448559361]: local_x: 0.0583, local_y: -0.0814, gear: 1,  error_heading: -0.1270[0m
[0m[ INFO] [1789878879.448611522]: gear=1 points is droped, 6.2010, 1.7872[0m
[2026-09-20 12:34:39] 控制路径段: 起点索引=9, 提取点数=21
[2026-09-20 12:34:39] 避障检测路径段: 起点索引=9, 提取点数=200
[0m[ INFO] [1789878879.548546832]: local_x: 0.1662, local_y: -0.0649, gear: 1,  error_heading: -0.1199[0m
[0m[ INFO] [1789878879.548602768]: 9 points is not droped, 6.1176, 1.9119, 2.1601, 1, 6.1350, 1.7343, 2.0402[0m
[2026-09-20 12:34:39] 控制路径段: 起点索引=9, 提取点数=21
[2026-09-20 12:34:39] 避障检测路径段: 起点索引=9, 提取点数=200
[0m[ INFO] [1789878879.648560798]: local_x: 0.1261, local_y: -0.0670, gear: 1,  error_heading: -0.1105[0m
[0m[ INFO] [1789878879.648613055]: 9 points is not droped, 6.1176, 1.9119, 2.1601, 1, 6.1162, 1.7691, 2.0496[0m
[2026-09-20 12:34:39] 控制路径段: 起点索引=9, 提取点数=21
[2026-09-20 12:34:39] 避障检测路径段: 起点索引=9, 提取点数=200
[0m[ INFO] [1789878879.748547052]: local_x: 0.0820, local_y: -0.0679, gear: 1,  error_heading: -0.1029[0m
[0m[ INFO] [1789878879.748600845]: gear=1 points is droped, 6.1176, 1.9119[0m
[2026-09-20 12:34:39] 控制路径段: 起点索引=10, 提取点数=20
[2026-09-20 12:34:39] 避障检测路径段: 起点索引=10, 提取点数=200
[0m[ INFO] [1789878879.848665532]: local_x: 0.1831, local_y: -0.0483, gear: 1,  error_heading: -0.0988[0m
[0m[ INFO] [1789878879.848724285]: 10 points is not droped, 6.0343, 2.0366, 2.1601, 1, 6.0779, 1.8523, 2.0613[0m
[2026-09-20 12:34:39] 控制路径段: 起点索引=10, 提取点数=20
[2026-09-20 12:34:39] 避障检测路径段: 起点索引=10, 提取点数=200
[0m[ INFO] [1789878879.948628848]: local_x: 0.1377, local_y: -0.0496, gear: 1,  error_heading: -0.0935[0m
[0m[ INFO] [1789878879.948681777]: 10 points is not droped, 6.0343, 2.0366, 2.1601, 1, 6.0562, 1.8919, 2.0666[0m
[2026-09-20 12:34:39] 控制路径段: 起点索引=10, 提取点数=20
[2026-09-20 12:34:39] 避障检测路径段: 起点索引=10, 提取点数=200
[0m[ INFO] [1789878880.048554533]: local_x: 0.0905, local_y: -0.0492, gear: 1,  error_heading: -0.0875[0m
[0m[ INFO] [1789878880.048609989]: gear=1 points is droped, 6.0343, 2.0366[0m
[2026-09-20 12:34:40] 控制路径段: 起点索引=11, 提取点数=19
[2026-09-20 12:34:40] 避障检测路径段: 起点索引=11, 提取点数=200
[0m[ INFO] [1789878880.148545882]: local_x: 0.1912, local_y: -0.0366, gear: 1,  error_heading: -0.0834[0m
[0m[ INFO] [1789878880.148603003]: 11 points is not droped, 5.9509, 2.1613, 2.1601, 1, 6.0116, 1.9763, 2.0767[0m
[2026-09-20 12:34:40] 控制路径段: 起点索引=11, 提取点数=19
[2026-09-20 12:34:40] 避障检测路径段: 起点索引=11, 提取点数=200
[0m[ INFO] [1789878880.248553232]: local_x: 0.1505, local_y: -0.0366, gear: 1,  error_heading: -0.0783[0m
[0m[ INFO] [1789878880.248606737]: 11 points is not droped, 5.9509, 2.1613, 2.1601, 1, 5.9926, 2.0121, 2.0818[0m
[2026-09-20 12:34:40] 控制路径段: 起点索引=11, 提取点数=19
[2026-09-20 12:34:40] 避障检测路径段: 起点索引=11, 提取点数=200
[0m[ INFO] [1789878880.348540070]: local_x: 0.0939, local_y: -0.0377, gear: 1,  error_heading: -0.0746[0m
[0m[ INFO] [1789878880.348604678]: gear=1 points is droped, 5.9509, 2.1613[0m
[2026-09-20 12:34:40] 控制路径段: 起点索引=12, 提取点数=18
[2026-09-20 12:34:40] 避障检测路径段: 起点索引=12, 提取点数=200
[0m[ INFO] [1789878880.448634172]: local_x: 0.1898, local_y: -0.0235, gear: 1,  error_heading: -0.0703[0m
[0m[ INFO] [1789878880.448696157]: 12 points is not droped, 5.8675, 2.2860, 2.1601, 1, 5.9413, 2.1095, 2.0898[0m
[2026-09-20 12:34:40] 控制路径段: 起点索引=12, 提取点数=18
[2026-09-20 12:34:40] 避障检测路径段: 起点索引=12, 提取点数=200
[0m[ INFO] [1789878880.548605746]: local_x: 0.1384, local_y: -0.0236, gear: 1,  error_heading: -0.0648[0m
[0m[ INFO] [1789878880.548661298]: 12 points is not droped, 5.8675, 2.2860, 2.1601, 1, 5.9164, 2.1543, 2.0953[0m
[2026-09-20 12:34:40] 控制路径段: 起点索引=12, 提取点数=18
[2026-09-20 12:34:40] 避障检测路径段: 起点索引=12, 提取点数=200
[0m[ INFO] [1789878880.648762921]: local_x: 0.0844, local_y: -0.0259, gear: 1,  error_heading: -0.0622[0m
[0m[ INFO] [1789878880.648817385]: gear=1 points is droped, 5.8675, 2.2860[0m
[2026-09-20 12:34:40] 控制路径段: 起点索引=13, 提取点数=17
[2026-09-20 12:34:40] 避障检测路径段: 起点索引=13, 提取点数=200
[0m[ INFO] [1789878880.748541948]: local_x: 0.1801, local_y: -0.0175, gear: 1,  error_heading: -0.0591[0m
[0m[ INFO] [1789878880.748599741]: 13 points is not droped, 5.7842, 2.4107, 2.1601, 1, 5.8602, 2.2465, 2.1010[0m
[2026-09-20 12:34:40] 控制路径段: 起点索引=13, 提取点数=17
[2026-09-20 12:34:40] 避障检测路径段: 起点索引=13, 提取点数=200
[0m[ INFO] [1789878880.848554162]: local_x: 0.1262, local_y: -0.0162, gear: 1,  error_heading: -0.0567[0m
[0m[ INFO] [1789878880.848613426]: 13 points is not droped, 5.7842, 2.4107, 2.1601, 1, 5.8343, 2.2937, 2.1034[0m
[2026-09-20 12:34:40] 控制路径段: 起点索引=13, 提取点数=17
[2026-09-20 12:34:40] 避障检测路径段: 起点索引=13, 提取点数=200
[0m[ INFO] [1789878880.948564744]: local_x: 0.0690, local_y: -0.0164, gear: 1,  error_heading: -0.0549[0m
[0m[ INFO] [1789878880.948618088]: gear=1 points is droped, 5.7842, 2.4107[0m
[2026-09-20 12:34:40] 控制路径段: 起点索引=14, 提取点数=16
[2026-09-20 12:34:40] 避障检测路径段: 起点索引=14, 提取点数=200
[0m[ INFO] [1789878881.048564253]: local_x: 0.1561, local_y: -0.0091, gear: 1,  error_heading: -0.0498[0m
[0m[ INFO] [1789878881.048622910]: 14 points is not droped, 5.7008, 2.5354, 2.1601, 1, 5.7732, 2.3967, 2.1103[0m
[2026-09-20 12:34:41] 控制路径段: 起点索引=14, 提取点数=16
[2026-09-20 12:34:41] 避障检测路径段: 起点索引=14, 提取点数=200
[0m[ INFO] [1789878881.148542835]: local_x: 0.1000, local_y: -0.0099, gear: 1,  error_heading: -0.0502[0m
[0m[ INFO] [1789878881.148597139]: gear=1 points is droped, 5.7008, 2.5354[0m
[2026-09-20 12:34:41] 控制路径段: 起点索引=15, 提取点数=15
[2026-09-20 12:34:41] 避障检测路径段: 起点索引=15, 提取点数=200
[0m[ INFO] [1789878881.248554376]: local_x: 0.2070, local_y: -0.0010, gear: 1,  error_heading: -0.0479[0m
[0m[ INFO] [1789878881.248609129]: 15 points is not droped, 5.6174, 2.6600, 2.1601, 1, 5.7232, 2.4821, 2.1122[0m
[2026-09-20 12:34:41] 控制路径段: 起点索引=15, 提取点数=15
[2026-09-20 12:34:41] 避障检测路径段: 起点索引=15, 提取点数=200
[0m[ INFO] [1789878881.348545502]: local_x: 0.1304, local_y: -0.0023, gear: 1,  error_heading: -0.0461[0m
[0m[ INFO] [1789878881.348600350]: 15 points is not droped, 5.6174, 2.6600, 2.1601, 1, 5.6828, 2.5472, 2.1140[0m
[2026-09-20 12:34:41] 控制路径段: 起点索引=15, 提取点数=15
[2026-09-20 12:34:41] 避障检测路径段: 起点索引=15, 提取点数=200
[0m[ INFO] [1789878881.448544819]: local_x: 0.0683, local_y: 0.0010, gear: 1,  error_heading: -0.0441[0m
[0m[ INFO] [1789878881.448598132]: gear=1 points is droped, 5.6174, 2.6600[0m
[2026-09-20 12:34:41] 控制路径段: 起点索引=16, 提取点数=14
[2026-09-20 12:34:41] 避障检测路径段: 起点索引=16, 提取点数=200
[0m[ INFO] [1789878881.548566825]: local_x: 0.1547, local_y: 0.0090, gear: 1,  error_heading: -0.0430[0m
[0m[ INFO] [1789878881.548627562]: 16 points is not droped, 5.5341, 2.7847, 2.1601, 1, 5.6222, 2.6572, 2.1171[0m
[2026-09-20 12:34:41] 控制路径段: 起点索引=16, 提取点数=14
[2026-09-20 12:34:41] 避障检测路径段: 起点索引=16, 提取点数=200
[0m[ INFO] [1789878881.648584575]: local_x: 0.0928, local_y: 0.0088, gear: 1,  error_heading: -0.0403[0m
[0m[ INFO] [1789878881.648643040]: gear=1 points is droped, 5.5341, 2.7847[0m
[2026-09-20 12:34:41] 控制路径段: 起点索引=17, 提取点数=13
[2026-09-20 12:34:41] 避障检测路径段: 起点索引=17, 提取点数=200
[0m[ INFO] [1789878881.748573941]: local_x: 0.1846, local_y: 0.0166, gear: 1,  error_heading: -0.0339[0m
[0m[ INFO] [1789878881.748639477]: 17 points is not droped, 5.4507, 2.9094, 2.1601, 1, 5.5621, 2.7614, 2.1262[0m
[2026-09-20 12:34:41] 控制路径段: 起点索引=17, 提取点数=13
[2026-09-20 12:34:41] 避障检测路径段: 起点索引=17, 提取点数=200
[0m[ INFO] [1789878881.848645163]: local_x: 0.1275, local_y: 0.0179, gear: 1,  error_heading: -0.0293[0m
[0m[ INFO] [1789878881.848705516]: 17 points is not droped, 5.4507, 2.9094, 2.1601, 1, 5.5336, 2.8109, 2.1308[0m
[2026-09-20 12:34:41] 控制路径段: 起点索引=17, 提取点数=13
[2026-09-20 12:34:41] 避障检测路径段: 起点索引=17, 提取点数=200
[0m[ INFO] [1789878881.948592768]: local_x: 0.0679, local_y: 0.0183, gear: 1,  error_heading: -0.0200[0m
[0m[ INFO] [1789878881.948644033]: gear=1 points is droped, 5.4507, 2.9094[0m
[2026-09-20 12:34:41] 控制路径段: 起点索引=18, 提取点数=12
[2026-09-20 12:34:41] 避障检测路径段: 起点索引=18, 提取点数=200
[0m[ INFO] [1789878882.048543157]: local_x: 0.1542, local_y: 0.0184, gear: 1,  error_heading: -0.0120[0m
[0m[ INFO] [1789878882.048604246]: 18 points is not droped, 5.3673, 3.0341, 2.1601, 1, 5.4669, 2.9150, 2.1481[0m
[2026-09-20 12:34:42] 控制路径段: 起点索引=18, 提取点数=12
[2026-09-20 12:34:42] 避障检测路径段: 起点索引=18, 提取点数=200
[0m[ INFO] [1789878882.148541547]: local_x: 0.0950, local_y: 0.0205, gear: 1,  error_heading: -0.0075[0m
[0m[ INFO] [1789878882.148595563]: gear=1 points is droped, 5.3673, 3.0341[0m
[2026-09-20 12:34:42] 控制路径段: 起点索引=19, 提取点数=11
[2026-09-20 12:34:42] 避障检测路径段: 起点索引=19, 提取点数=200
[0m[ INFO] [1789878882.248549440]: local_x: 0.1924, local_y: 0.0250, gear: 1,  error_heading: -0.0037[0m
[0m[ INFO] [1789878882.248609345]: 19 points is not droped, 5.2840, 3.1588, 2.1601, 1, 5.4112, 3.0123, 2.1564[0m
[2026-09-20 12:34:42] 控制路径段: 起点索引=19, 提取点数=11
[2026-09-20 12:34:42] 避障检测路径段: 起点索引=19, 提取点数=200
[0m[ INFO] [1789878882.348540694]: local_x: 0.1278, local_y: 0.0274, gear: 1,  error_heading: -0.0005[0m
[0m[ INFO] [1789878882.348595638]: 19 points is not droped, 5.2840, 3.1588, 2.1601, 1, 5.3777, 3.0678, 2.1596[0m
[2026-09-20 12:34:42] 控制路径段: 起点索引=19, 提取点数=11
[2026-09-20 12:34:42] 避障检测路径段: 起点索引=19, 提取点数=200
[0m[ INFO] [1789878882.448603948]: local_x: 0.0997, local_y: 0.0277, gear: 1,  error_heading: 0.0005[0m
[0m[ INFO] [1789878882.448660365]: gear=1 points is droped, 5.2840, 3.1588[0m
[2026-09-20 12:34:42] 控制路径段: 起点索引=20, 提取点数=10
[2026-09-20 12:34:42] 避障检测路径段: 起点索引=20, 提取点数=200
[0m[ INFO] [1789878882.548571489]: local_x: 0.1971, local_y: 0.0229, gear: 1,  error_heading: 0.0026[0m
[0m[ INFO] [1789878882.548631330]: 20 points is not droped, 5.2006, 3.2835, 2.1601, 1, 5.3295, 3.1327, 2.1627[0m
[2026-09-20 12:34:42] 控制路径段: 起点索引=20, 提取点数=10
[2026-09-20 12:34:42] 避障检测路径段: 起点索引=20, 提取点数=200
[0m[ INFO] [1789878882.648569015]: local_x: 0.1128, local_y: 0.0214, gear: 1,  error_heading: 0.0076[0m
[0m[ INFO] [1789878882.648626136]: 20 points is not droped, 5.2006, 3.2835, 2.1601, 1, 5.2817, 3.2023, 2.1677[0m
[2026-09-20 12:34:42] 控制路径段: 起点索引=20, 提取点数=10
[2026-09-20 12:34:42] 避障检测路径段: 起点索引=20, 提取点数=200
[0m[ INFO] [1789878882.748671310]: local_x: 0.0559, local_y: 0.0245, gear: 1,  error_heading: 0.0119[0m
[0m[ INFO] [1789878882.748727342]: gear=1 points is droped, 5.2006, 3.2835[0m
[2026-09-20 12:34:42] 控制路径段: 起点索引=21, 提取点数=9
[2026-09-20 12:34:42] 避障检测路径段: 起点索引=21, 提取点数=200
[0m[ INFO] [1789878882.848564674]: local_x: 0.1464, local_y: 0.0173, gear: 1,  error_heading: 0.0185[0m
[0m[ INFO] [1789878882.848622019]: 21 points is not droped, 5.1172, 3.4082, 2.1601, 1, 5.2150, 3.2980, 2.1786[0m
[2026-09-20 12:34:42] 控制路径段: 起点索引=21, 提取点数=9
[2026-09-20 12:34:42] 避障检测路径段: 起点索引=21, 提取点数=200
[0m[ INFO] [1789878882.948551480]: local_x: 0.1215, local_y: 0.0203, gear: 1,  error_heading: 0.0220[0m
[0m[ INFO] [1789878882.948605560]: 21 points is not droped, 5.1172, 3.4082, 2.1601, 1, 5.2036, 3.3204, 2.1821[0m
[2026-09-20 12:34:42] 控制路径段: 起点索引=21, 提取点数=9
[2026-09-20 12:34:42] 避障检测路径段: 起点索引=21, 提取点数=200
[0m[ INFO] [1789878883.048562509]: local_x: 0.0519, local_y: 0.0194, gear: 1,  error_heading: 0.0143[0m
[0m[ INFO] [1789878883.048619470]: gear=1 points is droped, 5.1172, 3.4082[0m
[2026-09-20 12:34:43] 控制路径段: 起点索引=22, 提取点数=8
[2026-09-20 12:34:43] 避障检测路径段: 起点索引=22, 提取点数=200
[0m[ INFO] [1789878883.148536163]: local_x: 0.1760, local_y: 0.0172, gear: 1,  error_heading: 0.0131[0m
[0m[ INFO] [1789878883.148595235]: 22 points is not droped, 5.0339, 3.5329, 2.1601, 1, 5.1478, 3.3977, 2.1732[0m
[2026-09-20 12:34:43] 控制路径段: 起点索引=22, 提取点数=8
[2026-09-20 12:34:43] 避障检测路径段: 起点索引=22, 提取点数=200
[0m[ INFO] [1789878883.248543256]: local_x: 0.1513, local_y: 0.0170, gear: 1,  error_heading: 0.0112[0m
[0m[ INFO] [1789878883.248601017]: 22 points is not droped, 5.0339, 3.5329, 2.1601, 1, 5.1334, 3.4177, 2.1713[0m
[2026-09-20 12:34:43] 控制路径段: 起点索引=22, 提取点数=8
[2026-09-20 12:34:43] 避障检测路径段: 起点索引=22, 提取点数=200
[0m[ INFO] [1789878883.348536558]: local_x: 0.0497, local_y: 0.0022, gear: 1,  error_heading: 0.0183[0m
[0m[ INFO] [1789878883.348591791]: gear=1 points is droped, 5.0339, 3.5329[0m
[2026-09-20 12:34:43] 控制路径段: 起点索引=23, 提取点数=7
[2026-09-20 12:34:43] 避障检测路径段: 起点索引=23, 提取点数=200
[0m[ INFO] [1789878883.448548004]: local_x: 0.1770, local_y: -0.0038, gear: 1,  error_heading: 0.0152[0m
[0m[ INFO] [1789878883.448609956]: 23 points is not droped, 4.9505, 3.6576, 2.1601, 1, 5.0480, 3.5099, 2.1753[0m
[2026-09-20 12:34:43] 控制路径段: 起点索引=23, 提取点数=7
[2026-09-20 12:34:43] 避障检测路径段: 起点索引=23, 提取点数=200
[0m[ INFO] [1789878883.548857789]: local_x: 0.1218, local_y: 0.0001, gear: 1,  error_heading: 0.0155[0m
[0m[ INFO] [1789878883.548915037]: 23 points is not droped, 4.9505, 3.6576, 2.1601, 1, 5.0199, 3.5575, 2.1756[0m
[2026-09-20 12:34:43] 控制路径段: 起点索引=23, 提取点数=7
[2026-09-20 12:34:43] 避障检测路径段: 起点索引=23, 提取点数=200
[0m[ INFO] [1789878883.648577999]: local_x: 0.0829, local_y: 0.0075, gear: 1,  error_heading: 0.0104[0m
[0m[ INFO] [1789878883.648631056]: gear=1 points is droped, 4.9505, 3.6576[0m
[2026-09-20 12:34:43] 控制路径段: 起点索引=24, 提取点数=6
[2026-09-20 12:34:43] 避障检测路径段: 起点索引=24, 提取点数=200
[0m[ INFO] [1789878883.748565477]: local_x: 0.2116, local_y: 0.0049, gear: 1,  error_heading: 0.0082[0m
[0m[ INFO] [1789878883.748627909]: 24 points is not droped, 4.8671, 3.7823, 2.1601, 1, 4.9902, 3.6102, 2.1683[0m
[2026-09-20 12:34:43] 控制路径段: 起点索引=24, 提取点数=6
[2026-09-20 12:34:43] 避障检测路径段: 起点索引=24, 提取点数=200
[0m[ INFO] [1789878883.848609403]: local_x: 0.1501, local_y: 0.0099, gear: 1,  error_heading: 0.0037[0m
[0m[ INFO] [1789878883.848846301]: 24 points is not droped, 4.8671, 3.7823, 2.1601, 1, 4.9592, 3.6634, 2.1638[0m
[2026-09-20 12:34:43] 控制路径段: 起点索引=24, 提取点数=6
[2026-09-20 12:34:43] 避障检测路径段: 起点索引=24, 提取点数=200
[0m[ INFO] [1789878883.948545640]: local_x: 0.1284, local_y: 0.0089, gear: 1,  error_heading: 0.0017[0m
[0m[ INFO] [1789878883.948610537]: 24 points is not droped, 4.8671, 3.7823, 2.1601, 1, 4.9460, 3.6806, 2.1618[0m
[2026-09-20 12:34:43] 控制路径段: 起点索引=24, 提取点数=6
[2026-09-20 12:34:43] 避障检测路径段: 起点索引=24, 提取点数=200
[0m[ INFO] [1789878884.048553397]: local_x: 0.0892, local_y: 0.0068, gear: 1,  error_heading: -0.0016[0m
[0m[ INFO] [1789878884.048606581]: gear=1 points is droped, 4.8671, 3.7823[0m
[2026-09-20 12:34:44] 控制路径段: 起点索引=25, 提取点数=5
[2026-09-20 12:34:44] 避障检测路径段: 起点索引=25, 提取点数=200
[0m[ INFO] [1789878884.148549793]: local_x: 0.2058, local_y: 0.0145, gear: 1,  error_heading: -0.0023[0m
[0m[ INFO] [1789878884.148614466]: 25 points is not droped, 4.7838, 3.9070, 2.1601, 1, 4.9098, 3.7437, 2.1578[0m
[2026-09-20 12:34:44] 控制路径段: 起点索引=25, 提取点数=5
[2026-09-20 12:34:44] 避障检测路径段: 起点索引=25, 提取点数=200
[0m[ INFO] [1789878884.248546446]: local_x: 0.1868, local_y: 0.0145, gear: 1,  error_heading: -0.0036[0m
[0m[ INFO] [1789878884.248603310]: 25 points is not droped, 4.7838, 3.9070, 2.1601, 1, 4.8991, 3.7594, 2.1565[0m
[2026-09-20 12:34:44] 控制路径段: 起点索引=25, 提取点数=5
[2026-09-20 12:34:44] 避障检测路径段: 起点索引=25, 提取点数=200
[0m[ INFO] [1789878884.348556666]: local_x: 0.1362, local_y: 0.0340, gear: 1,  error_heading: -0.0101[0m
[0m[ INFO] [1789878884.348626459]: 25 points is not droped, 4.7838, 3.9070, 2.1601, 1, 4.8868, 3.8117, 2.1500[0m
[2026-09-20 12:34:44] 控制路径段: 起点索引=25, 提取点数=5
[2026-09-20 12:34:44] 避障检测路径段: 起点索引=25, 提取点数=200
[0m[ INFO] [1789878884.448549319]: local_x: 0.1217, local_y: 0.0362, gear: 1,  error_heading: -0.0090[0m
[0m[ INFO] [1789878884.448611271]: 25 points is not droped, 4.7838, 3.9070, 2.1601, 1, 4.8808, 3.8251, 2.1511[0m
[2026-09-20 12:34:44] 控制路径段: 起点索引=25, 提取点数=5
[2026-09-20 12:34:44] 避障检测路径段: 起点索引=25, 提取点数=200
[0m[ INFO] [1789878884.548587539]: local_x: 0.0688, local_y: 0.0344, gear: 1,  error_heading: 0.0022[0m
[0m[ INFO] [1789878884.548655220]: gear=1 points is droped, 4.7838, 3.9070[0m
[2026-09-20 12:34:44] 控制路径段: 起点索引=26, 提取点数=4
[2026-09-20 12:34:44] 避障检测路径段: 起点索引=26, 提取点数=200
[0m[ INFO] [1789878884.648744705]: local_x: 0.1889, local_y: 0.0337, gear: 1,  error_heading: 0.0155[0m
[0m[ INFO] [1789878884.648815938]: 26 points is not droped, 4.7004, 4.0317, 2.1601, 1, 4.8355, 3.8955, 2.1756[0m
[2026-09-20 12:34:44] 控制路径段: 起点索引=26, 提取点数=4
[2026-09-20 12:34:44] 避障检测路径段: 起点索引=26, 提取点数=200
[0m[ INFO] [1789878884.748793262]: local_x: 0.1595, local_y: 0.0351, gear: 1,  error_heading: 0.0316[0m
[0m[ INFO] [1789878884.748851535]: 26 points is not droped, 4.7004, 4.0317, 2.1601, 1, 4.8217, 3.9224, 2.1917[0m
[2026-09-20 12:34:44] 控制路径段: 起点索引=26, 提取点数=4
[2026-09-20 12:34:44] 避障检测路径段: 起点索引=26, 提取点数=200
[0m[ INFO] [1789878884.848568056]: local_x: 0.1310, local_y: 0.0360, gear: 1,  error_heading: 0.0604[0m
[0m[ INFO] [1789878884.848624889]: 26 points is not droped, 4.7004, 4.0317, 2.1601, 1, 4.8083, 3.9492, 2.2205[0m
[2026-09-20 12:34:44] 控制路径段: 起点索引=26, 提取点数=4
[2026-09-20 12:34:44] 避障检测路径段: 起点索引=26, 提取点数=200
[0m[ INFO] [1789878884.948648326]: local_x: 0.1130, local_y: 0.0414, gear: 1,  error_heading: 0.1034[0m
[0m[ INFO] [1789878884.948707782]: 26 points is not droped, 4.7004, 4.0317, 2.1601, 1, 4.8044, 3.9713, 2.2635[0m
[2026-09-20 12:34:44] 控制路径段: 起点索引=26, 提取点数=4
[2026-09-20 12:34:44] 避障检测路径段: 起点索引=26, 提取点数=200
[0m[ INFO] [1789878885.048598770]: local_x: 0.1034, local_y: 0.0429, gear: 1,  error_heading: 0.1169[0m
[0m[ INFO] [1789878885.048717747]: 26 points is not droped, 4.7004, 4.0317, 2.1601, 1, 4.8002, 3.9809, 2.2770[0m
[2026-09-20 12:34:45] 控制路径段: 起点索引=26, 提取点数=4
[2026-09-20 12:34:45] 避障检测路径段: 起点索引=26, 提取点数=200
[0m[ INFO] [1789878885.148553374]: local_x: 0.0745, local_y: 0.0434, gear: 1,  error_heading: 0.1252[0m
[0m[ INFO] [1789878885.148607806]: gear=1 points is droped, 4.7004, 4.0317[0m
[2026-09-20 12:34:45] 控制路径段: 起点索引=27, 提取点数=3
[2026-09-20 12:34:45] 避障检测路径段: 起点索引=27, 提取点数=200
[0m[ INFO] [1789878885.248713804]: local_x: 0.1821, local_y: 0.0227, gear: 1,  error_heading: 0.1355[0m
[0m[ INFO] [1789878885.248769356]: 27 points is not droped, 4.6170, 4.1564, 2.1601, 1, 4.7548, 4.0351, 2.2956[0m
[2026-09-20 12:34:45] 控制路径段: 起点索引=27, 提取点数=3
[2026-09-20 12:34:45] 避障检测路径段: 起点索引=27, 提取点数=200
[0m[ INFO] [1789878885.348535830]: local_x: 0.1347, local_y: 0.0019, gear: 1,  error_heading: 0.1381[0m
[0m[ INFO] [1789878885.348587543]: 27 points is not droped, 4.6170, 4.1564, 2.1601, 1, 4.7080, 4.0571, 2.2982[0m
[2026-09-20 12:34:45] 控制路径段: 起点索引=27, 提取点数=3
[2026-09-20 12:34:45] 避障检测路径段: 起点索引=27, 提取点数=200
[0m[ INFO] [1789878885.448546115]: local_x: 0.1029, local_y: -0.0036, gear: 1,  error_heading: 0.1393[0m
[0m[ INFO] [1789878885.448609604]: 27 points is not droped, 4.6170, 4.1564, 2.1601, 1, 4.6829, 4.0773, 2.2994[0m
[2026-09-20 12:34:45] 控制路径段: 起点索引=27, 提取点数=3
[2026-09-20 12:34:45] 避障检测路径段: 起点索引=27, 提取点数=200
[0m[ INFO] [1789878885.548621520]: local_x: 0.0760, local_y: -0.0056, gear: 1,  error_heading: 0.1389[0m
[0m[ INFO] [1789878885.548676241]: gear=1 points is droped, 4.6170, 4.1564[0m
[2026-09-20 12:34:45] 控制路径段: 起点索引=28, 提取点数=2
[2026-09-20 12:34:45] 避障检测路径段: 起点索引=28, 提取点数=200
[0m[ INFO] [1789878885.648598076]: local_x: 0.2030, local_y: -0.0335, gear: 1,  error_heading: 0.1323[0m
[0m[ INFO] [1789878885.648651677]: 28 points is not droped, 4.5337, 4.2811, 2.1601, 1, 4.6426, 4.1066, 2.2924[0m
[2026-09-20 12:34:45] 控制路径段: 起点索引=28, 提取点数=2
[2026-09-20 12:34:45] 避障检测路径段: 起点索引=28, 提取点数=200
[0m[ INFO] [1789878885.748571720]: local_x: 0.1972, local_y: -0.0303, gear: 1,  error_heading: 0.1270[0m
[0m[ INFO] [1789878885.748668841]: 28 points is not droped, 4.5337, 4.2811, 2.1601, 1, 4.6403, 4.1125, 2.2871[0m
[2026-09-20 12:34:45] 控制路径段: 起点索引=28, 提取点数=2
[2026-09-20 12:34:45] 避障检测路径段: 起点索引=28, 提取点数=200
[0m[ INFO] [1789878885.848684662]: local_x: 0.1937, local_y: -0.0323, gear: 1,  error_heading: 0.1229[0m
[0m[ INFO] [1789878885.848745847]: 28 points is not droped, 4.5337, 4.2811, 2.1601, 1, 4.6358, 4.1134, 2.2830[0m
[2026-09-20 12:34:45] 控制路径段: 起点索引=28, 提取点数=2
[2026-09-20 12:34:45] 避障检测路径段: 起点索引=28, 提取点数=200
[0m[ INFO] [1789878885.948563201]: local_x: 0.1856, local_y: -0.0302, gear: 1,  error_heading: 0.1158[0m
[0m[ INFO] [1789878885.948626882]: 28 points is not droped, 4.5337, 4.2811, 2.1601, 1, 4.6310, 4.1202, 2.2759[0m
[2026-09-20 12:34:45] 控制路径段: 起点索引=28, 提取点数=2
[2026-09-20 12:34:45] 避障检测路径段: 起点索引=28, 提取点数=200
[0m[ INFO] [1789878886.048591502]: local_x: 0.1786, local_y: -0.0287, gear: 1,  error_heading: 0.1062[0m
[0m[ INFO] [1789878886.048663087]: 28 points is not droped, 4.5337, 4.2811, 2.1601, 1, 4.6260, 4.1256, 2.2663[0m
[2026-09-20 12:34:46] 控制路径段: 起点索引=28, 提取点数=2
[2026-09-20 12:34:46] 避障检测路径段: 起点索引=28, 提取点数=200
[0m[ INFO] [1789878886.148561434]: local_x: 0.1702, local_y: -0.0255, gear: 1,  error_heading: 0.0937[0m
[0m[ INFO] [1789878886.148622747]: 28 points is not droped, 4.5337, 4.2811, 2.1601, 1, 4.6213, 4.1330, 2.2538[0m
[2026-09-20 12:34:46] 控制路径段: 起点索引=28, 提取点数=2
[2026-09-20 12:34:46] 避障检测路径段: 起点索引=28, 提取点数=200
[0m[ INFO] [1789878886.248553414]: local_x: 0.1661, local_y: -0.0303, gear: 1,  error_heading: 0.0823[0m
[0m[ INFO] [1789878886.248616423]: 28 points is not droped, 4.5337, 4.2811, 2.1601, 1, 4.6133, 4.1323, 2.2424[0m
[2026-09-20 12:34:46] 控制路径段: 起点索引=28, 提取点数=2
[2026-09-20 12:34:46] 避障检测路径段: 起点索引=28, 提取点数=200
[0m[ INFO] [1789878886.348550835]: local_x: 0.1430, local_y: -0.0336, gear: 1,  error_heading: 0.0659[0m
[0m[ INFO] [1789878886.348605043]: 28 points is not droped, 4.5337, 4.2811, 2.1601, 1, 4.5942, 4.1473, 2.2260[0m
[2026-09-20 12:34:46] 控制路径段: 起点索引=28, 提取点数=2
[2026-09-20 12:34:46] 避障检测路径段: 起点索引=28, 提取点数=200
[0m[ INFO] [1789878886.448565695]: local_x: 0.1345, local_y: -0.0330, gear: 1,  error_heading: 0.0538[0m
[0m[ INFO] [1789878886.448622912]: 28 points is not droped, 4.5337, 4.2811, 2.1601, 1, 4.5879, 4.1537, 2.2139[0m
[2026-09-20 12:34:46] 控制路径段: 起点索引=28, 提取点数=2
[2026-09-20 12:34:46] 避障检测路径段: 起点索引=28, 提取点数=200
[0m[ INFO] [1789878886.548524363]: local_x: 0.1242, local_y: -0.0343, gear: 1,  error_heading: 0.0387[0m
[0m[ INFO] [1789878886.548586988]: 28 points is not droped, 4.5337, 4.2811, 2.1601, 1, 4.5789, 4.1605, 2.1988[0m
[2026-09-20 12:34:46] 控制路径段: 起点索引=28, 提取点数=2
[2026-09-20 12:34:46] 避障检测路径段: 起点索引=28, 提取点数=200
[0m[ INFO] [1789878886.648548184]: local_x: 0.1167, local_y: -0.0326, gear: 1,  error_heading: 0.0173[0m
[0m[ INFO] [1789878886.648619609]: 28 points is not droped, 4.5337, 4.2811, 2.1601, 1, 4.5734, 4.1667, 2.1774[0m
[2026-09-20 12:34:46] 控制路径段: 起点索引=28, 提取点数=2
[2026-09-20 12:34:46] 避障检测路径段: 起点索引=28, 提取点数=200
[0m[ INFO] [1789878886.748638693]: local_x: 0.1116, local_y: -0.0326, gear: 1,  error_heading: 0.0047[0m
[0m[ INFO] [1789878886.748699302]: 28 points is not droped, 4.5337, 4.2811, 2.1601, 1, 4.5691, 4.1705, 2.1648[0m
[2026-09-20 12:34:46] 控制路径段: 起点索引=28, 提取点数=2
[2026-09-20 12:34:46] 避障检测路径段: 起点索引=28, 提取点数=200
[0m[ INFO] [1789878886.848562097]: local_x: 0.0996, local_y: -0.0305, gear: 1,  error_heading: -0.0379[0m
[0m[ INFO] [1789878886.848622226]: gear=1 points is droped, 4.5337, 4.2811[0m
[2026-09-20 12:34:46] 控制路径段: 起点索引=29, 提取点数=1
[2026-09-20 12:34:46] 避障检测路径段: 起点索引=29, 提取点数=200
[0m[ INFO] [1789878886.948556318]: local_x: 0.1069, local_y: -0.0303, gear: 2,  error_heading: -2.3064[0m
[2026-09-20 12:34:46] 还未完成转向!
[0m[ INFO] [1789878886.999682063]: 29 points is not droped, 4.5239, 4.2957, -1.8818, 2, 4.5512, 4.1881, 2.0950[0m
[2026-09-20 12:34:46] 控制路径段: 起点索引=29, 提取点数=1
[2026-09-20 12:34:46] 避障检测路径段: 起点索引=29, 提取点数=200
[0m[ INFO] [1789878887.048562986]: local_x: 0.1015, local_y: -0.0277, gear: 2,  error_heading: -2.3337[0m
[2026-09-20 12:34:47] 还未完成转向!
[0m[ INFO] [1789878887.101240588]: 29 points is not droped, 4.5239, 4.2957, -1.8818, 2, 4.5480, 4.1933, 2.0677[0m
[2026-09-20 12:34:47] 控制路径段: 起点索引=29, 提取点数=1
[2026-09-20 12:34:47] 避障检测路径段: 起点索引=29, 提取点数=200
[0m[ INFO] [1789878887.148552406]: local_x: 0.0917, local_y: -0.0290, gear: 2,  error_heading: -2.3666[0m
[2026-09-20 12:34:47] 还未完成转向!
[0m[ INFO] [1789878887.198163001]: 29 points is not droped, 4.5239, 4.2957, -1.8818, 2, 4.5390, 4.2007, 2.0348[0m
[2026-09-20 12:34:47] 控制路径段: 起点索引=29, 提取点数=1
[2026-09-20 12:34:47] 避障检测路径段: 起点索引=29, 提取点数=200
[0m[ INFO] [1789878887.251570818]: local_x: 0.0843, local_y: -0.0289, gear: 2,  error_heading: -2.3997[0m
[2026-09-20 12:34:47] 还未完成转向!
[0m[ INFO] [1789878887.298437896]: 29 points is not droped, 4.5239, 4.2957, -1.8818, 2, 4.5329, 4.2070, 2.0017[0m
[2026-09-20 12:34:47] 控制路径段: 起点索引=29, 提取点数=1
[2026-09-20 12:34:47] 避障检测路径段: 起点索引=29, 提取点数=200
[0m[ INFO] [1789878887.348552655]: local_x: 0.0842, local_y: -0.0221, gear: 2,  error_heading: -2.4483[0m
[2026-09-20 12:34:47] 还未完成转向!
[0m[ INFO] [1789878887.398344275]: 29 points is not droped, 4.5239, 4.2957, -1.8818, 2, 4.5348, 4.2094, 1.9531[0m
[2026-09-20 12:34:47] 控制路径段: 起点索引=29, 提取点数=1
[2026-09-20 12:34:47] 避障检测路径段: 起点索引=29, 提取点数=200
[0m[ INFO] [1789878887.448617916]: local_x: 0.0795, local_y: -0.0177, gear: 2,  error_heading: -2.4996[0m
[2026-09-20 12:34:47] 还未完成转向!
[0m[ INFO] [1789878887.498183454]: 29 points is not droped, 4.5239, 4.2957, -1.8818, 2, 4.5329, 4.2148, 1.9018[0m
[2026-09-20 12:34:47] 控制路径段: 起点索引=29, 提取点数=1
[2026-09-20 12:34:47] 避障检测路径段: 起点索引=29, 提取点数=200
[0m[ INFO] [1789878887.548572904]: local_x: 0.0720, local_y: -0.0170, gear: 2,  error_heading: -2.5562[0m
[2026-09-20 12:34:47] 还未完成转向!
[0m[ INFO] [1789878887.598183146]: 29 points is not droped, 4.5239, 4.2957, -1.8818, 2, 4.5270, 4.2218, 1.8452[0m
[2026-09-20 12:34:47] 控制路径段: 起点索引=29, 提取点数=1
[2026-09-20 12:34:47] 避障检测路径段: 起点索引=29, 提取点数=200
[0m[ INFO] [1789878887.648636597]: local_x: 0.0672, local_y: -0.0118, gear: 2,  error_heading: -2.6017[0m
[2026-09-20 12:34:47] 还未完成转向!
[0m[ INFO] [1789878887.698546107]: 29 points is not droped, 4.5239, 4.2957, -1.8818, 2, 4.5277, 4.2276, 1.7997[0m
[2026-09-20 12:34:47] 控制路径段: 起点索引=29, 提取点数=1
[2026-09-20 12:34:47] 避障检测路径段: 起点索引=29, 提取点数=200
[0m[ INFO] [1789878887.748559457]: local_x: 0.0597, local_y: -0.0152, gear: 2,  error_heading: -2.6481[0m
[2026-09-20 12:34:47] 还未完成转向!
[0m[ INFO] [1789878887.803587099]: 29 points is not droped, 4.5239, 4.2957, -1.8818, 2, 4.5198, 4.2343, 1.7533[0m
[2026-09-20 12:34:47] 控制路径段: 起点索引=29, 提取点数=1
[2026-09-20 12:34:47] 避障检测路径段: 起点索引=29, 提取点数=200
[0m[ INFO] [1789878887.848552973]: local_x: 0.0544, local_y: -0.0098, gear: 2,  error_heading: -2.6924[0m
[2026-09-20 12:34:47] 还未完成转向!
[0m[ INFO] [1789878887.898156529]: 29 points is not droped, 4.5239, 4.2957, -1.8818, 2, 4.5217, 4.2405, 1.7090[0m
[2026-09-20 12:34:47] 控制路径段: 起点索引=29, 提取点数=1
[2026-09-20 12:34:47] 避障检测路径段: 起点索引=29, 提取点数=200
[0m[ INFO] [1789878887.948536765]: local_x: 0.0554, local_y: -0.0088, gear: 2,  error_heading: -2.6869[0m
[2026-09-20 12:34:47] 还未完成转向!
[0m[ INFO] [1789878887.998185826]: 29 points is not droped, 4.5239, 4.2957, -1.8818, 2, 4.5231, 4.2397, 1.7145[0m
[2026-09-20 12:34:47] 控制路径段: 起点索引=29, 提取点数=1
[2026-09-20 12:34:47] 避障检测路径段: 起点索引=29, 提取点数=200
[0m[ INFO] [1789878888.048610446]: local_x: 0.0589, local_y: -0.0107, gear: 2,  error_heading: -2.6388[0m
[2026-09-20 12:34:48] 还未完成转向!
[0m[ INFO] [1789878888.098225906]: 29 points is not droped, 4.5239, 4.2957, -1.8818, 2, 4.5246, 4.2358, 1.7626[0m
[2026-09-20 12:34:48] 控制路径段: 起点索引=29, 提取点数=1
[2026-09-20 12:34:48] 避障检测路径段: 起点索引=29, 提取点数=200
[0m[ INFO] [1789878888.148550462]: local_x: 0.0555, local_y: -0.0236, gear: 2,  error_heading: -2.5797[0m
[2026-09-20 12:34:48] 还未完成转向!
[0m[ INFO] [1789878888.199019371]: 29 points is not droped, 4.5239, 4.2957, -1.8818, 2, 4.5148, 4.2361, 1.8218[0m
[2026-09-20 12:34:48] 控制路径段: 起点索引=29, 提取点数=1
[2026-09-20 12:34:48] 避障检测路径段: 起点索引=29, 提取点数=200
[0m[ INFO] [1789878888.248521774]: local_x: 0.0563, local_y: -0.0393, gear: 2,  error_heading: -2.5389[0m
[2026-09-20 12:34:48] 还未完成转向!
[0m[ INFO] [1789878888.298571671]: 29 points is not droped, 4.5239, 4.2957, -1.8818, 2, 4.5025, 4.2305, 1.8625[0m
[2026-09-20 12:34:48] 控制路径段: 起点索引=29, 提取点数=1
[2026-09-20 12:34:48] 避障检测路径段: 起点索引=29, 提取点数=200
[0m[ INFO] [1789878888.348543583]: local_x: 0.0516, local_y: -0.0431, gear: 2,  error_heading: -2.4748[0m
[2026-09-20 12:34:48] 还未完成转向!
[0m[ INFO] [1789878888.400340858]: 29 points is not droped, 4.5239, 4.2957, -1.8818, 2, 4.5015, 4.2323, 1.9266[0m
[2026-09-20 12:34:48] 控制路径段: 起点索引=29, 提取点数=1
[2026-09-20 12:34:48] 避障检测路径段: 起点索引=29, 提取点数=200
[0m[ INFO] [1789878888.448619056]: local_x: 0.0517, local_y: -0.0418, gear: 2,  error_heading: -2.4378[0m
[2026-09-20 12:34:48] 还未完成转向!
[0m[ INFO] [1789878888.498626841]: 29 points is not droped, 4.5239, 4.2957, -1.8818, 2, 4.5051, 4.2319, 1.9637[0m
[2026-09-20 12:34:48] 控制路径段: 起点索引=29, 提取点数=1
[2026-09-20 12:34:48] 避障检测路径段: 起点索引=29, 提取点数=200
[0m[ INFO] [1789878888.548564960]: local_x: 0.0481, local_y: -0.0486, gear: 2,  error_heading: -2.3942[0m
[2026-09-20 12:34:48] 还未完成转向!
[0m[ INFO] [1789878888.598316902]: 29 points is not droped, 4.5239, 4.2957, -1.8818, 2, 4.5002, 4.2317, 2.0072[0m
[2026-09-20 12:34:48] 控制路径段: 起点索引=29, 提取点数=1
[2026-09-20 12:34:48] 避障检测路径段: 起点索引=29, 提取点数=200
[0m[ INFO] [1789878888.648544561]: local_x: 0.0494, local_y: -0.0471, gear: 2,  error_heading: -2.3507[0m
[2026-09-20 12:34:48] 还未完成转向!
[0m[ INFO] [1789878888.699607140]: 29 points is not droped, 4.5239, 4.2957, -1.8818, 2, 4.5049, 4.2302, 2.0507[0m
[2026-09-20 12:34:48] 控制路径段: 起点索引=29, 提取点数=1
[2026-09-20 12:34:48] 避障检测路径段: 起点索引=29, 提取点数=200
[0m[ INFO] [1789878888.748550401]: local_x: 0.0453, local_y: -0.0531, gear: 2,  error_heading: -2.3109[0m
[2026-09-20 12:34:48] 还未完成转向!
[0m[ INFO] [1789878888.798280007]: 29 points is not droped, 4.5239, 4.2957, -1.8818, 2, 4.5003, 4.2300, 2.0905[0m
[2026-09-20 12:34:48] 控制路径段: 起点索引=29, 提取点数=1
[2026-09-20 12:34:48] 避障检测路径段: 起点索引=29, 提取点数=200
[0m[ INFO] [1789878888.848880725]: local_x: 0.0460, local_y: -0.0496, gear: 2,  error_heading: -2.2704[0m
[2026-09-20 12:34:48] 还未完成转向!
[0m[ INFO] [1789878888.899544708]: 29 points is not droped, 4.5239, 4.2957, -1.8818, 2, 4.5063, 4.2304, 2.1310[0m
[2026-09-20 12:34:48] 控制路径段: 起点索引=29, 提取点数=1
[2026-09-20 12:34:48] 避障检测路径段: 起点索引=29, 提取点数=200
[0m[ INFO] [1789878888.948890886]: local_x: 0.0400, local_y: -0.0563, gear: 2,  error_heading: -2.2337[0m
[2026-09-20 12:34:48] 还未完成转向!
[0m[ INFO] [1789878888.998217927]: 29 points is not droped, 4.5239, 4.2957, -1.8818, 2, 4.4998, 4.2310, 2.1677[0m
[2026-09-20 12:34:48] 控制路径段: 起点索引=29, 提取点数=1
[2026-09-20 12:34:48] 避障检测路径段: 起点索引=29, 提取点数=200
[0m[ INFO] [1789878889.048562867]: local_x: 0.0396, local_y: -0.0512, gear: 2,  error_heading: -2.2038[0m
[2026-09-20 12:34:49] 还未完成转向!
[0m[ INFO] [1789878889.098570939]: 29 points is not droped, 4.5239, 4.2957, -1.8818, 2, 4.5057, 4.2337, 2.1976[0m
[2026-09-20 12:34:49] 控制路径段: 起点索引=29, 提取点数=1
[2026-09-20 12:34:49] 避障检测路径段: 起点索引=29, 提取点数=200
[0m[ INFO] [1789878889.148540291]: local_x: 0.0327, local_y: -0.0565, gear: 2,  error_heading: -2.1675[0m
[2026-09-20 12:34:49] 还未完成转向!
[0m[ INFO] [1789878889.198277961]: 29 points is not droped, 4.5239, 4.2957, -1.8818, 2, 4.4995, 4.2352, 2.2339[0m
[2026-09-20 12:34:49] 控制路径段: 起点索引=29, 提取点数=1
[2026-09-20 12:34:49] 避障检测路径段: 起点索引=29, 提取点数=200
[0m[ INFO] [1789878889.248549812]: local_x: 0.0355, local_y: -0.0541, gear: 2,  error_heading: -2.1314[0m
[2026-09-20 12:34:49] 还未完成转向!
[0m[ INFO] [1789878889.298392059]: 29 points is not droped, 4.5239, 4.2957, -1.8818, 2, 4.5053, 4.2338, 2.2700[0m
[2026-09-20 12:34:49] 控制路径段: 起点索引=29, 提取点数=1
[2026-09-20 12:34:49] 避障检测路径段: 起点索引=29, 提取点数=200
[0m[ INFO] [1789878889.348553541]: local_x: 0.0299, local_y: -0.0418, gear: 2,  error_heading: -2.0823[0m
[2026-09-20 12:34:49] 还未完成转向!
[0m[ INFO] [1789878889.400711875]: 29 points is not droped, 4.5239, 4.2957, -1.8818, 2, 4.5136, 4.2453, 2.3191[0m
[2026-09-20 12:34:49] 控制路径段: 起点索引=29, 提取点数=1
[2026-09-20 12:34:49] 避障检测路径段: 起点索引=29, 提取点数=200
[0m[ INFO] [1789878889.448547477]: local_x: 0.0341, local_y: -0.0401, gear: 2,  error_heading: -2.0387[0m
[2026-09-20 12:34:49] 还未完成转向!
[0m[ INFO] [1789878889.499524775]: 29 points is not droped, 4.5239, 4.2957, -1.8818, 2, 4.5200, 4.2433, 2.3627[0m
[2026-09-20 12:34:49] 控制路径段: 起点索引=29, 提取点数=1
[2026-09-20 12:34:49] 避障检测路径段: 起点索引=29, 提取点数=200
[0m[ INFO] [1789878889.548592742]: local_x: 0.0327, local_y: -0.0415, gear: 2,  error_heading: -2.0137[0m
[2026-09-20 12:34:49] 还未完成转向!
[0m[ INFO] [1789878889.598960786]: 29 points is not droped, 4.5239, 4.2957, -1.8818, 2, 4.5193, 4.2431, 2.3877[0m
[2026-09-20 12:34:49] 控制路径段: 起点索引=29, 提取点数=1
[2026-09-20 12:34:49] 避障检测路径段: 起点索引=29, 提取点数=200
[0m[ INFO] [1789878889.648562518]: local_x: 0.0296, local_y: -0.0450, gear: 2,  error_heading: -1.9639[0m
[2026-09-20 12:34:49] 还未完成转向!
[0m[ INFO] [1789878889.698196219]: 29 points is not droped, 4.5239, 4.2957, -1.8818, 2, 4.5173, 4.2423, 2.4375[0m
[2026-09-20 12:34:49] 控制路径段: 起点索引=29, 提取点数=1
[2026-09-20 12:34:49] 避障检测路径段: 起点索引=29, 提取点数=200
[0m[ INFO] [1789878889.748520838]: local_x: 0.0340, local_y: -0.0439, gear: 2,  error_heading: -1.9127[0m
[2026-09-20 12:34:49] 还未完成转向!
[0m[ INFO] [1789878889.798208299]: 29 points is not droped, 4.5239, 4.2957, -1.8818, 2, 4.5243, 4.2402, 2.4887[0m
[2026-09-20 12:34:49] 控制路径段: 起点索引=29, 提取点数=1
[2026-09-20 12:34:49] 避障检测路径段: 起点索引=29, 提取点数=200
[0m[ INFO] [1789878889.848548439]: local_x: 0.0381, local_y: -0.0433, gear: 2,  error_heading: -1.8498[0m
[2026-09-20 12:34:49] 还未完成转向!
[0m[ INFO] [1789878889.898728129]: 29 points is not droped, 4.5239, 4.2957, -1.8818, 2, 4.5315, 4.2386, 2.5516[0m
[2026-09-20 12:34:49] 控制路径段: 起点索引=29, 提取点数=1
[2026-09-20 12:34:49] 避障检测路径段: 起点索引=29, 提取点数=200
[0m[ INFO] [1789878889.948573832]: local_x: 0.0368, local_y: -0.0453, gear: 2,  error_heading: -1.8214[0m
[2026-09-20 12:34:49] 还未完成转向!
[0m[ INFO] [1789878889.998536944]: 29 points is not droped, 4.5239, 4.2957, -1.8818, 2, 4.5309, 4.2378, 2.5800[0m
[2026-09-20 12:34:49] 控制路径段: 起点索引=29, 提取点数=1
[2026-09-20 12:34:49] 避障检测路径段: 起点索引=29, 提取点数=200
[0m[ INFO] [1789878890.048560856]: local_x: 0.0326, local_y: -0.0506, gear: 2,  error_heading: -1.7651[0m
[2026-09-20 12:34:50] 还未完成转向!
[0m[ INFO] [1789878890.098224445]: 29 points is not droped, 4.5239, 4.2957, -1.8818, 2, 4.5279, 4.2356, 2.6363[0m
[2026-09-20 12:34:50] 控制路径段: 起点索引=29, 提取点数=1
[2026-09-20 12:34:50] 避障检测路径段: 起点索引=29, 提取点数=200
[0m[ INFO] [1789878890.148561641]: local_x: 0.0360, local_y: -0.0503, gear: 2,  error_heading: -1.7109[0m
[2026-09-20 12:34:50] 还未完成转向!
[0m[ INFO] [1789878890.198150285]: 29 points is not droped, 4.5239, 4.2957, -1.8818, 2, 4.5344, 4.2347, 2.6905[0m
[2026-09-20 12:34:50] 控制路径段: 起点索引=29, 提取点数=1
[2026-09-20 12:34:50] 避障检测路径段: 起点索引=29, 提取点数=200
[0m[ INFO] [1789878890.248541273]: local_x: 0.0252, local_y: -0.0599, gear: 2,  error_heading: -1.6540[0m
[2026-09-20 12:34:50] 还未完成转向!
[0m[ INFO] [1789878890.300638199]: 29 points is not droped, 4.5239, 4.2957, -1.8818, 2, 4.5242, 4.2308, 2.7474[0m
[2026-09-20 12:34:50] 控制路径段: 起点索引=29, 提取点数=1
[2026-09-20 12:34:50] 避障检测路径段: 起点索引=29, 提取点数=200
[0m[ INFO] [1789878890.348552234]: local_x: 0.0402, local_y: -0.0508, gear: 2,  error_heading: -1.6200[0m
[2026-09-20 12:34:50] 还未完成转向!
[0m[ INFO] [1789878890.398171918]: 29 points is not droped, 4.5239, 4.2957, -1.8818, 2, 4.5436, 4.2340, 2.7814[0m
[2026-09-20 12:34:50] 控制路径段: 起点索引=29, 提取点数=1
[2026-09-20 12:34:50] 避障检测路径段: 起点索引=29, 提取点数=200
[0m[ INFO] [1789878890.448581243]: local_x: 0.0410, local_y: -0.0531, gear: 2,  error_heading: -1.5533[0m
[2026-09-20 12:34:50] 还未完成转向!
[0m[ INFO] [1789878890.501002044]: 29 points is not droped, 4.5239, 4.2957, -1.8818, 2, 4.5478, 4.2330, 2.8481[0m
[2026-09-20 12:34:50] 控制路径段: 起点索引=29, 提取点数=1
[2026-09-20 12:34:50] 避障检测路径段: 起点索引=29, 提取点数=200
[0m[ INFO] [1789878890.548576107]: local_x: 0.0392, local_y: -0.0539, gear: 2,  error_heading: -1.5299[0m
[2026-09-20 12:34:50] 还未完成转向!
[0m[ INFO] [1789878890.599610334]: 29 points is not droped, 4.5239, 4.2957, -1.8818, 2, 4.5474, 4.2334, 2.8715[0m
[2026-09-20 12:34:50] 控制路径段: 起点索引=29, 提取点数=1
[2026-09-20 12:34:50] 避障检测路径段: 起点索引=29, 提取点数=200
[0m[ INFO] [1789878890.648557275]: local_x: 0.0353, local_y: -0.0549, gear: 2,  error_heading: -1.4887[0m
[2026-09-20 12:34:50] 还未完成转向!
[0m[ INFO] [1789878890.698172480]: 29 points is not droped, 4.5239, 4.2957, -1.8818, 2, 4.5459, 4.2342, 2.9127[0m
[2026-09-20 12:34:50] 控制路径段: 起点索引=29, 提取点数=1
[2026-09-20 12:34:50] 避障检测路径段: 起点索引=29, 提取点数=200
[0m[ INFO] [1789878890.748554732]: local_x: 0.0348, local_y: -0.0543, gear: 2,  error_heading: -1.4552[0m
[2026-09-20 12:34:50] 还未完成转向!
[0m[ INFO] [1789878890.798242609]: 29 points is not droped, 4.5239, 4.2957, -1.8818, 2, 4.5475, 4.2357, 2.9462[0m
[2026-09-20 12:34:50] 控制路径段: 起点索引=29, 提取点数=1
[2026-09-20 12:34:50] 避障检测路径段: 起点索引=29, 提取点数=200
[0m[ INFO] [1789878890.848606941]: local_x: 0.0283, local_y: -0.0517, gear: 2,  error_heading: -1.4175[0m
[2026-09-20 12:34:50] 还未完成转向!
[0m[ INFO] [1789878890.898150465]: 29 points is not droped, 4.5239, 4.2957, -1.8818, 2, 4.5438, 4.2402, 2.9839[0m
[2026-09-20 12:34:50] 控制路径段: 起点索引=29, 提取点数=1
[2026-09-20 12:34:50] 避障检测路径段: 起点索引=29, 提取点数=200
[0m[ INFO] [1789878890.948557325]: local_x: 0.0248, local_y: -0.0510, gear: 2,  error_heading: -1.4070[0m
[2026-09-20 12:34:50] 还未完成转向!
[0m[ INFO] [1789878890.998250994]: 29 points is not droped, 4.5239, 4.2957, -1.8818, 2, 4.5410, 4.2416, 2.9944[0m
[2026-09-20 12:34:50] 控制路径段: 起点索引=29, 提取点数=1
[2026-09-20 12:34:50] 避障检测路径段: 起点索引=29, 提取点数=200
[0m[ INFO] [1789878891.048601982]: local_x: 0.0174, local_y: -0.0498, gear: 2,  error_heading: -1.3814[0m
[2026-09-20 12:34:51] 还未完成转向!
[0m[ INFO] [1789878891.098181346]: 29 points is not droped, 4.5239, 4.2957, -1.8818, 2, 4.5352, 4.2442, 3.0200[0m
[2026-09-20 12:34:51] 控制路径段: 起点索引=29, 提取点数=1
[2026-09-20 12:34:51] 避障检测路径段: 起点索引=29, 提取点数=200
[0m[ INFO] [1789878891.148550542]: local_x: 0.0150, local_y: -0.0488, gear: 2,  error_heading: -1.3520[0m
[2026-09-20 12:34:51] 还未完成转向!
[0m[ INFO] [1789878891.198115282]: 29 points is not droped, 4.5239, 4.2957, -1.8818, 2, 4.5344, 4.2458, 3.0494[0m
[2026-09-20 12:34:51] 控制路径段: 起点索引=29, 提取点数=1
[2026-09-20 12:34:51] 避障检测路径段: 起点索引=29, 提取点数=200
[0m[ INFO] [1789878891.248556863]: local_x: 0.0120, local_y: -0.0512, gear: 2,  error_heading: -1.2961[0m
[2026-09-20 12:34:51] 还未完成转向!
[0m[ INFO] [1789878891.298157091]: 29 points is not droped, 4.5239, 4.2957, -1.8818, 2, 4.5340, 4.2442, 3.1053[0m
[2026-09-20 12:34:51] 控制路径段: 起点索引=29, 提取点数=1
[2026-09-20 12:34:51] 避障检测路径段: 起点索引=29, 提取点数=200
[0m[ INFO] [1789878891.348549359]: local_x: 0.0099, local_y: -0.0514, gear: 2,  error_heading: -1.2702[0m
[2026-09-20 12:34:51] 还未完成转向!
[0m[ INFO] [1789878891.398121331]: 29 points is not droped, 4.5239, 4.2957, -1.8818, 2, 4.5333, 4.2443, 3.1312[0m
[2026-09-20 12:34:51] 控制路径段: 起点索引=29, 提取点数=1
[2026-09-20 12:34:51] 避障检测路径段: 起点索引=29, 提取点数=200
[0m[ INFO] [1789878891.448549856]: local_x: 0.0068, local_y: -0.0515, gear: 2,  error_heading: -1.2235[0m
[2026-09-20 12:34:51] 还未完成转向!
[0m[ INFO] [1789878891.498152836]: 29 points is not droped, 4.5239, 4.2957, -1.8818, 2, 4.5326, 4.2446, -3.1053[0m
[2026-09-20 12:34:51] 控制路径段: 起点索引=29, 提取点数=1
[2026-09-20 12:34:51] 避障检测路径段: 起点索引=29, 提取点数=200
[0m[ INFO] [1789878891.548551792]: local_x: 0.0051, local_y: -0.0511, gear: 2,  error_heading: -1.1694[0m
[2026-09-20 12:34:51] 还未完成转向!
[0m[ INFO] [1789878891.598168244]: 29 points is not droped, 4.5239, 4.2957, -1.8818, 2, 4.5336, 4.2453, -3.0512[0m
[2026-09-20 12:34:51] 控制路径段: 起点索引=29, 提取点数=1
[2026-09-20 12:34:51] 避障检测路径段: 起点索引=29, 提取点数=200
[0m[ INFO] [1789878891.648781987]: local_x: 0.0011, local_y: -0.0513, gear: 2,  error_heading: -1.1190[0m
[2026-09-20 12:34:51] 还未完成转向!
[0m[ INFO] [1789878891.699285425]: 29 points is not droped, 4.5239, 4.2957, -1.8818, 2, 4.5322, 4.2451, -3.0008[0m
[2026-09-20 12:34:51] 控制路径段: 起点索引=29, 提取点数=1
[2026-09-20 12:34:51] 避障检测路径段: 起点索引=29, 提取点数=200
[0m[ INFO] [1789878891.748571185]: local_x: -0.0010, local_y: -0.0484, gear: 2,  error_heading: -1.0543[0m
[2026-09-20 12:34:51] 还未完成转向!
[0m[ INFO] [1789878891.798214582]: 29 points is not droped, 4.5239, 4.2957, -1.8818, 2, 4.5328, 4.2482, -2.9361[0m
[2026-09-20 12:34:51] 控制路径段: 起点索引=29, 提取点数=1
[2026-09-20 12:34:51] 避障检测路径段: 起点索引=29, 提取点数=200
[0m[ INFO] [1789878891.848560290]: local_x: -0.0019, local_y: -0.0478, gear: 2,  error_heading: -1.0346[0m
[2026-09-20 12:34:51] 还未完成转向!
[0m[ INFO] [1789878891.898140389]: 29 points is not droped, 4.5239, 4.2957, -1.8818, 2, 4.5327, 4.2488, -2.9164[0m
[2026-09-20 12:34:51] 控制路径段: 起点索引=29, 提取点数=1
[2026-09-20 12:34:51] 避障检测路径段: 起点索引=29, 提取点数=200
[0m[ INFO] [1789878891.948632656]: local_x: -0.0032, local_y: -0.0461, gear: 2,  error_heading: -0.9915[0m
[2026-09-20 12:34:51] 还未完成转向!
[0m[ INFO] [1789878891.998314419]: 29 points is not droped, 4.5239, 4.2957, -1.8818, 2, 4.5330, 4.2504, -2.8732[0m
[2026-09-20 12:34:51] 控制路径段: 起点索引=29, 提取点数=1
[2026-09-20 12:34:51] 避障检测路径段: 起点索引=29, 提取点数=200
[0m[ INFO] [1789878892.048603708]: local_x: -0.0084, local_y: -0.0471, gear: 2,  error_heading: -0.9199[0m
[2026-09-20 12:34:52] 还未完成转向!
[0m[ INFO] [1789878892.098133406]: 29 points is not droped, 4.5239, 4.2957, -1.8818, 2, 4.5317, 4.2486, -2.8017[0m
[2026-09-20 12:34:52] 控制路径段: 起点索引=29, 提取点数=1
[2026-09-20 12:34:52] 避障检测路径段: 起点索引=29, 提取点数=200
[0m[ INFO] [1789878892.148551432]: local_x: -0.0097, local_y: -0.0474, gear: 2,  error_heading: -0.8959[0m
[2026-09-20 12:34:52] 还未完成转向!
[0m[ INFO] [1789878892.199665210]: 29 points is not droped, 4.5239, 4.2957, -1.8818, 2, 4.5317, 4.2480, -2.7776[0m
[2026-09-20 12:34:52] 控制路径段: 起点索引=29, 提取点数=1
[2026-09-20 12:34:52] 避障检测路径段: 起点索引=29, 提取点数=200
[0m[ INFO] [1789878892.248548085]: local_x: -0.0110, local_y: -0.0477, gear: 2,  error_heading: -0.8693[0m
[2026-09-20 12:34:52] 还未完成转向!
[0m[ INFO] [1789878892.298125270]: 29 points is not droped, 4.5239, 4.2957, -1.8818, 2, 4.5319, 4.2475, -2.7510[0m
[2026-09-20 12:34:52] 控制路径段: 起点索引=29, 提取点数=1
[2026-09-20 12:34:52] 避障检测路径段: 起点索引=29, 提取点数=200
[0m[ INFO] [1789878892.348540833]: local_x: -0.0198, local_y: -0.0471, gear: 2,  error_heading: -0.8199[0m
[2026-09-20 12:34:52] 还未完成转向!
[0m[ INFO] [1789878892.398123747]: 29 points is not droped, 4.5239, 4.2957, -1.8818, 2, 4.5260, 4.2447, -2.7017[0m
[2026-09-20 12:34:52] 控制路径段: 起点索引=29, 提取点数=1
[2026-09-20 12:34:52] 避障检测路径段: 起点索引=29, 提取点数=200
[0m[ INFO] [1789878892.448684879]: local_x: -0.0220, local_y: -0.0440, gear: 2,  error_heading: -0.7575[0m
[2026-09-20 12:34:52] 还未完成转向!
[0m[ INFO] [1789878892.498219984]: 29 points is not droped, 4.5239, 4.2957, -1.8818, 2, 4.5258, 4.2466, -2.6393[0m
[2026-09-20 12:34:52] 控制路径段: 起点索引=29, 提取点数=1
[2026-09-20 12:34:52] 避障检测路径段: 起点索引=29, 提取点数=200
[0m[ INFO] [1789878892.548632283]: local_x: -0.0242, local_y: -0.0408, gear: 2,  error_heading: -0.7062[0m
[2026-09-20 12:34:52] 还未完成转向!
[0m[ INFO] [1789878892.598257309]: 29 points is not droped, 4.5239, 4.2957, -1.8818, 2, 4.5247, 4.2483, -2.5880[0m
[2026-09-20 12:34:52] 控制路径段: 起点索引=29, 提取点数=1
[2026-09-20 12:34:52] 避障检测路径段: 起点索引=29, 提取点数=200
[0m[ INFO] [1789878892.648517606]: local_x: -0.0261, local_y: -0.0380, gear: 2,  error_heading: -0.6202[0m
[2026-09-20 12:34:52] 还未完成转向!
[0m[ INFO] [1789878892.698229801]: 29 points is not droped, 4.5239, 4.2957, -1.8818, 2, 4.5257, 4.2497, -2.5019[0m
[2026-09-20 12:34:52] 控制路径段: 起点索引=29, 提取点数=1
[2026-09-20 12:34:52] 避障检测路径段: 起点索引=29, 提取点数=200
[0m[ INFO] [1789878892.748601235]: local_x: -0.0272, local_y: -0.0351, gear: 2,  error_heading: -0.5796[0m
[2026-09-20 12:34:52] 还未完成转向!
[0m[ INFO] [1789878892.798813020]: 29 points is not droped, 4.5239, 4.2957, -1.8818, 2, 4.5248, 4.2513, -2.4614[0m
[2026-09-20 12:34:52] 控制路径段: 起点索引=29, 提取点数=1
[2026-09-20 12:34:52] 避障检测路径段: 起点索引=29, 提取点数=200
[0m[ INFO] [1789878892.848634720]: local_x: -0.0274, local_y: -0.0338, gear: 2,  error_heading: -0.5658[0m
[2026-09-20 12:34:52] 还未完成转向!
[0m[ INFO] [1789878892.898728583]: 29 points is not droped, 4.5239, 4.2957, -1.8818, 2, 4.5244, 4.2523, -2.4476[0m
[2026-09-20 12:34:52] 控制路径段: 起点索引=29, 提取点数=1
[2026-09-20 12:34:52] 避障检测路径段: 起点索引=29, 提取点数=200
[0m[ INFO] [1789878892.948518124]: local_x: -0.0309, local_y: -0.0282, gear: 2,  error_heading: -0.5342[0m
[2026-09-20 12:34:52] 还未完成转向!
[0m[ INFO] [1789878892.998224879]: 29 points is not droped, 4.5239, 4.2957, -1.8818, 2, 4.5195, 4.2541, -2.4160[0m
[2026-09-20 12:34:52] 控制路径段: 起点索引=29, 提取点数=1
[2026-09-20 12:34:52] 避障检测路径段: 起点索引=29, 提取点数=200
[0m[ INFO] [1789878893.048846267]: local_x: -0.0335, local_y: -0.0222, gear: 2,  error_heading: -0.4861[0m
[2026-09-20 12:34:53] 还未完成转向!
[0m[ INFO] [1789878893.098153946]: 29 points is not droped, 4.5239, 4.2957, -1.8818, 2, 4.5155, 4.2564, -2.3679[0m
[2026-09-20 12:34:53] 控制路径段: 起点索引=29, 提取点数=1
[2026-09-20 12:34:53] 避障检测路径段: 起点索引=29, 提取点数=200
[0m[ INFO] [1789878893.148545861]: local_x: -0.0356, local_y: -0.0191, gear: 2,  error_heading: -0.4488[0m
[2026-09-20 12:34:53] 还未完成转向!
[0m[ INFO] [1789878893.198133671]: 29 points is not droped, 4.5239, 4.2957, -1.8818, 2, 4.5132, 4.2567, -2.3305[0m
[2026-09-20 12:34:53] 控制路径段: 起点索引=29, 提取点数=1
[2026-09-20 12:34:53] 避障检测路径段: 起点索引=29, 提取点数=200
[0m[ INFO] [1789878893.248597650]: local_x: -0.0320, local_y: -0.0138, gear: 2,  error_heading: -0.4205[0m
[2026-09-20 12:34:53] 还未完成转向!
[0m[ INFO] [1789878893.298102163]: 29 points is not droped, 4.5239, 4.2957, -1.8818, 2, 4.5128, 4.2627, -2.3023[0m
[2026-09-20 12:34:53] 控制路径段: 起点索引=29, 提取点数=1
[2026-09-20 12:34:53] 避障检测路径段: 起点索引=29, 提取点数=200
[0m[ INFO] [1789878893.348553182]: local_x: -0.0392, local_y: -0.0114, gear: 2,  error_heading: -0.3959[0m
[2026-09-20 12:34:53] 还未完成转向!
[0m[ INFO] [1789878893.398118368]: 29 points is not droped, 4.5239, 4.2957, -1.8818, 2, 4.5071, 4.2585, -2.2776[0m
[2026-09-20 12:34:53] 控制路径段: 起点索引=29, 提取点数=1
[2026-09-20 12:34:53] 避障检测路径段: 起点索引=29, 提取点数=200
[0m[ INFO] [1789878893.448628555]: local_x: -0.0398, local_y: -0.0072, gear: 2,  error_heading: -0.3413[0m
[2026-09-20 12:34:53] 还未完成转向!
[0m[ INFO] [1789878893.498182253]: 29 points is not droped, 4.5239, 4.2957, -1.8818, 2, 4.5054, 4.2598, -2.2231[0m
[2026-09-20 12:34:53] 控制路径段: 起点索引=29, 提取点数=1
[2026-09-20 12:34:53] 避障检测路径段: 起点索引=29, 提取点数=200
[0m[ INFO] [1789878893.548548823]: local_x: -0.0407, local_y: -0.0028, gear: 2,  error_heading: -0.3011[0m
[2026-09-20 12:34:53] 还未完成转向!
[0m[ INFO] [1789878893.598295450]: 29 points is not droped, 4.5239, 4.2957, -1.8818, 2, 4.5029, 4.2608, -2.1828[0m
[2026-09-20 12:34:53] 控制路径段: 起点索引=29, 提取点数=1
[2026-09-20 12:34:53] 避障检测路径段: 起点索引=29, 提取点数=200
[0m[ INFO] [1789878893.648657412]: local_x: -0.0400, local_y: -0.0021, gear: 2,  error_heading: -0.2513[0m
[2026-09-20 12:34:53] 还未完成转向!
[0m[ INFO] [1789878893.698314983]: 29 points is not droped, 4.5239, 4.2957, -1.8818, 2, 4.5043, 4.2608, -2.1330[0m
[2026-09-20 12:34:53] 控制路径段: 起点索引=29, 提取点数=1
[2026-09-20 12:34:53] 避障检测路径段: 起点索引=29, 提取点数=200
[0m[ INFO] [1789878893.748588112]: local_x: -0.0415, local_y: 0.0004, gear: 2,  error_heading: -0.1941[0m
[2026-09-20 12:34:53] 还未完成转向!
[0m[ INFO] [1789878893.798264787]: 29 points is not droped, 4.5239, 4.2957, -1.8818, 2, 4.5035, 4.2597, -2.0758[0m
[2026-09-20 12:34:53] 控制路径段: 起点索引=29, 提取点数=1
[2026-09-20 12:34:53] 避障检测路径段: 起点索引=29, 提取点数=200
[0m[ INFO] [1789878893.848719230]: local_x: -0.0415, local_y: -0.0018, gear: 2,  error_heading: -0.1530[0m
[2026-09-20 12:34:53] 还未完成转向!
[0m[ INFO] [1789878893.898357088]: 29 points is not droped, 4.5239, 4.2957, -1.8818, 2, 4.5069, 4.2578, -2.0348[0m
[2026-09-20 12:34:53] 控制路径段: 起点索引=29, 提取点数=1
[2026-09-20 12:34:53] 避障检测路径段: 起点索引=29, 提取点数=200
[0m[ INFO] [1789878893.948618697]: local_x: -0.0398, local_y: 0.0057, gear: 2,  error_heading: -0.1288[0m
[2026-09-20 12:34:53] 还未完成转向!
[0m[ INFO] [1789878893.998286156]: 29 points is not droped, 4.5239, 4.2957, -1.8818, 2, 4.5018, 4.2621, -2.0106[0m
[2026-09-20 12:34:53] 控制路径段: 起点索引=29, 提取点数=1
[2026-09-20 12:34:53] 避障检测路径段: 起点索引=29, 提取点数=200
[0m[ INFO] [1789878894.048627510]: local_x: -0.0387, local_y: 0.0086, gear: 2,  error_heading: -0.1118[0m
[2026-09-20 12:34:54] 还未完成转向!
[0m[ INFO] [1789878894.098231864]: 29 points is not droped, 4.5239, 4.2957, -1.8818, 2, 4.5002, 4.2640, -1.9936[0m
[2026-09-20 12:34:54] 控制路径段: 起点索引=29, 提取点数=1
[2026-09-20 12:34:54] 避障检测路径段: 起点索引=29, 提取点数=200
[0m[ INFO] [1789878894.148558882]: local_x: -0.0388, local_y: 0.0116, gear: 2,  error_heading: -0.0834[0m
[0m[ INFO] [1789878894.198129443]: gear=2 points is droped, 4.5239, 4.2957[0m
[2026-09-20 12:34:54] 转向完成!
[2026-09-20 12:34:54] 控制路径段: 起点索引=30, 提取点数=4
[2026-09-20 12:34:54] 避障检测路径段: 起点索引=30, 提取点数=200
[0m[ INFO] [1789878894.248554254]: local_x: 0.1141, local_y: 0.0183, gear: 1,  error_heading: -0.0544[0m
[0m[ INFO] [1789878894.248613071]: 30 points is not droped, 4.4780, 4.1529, -1.8818, 1, 4.5016, 4.2660, -1.9362[0m
[2026-09-20 12:34:54] 控制路径段: 起点索引=30, 提取点数=4
[2026-09-20 12:34:54] 避障检测路径段: 起点索引=30, 提取点数=200
[0m[ INFO] [1789878894.348545754]: local_x: 0.1140, local_y: 0.0266, gear: 1,  error_heading: -0.0157[0m
[0m[ INFO] [1789878894.348600795]: 30 points is not droped, 4.4780, 4.1529, -1.8818, 1, 4.4894, 4.2695, -1.8975[0m
[2026-09-20 12:34:54] 控制路径段: 起点索引=30, 提取点数=4
[2026-09-20 12:34:54] 避障检测路径段: 起点索引=30, 提取点数=200
[0m[ INFO] [1789878894.448550471]: local_x: 0.1136, local_y: 0.0063, gear: 1,  error_heading: -0.0066[0m
[0m[ INFO] [1789878894.448615944]: 30 points is not droped, 4.4780, 4.1529, -1.8818, 1, 4.5075, 4.2629, -1.8884[0m
[2026-09-20 12:34:54] 控制路径段: 起点索引=30, 提取点数=4
[2026-09-20 12:34:54] 避障检测路径段: 起点索引=30, 提取点数=200
[0m[ INFO] [1789878894.548552211]: local_x: 0.0927, local_y: 0.0125, gear: 1,  error_heading: -0.0069[0m
[0m[ INFO] [1789878894.548606676]: gear=1 points is droped, 4.4780, 4.1529[0m
[2026-09-20 12:34:54] 控制路径段: 起点索引=31, 提取点数=3
[2026-09-20 12:34:54] 避障检测路径段: 起点索引=31, 提取点数=200
[0m[ INFO] [1789878894.648560512]: local_x: 0.2145, local_y: 0.0156, gear: 1,  error_heading: -0.0175[0m
[0m[ INFO] [1789878894.648617409]: 31 points is not droped, 4.4321, 4.0101, -1.8818, 1, 4.4865, 4.2182, -1.8993[0m
[2026-09-20 12:34:54] 控制路径段: 起点索引=31, 提取点数=3
[2026-09-20 12:34:54] 避障检测路径段: 起点索引=31, 提取点数=200
[0m[ INFO] [1789878894.748549708]: local_x: 0.1937, local_y: 0.0167, gear: 1,  error_heading: -0.0071[0m
[0m[ INFO] [1789878894.748605325]: 31 points is not droped, 4.4321, 4.0101, -1.8818, 1, 4.4768, 4.1994, -1.8889[0m
[2026-09-20 12:34:54] 控制路径段: 起点索引=31, 提取点数=3
[2026-09-20 12:34:54] 避障检测路径段: 起点索引=31, 提取点数=200
[0m[ INFO] [1789878894.848550841]: local_x: 0.1702, local_y: 0.0043, gear: 1,  error_heading: -0.0023[0m
[0m[ INFO] [1789878894.848613369]: 31 points is not droped, 4.4321, 4.0101, -1.8818, 1, 4.4805, 4.1734, -1.8841[0m
[2026-09-20 12:34:54] 控制路径段: 起点索引=31, 提取点数=3
[2026-09-20 12:34:54] 避障检测路径段: 起点索引=31, 提取点数=200
[0m[ INFO] [1789878894.948576486]: local_x: 0.1472, local_y: 0.0065, gear: 1,  error_heading: 0.0046[0m
[0m[ INFO] [1789878894.948638598]: 31 points is not droped, 4.4321, 4.0101, -1.8818, 1, 4.4703, 4.1524, -1.8772[0m
[2026-09-20 12:34:54] 控制路径段: 起点索引=31, 提取点数=3
[2026-09-20 12:34:54] 避障检测路径段: 起点索引=31, 提取点数=200
[0m[ INFO] [1789878895.048577682]: local_x: 0.1267, local_y: -0.0002, gear: 1,  error_heading: 0.0073[0m
[0m[ INFO] [1789878895.048644851]: 31 points is not droped, 4.4321, 4.0101, -1.8818, 1, 4.4702, 4.1310, -1.8745[0m
[2026-09-20 12:34:55] 控制路径段: 起点索引=31, 提取点数=3
[2026-09-20 12:34:55] 避障检测路径段: 起点索引=31, 提取点数=200
[0m[ INFO] [1789878895.148566206]: local_x: 0.1030, local_y: 0.0010, gear: 1,  error_heading: 0.0128[0m
[0m[ INFO] [1789878895.148624511]: 31 points is not droped, 4.4321, 4.0101, -1.8818, 1, 4.4614, 4.1089, -1.8690[0m
[2026-09-20 12:34:55] 控制路径段: 起点索引=31, 提取点数=3
[2026-09-20 12:34:55] 避障检测路径段: 起点索引=31, 提取点数=200
[0m[ INFO] [1789878895.248568299]: local_x: 0.0917, local_y: 0.0026, gear: 1,  error_heading: 0.0145[0m
[0m[ INFO] [1789878895.248659852]: gear=1 points is droped, 4.4321, 4.0101[0m
[2026-09-20 12:34:55] 控制路径段: 起点索引=32, 提取点数=2
[2026-09-20 12:34:55] 避障检测路径段: 起点索引=32, 提取点数=200
[0m[ INFO] [1789878895.348551831]: local_x: 0.2010, local_y: -0.0037, gear: 1,  error_heading: 0.0192[0m
[0m[ INFO] [1789878895.348612824]: 32 points is not droped, 4.3862, 3.8673, -1.8818, 1, 4.4475, 4.0588, -1.8626[0m
[2026-09-20 12:34:55] 控制路径段: 起点索引=32, 提取点数=2
[2026-09-20 12:34:55] 避障检测路径段: 起点索引=32, 提取点数=200
[0m[ INFO] [1789878895.448553380]: local_x: 0.1761, local_y: -0.0064, gear: 1,  error_heading: 0.0204[0m
[0m[ INFO] [1789878895.448606372]: 32 points is not droped, 4.3862, 3.8673, -1.8818, 1, 4.4428, 4.0342, -1.8614[0m
[2026-09-20 12:34:55] 控制路径段: 起点索引=32, 提取点数=2
[2026-09-20 12:34:55] 避障检测路径段: 起点索引=32, 提取点数=200
[0m[ INFO] [1789878895.548549840]: local_x: 0.1529, local_y: -0.0036, gear: 1,  error_heading: 0.0244[0m
[0m[ INFO] [1789878895.548613713]: 32 points is not droped, 4.3862, 3.8673, -1.8818, 1, 4.4329, 4.0130, -1.8574[0m
[2026-09-20 12:34:55] 控制路径段: 起点索引=32, 提取点数=2
[2026-09-20 12:34:55] 避障检测路径段: 起点索引=32, 提取点数=200
[0m[ INFO] [1789878895.648671102]: local_x: 0.1288, local_y: -0.0029, gear: 1,  error_heading: 0.0209[0m
[0m[ INFO] [1789878895.648730206]: 32 points is not droped, 4.3862, 3.8673, -1.8818, 1, 4.4258, 3.9899, -1.8608[0m
[2026-09-20 12:34:55] 控制路径段: 起点索引=32, 提取点数=2
[2026-09-20 12:34:55] 避障检测路径段: 起点索引=32, 提取点数=200
[0m[ INFO] [1789878895.748800972]: local_x: 0.1053, local_y: 0.0000, gear: 1,  error_heading: 0.0178[0m
[0m[ INFO] [1789878895.748856588]: 32 points is not droped, 4.3862, 3.8673, -1.8818, 1, 4.4166, 3.9682, -1.8639[0m
[2026-09-20 12:34:55] 控制路径段: 起点索引=32, 提取点数=2
[2026-09-20 12:34:55] 避障检测路径段: 起点索引=32, 提取点数=200
[0m[ INFO] [1789878895.848629590]: local_x: 0.0824, local_y: 0.0015, gear: 1,  error_heading: 0.0160[0m
[0m[ INFO] [1789878895.848681975]: gear=1 points is droped, 4.3862, 3.8673[0m
[2026-09-20 12:34:55] 控制路径段: 起点索引=33, 提取点数=1
[2026-09-20 12:34:55] 避障检测路径段: 起点索引=33, 提取点数=200
[0m[ INFO] [1789878895.948551588]: local_x: 0.2061, local_y: 0.0010, gear: 2,  error_heading: -0.8891[0m
[2026-09-20 12:34:55] 还未完成转向!
[0m[ INFO] [1789878895.998307304]: 33 points is not droped, 4.3411, 3.7271, -0.9815, 2, 4.4010, 3.9243, -1.8706[0m
[2026-09-20 12:34:55] 控制路径段: 起点索引=33, 提取点数=1
[2026-09-20 12:34:55] 避障检测路径段: 起点索引=33, 提取点数=200
[0m[ INFO] [1789878896.048575827]: local_x: 0.1944, local_y: 0.0011, gear: 2,  error_heading: -0.8899[0m
[2026-09-20 12:34:56] 还未完成转向!
[0m[ INFO] [1789878896.098196118]: 33 points is not droped, 4.3411, 3.7271, -0.9815, 2, 4.3976, 3.9131, -1.8714[0m
[2026-09-20 12:34:56] 控制路径段: 起点索引=33, 提取点数=1
[2026-09-20 12:34:56] 避障检测路径段: 起点索引=33, 提取点数=200
[0m[ INFO] [1789878896.148796100]: local_x: 0.1800, local_y: -0.0014, gear: 2,  error_heading: -0.8891[0m
[2026-09-20 12:34:56] 还未完成转向!
[0m[ INFO] [1789878896.201269989]: 33 points is not droped, 4.3411, 3.7271, -0.9815, 2, 4.3956, 3.8986, -1.8706[0m
[2026-09-20 12:34:56] 控制路径段: 起点索引=33, 提取点数=1
[2026-09-20 12:34:56] 避障检测路径段: 起点索引=33, 提取点数=200
[0m[ INFO] [1789878896.248557200]: local_x: 0.1776, local_y: -0.0014, gear: 2,  error_heading: -0.8902[0m
[2026-09-20 12:34:56] 还未完成转向!
[0m[ INFO] [1789878896.298149491]: 33 points is not droped, 4.3411, 3.7271, -0.9815, 2, 4.3951, 3.8963, -1.8717[0m
[2026-09-20 12:34:56] 控制路径段: 起点索引=33, 提取点数=1
[2026-09-20 12:34:56] 避障检测路径段: 起点索引=33, 提取点数=200
[0m[ INFO] [1789878896.348542878]: local_x: 0.1728, local_y: -0.0093, gear: 2,  error_heading: -0.8936[0m
[2026-09-20 12:34:56] 还未完成转向!
[0m[ INFO] [1789878896.399049259]: 33 points is not droped, 4.3411, 3.7271, -0.9815, 2, 4.4018, 3.8892, -1.8751[0m
[2026-09-20 12:34:56] 控制路径段: 起点索引=33, 提取点数=1
[2026-09-20 12:34:56] 避障检测路径段: 起点索引=33, 提取点数=200
[0m[ INFO] [1789878896.448558189]: local_x: 0.1634, local_y: -0.0063, gear: 2,  error_heading: -0.8935[0m
[2026-09-20 12:34:56] 还未完成转向!
[0m[ INFO] [1789878896.498479412]: 33 points is not droped, 4.3411, 3.7271, -0.9815, 2, 4.3960, 3.8811, -1.8750[0m
[2026-09-20 12:34:56] 控制路径段: 起点索引=33, 提取点数=1
[2026-09-20 12:34:56] 避障检测路径段: 起点索引=33, 提取点数=200
[0m[ INFO] [1789878896.548569116]: local_x: 0.1565, local_y: -0.0084, gear: 2,  error_heading: -0.8973[0m
[2026-09-20 12:34:56] 还未完成转向!
[0m[ INFO] [1789878896.598277920]: 33 points is not droped, 4.3411, 3.7271, -0.9815, 2, 4.3966, 3.8737, -1.8788[0m
[2026-09-20 12:34:56] 控制路径段: 起点索引=33, 提取点数=1
[2026-09-20 12:34:56] 避障检测路径段: 起点索引=33, 提取点数=200
[0m[ INFO] [1789878896.648560139]: local_x: 0.1445, local_y: -0.0048, gear: 2,  error_heading: -0.9043[0m
[2026-09-20 12:34:56] 还未完成转向!
[0m[ INFO] [1789878896.698608178]: 33 points is not droped, 4.3411, 3.7271, -0.9815, 2, 4.3904, 3.8630, -1.8857[0m
[2026-09-20 12:34:56] 控制路径段: 起点索引=33, 提取点数=1
[2026-09-20 12:34:56] 避障检测路径段: 起点索引=33, 提取点数=200
[0m[ INFO] [1789878896.748591162]: local_x: 0.1383, local_y: -0.0076, gear: 2,  error_heading: -0.9118[0m
[2026-09-20 12:34:56] 还未完成转向!
[0m[ INFO] [1789878896.798246077]: 33 points is not droped, 4.3411, 3.7271, -0.9815, 2, 4.3921, 3.8558, -1.8933[0m
[2026-09-20 12:34:56] 控制路径段: 起点索引=33, 提取点数=1
[2026-09-20 12:34:56] 避障检测路径段: 起点索引=33, 提取点数=200
[0m[ INFO] [1789878896.848779882]: local_x: 0.1260, local_y: -0.0043, gear: 2,  error_heading: -0.9184[0m
[2026-09-20 12:34:56] 还未完成转向!
[0m[ INFO] [1789878896.898286316]: 33 points is not droped, 4.3411, 3.7271, -0.9815, 2, 4.3859, 3.8450, -1.8999[0m
[2026-09-20 12:34:56] 控制路径段: 起点索引=33, 提取点数=1
[2026-09-20 12:34:56] 避障检测路径段: 起点索引=33, 提取点数=200
[0m[ INFO] [1789878896.948564023]: local_x: 0.1211, local_y: -0.0066, gear: 2,  error_heading: -0.9276[0m
[2026-09-20 12:34:56] 还未完成转向!
[0m[ INFO] [1789878896.998911906]: 33 points is not droped, 4.3411, 3.7271, -0.9815, 2, 4.3876, 3.8391, -1.9091[0m
[2026-09-20 12:34:56] 控制路径段: 起点索引=33, 提取点数=1
[2026-09-20 12:34:56] 避障检测路径段: 起点索引=33, 提取点数=200
[0m[ INFO] [1789878897.048555813]: local_x: 0.1146, local_y: -0.0073, gear: 2,  error_heading: -0.9380[0m
[2026-09-20 12:34:57] 还未完成转向!
[0m[ INFO] [1789878897.098242441]: 33 points is not droped, 4.3411, 3.7271, -0.9815, 2, 4.3871, 3.8323, -1.9195[0m
[2026-09-20 12:34:57] 控制路径段: 起点索引=33, 提取点数=1
[2026-09-20 12:34:57] 避障检测路径段: 起点索引=33, 提取点数=200
[0m[ INFO] [1789878897.148552180]: local_x: 0.1091, local_y: -0.0096, gear: 2,  error_heading: -0.9493[0m
[2026-09-20 12:34:57] 还未完成转向!
[0m[ INFO] [1789878897.198144087]: 33 points is not droped, 4.3411, 3.7271, -0.9815, 2, 4.3885, 3.8258, -1.9308[0m
[2026-09-20 12:34:57] 控制路径段: 起点索引=33, 提取点数=1
[2026-09-20 12:34:57] 避障检测路径段: 起点索引=33, 提取点数=200
[0m[ INFO] [1789878897.248569795]: local_x: 0.1072, local_y: -0.0199, gear: 2,  error_heading: -0.9587[0m
[2026-09-20 12:34:57] 还未完成转向!
[0m[ INFO] [1789878897.298157414]: 33 points is not droped, 4.3411, 3.7271, -0.9815, 2, 4.3984, 3.8199, -1.9402[0m
[2026-09-20 12:34:57] 控制路径段: 起点索引=33, 提取点数=1
[2026-09-20 12:34:57] 避障检测路径段: 起点索引=33, 提取点数=200
[0m[ INFO] [1789878897.348665843]: local_x: 0.0792, local_y: -0.0009, gear: 2,  error_heading: -0.9740[0m
[2026-09-20 12:34:57] 还未完成转向!
[0m[ INFO] [1789878897.398267030]: 33 points is not droped, 4.3411, 3.7271, -0.9815, 2, 4.3716, 3.8001, -1.9555[0m
[2026-09-20 12:34:57] 控制路径段: 起点索引=33, 提取点数=1
[2026-09-20 12:34:57] 避障检测路径段: 起点索引=33, 提取点数=200
[0m[ INFO] [1789878897.448531872]: local_x: 0.0713, local_y: 0.0008, gear: 2,  error_heading: -0.9935[0m
[2026-09-20 12:34:57] 还未完成转向!
[0m[ INFO] [1789878897.499083053]: 33 points is not droped, 4.3411, 3.7271, -0.9815, 2, 4.3684, 3.7930, -1.9750[0m
[2026-09-20 12:34:57] 控制路径段: 起点索引=33, 提取点数=1
[2026-09-20 12:34:57] 避障检测路径段: 起点索引=33, 提取点数=200
[0m[ INFO] [1789878897.548547439]: local_x: 0.0631, local_y: 0.0030, gear: 2,  error_heading: -1.0182[0m
[2026-09-20 12:34:57] 还未完成转向!
[0m[ INFO] [1789878897.598817145]: 33 points is not droped, 4.3411, 3.7271, -0.9815, 2, 4.3647, 3.7857, -1.9997[0m
[2026-09-20 12:34:57] 控制路径段: 起点索引=33, 提取点数=1
[2026-09-20 12:34:57] 避障检测路径段: 起点索引=33, 提取点数=200
[0m[ INFO] [1789878897.648743423]: local_x: 0.0571, local_y: 0.0147, gear: 2,  error_heading: -1.0232[0m
[2026-09-20 12:34:57] 还未完成转向!
[0m[ INFO] [1789878897.700311127]: 33 points is not droped, 4.3411, 3.7271, -0.9815, 2, 4.3518, 3.7851, -2.0047[0m
[2026-09-20 12:34:57] 控制路径段: 起点索引=33, 提取点数=1
[2026-09-20 12:34:57] 避障检测路径段: 起点索引=33, 提取点数=200
[0m[ INFO] [1789878897.748569356]: local_x: 0.0491, local_y: 0.0107, gear: 2,  error_heading: -1.0251[0m
[2026-09-20 12:34:57] 还未完成转向!
[0m[ INFO] [1789878897.799484733]: 33 points is not droped, 4.3411, 3.7271, -0.9815, 2, 4.3521, 3.7761, -2.0066[0m
[2026-09-20 12:34:57] 控制路径段: 起点索引=33, 提取点数=1
[2026-09-20 12:34:57] 避障检测路径段: 起点索引=33, 提取点数=200
[0m[ INFO] [1789878897.848555131]: local_x: 0.0514, local_y: 0.0119, gear: 2,  error_heading: -1.0067[0m
[2026-09-20 12:34:57] 还未完成转向!
[0m[ INFO] [1789878897.898416609]: 33 points is not droped, 4.3411, 3.7271, -0.9815, 2, 4.3511, 3.7789, -1.9882[0m
[2026-09-20 12:34:57] 控制路径段: 起点索引=33, 提取点数=1
[2026-09-20 12:34:57] 避障检测路径段: 起点索引=33, 提取点数=200
[0m[ INFO] [1789878897.948650923]: local_x: 0.0512, local_y: 0.0081, gear: 2,  error_heading: -0.9571[0m
[2026-09-20 12:34:57] 还未完成转向!
[0m[ INFO] [1789878897.998295854]: 33 points is not droped, 4.3411, 3.7271, -0.9815, 2, 4.3520, 3.7778, -1.9386[0m
[2026-09-20 12:34:57] 控制路径段: 起点索引=33, 提取点数=1
[2026-09-20 12:34:57] 避障检测路径段: 起点索引=33, 提取点数=200
[0m[ INFO] [1789878898.048575032]: local_x: 0.0484, local_y: 0.0028, gear: 2,  error_heading: -0.9087[0m
[2026-09-20 12:34:58] 还未完成转向!
[0m[ INFO] [1789878898.098150363]: 33 points is not droped, 4.3411, 3.7271, -0.9815, 2, 4.3537, 3.7739, -1.8902[0m
[2026-09-20 12:34:58] 控制路径段: 起点索引=33, 提取点数=1
[2026-09-20 12:34:58] 避障检测路径段: 起点索引=33, 提取点数=200
[0m[ INFO] [1789878898.148569287]: local_x: 0.0470, local_y: -0.0007, gear: 2,  error_heading: -0.8573[0m
[2026-09-20 12:34:58] 还未完成转向!
[0m[ INFO] [1789878898.198292332]: 33 points is not droped, 4.3411, 3.7271, -0.9815, 2, 4.3543, 3.7722, -1.8388[0m
[2026-09-20 12:34:58] 控制路径段: 起点索引=33, 提取点数=1
[2026-09-20 12:34:58] 避障检测路径段: 起点索引=33, 提取点数=200
[0m[ INFO] [1789878898.248550934]: local_x: 0.0465, local_y: -0.0073, gear: 2,  error_heading: -0.8183[0m
[2026-09-20 12:34:58] 还未完成转向!
[0m[ INFO] [1789878898.298201305]: 33 points is not droped, 4.3411, 3.7271, -0.9815, 2, 4.3588, 3.7707, -1.7998[0m
[2026-09-20 12:34:58] 控制路径段: 起点索引=33, 提取点数=1
[2026-09-20 12:34:58] 避障检测路径段: 起点索引=33, 提取点数=200
[0m[ INFO] [1789878898.348548996]: local_x: 0.0412, local_y: -0.0071, gear: 2,  error_heading: -0.7522[0m
[2026-09-20 12:34:58] 还未完成转向!
[0m[ INFO] [1789878898.398147815]: 33 points is not droped, 4.3411, 3.7271, -0.9815, 2, 4.3548, 3.7666, -1.7337[0m
[2026-09-20 12:34:58] 控制路径段: 起点索引=33, 提取点数=1
[2026-09-20 12:34:58] 避障检测路径段: 起点索引=33, 提取点数=200
[0m[ INFO] [1789878898.448573875]: local_x: 0.0389, local_y: -0.0078, gear: 2,  error_heading: -0.6981[0m
[2026-09-20 12:34:58] 还未完成转向!
[0m[ INFO] [1789878898.498400313]: 33 points is not droped, 4.3411, 3.7271, -0.9815, 2, 4.3531, 3.7649, -1.6796[0m
[2026-09-20 12:34:58] 控制路径段: 起点索引=33, 提取点数=1
[2026-09-20 12:34:58] 避障检测路径段: 起点索引=33, 提取点数=200
[0m[ INFO] [1789878898.548573954]: local_x: 0.0359, local_y: -0.0112, gear: 2,  error_heading: -0.6535[0m
[2026-09-20 12:34:58] 还未完成转向!
[0m[ INFO] [1789878898.598286310]: 33 points is not droped, 4.3411, 3.7271, -0.9815, 2, 4.3546, 3.7622, -1.6350[0m
[2026-09-20 12:34:58] 控制路径段: 起点索引=33, 提取点数=1
[2026-09-20 12:34:58] 避障检测路径段: 起点索引=33, 提取点数=200
[0m[ INFO] [1789878898.648554192]: local_x: 0.0367, local_y: -0.0100, gear: 2,  error_heading: -0.6162[0m
[2026-09-20 12:34:58] 还未完成转向!
[0m[ INFO] [1789878898.698294069]: 33 points is not droped, 4.3411, 3.7271, -0.9815, 2, 4.3521, 3.7635, -1.5977[0m
[2026-09-20 12:34:58] 控制路径段: 起点索引=33, 提取点数=1
[2026-09-20 12:34:58] 避障检测路径段: 起点索引=33, 提取点数=200
[0m[ INFO] [1789878898.748615296]: local_x: 0.0328, local_y: -0.0125, gear: 2,  error_heading: -0.5774[0m
[2026-09-20 12:34:58] 还未完成转向!
[0m[ INFO] [1789878898.802733714]: 33 points is not droped, 4.3411, 3.7271, -0.9815, 2, 4.3532, 3.7600, -1.5589[0m
[2026-09-20 12:34:58] 控制路径段: 起点索引=33, 提取点数=1
[2026-09-20 12:34:58] 避障检测路径段: 起点索引=33, 提取点数=200
[0m[ INFO] [1789878898.848550350]: local_x: 0.0354, local_y: -0.0118, gear: 2,  error_heading: -0.5468[0m
[2026-09-20 12:34:58] 还未完成转向!
[0m[ INFO] [1789878898.898796120]: 33 points is not droped, 4.3411, 3.7271, -0.9815, 2, 4.3514, 3.7629, -1.5283[0m
[2026-09-20 12:34:58] 控制路径段: 起点索引=33, 提取点数=1
[2026-09-20 12:34:58] 避障检测路径段: 起点索引=33, 提取点数=200
[0m[ INFO] [1789878898.948547260]: local_x: 0.0351, local_y: -0.0120, gear: 2,  error_heading: -0.5148[0m
[2026-09-20 12:34:59] 还未完成转向!
[0m[ INFO] [1789878899.003145491]: 33 points is not droped, 4.3411, 3.7271, -0.9815, 2, 4.3505, 3.7630, -1.4963[0m
[2026-09-20 12:34:59] 控制路径段: 起点索引=33, 提取点数=1
[2026-09-20 12:34:59] 避障检测路径段: 起点索引=33, 提取点数=200
[0m[ INFO] [1789878899.048580875]: local_x: 0.0391, local_y: -0.0111, gear: 2,  error_heading: -0.4776[0m
[2026-09-20 12:34:59] 还未完成转向!
[0m[ INFO] [1789878899.098411281]: 33 points is not droped, 4.3411, 3.7271, -0.9815, 2, 4.3478, 3.7672, -1.4591[0m
[2026-09-20 12:34:59] 控制路径段: 起点索引=33, 提取点数=1
[2026-09-20 12:34:59] 避障检测路径段: 起点索引=33, 提取点数=200
[0m[ INFO] [1789878899.148542138]: local_x: 0.0360, local_y: -0.0135, gear: 2,  error_heading: -0.4358[0m
[2026-09-20 12:34:59] 还未完成转向!
[0m[ INFO] [1789878899.200740760]: 33 points is not droped, 4.3411, 3.7271, -0.9815, 2, 4.3490, 3.7647, -1.4173[0m
[2026-09-20 12:34:59] 控制路径段: 起点索引=33, 提取点数=1
[2026-09-20 12:34:59] 避障检测路径段: 起点索引=33, 提取点数=200
[0m[ INFO] [1789878899.248566089]: local_x: 0.0346, local_y: -0.0144, gear: 2,  error_heading: -0.4125[0m
[2026-09-20 12:34:59] 还未完成转向!
[0m[ INFO] [1789878899.300287874]: 33 points is not droped, 4.3411, 3.7271, -0.9815, 2, 4.3493, 3.7637, -1.3940[0m
[2026-09-20 12:34:59] 控制路径段: 起点索引=33, 提取点数=1
[2026-09-20 12:34:59] 避障检测路径段: 起点索引=33, 提取点数=200
[0m[ INFO] [1789878899.348602520]: local_x: 0.0370, local_y: -0.0176, gear: 2,  error_heading: -0.3514[0m
[2026-09-20 12:34:59] 还未完成转向!
[0m[ INFO] [1789878899.402616713]: 33 points is not droped, 4.3411, 3.7271, -0.9815, 2, 4.3496, 3.7672, -1.3329[0m
[2026-09-20 12:34:59] 控制路径段: 起点索引=33, 提取点数=1
[2026-09-20 12:34:59] 避障检测路径段: 起点索引=33, 提取点数=200
[0m[ INFO] [1789878899.448594598]: local_x: 0.0380, local_y: -0.0169, gear: 2,  error_heading: -0.3175[0m
[2026-09-20 12:34:59] 还未完成转向!
[0m[ INFO] [1789878899.498184905]: 33 points is not droped, 4.3411, 3.7271, -0.9815, 2, 4.3471, 3.7682, -1.2989[0m
[2026-09-20 12:34:59] 控制路径段: 起点索引=33, 提取点数=1
[2026-09-20 12:34:59] 避障检测路径段: 起点索引=33, 提取点数=200
[0m[ INFO] [1789878899.548570453]: local_x: 0.0364, local_y: -0.0170, gear: 2,  error_heading: -0.2786[0m
[2026-09-20 12:34:59] 还未完成转向!
[0m[ INFO] [1789878899.600421711]: 33 points is not droped, 4.3411, 3.7271, -0.9815, 2, 4.3462, 3.7669, -1.2601[0m
[2026-09-20 12:34:59] 控制路径段: 起点索引=33, 提取点数=1
[2026-09-20 12:34:59] 避障检测路径段: 起点索引=33, 提取点数=200
[0m[ INFO] [1789878899.648583908]: local_x: 0.0388, local_y: -0.0189, gear: 2,  error_heading: -0.2358[0m
[2026-09-20 12:34:59] 还未完成转向!
[0m[ INFO] [1789878899.702689718]: 33 points is not droped, 4.3411, 3.7271, -0.9815, 2, 4.3454, 3.7700, -1.2173[0m
[2026-09-20 12:34:59] 控制路径段: 起点索引=33, 提取点数=1
[2026-09-20 12:34:59] 避障检测路径段: 起点索引=33, 提取点数=200
[0m[ INFO] [1789878899.748573842]: local_x: 0.0372, local_y: -0.0235, gear: 2,  error_heading: -0.1866[0m
[2026-09-20 12:34:59] 还未完成转向!
[0m[ INFO] [1789878899.800136938]: 33 points is not droped, 4.3411, 3.7271, -0.9815, 2, 4.3481, 3.7705, -1.1681[0m
[2026-09-20 12:34:59] 控制路径段: 起点索引=33, 提取点数=1
[2026-09-20 12:34:59] 避障检测路径段: 起点索引=33, 提取点数=200
[0m[ INFO] [1789878899.848694946]: local_x: 0.0401, local_y: -0.0258, gear: 2,  error_heading: -0.1439[0m
[2026-09-20 12:34:59] 还未完成转向!
[0m[ INFO] [1789878899.899959543]: 33 points is not droped, 4.3411, 3.7271, -0.9815, 2, 4.3471, 3.7744, -1.1254[0m
[2026-09-20 12:34:59] 控制路径段: 起点索引=33, 提取点数=1
[2026-09-20 12:34:59] 避障检测路径段: 起点索引=33, 提取点数=200
[0m[ INFO] [1789878899.948552464]: local_x: 0.0390, local_y: -0.0258, gear: 2,  error_heading: -0.1191[0m
[2026-09-20 12:34:59] 还未完成转向!
[0m[ INFO] [1789878899.998221621]: 33 points is not droped, 4.3411, 3.7271, -0.9815, 2, 4.3464, 3.7735, -1.1006[0m
[2026-09-20 12:34:59] 控制路径段: 起点索引=33, 提取点数=1
[2026-09-20 12:34:59] 避障检测路径段: 起点索引=33, 提取点数=200
[0m[ INFO] [1789878900.048571232]: local_x: 0.0401, local_y: -0.0244, gear: 2,  error_heading: -0.0960[0m
[2026-09-20 12:35:00] 还未完成转向!
[0m[ INFO] [1789878900.103763006]: 33 points is not droped, 4.3411, 3.7271, -0.9815, 2, 4.3437, 3.7739, -1.0775[0m
[2026-09-20 12:35:00] 控制路径段: 起点索引=33, 提取点数=1
[2026-09-20 12:35:00] 避障检测路径段: 起点索引=33, 提取点数=200
[0m[ INFO] [1789878900.148588016]: local_x: 0.0394, local_y: -0.0258, gear: 2,  error_heading: -0.0667[0m
[0m[ INFO] [1789878900.200363242]: gear=2 points is droped, 4.3411, 3.7271[0m
[2026-09-20 12:35:00] 转向完成!
[2026-09-20 12:35:00] 控制路径段: 起点索引=34, 提取点数=25
[2026-09-20 12:35:00] 避障检测路径段: 起点索引=34, 提取点数=200
[0m[ INFO] [1789878900.248541855]: local_x: 0.1889, local_y: -0.0195, gear: 1,  error_heading: -0.0495[0m
[0m[ INFO] [1789878900.248595712]: 34 points is not droped, 4.4245, 3.6024, -0.9815, 1, 4.3441, 3.7745, -1.0310[0m
[2026-09-20 12:35:00] 控制路径段: 起点索引=34, 提取点数=25
[2026-09-20 12:35:00] 避障检测路径段: 起点索引=34, 提取点数=200
[0m[ INFO] [1789878900.348551343]: local_x: 0.1928, local_y: -0.0162, gear: 1,  error_heading: -0.0038[0m
[0m[ INFO] [1789878900.348613104]: 34 points is not droped, 4.4245, 3.6024, -0.9815, 1, 4.3315, 3.7720, -0.9852[0m
[2026-09-20 12:35:00] 控制路径段: 起点索引=34, 提取点数=25
[2026-09-20 12:35:00] 避障检测路径段: 起点索引=34, 提取点数=200
[0m[ INFO] [1789878900.448570431]: local_x: 0.1911, local_y: -0.0182, gear: 1,  error_heading: -0.0049[0m
[0m[ INFO] [1789878900.448630752]: 34 points is not droped, 4.4245, 3.6024, -0.9815, 1, 4.3342, 3.7718, -0.9864[0m
[2026-09-20 12:35:00] 控制路径段: 起点索引=34, 提取点数=25
[2026-09-20 12:35:00] 避障检测路径段: 起点索引=34, 提取点数=200
[0m[ INFO] [1789878900.548600559]: local_x: 0.1727, local_y: -0.0109, gear: 1,  error_heading: -0.0207[0m
[0m[ INFO] [1789878900.548657808]: 34 points is not droped, 4.4245, 3.6024, -0.9815, 1, 4.3407, 3.7538, -1.0022[0m
[2026-09-20 12:35:00] 控制路径段: 起点索引=34, 提取点数=25
[2026-09-20 12:35:00] 避障检测路径段: 起点索引=34, 提取点数=200
[0m[ INFO] [1789878900.648546590]: local_x: 0.1513, local_y: -0.0200, gear: 1,  error_heading: -0.0214[0m
[0m[ INFO] [1789878900.648605759]: 34 points is not droped, 4.4245, 3.6024, -0.9815, 1, 4.3600, 3.7407, -1.0029[0m
[2026-09-20 12:35:00] 控制路径段: 起点索引=34, 提取点数=25
[2026-09-20 12:35:00] 避障检测路径段: 起点索引=34, 提取点数=200
[0m[ INFO] [1789878900.748567022]: local_x: 0.1305, local_y: -0.0241, gear: 1,  error_heading: -0.0106[0m
[0m[ INFO] [1789878900.748620847]: 34 points is not droped, 4.4245, 3.6024, -0.9815, 1, 4.3732, 3.7248, -0.9920[0m
[2026-09-20 12:35:00] 控制路径段: 起点索引=34, 提取点数=25
[2026-09-20 12:35:00] 避障检测路径段: 起点索引=34, 提取点数=200
[0m[ INFO] [1789878900.848550622]: local_x: 0.1043, local_y: -0.0307, gear: 1,  error_heading: -0.0007[0m
[0m[ INFO] [1789878900.848612478]: 34 points is not droped, 4.4245, 3.6024, -0.9815, 1, 4.3921, 3.7062, -0.9822[0m
[2026-09-20 12:35:00] 控制路径段: 起点索引=34, 提取点数=25
[2026-09-20 12:35:00] 避障检测路径段: 起点索引=34, 提取点数=200
[0m[ INFO] [1789878900.948542189]: local_x: 0.0817, local_y: -0.0265, gear: 1,  error_heading: 0.0108[0m
[0m[ INFO] [1789878900.948598926]: gear=1 points is droped, 4.4245, 3.6024[0m
[2026-09-20 12:35:00] 控制路径段: 起点索引=35, 提取点数=24
[2026-09-20 12:35:00] 避障检测路径段: 起点索引=35, 提取点数=200
[0m[ INFO] [1789878901.048550013]: local_x: 0.2151, local_y: -0.0278, gear: 1,  error_heading: 0.0275[0m
[0m[ INFO] [1789878901.048615486]: 35 points is not droped, 4.5079, 3.4777, -0.9815, 1, 4.4062, 3.6692, -0.9540[0m
[2026-09-20 12:35:01] 控制路径段: 起点索引=35, 提取点数=24
[2026-09-20 12:35:01] 避障检测路径段: 起点索引=35, 提取点数=200
[0m[ INFO] [1789878901.148546349]: local_x: 0.1949, local_y: -0.0327, gear: 1,  error_heading: 0.0393[0m
[0m[ INFO] [1789878901.148601613]: 35 points is not droped, 4.5079, 3.4777, -0.9815, 1, 4.4197, 3.6546, -0.9422[0m
[2026-09-20 12:35:01] 控制路径段: 起点索引=35, 提取点数=24
[2026-09-20 12:35:01] 避障检测路径段: 起点索引=35, 提取点数=200
[0m[ INFO] [1789878901.248545277]: local_x: 0.1818, local_y: -0.0339, gear: 1,  error_heading: 0.0437[0m
[0m[ INFO] [1789878901.248604573]: 35 points is not droped, 4.5079, 3.4777, -0.9815, 1, 4.4277, 3.6443, -0.9378[0m
[2026-09-20 12:35:01] 控制路径段: 起点索引=35, 提取点数=24
[2026-09-20 12:35:01] 避障检测路径段: 起点索引=35, 提取点数=200
[0m[ INFO] [1789878901.348557036]: local_x: 0.1739, local_y: -0.0419, gear: 1,  error_heading: 0.0587[0m
[0m[ INFO] [1789878901.348611757]: 35 points is not droped, 4.5079, 3.4777, -0.9815, 1, 4.4363, 3.6416, -0.9228[0m
[2026-09-20 12:35:01] 控制路径段: 起点索引=35, 提取点数=24
[2026-09-20 12:35:01] 避障检测路径段: 起点索引=35, 提取点数=200
[0m[ INFO] [1789878901.448550172]: local_x: 0.1546, local_y: -0.0428, gear: 1,  error_heading: 0.0657[0m
[0m[ INFO] [1789878901.448611101]: 35 points is not droped, 4.5079, 3.4777, -0.9815, 1, 4.4476, 3.6264, -0.9158[0m
[2026-09-20 12:35:01] 控制路径段: 起点索引=35, 提取点数=24
[2026-09-20 12:35:01] 避障检测路径段: 起点索引=35, 提取点数=200
[0m[ INFO] [1789878901.548595308]: local_x: 0.1397, local_y: -0.0480, gear: 1,  error_heading: 0.0736[0m
[0m[ INFO] [1789878901.548680749]: 35 points is not droped, 4.5079, 3.4777, -0.9815, 1, 4.4597, 3.6173, -0.9079[0m
[2026-09-20 12:35:01] 控制路径段: 起点索引=35, 提取点数=24
[2026-09-20 12:35:01] 避障检测路径段: 起点索引=35, 提取点数=200
[0m[ INFO] [1789878901.648591996]: local_x: 0.0931, local_y: -0.0380, gear: 1,  error_heading: 0.0755[0m
[0m[ INFO] [1789878901.648648829]: gear=1 points is droped, 4.5079, 3.4777[0m
[2026-09-20 12:35:01] 控制路径段: 起点索引=36, 提取点数=23
[2026-09-20 12:35:01] 避障检测路径段: 起点索引=36, 提取点数=200
[0m[ INFO] [1789878901.748564460]: local_x: 0.2260, local_y: -0.0507, gear: 1,  error_heading: 0.0779[0m
[0m[ INFO] [1789878901.748628044]: 36 points is not droped, 4.5912, 3.3530, -0.9815, 1, 4.4912, 3.5619, -0.9036[0m
[2026-09-20 12:35:01] 控制路径段: 起点索引=36, 提取点数=23
[2026-09-20 12:35:01] 避障检测路径段: 起点索引=36, 提取点数=200
[0m[ INFO] [1789878901.848592828]: local_x: 0.1951, local_y: -0.0469, gear: 1,  error_heading: 0.0768[0m
[0m[ INFO] [1789878901.848648828]: 36 points is not droped, 4.5912, 3.3530, -0.9815, 1, 4.5075, 3.5354, -0.9047[0m
[2026-09-20 12:35:01] 控制路径段: 起点索引=36, 提取点数=23
[2026-09-20 12:35:01] 避障检测路径段: 起点索引=36, 提取点数=200
[0m[ INFO] [1789878901.948552683]: local_x: 0.1745, local_y: -0.0460, gear: 1,  error_heading: 0.0746[0m
[0m[ INFO] [1789878901.948608971]: 36 points is not droped, 4.5912, 3.3530, -0.9815, 1, 4.5199, 3.5188, -0.9069[0m
[2026-09-20 12:35:01] 控制路径段: 起点索引=36, 提取点数=23
[2026-09-20 12:35:01] 避障检测路径段: 起点索引=36, 提取点数=200
[0m[ INFO] [1789878902.048554107]: local_x: 0.1395, local_y: -0.0400, gear: 1,  error_heading: 0.0709[0m
[0m[ INFO] [1789878902.048747709]: 36 points is not droped, 4.5912, 3.3530, -0.9815, 1, 4.5373, 3.4877, -0.9106[0m
[2026-09-20 12:35:02] 控制路径段: 起点索引=36, 提取点数=23
[2026-09-20 12:35:02] 避障检测路径段: 起点索引=36, 提取点数=200
[0m[ INFO] [1789878902.148547626]: local_x: 0.1182, local_y: -0.0413, gear: 1,  error_heading: 0.0609[0m
[0m[ INFO] [1789878902.148602475]: 36 points is not droped, 4.5912, 3.3530, -0.9815, 1, 4.5526, 3.4720, -0.9206[0m
[2026-09-20 12:35:02] 控制路径段: 起点索引=36, 提取点数=23
[2026-09-20 12:35:02] 避障检测路径段: 起点索引=36, 提取点数=200
[0m[ INFO] [1789878902.248542810]: local_x: 0.1083, local_y: -0.0416, gear: 1,  error_heading: 0.0533[0m
[0m[ INFO] [1789878902.248597723]: 36 points is not droped, 4.5912, 3.3530, -0.9815, 1, 4.5596, 3.4646, -0.9282[0m
[2026-09-20 12:35:02] 控制路径段: 起点索引=36, 提取点数=23
[2026-09-20 12:35:02] 避障检测路径段: 起点索引=36, 提取点数=200
[0m[ INFO] [1789878902.348552522]: local_x: 0.0575, local_y: -0.0329, gear: 1,  error_heading: 0.0317[0m
[0m[ INFO] [1789878902.348608042]: gear=1 points is droped, 4.5912, 3.3530[0m
[2026-09-20 12:35:02] 控制路径段: 起点索引=37, 提取点数=22
[2026-09-20 12:35:02] 避障检测路径段: 起点索引=37, 提取点数=200
[0m[ INFO] [1789878902.448568378]: local_x: 0.1772, local_y: -0.0346, gear: 1,  error_heading: 0.0189[0m
[0m[ INFO] [1789878902.448640634]: 37 points is not droped, 4.6746, 3.2283, -0.9815, 1, 4.6018, 3.3935, -0.9626[0m
[2026-09-20 12:35:02] 控制路径段: 起点索引=37, 提取点数=22
[2026-09-20 12:35:02] 避障检测路径段: 起点索引=37, 提取点数=200
[0m[ INFO] [1789878902.548569257]: local_x: 0.1480, local_y: -0.0308, gear: 1,  error_heading: 0.0073[0m
[0m[ INFO] [1789878902.548630378]: 37 points is not droped, 4.6746, 3.2283, -0.9815, 1, 4.6169, 3.3680, -0.9742[0m
[2026-09-20 12:35:02] 控制路径段: 起点索引=37, 提取点数=22
[2026-09-20 12:35:02] 避障检测路径段: 起点索引=37, 提取点数=200
[0m[ INFO] [1789878902.648566969]: local_x: 0.1034, local_y: -0.0286, gear: 1,  error_heading: -0.0005[0m
[0m[ INFO] [1789878902.648630906]: 37 points is not droped, 4.6746, 3.2283, -0.9815, 1, 4.6410, 3.3302, -0.9820[0m
[2026-09-20 12:35:02] 控制路径段: 起点索引=37, 提取点数=22
[2026-09-20 12:35:02] 避障检测路径段: 起点索引=37, 提取点数=200
[0m[ INFO] [1789878902.748574377]: local_x: 0.0694, local_y: -0.0251, gear: 1,  error_heading: -0.0070[0m
[0m[ INFO] [1789878902.748635882]: gear=1 points is droped, 4.6746, 3.2283[0m
[2026-09-20 12:35:02] 控制路径段: 起点索引=38, 提取点数=21
[2026-09-20 12:35:02] 避障检测路径段: 起点索引=38, 提取点数=200
[0m[ INFO] [1789878902.848561785]: local_x: 0.1814, local_y: -0.0223, gear: 1,  error_heading: -0.0109[0m
[0m[ INFO] [1789878902.848625689]: 38 points is not droped, 4.7580, 3.1036, -0.9815, 1, 4.6775, 3.2676, -0.9924[0m
[2026-09-20 12:35:02] 控制路径段: 起点索引=38, 提取点数=21
[2026-09-20 12:35:02] 避障检测路径段: 起点索引=38, 提取点数=200
[0m[ INFO] [1789878902.948550152]: local_x: 0.1489, local_y: -0.0206, gear: 1,  error_heading: -0.0139[0m
[0m[ INFO] [1789878902.948616105]: 38 points is not droped, 4.7580, 3.1036, -0.9815, 1, 4.6942, 3.2397, -0.9954[0m
[2026-09-20 12:35:02] 控制路径段: 起点索引=38, 提取点数=21
[2026-09-20 12:35:02] 避障检测路径段: 起点索引=38, 提取点数=200
[0m[ INFO] [1789878903.048553624]: local_x: 0.1133, local_y: -0.0214, gear: 1,  error_heading: -0.0151[0m
[0m[ INFO] [1789878903.048610105]: 38 points is not droped, 4.7580, 3.1036, -0.9815, 1, 4.7144, 3.2103, -0.9966[0m
[2026-09-20 12:35:03] 控制路径段: 起点索引=38, 提取点数=21
[2026-09-20 12:35:03] 避障检测路径段: 起点索引=38, 提取点数=200
[0m[ INFO] [1789878903.148552712]: local_x: 0.0755, local_y: -0.0211, gear: 1,  error_heading: -0.0162[0m
[0m[ INFO] [1789878903.148604808]: gear=1 points is droped, 4.7580, 3.1036[0m
[2026-09-20 12:35:03] 控制路径段: 起点索引=39, 提取点数=20
[2026-09-20 12:35:03] 避障检测路径段: 起点索引=39, 提取点数=200
[0m[ INFO] [1789878903.248541431]: local_x: 0.2072, local_y: -0.0188, gear: 1,  error_heading: -0.0164[0m
[0m[ INFO] [1789878903.248598712]: 39 points is not droped, 4.8413, 2.9789, -0.9815, 1, 4.7448, 3.1632, -0.9979[0m
[2026-09-20 12:35:03] 控制路径段: 起点索引=39, 提取点数=20
[2026-09-20 12:35:03] 避障检测路径段: 起点索引=39, 提取点数=200
[0m[ INFO] [1789878903.348511911]: local_x: 0.1423, local_y: -0.0219, gear: 1,  error_heading: -0.0153[0m
[0m[ INFO] [1789878903.348571047]: 39 points is not droped, 4.8413, 2.9789, -0.9815, 1, 4.7825, 3.1103, -0.9968[0m
[2026-09-20 12:35:03] 控制路径段: 起点索引=39, 提取点数=20
[2026-09-20 12:35:03] 避障检测路径段: 起点索引=39, 提取点数=200
[0m[ INFO] [1789878903.448572695]: local_x: 0.1026, local_y: -0.0253, gear: 1,  error_heading: -0.0151[0m
[0m[ INFO] [1789878903.448629016]: 39 points is not droped, 4.8413, 2.9789, -0.9815, 1, 4.8068, 3.0788, -0.9966[0m
[2026-09-20 12:35:03] 控制路径段: 起点索引=39, 提取点数=20
[2026-09-20 12:35:03] 避障检测路径段: 起点索引=39, 提取点数=200
[0m[ INFO] [1789878903.548551879]: local_x: 0.0578, local_y: -0.0246, gear: 1,  error_heading: -0.0143[0m
[0m[ INFO] [1789878903.548606663]: gear=1 points is droped, 4.8413, 2.9789[0m
[2026-09-20 12:35:03] 控制路径段: 起点索引=40, 提取点数=19
[2026-09-20 12:35:03] 避障检测路径段: 起点索引=40, 提取点数=200
[0m[ INFO] [1789878903.648624695]: local_x: 0.1691, local_y: -0.0202, gear: 1,  error_heading: -0.0149[0m
[0m[ INFO] [1789878903.648678456]: 40 points is not droped, 4.9247, 2.8542, -0.9815, 1, 4.8497, 3.0071, -0.9963[0m
[2026-09-20 12:35:03] 控制路径段: 起点索引=40, 提取点数=19
[2026-09-20 12:35:03] 避障检测路径段: 起点索引=40, 提取点数=200
[0m[ INFO] [1789878903.748632615]: local_x: 0.1248, local_y: -0.0196, gear: 1,  error_heading: -0.0145[0m
[0m[ INFO] [1789878903.748695080]: 40 points is not droped, 4.9247, 2.8542, -0.9815, 1, 4.8733, 2.9696, -0.9960[0m
[2026-09-20 12:35:03] 控制路径段: 起点索引=40, 提取点数=19
[2026-09-20 12:35:03] 避障检测路径段: 起点索引=40, 提取点数=200
[0m[ INFO] [1789878903.848553846]: local_x: 0.0794, local_y: -0.0238, gear: 1,  error_heading: -0.0132[0m
[0m[ INFO] [1789878903.848609079]: gear=1 points is droped, 4.9247, 2.8542[0m
[2026-09-20 12:35:03] 控制路径段: 起点索引=41, 提取点数=18
[2026-09-20 12:35:03] 避障检测路径段: 起点索引=41, 提取点数=200
[0m[ INFO] [1789878903.948627845]: local_x: 0.1802, local_y: -0.0199, gear: 1,  error_heading: -0.0105[0m
[0m[ INFO] [1789878903.948695430]: 41 points is not droped, 5.0081, 2.7295, -0.9815, 1, 4.9261, 2.8912, -0.9919[0m
[2026-09-20 12:35:03] 控制路径段: 起点索引=41, 提取点数=18
[2026-09-20 12:35:03] 避障检测路径段: 起点索引=41, 提取点数=200
[0m[ INFO] [1789878904.048551122]: local_x: 0.1399, local_y: -0.0204, gear: 1,  error_heading: -0.0100[0m
[0m[ INFO] [1789878904.048612371]: 41 points is not droped, 5.0081, 2.7295, -0.9815, 1, 4.9485, 2.8578, -0.9915[0m
[2026-09-20 12:35:04] 控制路径段: 起点索引=41, 提取点数=18
[2026-09-20 12:35:04] 避障检测路径段: 起点索引=41, 提取点数=200
[0m[ INFO] [1789878904.148554848]: local_x: 0.0906, local_y: -0.0196, gear: 1,  error_heading: -0.0119[0m
[0m[ INFO] [1789878904.148613056]: gear=1 points is droped, 5.0081, 2.7295[0m
[2026-09-20 12:35:04] 控制路径段: 起点索引=42, 提取点数=17
[2026-09-20 12:35:04] 避障检测路径段: 起点索引=42, 提取点数=200
[0m[ INFO] [1789878904.248545677]: local_x: 0.2140, local_y: -0.0181, gear: 1,  error_heading: -0.0110[0m
[0m[ INFO] [1789878904.248618094]: 42 points is not droped, 5.0914, 2.6048, -0.9815, 1, 4.9896, 2.7939, -0.9925[0m
[2026-09-20 12:35:04] 控制路径段: 起点索引=42, 提取点数=17
[2026-09-20 12:35:04] 避障检测路径段: 起点索引=42, 提取点数=200
[0m[ INFO] [1789878904.348554331]: local_x: 0.1496, local_y: -0.0103, gear: 1,  error_heading: -0.0123[0m
[0m[ INFO] [1789878904.348616796]: 42 points is not droped, 5.0914, 2.6048, -0.9815, 1, 5.0185, 2.7358, -0.9938[0m
[2026-09-20 12:35:04] 控制路径段: 起点索引=42, 提取点数=17
[2026-09-20 12:35:04] 避障检测路径段: 起点索引=42, 提取点数=200
[0m[ INFO] [1789878904.448716842]: local_x: 0.0949, local_y: -0.0107, gear: 1,  error_heading: -0.0127[0m
[0m[ INFO] [1789878904.448769099]: gear=1 points is droped, 5.0914, 2.6048[0m
[2026-09-20 12:35:04] 控制路径段: 起点索引=43, 提取点数=16
[2026-09-20 12:35:04] 避障检测路径段: 起点索引=43, 提取点数=200
[0m[ INFO] [1789878904.548565590]: local_x: 0.1927, local_y: -0.0076, gear: 1,  error_heading: -0.0117[0m
[0m[ INFO] [1789878904.548635351]: 43 points is not droped, 5.1748, 2.4801, -0.9815, 1, 5.0760, 2.6457, -0.9932[0m
[2026-09-20 12:35:04] 控制路径段: 起点索引=43, 提取点数=16
[2026-09-20 12:35:04] 避障检测路径段: 起点索引=43, 提取点数=200
[0m[ INFO] [1789878904.648708550]: local_x: 0.1402, local_y: -0.0106, gear: 1,  error_heading: -0.0118[0m
[0m[ INFO] [1789878904.648767942]: 43 points is not droped, 5.1748, 2.4801, -0.9815, 1, 5.1071, 2.6034, -0.9933[0m
[2026-09-20 12:35:04] 控制路径段: 起点索引=43, 提取点数=16
[2026-09-20 12:35:04] 避障检测路径段: 起点索引=43, 提取点数=200
[0m[ INFO] [1789878904.748682515]: local_x: 0.0895, local_y: -0.0084, gear: 1,  error_heading: -0.0124[0m
[0m[ INFO] [1789878904.748743892]: gear=1 points is droped, 5.1748, 2.4801[0m
[2026-09-20 12:35:04] 控制路径段: 起点索引=44, 提取点数=15
[2026-09-20 12:35:04] 避障检测路径段: 起点索引=44, 提取点数=200
[0m[ INFO] [1789878904.948676302]: local_x: 0.1266, local_y: -0.0062, gear: 1,  error_heading: -0.0131[0m
[0m[ INFO] [1789878904.948738639]: 44 points is not droped, 5.2582, 2.3554, -0.9815, 1, 5.1944, 2.4649, -0.9946[0m
[2026-09-20 12:35:04] 控制路径段: 起点索引=44, 提取点数=15
[2026-09-20 12:35:04] 避障检测路径段: 起点索引=44, 提取点数=200
[0m[ INFO] [1789878905.048554427]: local_x: 0.0689, local_y: -0.0081, gear: 1,  error_heading: -0.0125[0m
[0m[ INFO] [1789878905.048620059]: gear=1 points is droped, 5.2582, 2.3554[0m
[2026-09-20 12:35:05] 控制路径段: 起点索引=45, 提取点数=14
[2026-09-20 12:35:05] 避障检测路径段: 起点索引=45, 提取点数=200
[0m[ INFO] [1789878905.148541064]: local_x: 0.1622, local_y: -0.0051, gear: 1,  error_heading: -0.0127[0m
[0m[ INFO] [1789878905.148597129]: 45 points is not droped, 5.3415, 2.2307, -0.9815, 1, 5.2574, 2.3694, -0.9942[0m
[2026-09-20 12:35:05] 控制路径段: 起点索引=45, 提取点数=14
[2026-09-20 12:35:05] 避障检测路径段: 起点索引=45, 提取点数=200
[0m[ INFO] [1789878905.248630903]: local_x: 0.1089, local_y: -0.0000, gear: 1,  error_heading: -0.0138[0m
[0m[ INFO] [1789878905.248696728]: 45 points is not droped, 5.3415, 2.2307, -0.9815, 1, 5.2823, 2.3221, -0.9953[0m
[2026-09-20 12:35:05] 控制路径段: 起点索引=45, 提取点数=14
[2026-09-20 12:35:05] 避障检测路径段: 起点索引=45, 提取点数=200
[0m[ INFO] [1789878905.348547716]: local_x: 0.0554, local_y: 0.0009, gear: 1,  error_heading: -0.0148[0m
[0m[ INFO] [1789878905.348603716]: gear=1 points is droped, 5.3415, 2.2307[0m
[2026-09-20 12:35:05] 控制路径段: 起点索引=46, 提取点数=13
[2026-09-20 12:35:05] 避障检测路径段: 起点索引=46, 提取点数=200
[0m[ INFO] [1789878905.448632178]: local_x: 0.1429, local_y: 0.0003, gear: 1,  error_heading: -0.0128[0m
[0m[ INFO] [1789878905.448723955]: 46 points is not droped, 5.4249, 2.1060, -0.9815, 1, 5.3468, 2.2256, -0.9943[0m
[2026-09-20 12:35:05] 控制路径段: 起点索引=46, 提取点数=13
[2026-09-20 12:35:05] 避障检测路径段: 起点索引=46, 提取点数=200
[0m[ INFO] [1789878905.548546815]: local_x: 0.0852, local_y: 0.0026, gear: 1,  error_heading: -0.0124[0m
[0m[ INFO] [1789878905.548612032]: gear=1 points is droped, 5.4249, 2.1060[0m
[2026-09-20 12:35:05] 控制路径段: 起点索引=47, 提取点数=12
[2026-09-20 12:35:05] 避障检测路径段: 起点索引=47, 提取点数=200
[0m[ INFO] [1789878905.648562477]: local_x: 0.1784, local_y: 0.0039, gear: 1,  error_heading: -0.0126[0m
[0m[ INFO] [1789878905.648618029]: 47 points is not droped, 5.5083, 1.9813, -0.9815, 1, 5.4078, 2.1287, -0.9941[0m
[2026-09-20 12:35:05] 控制路径段: 起点索引=47, 提取点数=12
[2026-09-20 12:35:05] 避障检测路径段: 起点索引=47, 提取点数=200
[0m[ INFO] [1789878905.748508730]: local_x: 0.1203, local_y: 0.0064, gear: 1,  error_heading: -0.0114[0m
[0m[ INFO] [1789878905.748566363]: 47 points is not droped, 5.5083, 1.9813, -0.9815, 1, 5.4372, 2.0786, -0.9929[0m
[2026-09-20 12:35:05] 控制路径段: 起点索引=47, 提取点数=12
[2026-09-20 12:35:05] 避障检测路径段: 起点索引=47, 提取点数=200
[0m[ INFO] [1789878905.848554888]: local_x: 0.0614, local_y: 0.0072, gear: 1,  error_heading: -0.0121[0m
[0m[ INFO] [1789878905.848616041]: gear=1 points is droped, 5.5083, 1.9813[0m
[2026-09-20 12:35:05] 控制路径段: 起点索引=48, 提取点数=11
[2026-09-20 12:35:05] 避障检测路径段: 起点索引=48, 提取点数=200
[0m[ INFO] [1789878905.948662231]: local_x: 0.1554, local_y: 0.0098, gear: 1,  error_heading: -0.0106[0m
[0m[ INFO] [1789878905.948721239]: 48 points is not droped, 5.5916, 1.8566, -0.9815, 1, 5.4984, 1.9813, -0.9921[0m
[2026-09-20 12:35:05] 控制路径段: 起点索引=48, 提取点数=11
[2026-09-20 12:35:05] 避障检测路径段: 起点索引=48, 提取点数=200
[0m[ INFO] [1789878906.048538787]: local_x: 0.0950, local_y: 0.0087, gear: 1,  error_heading: -0.0105[0m
[0m[ INFO] [1789878906.048592612]: gear=1 points is droped, 5.5916, 1.8566[0m
[2026-09-20 12:35:06] 控制路径段: 起点索引=49, 提取点数=10
[2026-09-20 12:35:06] 避障检测路径段: 起点索引=49, 提取点数=200
[0m[ INFO] [1789878906.148611666]: local_x: 0.1905, local_y: 0.0111, gear: 1,  error_heading: -0.0088[0m
[0m[ INFO] [1789878906.148678706]: 49 points is not droped, 5.6750, 1.7319, -0.9815, 1, 5.5613, 1.8851, -0.9903[0m
[2026-09-20 12:35:06] 控制路径段: 起点索引=49, 提取点数=10
[2026-09-20 12:35:06] 避障检测路径段: 起点索引=49, 提取点数=200
[0m[ INFO] [1789878906.248563519]: local_x: 0.1540, local_y: 0.0112, gear: 1,  error_heading: -0.0075[0m
[0m[ INFO] [1789878906.248620191]: 49 points is not droped, 5.6750, 1.7319, -0.9815, 1, 5.5810, 1.8544, -0.9890[0m
[2026-09-20 12:35:06] 控制路径段: 起点索引=49, 提取点数=10
[2026-09-20 12:35:06] 避障检测路径段: 起点索引=49, 提取点数=200
[0m[ INFO] [1789878906.348548876]: local_x: 0.0856, local_y: 0.0135, gear: 1,  error_heading: -0.0018[0m
[0m[ INFO] [1789878906.348600525]: gear=1 points is droped, 5.6750, 1.7319[0m
[2026-09-20 12:35:06] 控制路径段: 起点索引=50, 提取点数=9
[2026-09-20 12:35:06] 避障检测路径段: 起点索引=50, 提取点数=200
[0m[ INFO] [1789878906.448579226]: local_x: 0.1848, local_y: 0.0147, gear: 1,  error_heading: -0.0018[0m
[0m[ INFO] [1789878906.448656123]: 50 points is not droped, 5.7584, 1.6072, -0.9815, 1, 5.6437, 1.7529, -0.9833[0m
[2026-09-20 12:35:06] 控制路径段: 起点索引=50, 提取点数=9
[2026-09-20 12:35:06] 避障检测路径段: 起点索引=50, 提取点数=200
[0m[ INFO] [1789878906.548566344]: local_x: 0.1652, local_y: 0.0146, gear: 1,  error_heading: 0.0006[0m
[0m[ INFO] [1789878906.548622409]: 50 points is not droped, 5.7584, 1.6072, -0.9815, 1, 5.6543, 1.7363, -0.9809[0m
[2026-09-20 12:35:06] 控制路径段: 起点索引=50, 提取点数=9
[2026-09-20 12:35:06] 避障检测路径段: 起点索引=50, 提取点数=200
[0m[ INFO] [1789878906.648560150]: local_x: 0.1743, local_y: 0.0166, gear: 1,  error_heading: -0.0008[0m
[0m[ INFO] [1789878906.648618998]: 50 points is not droped, 5.7584, 1.6072, -0.9815, 1, 5.6478, 1.7430, -0.9822[0m
[2026-09-20 12:35:06] 控制路径段: 起点索引=50, 提取点数=9
[2026-09-20 12:35:06] 避障检测路径段: 起点索引=50, 提取点数=200
[0m[ INFO] [1789878906.748630756]: local_x: 0.1709, local_y: 0.0165, gear: 1,  error_heading: -0.0010[0m
[0m[ INFO] [1789878906.748686501]: 50 points is not droped, 5.7584, 1.6072, -0.9815, 1, 5.6498, 1.7402, -0.9825[0m
[2026-09-20 12:35:06] 控制路径段: 起点索引=50, 提取点数=9
[2026-09-20 12:35:06] 避障检测路径段: 起点索引=50, 提取点数=200
[0m[ INFO] [1789878906.848545777]: local_x: 0.1628, local_y: 0.0165, gear: 1,  error_heading: -0.0006[0m
[0m[ INFO] [1789878906.848599473]: 50 points is not droped, 5.7584, 1.6072, -0.9815, 1, 5.6542, 1.7334, -0.9821[0m
[2026-09-20 12:35:06] 控制路径段: 起点索引=50, 提取点数=9
[2026-09-20 12:35:06] 避障检测路径段: 起点索引=50, 提取点数=200
[0m[ INFO] [1789878906.948541598]: local_x: 0.1244, local_y: 0.0189, gear: 1,  error_heading: -0.0007[0m
[0m[ INFO] [1789878906.948594815]: 50 points is not droped, 5.7584, 1.6072, -0.9815, 1, 5.6735, 1.7002, -0.9821[0m
[2026-09-20 12:35:06] 控制路径段: 起点索引=50, 提取点数=9
[2026-09-20 12:35:06] 避障检测路径段: 起点索引=50, 提取点数=200
[0m[ INFO] [1789878907.048570956]: local_x: 0.0723, local_y: 0.0193, gear: 1,  error_heading: -0.0003[0m
[0m[ INFO] [1789878907.048627693]: gear=1 points is droped, 5.7584, 1.6072[0m
[2026-09-20 12:35:07] 控制路径段: 起点索引=51, 提取点数=8
[2026-09-20 12:35:07] 避障检测路径段: 起点索引=51, 提取点数=200
[0m[ INFO] [1789878907.148543962]: local_x: 0.1722, local_y: 0.0180, gear: 1,  error_heading: -0.0004[0m
[0m[ INFO] [1789878907.148615962]: 51 points is not droped, 5.8417, 1.4825, -0.9815, 1, 5.7311, 1.6157, -0.9819[0m
[2026-09-20 12:35:07] 控制路径段: 起点索引=51, 提取点数=8
[2026-09-20 12:35:07] 避障检测路径段: 起点索引=51, 提取点数=200
[0m[ INFO] [1789878907.248544295]: local_x: 0.1481, local_y: 0.0191, gear: 1,  error_heading: 0.0005[0m
[0m[ INFO] [1789878907.248611528]: 51 points is not droped, 5.8417, 1.4825, -0.9815, 1, 5.7435, 1.5950, -0.9810[0m
[2026-09-20 12:35:07] 控制路径段: 起点索引=51, 提取点数=8
[2026-09-20 12:35:07] 避障检测路径段: 起点索引=51, 提取点数=200
[0m[ INFO] [1789878907.348544437]: local_x: 0.0569, local_y: 0.0224, gear: 1,  error_heading: 0.0004[0m
[0m[ INFO] [1789878907.348600630]: gear=1 points is droped, 5.8417, 1.4825[0m
[2026-09-20 12:35:07] 控制路径段: 起点索引=52, 提取点数=7
[2026-09-20 12:35:07] 避障检测路径段: 起点索引=52, 提取点数=200
[0m[ INFO] [1789878907.448550243]: local_x: 0.1687, local_y: 0.0177, gear: 1,  error_heading: 0.0025[0m
[0m[ INFO] [1789878907.448616068]: 52 points is not droped, 5.9251, 1.3578, -0.9815, 1, 5.8163, 1.4879, -0.9790[0m
[2026-09-20 12:35:07] 控制路径段: 起点索引=52, 提取点数=7
[2026-09-20 12:35:07] 避障检测路径段: 起点索引=52, 提取点数=200
[0m[ INFO] [1789878907.548584145]: local_x: 0.1164, local_y: 0.0179, gear: 1,  error_heading: 0.0044[0m
[0m[ INFO] [1789878907.548651954]: 52 points is not droped, 5.9251, 1.3578, -0.9815, 1, 5.8452, 1.4443, -0.9771[0m
[2026-09-20 12:35:07] 控制路径段: 起点索引=52, 提取点数=7
[2026-09-20 12:35:07] 避障检测路径段: 起点索引=52, 提取点数=200
[0m[ INFO] [1789878907.648547518]: local_x: 0.0778, local_y: 0.0198, gear: 1,  error_heading: 0.0066[0m
[0m[ INFO] [1789878907.648604319]: gear=1 points is droped, 5.9251, 1.3578[0m
[2026-09-20 12:35:07] 控制路径段: 起点索引=53, 提取点数=6
[2026-09-20 12:35:07] 避障检测路径段: 起点索引=53, 提取点数=200
[0m[ INFO] [1789878907.748584620]: local_x: 0.1810, local_y: 0.0194, gear: 1,  error_heading: 0.0086[0m
[0m[ INFO] [1789878907.748651917]: 53 points is not droped, 6.0085, 1.2331, -0.9815, 1, 5.8905, 1.3718, -0.9729[0m
[2026-09-20 12:35:07] 控制路径段: 起点索引=53, 提取点数=6
[2026-09-20 12:35:07] 避障检测路径段: 起点索引=53, 提取点数=200
[0m[ INFO] [1789878907.848554906]: local_x: 0.1444, local_y: 0.0218, gear: 1,  error_heading: 0.0089[0m
[0m[ INFO] [1789878907.848616186]: 53 points is not droped, 6.0085, 1.2331, -0.9815, 1, 5.9091, 1.3402, -0.9726[0m
[2026-09-20 12:35:07] 控制路径段: 起点索引=53, 提取点数=6
[2026-09-20 12:35:07] 避障检测路径段: 起点索引=53, 提取点数=200
[0m[ INFO] [1789878907.948549956]: local_x: 0.0989, local_y: 0.0210, gear: 1,  error_heading: 0.0101[0m
[0m[ INFO] [1789878907.948603685]: gear=1 points is droped, 6.0085, 1.2331[0m
[2026-09-20 12:35:07] 控制路径段: 起点索引=54, 提取点数=5
[2026-09-20 12:35:07] 避障检测路径段: 起点索引=54, 提取点数=200
[0m[ INFO] [1789878908.048659183]: local_x: 0.2199, local_y: 0.0228, gear: 1,  error_heading: 0.0119[0m
[0m[ INFO] [1789878908.048731279]: 54 points is not droped, 6.0918, 1.1084, -0.9815, 1, 5.9487, 1.2769, -0.9696[0m
[2026-09-20 12:35:08] 控制路径段: 起点索引=54, 提取点数=5
[2026-09-20 12:35:08] 避障检测路径段: 起点索引=54, 提取点数=200
[0m[ INFO] [1789878908.148548375]: local_x: 0.1758, local_y: 0.0222, gear: 1,  error_heading: 0.0131[0m
[0m[ INFO] [1789878908.148607255]: 54 points is not droped, 6.0918, 1.1084, -0.9815, 1, 5.9739, 1.2406, -0.9684[0m
[2026-09-20 12:35:08] 控制路径段: 起点索引=54, 提取点数=5
[2026-09-20 12:35:08] 避障检测路径段: 起点索引=54, 提取点数=200
[0m[ INFO] [1789878908.248544096]: local_x: 0.1487, local_y: 0.0120, gear: 1,  error_heading: 0.0167[0m
[0m[ INFO] [1789878908.248598433]: 54 points is not droped, 6.0918, 1.1084, -0.9815, 1, 5.9972, 1.2238, -0.9648[0m
[2026-09-20 12:35:08] 控制路径段: 起点索引=54, 提取点数=5
[2026-09-20 12:35:08] 避障检测路径段: 起点索引=54, 提取点数=200
[0m[ INFO] [1789878908.348535817]: local_x: 0.1177, local_y: 0.0261, gear: 1,  error_heading: 0.0169[0m
[0m[ INFO] [1789878908.348590122]: 54 points is not droped, 6.0918, 1.1084, -0.9815, 1, 6.0033, 1.1903, -0.9646[0m
[2026-09-20 12:35:08] 控制路径段: 起点索引=54, 提取点数=5
[2026-09-20 12:35:08] 避障检测路径段: 起点索引=54, 提取点数=200
[0m[ INFO] [1789878908.448556179]: local_x: 0.0847, local_y: 0.0239, gear: 1,  error_heading: 0.0181[0m
[0m[ INFO] [1789878908.448616243]: gear=1 points is droped, 6.0918, 1.1084[0m
[2026-09-20 12:35:08] 控制路径段: 起点索引=55, 提取点数=4
[2026-09-20 12:35:08] 避障检测路径段: 起点索引=55, 提取点数=200
[0m[ INFO] [1789878908.548629437]: local_x: 0.1986, local_y: 0.0219, gear: 1,  error_heading: 0.0213[0m
[0m[ INFO] [1789878908.548700637]: 55 points is not droped, 6.1752, 0.9837, -0.9815, 1, 6.0434, 1.1338, -0.9601[0m
[2026-09-20 12:35:08] 控制路径段: 起点索引=55, 提取点数=4
[2026-09-20 12:35:08] 避障检测路径段: 起点索引=55, 提取点数=200
[0m[ INFO] [1789878908.648559589]: local_x: 0.1729, local_y: 0.0224, gear: 1,  error_heading: 0.0224[0m
[0m[ INFO] [1789878908.648617798]: 55 points is not droped, 6.1752, 0.9837, -0.9815, 1, 6.0576, 1.1124, -0.9591[0m
[2026-09-20 12:35:08] 控制路径段: 起点索引=55, 提取点数=4
[2026-09-20 12:35:08] 避障检测路径段: 起点索引=55, 提取点数=200
[0m[ INFO] [1789878908.748553902]: local_x: 0.1395, local_y: 0.0220, gear: 1,  error_heading: 0.0256[0m
[0m[ INFO] [1789878908.748609743]: 55 points is not droped, 6.1752, 0.9837, -0.9815, 1, 6.0768, 1.0849, -0.9559[0m
[2026-09-20 12:35:08] 控制路径段: 起点索引=55, 提取点数=4
[2026-09-20 12:35:08] 避障检测路径段: 起点索引=55, 提取点数=200
[0m[ INFO] [1789878908.848542936]: local_x: 0.1234, local_y: 0.0196, gear: 1,  error_heading: 0.0277[0m
[0m[ INFO] [1789878908.848597080]: 55 points is not droped, 6.1752, 0.9837, -0.9815, 1, 6.0878, 1.0730, -0.9538[0m
[2026-09-20 12:35:08] 控制路径段: 起点索引=55, 提取点数=4
[2026-09-20 12:35:08] 避障检测路径段: 起点索引=55, 提取点数=200
[0m[ INFO] [1789878908.948540449]: local_x: 0.0953, local_y: 0.0213, gear: 1,  error_heading: 0.0296[0m
[0m[ INFO] [1789878908.948602145]: gear=1 points is droped, 6.1752, 0.9837[0m
[2026-09-20 12:35:08] 控制路径段: 起点索引=56, 提取点数=3
[2026-09-20 12:35:08] 避障检测路径段: 起点索引=56, 提取点数=200
[0m[ INFO] [1789878909.048560074]: local_x: 0.2281, local_y: 0.0174, gear: 1,  error_heading: 0.0309[0m
[0m[ INFO] [1789878909.048623115]: 56 points is not droped, 6.2586, 0.8590, -0.9815, 1, 6.1119, 1.0346, -0.9506[0m
[2026-09-20 12:35:09] 控制路径段: 起点索引=56, 提取点数=3
[2026-09-20 12:35:09] 避障检测路径段: 起点索引=56, 提取点数=200
[0m[ INFO] [1789878909.148537043]: local_x: 0.2018, local_y: 0.0174, gear: 1,  error_heading: 0.0335[0m
[0m[ INFO] [1789878909.148592564]: 56 points is not droped, 6.2586, 0.8590, -0.9815, 1, 6.1267, 1.0128, -0.9480[0m
[2026-09-20 12:35:09] 控制路径段: 起点索引=56, 提取点数=3
[2026-09-20 12:35:09] 避障检测路径段: 起点索引=56, 提取点数=200
[0m[ INFO] [1789878909.248557053]: local_x: 0.1885, local_y: 0.0181, gear: 1,  error_heading: 0.0338[0m
[0m[ INFO] [1789878909.248619613]: 56 points is not droped, 6.2586, 0.8590, -0.9815, 1, 6.1339, 1.0015, -0.9477[0m
[2026-09-20 12:35:09] 控制路径段: 起点索引=56, 提取点数=3
[2026-09-20 12:35:09] 避障检测路径段: 起点索引=56, 提取点数=200
[0m[ INFO] [1789878909.348535974]: local_x: 0.1565, local_y: 0.0173, gear: 1,  error_heading: 0.0360[0m
[0m[ INFO] [1789878909.348595174]: 56 points is not droped, 6.2586, 0.8590, -0.9815, 1, 6.1529, 0.9757, -0.9455[0m
[2026-09-20 12:35:09] 控制路径段: 起点索引=56, 提取点数=3
[2026-09-20 12:35:09] 避障检测路径段: 起点索引=56, 提取点数=200
[0m[ INFO] [1789878909.448568111]: local_x: 0.1371, local_y: 0.0162, gear: 1,  error_heading: 0.0385[0m
[0m[ INFO] [1789878909.448631440]: 56 points is not droped, 6.2586, 0.8590, -0.9815, 1, 6.1649, 0.9605, -0.9430[0m
[2026-09-20 12:35:09] 控制路径段: 起点索引=56, 提取点数=3
[2026-09-20 12:35:09] 避障检测路径段: 起点索引=56, 提取点数=200
[0m[ INFO] [1789878909.548553624]: local_x: 0.1104, local_y: 0.0173, gear: 1,  error_heading: 0.0415[0m
[0m[ INFO] [1789878909.548609209]: 56 points is not droped, 6.2586, 0.8590, -0.9815, 1, 6.1795, 0.9379, -0.9400[0m
[2026-09-20 12:35:09] 控制路径段: 起点索引=56, 提取点数=3
[2026-09-20 12:35:09] 避障检测路径段: 起点索引=56, 提取点数=200
[0m[ INFO] [1789878909.648559938]: local_x: 0.0893, local_y: 0.0170, gear: 1,  error_heading: 0.0459[0m
[0m[ INFO] [1789878909.648614146]: gear=1 points is droped, 6.2586, 0.8590[0m
[2026-09-20 12:35:09] 控制路径段: 起点索引=57, 提取点数=2
[2026-09-20 12:35:09] 避障检测路径段: 起点索引=57, 提取点数=200
[0m[ INFO] [1789878909.748541547]: local_x: 0.2262, local_y: 0.0095, gear: 1,  error_heading: 0.0482[0m
[0m[ INFO] [1789878909.748612844]: 57 points is not droped, 6.3419, 0.7343, -0.9815, 1, 6.1997, 0.9104, -0.9333[0m
[2026-09-20 12:35:09] 控制路径段: 起点索引=57, 提取点数=2
[2026-09-20 12:35:09] 避障检测路径段: 起点索引=57, 提取点数=200
[0m[ INFO] [1789878909.848549652]: local_x: 0.1913, local_y: 0.0093, gear: 1,  error_heading: 0.0619[0m
[0m[ INFO] [1789878909.848611669]: 57 points is not droped, 6.3419, 0.7343, -0.9815, 1, 6.2186, 0.8809, -0.9196[0m
[2026-09-20 12:35:09] 控制路径段: 起点索引=57, 提取点数=2
[2026-09-20 12:35:09] 避障检测路径段: 起点索引=57, 提取点数=200
[0m[ INFO] [1789878909.948521629]: local_x: 0.1656, local_y: 0.0087, gear: 1,  error_heading: 0.0703[0m
[0m[ INFO] [1789878909.948584862]: 57 points is not droped, 6.3419, 0.7343, -0.9815, 1, 6.2335, 0.8598, -0.9112[0m
[2026-09-20 12:35:09] 控制路径段: 起点索引=57, 提取点数=2
[2026-09-20 12:35:09] 避障检测路径段: 起点索引=57, 提取点数=200
[0m[ INFO] [1789878910.048526758]: local_x: 0.1505, local_y: 0.0074, gear: 1,  error_heading: 0.0782[0m
[0m[ INFO] [1789878910.048582151]: 57 points is not droped, 6.3419, 0.7343, -0.9815, 1, 6.2429, 0.8479, -0.9033[0m
[2026-09-20 12:35:10] 控制路径段: 起点索引=57, 提取点数=2
[2026-09-20 12:35:10] 避障检测路径段: 起点索引=57, 提取点数=200
[0m[ INFO] [1789878910.148544560]: local_x: 0.1446, local_y: 0.0089, gear: 1,  error_heading: 0.0772[0m
[0m[ INFO] [1789878910.148602865]: 57 points is not droped, 6.3419, 0.7343, -0.9815, 1, 6.2455, 0.8424, -0.9043[0m
[2026-09-20 12:35:10] 控制路径段: 起点索引=57, 提取点数=2
[2026-09-20 12:35:10] 避障检测路径段: 起点索引=57, 提取点数=200
[0m[ INFO] [1789878910.248536793]: local_x: 0.1394, local_y: 0.0101, gear: 1,  error_heading: 0.0800[0m
[0m[ INFO] [1789878910.248591098]: 57 points is not droped, 6.3419, 0.7343, -0.9815, 1, 6.2475, 0.8374, -0.9015[0m
[2026-09-20 12:35:10] 控制路径段: 起点索引=57, 提取点数=2
[2026-09-20 12:35:10] 避障检测路径段: 起点索引=57, 提取点数=200
[0m[ INFO] [1789878910.348557891]: local_x: 0.1431, local_y: 0.0062, gear: 1,  error_heading: 0.0829[0m
[0m[ INFO] [1789878910.348620131]: 57 points is not droped, 6.3419, 0.7343, -0.9815, 1, 6.2480, 0.8424, -0.8986[0m
[2026-09-20 12:35:10] 控制路径段: 起点索引=57, 提取点数=2
[2026-09-20 12:35:10] 避障检测路径段: 起点索引=57, 提取点数=200
[0m[ INFO] [1789878910.448562988]: local_x: 0.1308, local_y: 0.0054, gear: 1,  error_heading: 0.0878[0m
[0m[ INFO] [1789878910.448619404]: 57 points is not droped, 6.3419, 0.7343, -0.9815, 1, 6.2558, 0.8329, -0.8937[0m
[2026-09-20 12:35:10] 控制路径段: 起点索引=57, 提取点数=2
[2026-09-20 12:35:10] 避障检测路径段: 起点索引=57, 提取点数=200
[0m[ INFO] [1789878910.548625302]: local_x: 0.1254, local_y: 0.0045, gear: 1,  error_heading: 0.0897[0m
[0m[ INFO] [1789878910.548686710]: 57 points is not droped, 6.3419, 0.7343, -0.9815, 1, 6.2597, 0.8291, -0.8918[0m
[2026-09-20 12:35:10] 控制路径段: 起点索引=57, 提取点数=2
[2026-09-20 12:35:10] 避障检测路径段: 起点索引=57, 提取点数=200
[0m[ INFO] [1789878910.648579935]: local_x: 0.1085, local_y: 0.0034, gear: 1,  error_heading: 0.0924[0m
[0m[ INFO] [1789878910.648683040]: 57 points is not droped, 6.3419, 0.7343, -0.9815, 1, 6.2709, 0.8164, -0.8891[0m
[2026-09-20 12:35:10] 控制路径段: 起点索引=57, 提取点数=2
[2026-09-20 12:35:10] 避障检测路径段: 起点索引=57, 提取点数=200
[0m[ INFO] [1789878910.748543079]: local_x: 0.1035, local_y: 0.0039, gear: 1,  error_heading: 0.0946[0m
[0m[ INFO] [1789878910.748609512]: 57 points is not droped, 6.3419, 0.7343, -0.9815, 1, 6.2735, 0.8121, -0.8869[0m
[2026-09-20 12:35:10] 控制路径段: 起点索引=57, 提取点数=2
[2026-09-20 12:35:10] 避障检测路径段: 起点索引=57, 提取点数=200
[0m[ INFO] [1789878910.848792403]: local_x: 0.0909, local_y: 0.0038, gear: 1,  error_heading: 0.0969[0m
[0m[ INFO] [1789878910.848847892]: gear=1 points is droped, 6.3419, 0.7343[0m
[2026-09-20 12:35:10] 控制路径段: 起点索引=58, 提取点数=1
[2026-09-20 12:35:10] 避障检测路径段: 起点索引=58, 提取点数=200
[0m[ INFO] [1789878910.948543354]: local_x: 0.1339, local_y: -0.0007, gear: 2,  error_heading: 1.4535[0m
[2026-09-20 12:35:10] 还未完成转向!
[0m[ INFO] [1789878910.998222619]: 58 points is not droped, 6.3693, 0.6933, -2.3359, 2, 6.2848, 0.7972, -0.8824[0m
[2026-09-20 12:35:10] 控制路径段: 起点索引=58, 提取点数=1
[2026-09-20 12:35:10] 避障检测路径段: 起点索引=58, 提取点数=200
[0m[ INFO] [1789878911.048542915]: local_x: 0.1212, local_y: -0.0008, gear: 2,  error_heading: 1.4553[0m
[2026-09-20 12:35:11] 还未完成转向!
[0m[ INFO] [1789878911.098166500]: 58 points is not droped, 6.3693, 0.6933, -2.3359, 2, 6.2928, 0.7873, -0.8806[0m
[2026-09-20 12:35:11] 控制路径段: 起点索引=58, 提取点数=1
[2026-09-20 12:35:11] 避障检测路径段: 起点索引=58, 提取点数=200
[0m[ INFO] [1789878911.148555853]: local_x: 0.1152, local_y: -0.0008, gear: 2,  error_heading: 1.4569[0m
[2026-09-20 12:35:11] 还未完成转向!
[0m[ INFO] [1789878911.198087340]: 58 points is not droped, 6.3693, 0.6933, -2.3359, 2, 6.2965, 0.7826, -0.8791[0m
[2026-09-20 12:35:11] 控制路径段: 起点索引=58, 提取点数=1
[2026-09-20 12:35:11] 避障检测路径段: 起点索引=58, 提取点数=200
[0m[ INFO] [1789878911.248561110]: local_x: 0.1126, local_y: -0.0008, gear: 2,  error_heading: 1.4573[0m
[2026-09-20 12:35:11] 还未完成转向!
[0m[ INFO] [1789878911.298139542]: 58 points is not droped, 6.3693, 0.6933, -2.3359, 2, 6.2981, 0.7805, -0.8786[0m
[2026-09-20 12:35:11] 控制路径段: 起点索引=58, 提取点数=1
[2026-09-20 12:35:11] 避障检测路径段: 起点索引=58, 提取点数=200
[0m[ INFO] [1789878911.348567775]: local_x: 0.0884, local_y: -0.0054, gear: 2,  error_heading: 1.4569[0m
[2026-09-20 12:35:11] 还未完成转向!
[0m[ INFO] [1789878911.398162048]: 58 points is not droped, 6.3693, 0.6933, -2.3359, 2, 6.3171, 0.7648, -0.8790[0m
[2026-09-20 12:35:11] 控制路径段: 起点索引=58, 提取点数=1
[2026-09-20 12:35:11] 避障检测路径段: 起点索引=58, 提取点数=200
[0m[ INFO] [1789878911.448590313]: local_x: 0.0769, local_y: -0.0058, gear: 2,  error_heading: 1.4567[0m
[2026-09-20 12:35:11] 还未完成转向!
[0m[ INFO] [1789878911.498294058]: 58 points is not droped, 6.3693, 0.6933, -2.3359, 2, 6.3247, 0.7563, -0.8793[0m
[2026-09-20 12:35:11] 控制路径段: 起点索引=58, 提取点数=1
[2026-09-20 12:35:11] 避障检测路径段: 起点索引=58, 提取点数=200
[0m[ INFO] [1789878911.548555090]: local_x: 0.0693, local_y: -0.0069, gear: 2,  error_heading: 1.4525[0m
[2026-09-20 12:35:11] 还未完成转向!
[0m[ INFO] [1789878911.598192915]: 58 points is not droped, 6.3693, 0.6933, -2.3359, 2, 6.3307, 0.7513, -0.8834[0m
[2026-09-20 12:35:11] 控制路径段: 起点索引=58, 提取点数=1
[2026-09-20 12:35:11] 避障检测路径段: 起点索引=58, 提取点数=200
[0m[ INFO] [1789878911.648626716]: local_x: 0.0623, local_y: -0.0071, gear: 2,  error_heading: 1.4423[0m
[2026-09-20 12:35:11] 还未完成转向!
[0m[ INFO] [1789878911.698182556]: 58 points is not droped, 6.3693, 0.6933, -2.3359, 2, 6.3358, 0.7464, -0.8936[0m
[2026-09-20 12:35:11] 控制路径段: 起点索引=58, 提取点数=1
[2026-09-20 12:35:11] 避障检测路径段: 起点索引=58, 提取点数=200
[0m[ INFO] [1789878911.748590820]: local_x: 0.0588, local_y: -0.0063, gear: 2,  error_heading: 1.4310[0m
[2026-09-20 12:35:11] 还未完成转向!
[0m[ INFO] [1789878911.798155461]: 58 points is not droped, 6.3693, 0.6933, -2.3359, 2, 6.3379, 0.7435, -0.9049[0m
[2026-09-20 12:35:11] 控制路径段: 起点索引=58, 提取点数=1
[2026-09-20 12:35:11] 避障检测路径段: 起点索引=58, 提取点数=200
[0m[ INFO] [1789878911.848598510]: local_x: 0.0581, local_y: -0.0094, gear: 2,  error_heading: 1.4135[0m
[2026-09-20 12:35:11] 还未完成转向!
[0m[ INFO] [1789878911.898170830]: 58 points is not droped, 6.3693, 0.6933, -2.3359, 2, 6.3417, 0.7453, -0.9224[0m
[2026-09-20 12:35:11] 控制路径段: 起点索引=58, 提取点数=1
[2026-09-20 12:35:11] 避障检测路径段: 起点索引=58, 提取点数=200
[0m[ INFO] [1789878911.948607737]: local_x: 0.0534, local_y: -0.0074, gear: 2,  error_heading: 1.3768[0m
[2026-09-20 12:35:11] 还未完成转向!
[0m[ INFO] [1789878911.998210972]: 58 points is not droped, 6.3693, 0.6933, -2.3359, 2, 6.3447, 0.7413, -0.9592[0m
[2026-09-20 12:35:11] 控制路径段: 起点索引=58, 提取点数=1
[2026-09-20 12:35:11] 避障检测路径段: 起点索引=58, 提取点数=200
[0m[ INFO] [1789878912.048551781]: local_x: 0.0522, local_y: -0.0057, gear: 2,  error_heading: 1.3373[0m
[2026-09-20 12:35:12] 还未完成转向!
[0m[ INFO] [1789878912.098224872]: 58 points is not droped, 6.3693, 0.6933, -2.3359, 2, 6.3458, 0.7403, -0.9986[0m
[2026-09-20 12:35:12] 控制路径段: 起点索引=58, 提取点数=1
[2026-09-20 12:35:12] 避障检测路径段: 起点索引=58, 提取点数=200
[0m[ INFO] [1789878912.148579122]: local_x: 0.0544, local_y: -0.0043, gear: 2,  error_heading: 1.2843[0m
[2026-09-20 12:35:12] 还未完成转向!
[0m[ INFO] [1789878912.198112916]: 58 points is not droped, 6.3693, 0.6933, -2.3359, 2, 6.3460, 0.7427, -1.0516[0m
[2026-09-20 12:35:12] 控制路径段: 起点索引=58, 提取点数=1
[2026-09-20 12:35:12] 避障检测路径段: 起点索引=58, 提取点数=200
[0m[ INFO] [1789878912.348551947]: local_x: 0.0547, local_y: -0.0015, gear: 2,  error_heading: 1.1770[0m
[2026-09-20 12:35:12] 还未完成转向!
[0m[ INFO] [1789878912.398127341]: 58 points is not droped, 6.3693, 0.6933, -2.3359, 2, 6.3488, 0.7441, -1.1589[0m
[2026-09-20 12:35:12] 控制路径段: 起点索引=58, 提取点数=1
[2026-09-20 12:35:12] 避障检测路径段: 起点索引=58, 提取点数=200
[0m[ INFO] [1789878912.448564312]: local_x: 0.0547, local_y: 0.0010, gear: 2,  error_heading: 1.1273[0m
[2026-09-20 12:35:12] 还未完成转向!
[0m[ INFO] [1789878912.498208187]: 58 points is not droped, 6.3693, 0.6933, -2.3359, 2, 6.3490, 0.7442, -1.2086[0m
[2026-09-20 12:35:12] 控制路径段: 起点索引=58, 提取点数=1
[2026-09-20 12:35:12] 避障检测路径段: 起点索引=58, 提取点数=200
[0m[ INFO] [1789878912.548609253]: local_x: 0.0556, local_y: 0.0029, gear: 2,  error_heading: 1.0746[0m
[2026-09-20 12:35:12] 还未完成转向!
[0m[ INFO] [1789878912.598212903]: 58 points is not droped, 6.3693, 0.6933, -2.3359, 2, 6.3496, 0.7454, -1.2613[0m
[2026-09-20 12:35:12] 控制路径段: 起点索引=58, 提取点数=1
[2026-09-20 12:35:12] 避障检测路径段: 起点索引=58, 提取点数=200
[0m[ INFO] [1789878912.648559441]: local_x: 0.0552, local_y: 0.0055, gear: 2,  error_heading: 1.0198[0m
[2026-09-20 12:35:12] 还未完成转向!
[0m[ INFO] [1789878912.698665273]: 58 points is not droped, 6.3693, 0.6933, -2.3359, 2, 6.3501, 0.7454, -1.3161[0m
[2026-09-20 12:35:12] 控制路径段: 起点索引=58, 提取点数=1
[2026-09-20 12:35:12] 避障检测路径段: 起点索引=58, 提取点数=200
[0m[ INFO] [1789878912.748551934]: local_x: 0.0558, local_y: 0.0078, gear: 2,  error_heading: 0.9650[0m
[2026-09-20 12:35:12] 还未完成转向!
[0m[ INFO] [1789878912.798178976]: 58 points is not droped, 6.3693, 0.6933, -2.3359, 2, 6.3506, 0.7465, -1.3709[0m
[2026-09-20 12:35:12] 控制路径段: 起点索引=58, 提取点数=1
[2026-09-20 12:35:12] 避障检测路径段: 起点索引=58, 提取点数=200
[0m[ INFO] [1789878912.848553963]: local_x: 0.0553, local_y: 0.0100, gear: 2,  error_heading: 0.9115[0m
[2026-09-20 12:35:12] 还未完成转向!
[0m[ INFO] [1789878912.898134445]: 58 points is not droped, 6.3693, 0.6933, -2.3359, 2, 6.3513, 0.7465, -1.4244[0m
[2026-09-20 12:35:12] 控制路径段: 起点索引=58, 提取点数=1
[2026-09-20 12:35:12] 避障检测路径段: 起点索引=58, 提取点数=200
[0m[ INFO] [1789878912.948568567]: local_x: 0.0562, local_y: 0.0123, gear: 2,  error_heading: 0.8566[0m
[2026-09-20 12:35:12] 还未完成转向!
[0m[ INFO] [1789878912.998563838]: 58 points is not droped, 6.3693, 0.6933, -2.3359, 2, 6.3519, 0.7482, -1.4793[0m
[2026-09-20 12:35:12] 控制路径段: 起点索引=58, 提取点数=1
[2026-09-20 12:35:12] 避障检测路径段: 起点索引=58, 提取点数=200
[0m[ INFO] [1789878913.048549956]: local_x: 0.0546, local_y: 0.0141, gear: 2,  error_heading: 0.8017[0m
[2026-09-20 12:35:13] 还未完成转向!
[0m[ INFO] [1789878913.098207175]: 58 points is not droped, 6.3693, 0.6933, -2.3359, 2, 6.3532, 0.7473, -1.5342[0m
[2026-09-20 12:35:13] 控制路径段: 起点索引=58, 提取点数=1
[2026-09-20 12:35:13] 避障检测路径段: 起点索引=58, 提取点数=200
[0m[ INFO] [1789878913.148542384]: local_x: 0.0560, local_y: 0.0162, gear: 2,  error_heading: 0.7481[0m
[2026-09-20 12:35:13] 还未完成转向!
[0m[ INFO] [1789878913.198117362]: 58 points is not droped, 6.3693, 0.6933, -2.3359, 2, 6.3540, 0.7496, -1.5879[0m
[2026-09-20 12:35:13] 控制路径段: 起点索引=58, 提取点数=1
[2026-09-20 12:35:13] 避障检测路径段: 起点索引=58, 提取点数=200
[0m[ INFO] [1789878913.248544733]: local_x: 0.0556, local_y: 0.0163, gear: 2,  error_heading: 0.7075[0m
[2026-09-20 12:35:13] 还未完成转向!
[0m[ INFO] [1789878913.298110175]: 58 points is not droped, 6.3693, 0.6933, -2.3359, 2, 6.3563, 0.7497, -1.6284[0m
[2026-09-20 12:35:13] 控制路径段: 起点索引=58, 提取点数=1
[2026-09-20 12:35:13] 避障检测路径段: 起点索引=58, 提取点数=200
[0m[ INFO] [1789878913.348544138]: local_x: 0.0531, local_y: 0.0212, gear: 2,  error_heading: 0.6479[0m
[2026-09-20 12:35:13] 还未完成转向!
[0m[ INFO] [1789878913.398149292]: 58 points is not droped, 6.3693, 0.6933, -2.3359, 2, 6.3545, 0.7486, -1.6880[0m
[2026-09-20 12:35:13] 控制路径段: 起点索引=58, 提取点数=1
[2026-09-20 12:35:13] 避障检测路径段: 起点索引=58, 提取点数=200
[0m[ INFO] [1789878913.448596247]: local_x: 0.0521, local_y: 0.0222, gear: 2,  error_heading: 0.6071[0m
[2026-09-20 12:35:13] 还未完成转向!
[0m[ INFO] [1789878913.498181849]: 58 points is not droped, 6.3693, 0.6933, -2.3359, 2, 6.3556, 0.7483, -1.7288[0m
[2026-09-20 12:35:13] 控制路径段: 起点索引=58, 提取点数=1
[2026-09-20 12:35:13] 避障检测路径段: 起点索引=58, 提取点数=200
[0m[ INFO] [1789878913.548791558]: local_x: 0.0528, local_y: 0.0234, gear: 2,  error_heading: 0.5659[0m
[2026-09-20 12:35:13] 还未完成转向!
[0m[ INFO] [1789878913.598216774]: 58 points is not droped, 6.3693, 0.6933, -2.3359, 2, 6.3569, 0.7497, -1.7700[0m
[2026-09-20 12:35:13] 控制路径段: 起点索引=58, 提取点数=1
[2026-09-20 12:35:13] 避障检测路径段: 起点索引=58, 提取点数=200
[0m[ INFO] [1789878913.648561168]: local_x: 0.0512, local_y: 0.0257, gear: 2,  error_heading: 0.5246[0m
[2026-09-20 12:35:13] 还未完成转向!
[0m[ INFO] [1789878913.698173298]: 58 points is not droped, 6.3693, 0.6933, -2.3359, 2, 6.3565, 0.7492, -1.8113[0m
[2026-09-20 12:35:13] 控制路径段: 起点索引=58, 提取点数=1
[2026-09-20 12:35:13] 避障检测路径段: 起点索引=58, 提取点数=200
[0m[ INFO] [1789878913.748567037]: local_x: 0.0512, local_y: 0.0277, gear: 2,  error_heading: 0.4815[0m
[2026-09-20 12:35:13] 还未完成转向!
[0m[ INFO] [1789878913.798202175]: 58 points is not droped, 6.3693, 0.6933, -2.3359, 2, 6.3570, 0.7502, -1.8544[0m
[2026-09-20 12:35:13] 控制路径段: 起点索引=58, 提取点数=1
[2026-09-20 12:35:13] 避障检测路径段: 起点索引=58, 提取点数=200
[0m[ INFO] [1789878913.848684714]: local_x: 0.0492, local_y: 0.0302, gear: 2,  error_heading: 0.4398[0m
[2026-09-20 12:35:13] 还未完成转向!
[0m[ INFO] [1789878913.898123179]: 58 points is not droped, 6.3693, 0.6933, -2.3359, 2, 6.3564, 0.7496, -1.8961[0m
[2026-09-20 12:35:13] 控制路径段: 起点索引=58, 提取点数=1
[2026-09-20 12:35:13] 避障检测路径段: 起点索引=58, 提取点数=200
[0m[ INFO] [1789878913.948549174]: local_x: 0.0490, local_y: 0.0322, gear: 2,  error_heading: 0.3990[0m
[2026-09-20 12:35:13] 还未完成转向!
[0m[ INFO] [1789878913.998175032]: 58 points is not droped, 6.3693, 0.6933, -2.3359, 2, 6.3568, 0.7506, -1.9369[0m
[2026-09-20 12:35:13] 控制路径段: 起点索引=58, 提取点数=1
[2026-09-20 12:35:13] 避障检测路径段: 起点索引=58, 提取点数=200
[0m[ INFO] [1789878914.048547938]: local_x: 0.0478, local_y: 0.0341, gear: 2,  error_heading: 0.3603[0m
[2026-09-20 12:35:14] 还未完成转向!
[0m[ INFO] [1789878914.098146564]: 58 points is not droped, 6.3693, 0.6933, -2.3359, 2, 6.3568, 0.7507, -1.9757[0m
[2026-09-20 12:35:14] 控制路径段: 起点索引=58, 提取点数=1
[2026-09-20 12:35:14] 避障检测路径段: 起点索引=58, 提取点数=200
[0m[ INFO] [1789878914.148547343]: local_x: 0.0476, local_y: 0.0369, gear: 2,  error_heading: 0.3226[0m
[2026-09-20 12:35:14] 还未完成转向!
[0m[ INFO] [1789878914.198119473]: 58 points is not droped, 6.3693, 0.6933, -2.3359, 2, 6.3564, 0.7521, -2.0133[0m
[2026-09-20 12:35:14] 控制路径段: 起点索引=58, 提取点数=1
[2026-09-20 12:35:14] 避障检测路径段: 起点索引=58, 提取点数=200
[0m[ INFO] [1789878914.248544316]: local_x: 0.0480, local_y: 0.0388, gear: 2,  error_heading: 0.3053[0m
[2026-09-20 12:35:14] 还未完成转向!
[0m[ INFO] [1789878914.298129534]: 58 points is not droped, 6.3693, 0.6933, -2.3359, 2, 6.3559, 0.7535, -2.0306[0m
[2026-09-20 12:35:14] 控制路径段: 起点索引=58, 提取点数=1
[2026-09-20 12:35:14] 避障检测路径段: 起点索引=58, 提取点数=200
[0m[ INFO] [1789878914.348548616]: local_x: 0.0404, local_y: 0.0379, gear: 2,  error_heading: 0.2513[0m
[2026-09-20 12:35:14] 还未完成转向!
[0m[ INFO] [1789878914.398127274]: 58 points is not droped, 6.3693, 0.6933, -2.3359, 2, 6.3561, 0.7471, -2.0846[0m
[2026-09-20 12:35:14] 控制路径段: 起点索引=58, 提取点数=1
[2026-09-20 12:35:14] 避障检测路径段: 起点索引=58, 提取点数=200
[0m[ INFO] [1789878914.448549813]: local_x: 0.0401, local_y: 0.0395, gear: 2,  error_heading: 0.2161[0m
[2026-09-20 12:35:14] 还未完成转向!
[0m[ INFO] [1789878914.498262936]: 58 points is not droped, 6.3693, 0.6933, -2.3359, 2, 6.3566, 0.7482, -2.1198[0m
[2026-09-20 12:35:14] 控制路径段: 起点索引=58, 提取点数=1
[2026-09-20 12:35:14] 避障检测路径段: 起点索引=58, 提取点数=200
[0m[ INFO] [1789878914.648607183]: local_x: 0.0378, local_y: 0.0427, gear: 2,  error_heading: 0.1540[0m
[2026-09-20 12:35:14] 还未完成转向!
[0m[ INFO] [1789878914.698226929]: 58 points is not droped, 6.3693, 0.6933, -2.3359, 2, 6.3561, 0.7488, -2.1820[0m
[2026-09-20 12:35:14] 控制路径段: 起点索引=58, 提取点数=1
[2026-09-20 12:35:14] 避障检测路径段: 起点索引=58, 提取点数=200
[0m[ INFO] [1789878914.748578939]: local_x: 0.0373, local_y: 0.0430, gear: 2,  error_heading: 0.1257[0m
[2026-09-20 12:35:14] 还未完成转向!
[0m[ INFO] [1789878914.798617058]: 58 points is not droped, 6.3693, 0.6933, -2.3359, 2, 6.3571, 0.7489, -2.2102[0m
[2026-09-20 12:35:14] 控制路径段: 起点索引=58, 提取点数=1
[2026-09-20 12:35:14] 避障检测路径段: 起点索引=58, 提取点数=200
[0m[ INFO] [1789878914.848544807]: local_x: 0.0355, local_y: 0.0441, gear: 2,  error_heading: 0.0952[0m
[2026-09-20 12:35:14] 还未完成转向!
[0m[ INFO] [1789878914.898679247]: 58 points is not droped, 6.3693, 0.6933, -2.3359, 2, 6.3568, 0.7486, -2.2407[0m
[2026-09-20 12:35:14] 控制路径段: 起点索引=58, 提取点数=1
[2026-09-20 12:35:14] 避障检测路径段: 起点索引=58, 提取点数=200
[0m[ INFO] [1789878914.948536724]: local_x: 0.0336, local_y: 0.0457, gear: 2,  error_heading: 0.0641[0m
[0m[ INFO] [1789878914.998935774]: gear=2 points is droped, 6.3693, 0.6933[0m
[2026-09-20 12:35:14] 转向完成!
[2026-09-20 12:35:14] 控制路径段: 起点索引=59, 提取点数=4
[2026-09-20 12:35:14] 避障检测路径段: 起点索引=59, 提取点数=200
[0m[ INFO] [1789878915.048541441]: local_x: 0.1820, local_y: 0.0420, gear: 1,  error_heading: 0.0326[0m
[0m[ INFO] [1789878915.048599745]: 59 points is not droped, 6.2654, 0.5851, -2.3359, 1, 6.3559, 0.7486, -2.3033[0m
[2026-09-20 12:35:15] 控制路径段: 起点索引=59, 提取点数=4
[2026-09-20 12:35:15] 避障检测路径段: 起点索引=59, 提取点数=200
[0m[ INFO] [1789878915.148543853]: local_x: 0.1809, local_y: 0.0470, gear: 1,  error_heading: 0.0065[0m
[0m[ INFO] [1789878915.148606478]: 59 points is not droped, 6.2654, 0.5851, -2.3359, 1, 6.3558, 0.7488, -2.3294[0m
[2026-09-20 12:35:15] 控制路径段: 起点索引=59, 提取点数=4
[2026-09-20 12:35:15] 避障检测路径段: 起点索引=59, 提取点数=200
[0m[ INFO] [1789878915.248541818]: local_x: 0.1800, local_y: 0.0422, gear: 1,  error_heading: 0.0030[0m
[0m[ INFO] [1789878915.248597819]: 59 points is not droped, 6.2654, 0.5851, -2.3359, 1, 6.3593, 0.7445, -2.3329[0m
[2026-09-20 12:35:15] 控制路径段: 起点索引=59, 提取点数=4
[2026-09-20 12:35:15] 避障检测路径段: 起点索引=59, 提取点数=200
[0m[ INFO] [1789878915.348550215]: local_x: 0.1694, local_y: 0.0341, gear: 1,  error_heading: 0.0166[0m
[0m[ INFO] [1789878915.348607303]: 59 points is not droped, 6.2654, 0.5851, -2.3359, 1, 6.3557, 0.7325, -2.3193[0m
[2026-09-20 12:35:15] 控制路径段: 起点索引=59, 提取点数=4
[2026-09-20 12:35:15] 避障检测路径段: 起点索引=59, 提取点数=200
[0m[ INFO] [1789878915.448620564]: local_x: 0.1425, local_y: 0.0340, gear: 1,  error_heading: 0.0283[0m
[0m[ INFO] [1789878915.448712629]: 59 points is not droped, 6.2654, 0.5851, -2.3359, 1, 6.3360, 0.7135, -2.3076[0m
[2026-09-20 12:35:15] 控制路径段: 起点索引=59, 提取点数=4
[2026-09-20 12:35:15] 避障检测路径段: 起点索引=59, 提取点数=200
[0m[ INFO] [1789878915.548606497]: local_x: 0.1184, local_y: 0.0340, gear: 1,  error_heading: 0.0342[0m
[0m[ INFO] [1789878915.548673921]: 59 points is not droped, 6.2654, 0.5851, -2.3359, 1, 6.3192, 0.6960, -2.3017[0m
[2026-09-20 12:35:15] 控制路径段: 起点索引=59, 提取点数=4
[2026-09-20 12:35:15] 避障检测路径段: 起点索引=59, 提取点数=200
[0m[ INFO] [1789878915.648593293]: local_x: 0.0841, local_y: 0.0418, gear: 1,  error_heading: 0.0351[0m
[0m[ INFO] [1789878915.648673294]: gear=1 points is droped, 6.2654, 0.5851[0m
[2026-09-20 12:35:15] 控制路径段: 起点索引=60, 提取点数=3
[2026-09-20 12:35:15] 避障检测路径段: 起点索引=60, 提取点数=200
[0m[ INFO] [1789878915.748562649]: local_x: 0.2087, local_y: 0.0350, gear: 1,  error_heading: 0.0394[0m
[0m[ INFO] [1789878915.748621434]: 60 points is not droped, 6.1615, 0.4769, -2.3359, 1, 6.2739, 0.6563, -2.2965[0m
[2026-09-20 12:35:15] 控制路径段: 起点索引=60, 提取点数=3
[2026-09-20 12:35:15] 避障检测路径段: 起点索引=60, 提取点数=200
[0m[ INFO] [1789878915.848548230]: local_x: 0.1965, local_y: 0.0341, gear: 1,  error_heading: 0.0434[0m
[0m[ INFO] [1789878915.848605607]: 60 points is not droped, 6.1615, 0.4769, -2.3359, 1, 6.2658, 0.6470, -2.2925[0m
[2026-09-20 12:35:15] 控制路径段: 起点索引=60, 提取点数=3
[2026-09-20 12:35:15] 避障检测路径段: 起点索引=60, 提取点数=200
[0m[ INFO] [1789878915.948544435]: local_x: 0.1579, local_y: 0.0335, gear: 1,  error_heading: 0.0527[0m
[0m[ INFO] [1789878915.948611443]: 60 points is not droped, 6.1615, 0.4769, -2.3359, 1, 6.2394, 0.6183, -2.2832[0m
[2026-09-20 12:35:15] 控制路径段: 起点索引=60, 提取点数=3
[2026-09-20 12:35:15] 避障检测路径段: 起点索引=60, 提取点数=200
[0m[ INFO] [1789878916.048579648]: local_x: 0.1307, local_y: 0.0435, gear: 1,  error_heading: 0.0547[0m
[0m[ INFO] [1789878916.048647936]: 60 points is not droped, 6.1615, 0.4769, -2.3359, 1, 6.2139, 0.6044, -2.2812[0m
[2026-09-20 12:35:16] 控制路径段: 起点索引=60, 提取点数=3
[2026-09-20 12:35:16] 避障检测路径段: 起点索引=60, 提取点数=200
[0m[ INFO] [1789878916.148571788]: local_x: 0.1074, local_y: 0.0421, gear: 1,  error_heading: 0.0628[0m
[0m[ INFO] [1789878916.148648717]: 60 points is not droped, 6.1615, 0.4769, -2.3359, 1, 6.1988, 0.5861, -2.2731[0m
[2026-09-20 12:35:16] 控制路径段: 起点索引=60, 提取点数=3
[2026-09-20 12:35:16] 避障检测路径段: 起点索引=60, 提取点数=200
[0m[ INFO] [1789878916.248551448]: local_x: 0.0898, local_y: 0.0475, gear: 1,  error_heading: 0.0665[0m
[0m[ INFO] [1789878916.248611225]: gear=1 points is droped, 6.1615, 0.4769[0m
[2026-09-20 12:35:16] 控制路径段: 起点索引=61, 提取点数=2
[2026-09-20 12:35:16] 避障检测路径段: 起点索引=61, 提取点数=200
[0m[ INFO] [1789878916.687390622]: local_x: 0.1765, local_y: 0.0278, gear: 1,  error_heading: 0.1035[0m
[0m[ INFO] [1789878916.687444222]: 61 points is not droped, 6.0577, 0.3688, -2.3359, 1, 6.1441, 0.5251, -2.2324[0m
[2026-09-20 12:35:16] 控制路径段: 起点索引=61, 提取点数=2
[2026-09-20 12:35:16] 避障检测路径段: 起点索引=61, 提取点数=200
[0m[ INFO] [1789878916.787558732]: local_x: 0.1665, local_y: 0.0269, gear: 1,  error_heading: 0.1154[0m
[0m[ INFO] [1789878916.787627757]: 61 points is not droped, 6.0577, 0.3688, -2.3359, 1, 6.1370, 0.5176, -2.2205[0m
[2026-09-20 12:35:16] 控制路径段: 起点索引=61, 提取点数=2
[2026-09-20 12:35:16] 避障检测路径段: 起点索引=61, 提取点数=200
[0m[ INFO] [1789878916.887555609]: local_x: 0.1580, local_y: 0.0261, gear: 1,  error_heading: 0.1261[0m
[0m[ INFO] [1789878916.887671866]: 61 points is not droped, 6.0577, 0.3688, -2.3359, 1, 6.1310, 0.5111, -2.2098[0m
[2026-09-20 12:35:16] 控制路径段: 起点索引=61, 提取点数=2
[2026-09-20 12:35:16] 避障检测路径段: 起点索引=61, 提取点数=200
[0m[ INFO] [1789878916.987563813]: local_x: 0.1487, local_y: 0.0265, gear: 1,  error_heading: 0.1352[0m
[0m[ INFO] [1789878916.987662822]: 61 points is not droped, 6.0577, 0.3688, -2.3359, 1, 6.1238, 0.5045, -2.2007[0m
[2026-09-20 12:35:16] 控制路径段: 起点索引=61, 提取点数=2
[2026-09-20 12:35:16] 避障检测路径段: 起点索引=61, 提取点数=200
[0m[ INFO] [1789878917.087591826]: local_x: 0.1403, local_y: 0.0261, gear: 1,  error_heading: 0.1445[0m
[0m[ INFO] [1789878917.087671891]: 61 points is not droped, 6.0577, 0.3688, -2.3359, 1, 6.1180, 0.4981, -2.1914[0m
[2026-09-20 12:35:17] 控制路径段: 起点索引=61, 提取点数=2
[2026-09-20 12:35:17] 避障检测路径段: 起点索引=61, 提取点数=200
[0m[ INFO] [1789878917.187559935]: local_x: 0.1310, local_y: 0.0265, gear: 1,  error_heading: 0.1540[0m
[0m[ INFO] [1789878917.187651615]: 61 points is not droped, 6.0577, 0.3688, -2.3359, 1, 6.1111, 0.4913, -2.1819[0m
[2026-09-20 12:35:17] 控制路径段: 起点索引=61, 提取点数=2
[2026-09-20 12:35:17] 避障检测路径段: 起点索引=61, 提取点数=200
[0m[ INFO] [1789878917.287515179]: local_x: 0.1172, local_y: 0.0303, gear: 1,  error_heading: 0.1639[0m
[0m[ INFO] [1789878917.287603276]: 61 points is not droped, 6.0577, 0.3688, -2.3359, 1, 6.0989, 0.4825, -2.1720[0m
[2026-09-20 12:35:17] 控制路径段: 起点索引=61, 提取点数=2
[2026-09-20 12:35:17] 避障检测路径段: 起点索引=61, 提取点数=200
[0m[ INFO] [1789878917.387493271]: local_x: 0.1201, local_y: 0.0255, gear: 1,  error_heading: 0.1799[0m
[0m[ INFO] [1789878917.387551256]: 61 points is not droped, 6.0577, 0.3688, -2.3359, 1, 6.1027, 0.4829, -2.1560[0m
[2026-09-20 12:35:17] 控制路径段: 起点索引=61, 提取点数=2
[2026-09-20 12:35:17] 避障检测路径段: 起点索引=61, 提取点数=200
[0m[ INFO] [1789878917.487495844]: local_x: 0.1128, local_y: 0.0248, gear: 1,  error_heading: 0.1941[0m
[0m[ INFO] [1789878917.487556932]: 61 points is not droped, 6.0577, 0.3688, -2.3359, 1, 6.0977, 0.4770, -2.1418[0m
[2026-09-20 12:35:17] 控制路径段: 起点索引=61, 提取点数=2
[2026-09-20 12:35:17] 避障检测路径段: 起点索引=61, 提取点数=200
[0m[ INFO] [1789878917.587519825]: local_x: 0.1039, local_y: 0.0249, gear: 1,  error_heading: 0.2093[0m
[0m[ INFO] [1789878917.587586801]: 61 points is not droped, 6.0577, 0.3688, -2.3359, 1, 6.0913, 0.4701, -2.1266[0m
[2026-09-20 12:35:17] 控制路径段: 起点索引=61, 提取点数=2
[2026-09-20 12:35:17] 避障检测路径段: 起点索引=61, 提取点数=200
[0m[ INFO] [1789878917.687536989]: local_x: 0.0980, local_y: 0.0236, gear: 1,  error_heading: 0.2223[0m
[0m[ INFO] [1789878917.687605054]: gear=1 points is droped, 6.0577, 0.3688[0m
[2026-09-20 12:35:17] 控制路径段: 起点索引=62, 提取点数=1
[2026-09-20 12:35:17] 避障检测路径段: 起点索引=62, 提取点数=200
[0m[ INFO] [1789878917.787504362]: local_x: 0.1194, local_y: 0.0163, gear: 2,  error_heading: 2.0260[0m
[2026-09-20 12:35:17] 还未完成转向!
[0m[ INFO] [1789878917.799494982]: 62 points is not droped, 6.0374, 0.3477, 2.1601, 2, 6.0833, 0.4591, -2.0971[0m
[2026-09-20 12:35:17] 控制路径段: 起点索引=62, 提取点数=1
[2026-09-20 12:35:17] 避障检测路径段: 起点索引=62, 提取点数=200
[0m[ INFO] [1789878917.887492150]: local_x: 0.1147, local_y: 0.0125, gear: 2,  error_heading: 2.0473[0m
[2026-09-20 12:35:17] 还未完成转向!
[0m[ INFO] [1789878917.898787243]: 62 points is not droped, 6.0374, 0.3477, 2.1601, 2, 6.0820, 0.4541, -2.0758[0m
[2026-09-20 12:35:17] 控制路径段: 起点索引=62, 提取点数=1
[2026-09-20 12:35:17] 避障检测路径段: 起点索引=62, 提取点数=200
[0m[ INFO] [1789878917.987534755]: local_x: 0.1075, local_y: 0.0114, gear: 2,  error_heading: 2.0725[0m
[2026-09-20 12:35:17] 还未完成转向!
[0m[ INFO] [1789878917.998531477]: 62 points is not droped, 6.0374, 0.3477, 2.1601, 2, 6.0770, 0.4483, -2.0506[0m
[2026-09-20 12:35:17] 控制路径段: 起点索引=62, 提取点数=1
[2026-09-20 12:35:17] 避障检测路径段: 起点索引=62, 提取点数=200
[0m[ INFO] [1789878918.087498960]: local_x: 0.1019, local_y: 0.0089, gear: 2,  error_heading: 2.0940[0m
[2026-09-20 12:35:18] 还未完成转向!
[0m[ INFO] [1789878918.099424491]: 62 points is not droped, 6.0374, 0.3477, 2.1601, 2, 6.0746, 0.4430, -2.0291[0m
[2026-09-20 12:35:18] 控制路径段: 起点索引=62, 提取点数=1
[2026-09-20 12:35:18] 避障检测路径段: 起点索引=62, 提取点数=200
[0m[ INFO] [1789878918.187492860]: local_x: 0.0940, local_y: 0.0098, gear: 2,  error_heading: 2.1091[0m
[2026-09-20 12:35:18] 还未完成转向!
[0m[ INFO] [1789878918.198266380]: 62 points is not droped, 6.0374, 0.3477, 2.1601, 2, 6.0689, 0.4369, -2.0140[0m
[2026-09-20 12:35:18] 控制路径段: 起点索引=62, 提取点数=1
[2026-09-20 12:35:18] 避障检测路径段: 起点索引=62, 提取点数=200
[0m[ INFO] [1789878918.287495529]: local_x: 0.0901, local_y: 0.0103, gear: 2,  error_heading: 2.1168[0m
[2026-09-20 12:35:18] 还未完成转向!
[0m[ INFO] [1789878918.299332388]: 62 points is not droped, 6.0374, 0.3477, 2.1601, 2, 6.0661, 0.4337, -2.0063[0m
[2026-09-20 12:35:18] 控制路径段: 起点索引=62, 提取点数=1
[2026-09-20 12:35:18] 避障检测路径段: 起点索引=62, 提取点数=200
[0m[ INFO] [1789878918.387487861]: local_x: 0.0761, local_y: 0.0098, gear: 2,  error_heading: 2.1401[0m
[2026-09-20 12:35:18] 还未完成转向!
[0m[ INFO] [1789878918.401523847]: 62 points is not droped, 6.0374, 0.3477, 2.1601, 2, 6.0590, 0.4213, -1.9829[0m
[2026-09-20 12:35:18] 控制路径段: 起点索引=62, 提取点数=1
[2026-09-20 12:35:18] 避障检测路径段: 起点索引=62, 提取点数=200
[0m[ INFO] [1789878918.487476194]: local_x: 0.0697, local_y: 0.0075, gear: 2,  error_heading: 2.1592[0m
[2026-09-20 12:35:18] 还未完成转向!
[0m[ INFO] [1789878918.498305746]: 62 points is not droped, 6.0374, 0.3477, 2.1601, 2, 6.0572, 0.4150, -1.9638[0m
[2026-09-20 12:35:18] 控制路径段: 起点索引=62, 提取点数=1
[2026-09-20 12:35:18] 避障检测路径段: 起点索引=62, 提取点数=200
[0m[ INFO] [1789878918.587514863]: local_x: 0.0610, local_y: 0.0088, gear: 2,  error_heading: 2.1815[0m
[2026-09-20 12:35:18] 还未完成转向!
[0m[ INFO] [1789878918.598172093]: 62 points is not droped, 6.0374, 0.3477, 2.1601, 2, 6.0514, 0.4077, -1.9416[0m
[2026-09-20 12:35:18] 控制路径段: 起点索引=62, 提取点数=1
[2026-09-20 12:35:18] 避障检测路径段: 起点索引=62, 提取点数=200
[0m[ INFO] [1789878918.687509755]: local_x: 0.0581, local_y: 0.0063, gear: 2,  error_heading: 2.2014[0m
[2026-09-20 12:35:18] 还未完成转向!
[0m[ INFO] [1789878918.698704272]: 62 points is not droped, 6.0374, 0.3477, 2.1601, 2, 6.0515, 0.4045, -1.9217[0m
[2026-09-20 12:35:18] 控制路径段: 起点索引=62, 提取点数=1
[2026-09-20 12:35:18] 避障检测路径段: 起点索引=62, 提取点数=200
[0m[ INFO] [1789878918.787514760]: local_x: 0.0550, local_y: 0.0063, gear: 2,  error_heading: 2.1841[0m
[2026-09-20 12:35:18] 还未完成转向!
[0m[ INFO] [1789878918.798521882]: 62 points is not droped, 6.0374, 0.3477, 2.1601, 2, 6.0513, 0.4013, -1.9390[0m
[2026-09-20 12:35:18] 控制路径段: 起点索引=62, 提取点数=1
[2026-09-20 12:35:18] 避障检测路径段: 起点索引=62, 提取点数=200
[0m[ INFO] [1789878918.887501685]: local_x: 0.0549, local_y: 0.0089, gear: 2,  error_heading: 2.1380[0m
[2026-09-20 12:35:18] 还未完成转向!
[0m[ INFO] [1789878918.899878741]: 62 points is not droped, 6.0374, 0.3477, 2.1601, 2, 6.0513, 0.4015, -1.9850[0m
[2026-09-20 12:35:18] 控制路径段: 起点索引=62, 提取点数=1
[2026-09-20 12:35:18] 避障检测路径段: 起点索引=62, 提取点数=200
[0m[ INFO] [1789878918.987509665]: local_x: 0.0554, local_y: 0.0150, gear: 2,  error_heading: 2.0874[0m
[2026-09-20 12:35:18] 还未完成转向!
[0m[ INFO] [1789878918.998316465]: 62 points is not droped, 6.0374, 0.3477, 2.1601, 2, 6.0489, 0.4040, -2.0357[0m
[2026-09-20 12:35:18] 控制路径段: 起点索引=62, 提取点数=1
[2026-09-20 12:35:18] 避障检测路径段: 起点索引=62, 提取点数=200
[0m[ INFO] [1789878919.087492174]: local_x: 0.0555, local_y: 0.0161, gear: 2,  error_heading: 2.0390[0m
[2026-09-20 12:35:19] 还未完成转向!
[0m[ INFO] [1789878919.098420607]: 62 points is not droped, 6.0374, 0.3477, 2.1601, 2, 6.0506, 0.4040, -2.0841[0m
[2026-09-20 12:35:19] 控制路径段: 起点索引=62, 提取点数=1
[2026-09-20 12:35:19] 避障检测路径段: 起点索引=62, 提取点数=200
[0m[ INFO] [1789878919.187519515]: local_x: 0.0525, local_y: 0.0193, gear: 2,  error_heading: 1.9981[0m
[2026-09-20 12:35:19] 还未完成转向!
[0m[ INFO] [1789878919.198514765]: 62 points is not droped, 6.0374, 0.3477, 2.1601, 2, 6.0487, 0.4025, -2.1250[0m
[2026-09-20 12:35:19] 控制路径段: 起点索引=62, 提取点数=1
[2026-09-20 12:35:19] 避障检测路径段: 起点索引=62, 提取点数=200
[0m[ INFO] [1789878919.287512679]: local_x: 0.0445, local_y: 0.0233, gear: 2,  error_heading: 1.9622[0m
[2026-09-20 12:35:19] 还未完成转向!
[0m[ INFO] [1789878919.299221473]: 62 points is not droped, 6.0374, 0.3477, 2.1601, 2, 6.0429, 0.3977, -2.1609[0m
[2026-09-20 12:35:19] 控制路径段: 起点索引=62, 提取点数=1
[2026-09-20 12:35:19] 避障检测路径段: 起点索引=62, 提取点数=200
[0m[ INFO] [1789878919.387494996]: local_x: 0.0507, local_y: 0.0164, gear: 2,  error_heading: 1.9067[0m
[2026-09-20 12:35:19] 还未完成转向!
[0m[ INFO] [1789878919.398136098]: 62 points is not droped, 6.0374, 0.3477, 2.1601, 2, 6.0549, 0.3981, -2.2164[0m
[2026-09-20 12:35:19] 控制路径段: 起点索引=62, 提取点数=1
[2026-09-20 12:35:19] 避障检测路径段: 起点索引=62, 提取点数=200
[0m[ INFO] [1789878919.487510017]: local_x: 0.0517, local_y: 0.0185, gear: 2,  error_heading: 1.8536[0m
[2026-09-20 12:35:19] 还未完成转向!
[0m[ INFO] [1789878919.498531283]: 62 points is not droped, 6.0374, 0.3477, 2.1601, 2, 6.0565, 0.3992, -2.2695[0m
[2026-09-20 12:35:19] 控制路径段: 起点索引=62, 提取点数=1
[2026-09-20 12:35:19] 避障检测路径段: 起点索引=62, 提取点数=200
[0m[ INFO] [1789878919.587506605]: local_x: 0.0492, local_y: 0.0236, gear: 2,  error_heading: 1.7942[0m
[2026-09-20 12:35:19] 还未完成转向!
[0m[ INFO] [1789878919.598184988]: 62 points is not droped, 6.0374, 0.3477, 2.1601, 2, 6.0542, 0.3996, -2.3289[0m
[2026-09-20 12:35:19] 控制路径段: 起点索引=62, 提取点数=1
[2026-09-20 12:35:19] 避障检测路径段: 起点索引=62, 提取点数=200
[0m[ INFO] [1789878919.687514458]: local_x: 0.0461, local_y: 0.0297, gear: 2,  error_heading: 1.7463[0m
[2026-09-20 12:35:19] 还未完成转向!
[0m[ INFO] [1789878919.698286634]: 62 points is not droped, 6.0374, 0.3477, 2.1601, 2, 6.0501, 0.4010, -2.3768[0m
[2026-09-20 12:35:19] 控制路径段: 起点索引=62, 提取点数=1
[2026-09-20 12:35:19] 避障检测路径段: 起点索引=62, 提取点数=200
[0m[ INFO] [1789878919.787498150]: local_x: 0.0431, local_y: 0.0327, gear: 2,  error_heading: 1.6951[0m
[2026-09-20 12:35:19] 还未完成转向!
[0m[ INFO] [1789878919.798228726]: 62 points is not droped, 6.0374, 0.3477, 2.1601, 2, 6.0487, 0.4006, -2.4280[0m
[2026-09-20 12:35:19] 控制路径段: 起点索引=62, 提取点数=1
[2026-09-20 12:35:19] 避障检测路径段: 起点索引=62, 提取点数=200
[0m[ INFO] [1789878919.887488403]: local_x: 0.0454, local_y: 0.0330, gear: 2,  error_heading: 1.6399[0m
[2026-09-20 12:35:19] 还未完成转向!
[0m[ INFO] [1789878919.898173442]: 62 points is not droped, 6.0374, 0.3477, 2.1601, 2, 6.0532, 0.4016, -2.4832[0m
[2026-09-20 12:35:19] 控制路径段: 起点索引=62, 提取点数=1
[2026-09-20 12:35:19] 避障检测路径段: 起点索引=62, 提取点数=200
[0m[ INFO] [1789878919.987498656]: local_x: 0.0423, local_y: 0.0357, gear: 2,  error_heading: 1.5933[0m
[2026-09-20 12:35:20] 还未完成转向!
[0m[ INFO] [1789878920.000597320]: 62 points is not droped, 6.0374, 0.3477, 2.1601, 2, 6.0516, 0.4012, -2.5298[0m
[2026-09-20 12:35:20] 控制路径段: 起点索引=62, 提取点数=1
[2026-09-20 12:35:20] 避障检测路径段: 起点索引=62, 提取点数=200
[0m[ INFO] [1789878920.087527310]: local_x: 0.0437, local_y: 0.0394, gear: 2,  error_heading: 1.5439[0m
[2026-09-20 12:35:20] 还未完成转向!
[0m[ INFO] [1789878920.098155580]: 62 points is not droped, 6.0374, 0.3477, 2.1601, 2, 6.0534, 0.4044, -2.5792[0m
[2026-09-20 12:35:20] 控制路径段: 起点索引=62, 提取点数=1
[2026-09-20 12:35:20] 避障检测路径段: 起点索引=62, 提取点数=200
[0m[ INFO] [1789878920.187492731]: local_x: 0.0414, local_y: 0.0422, gear: 2,  error_heading: 1.4904[0m
[2026-09-20 12:35:20] 还未完成转向!
[0m[ INFO] [1789878920.198076649]: 62 points is not droped, 6.0374, 0.3477, 2.1601, 2, 6.0530, 0.4048, -2.6327[0m
[2026-09-20 12:35:20] 控制路径段: 起点索引=62, 提取点数=1
[2026-09-20 12:35:20] 避障检测路径段: 起点索引=62, 提取点数=200
[0m[ INFO] [1789878920.287462184]: local_x: 0.0402, local_y: 0.0440, gear: 2,  error_heading: 1.4543[0m
[2026-09-20 12:35:20] 还未完成转向!
[0m[ INFO] [1789878920.298090998]: 62 points is not droped, 6.0374, 0.3477, 2.1601, 2, 6.0532, 0.4051, -2.6687[0m
[2026-09-20 12:35:20] 控制路径段: 起点索引=62, 提取点数=1
[2026-09-20 12:35:20] 避障检测路径段: 起点索引=62, 提取点数=200
[0m[ INFO] [1789878920.387480309]: local_x: 0.0398, local_y: 0.0492, gear: 2,  error_heading: 1.3938[0m
[2026-09-20 12:35:20] 还未完成转向!
[0m[ INFO] [1789878920.398332870]: 62 points is not droped, 6.0374, 0.3477, 2.1601, 2, 6.0542, 0.4087, -2.7293[0m
[2026-09-20 12:35:20] 控制路径段: 起点索引=62, 提取点数=1
[2026-09-20 12:35:20] 避障检测路径段: 起点索引=62, 提取点数=200
[0m[ INFO] [1789878920.487492931]: local_x: 0.0398, local_y: 0.0500, gear: 2,  error_heading: 1.3433[0m
[2026-09-20 12:35:20] 还未完成转向!
[0m[ INFO] [1789878920.498136977]: 62 points is not droped, 6.0374, 0.3477, 2.1601, 2, 6.0570, 0.4086, -2.7798[0m
[2026-09-20 12:35:20] 控制路径段: 起点索引=62, 提取点数=1
[2026-09-20 12:35:20] 避障检测路径段: 起点索引=62, 提取点数=200
[0m[ INFO] [1789878920.587490896]: local_x: 0.0367, local_y: 0.0531, gear: 2,  error_heading: 1.2885[0m
[2026-09-20 12:35:20] 还未完成转向!
[0m[ INFO] [1789878920.598239008]: 62 points is not droped, 6.0374, 0.3477, 2.1601, 2, 6.0563, 0.4094, -2.8346[0m
[2026-09-20 12:35:20] 控制路径段: 起点索引=62, 提取点数=1
[2026-09-20 12:35:20] 避障检测路径段: 起点索引=62, 提取点数=200
[0m[ INFO] [1789878920.687571710]: local_x: 0.0354, local_y: 0.0531, gear: 2,  error_heading: 1.2288[0m
[2026-09-20 12:35:20] 还未完成转向!
[0m[ INFO] [1789878920.698196493]: 62 points is not droped, 6.0374, 0.3477, 2.1601, 2, 6.0588, 0.4078, -2.8943[0m
[2026-09-20 12:35:20] 控制路径段: 起点索引=62, 提取点数=1
[2026-09-20 12:35:20] 避障检测路径段: 起点索引=62, 提取点数=200
[0m[ INFO] [1789878920.787494955]: local_x: 0.0314, local_y: 0.0542, gear: 2,  error_heading: 1.1802[0m
[2026-09-20 12:35:20] 还未完成转向!
[0m[ INFO] [1789878920.798196954]: 62 points is not droped, 6.0374, 0.3477, 2.1601, 2, 6.0575, 0.4070, -2.9429[0m
[2026-09-20 12:35:20] 控制路径段: 起点索引=62, 提取点数=1
[2026-09-20 12:35:20] 避障检测路径段: 起点索引=62, 提取点数=200
[0m[ INFO] [1789878920.887493528]: local_x: 0.0342, local_y: 0.0530, gear: 2,  error_heading: 1.1419[0m
[2026-09-20 12:35:20] 还未完成转向!
[0m[ INFO] [1789878920.898080838]: 62 points is not droped, 6.0374, 0.3477, 2.1601, 2, 6.0628, 0.4054, -2.9812[0m
[2026-09-20 12:35:20] 控制路径段: 起点索引=62, 提取点数=1
[2026-09-20 12:35:20] 避障检测路径段: 起点索引=62, 提取点数=200
[0m[ INFO] [1789878920.987460645]: local_x: 0.0306, local_y: 0.0563, gear: 2,  error_heading: 1.0848[0m
[2026-09-20 12:35:20] 还未完成转向!
[0m[ INFO] [1789878920.998210965]: 62 points is not droped, 6.0374, 0.3477, 2.1601, 2, 6.0621, 0.4068, -3.0383[0m
[2026-09-20 12:35:20] 控制路径段: 起点索引=62, 提取点数=1
[2026-09-20 12:35:20] 避障检测路径段: 起点索引=62, 提取点数=200
[0m[ INFO] [1789878921.087705333]: local_x: 0.0299, local_y: 0.0579, gear: 2,  error_heading: 1.0237[0m
[2026-09-20 12:35:21] 还未完成转向!
[0m[ INFO] [1789878921.098096641]: 62 points is not droped, 6.0374, 0.3477, 2.1601, 2, 6.0649, 0.4068, -3.0994[0m
[2026-09-20 12:35:21] 控制路径段: 起点索引=62, 提取点数=1
[2026-09-20 12:35:21] 避障检测路径段: 起点索引=62, 提取点数=200
[0m[ INFO] [1789878921.187488672]: local_x: 0.0268, local_y: 0.0598, gear: 2,  error_heading: 0.9710[0m
[2026-09-20 12:35:21] 还未完成转向!
[0m[ INFO] [1789878921.198101870]: 62 points is not droped, 6.0374, 0.3477, 2.1601, 2, 6.0649, 0.4072, 3.1311[0m
[2026-09-20 12:35:21] 控制路径段: 起点索引=62, 提取点数=1
[2026-09-20 12:35:21] 避障检测路径段: 起点索引=62, 提取点数=200
[0m[ INFO] [1789878921.287481326]: local_x: 0.0277, local_y: 0.0596, gear: 2,  error_heading: 0.9329[0m
[2026-09-20 12:35:21] 还未完成转向!
[0m[ INFO] [1789878921.298096604]: 62 points is not droped, 6.0374, 0.3477, 2.1601, 2, 6.0680, 0.4059, 3.0930[0m
[2026-09-20 12:35:21] 控制路径段: 起点索引=62, 提取点数=1
[2026-09-20 12:35:21] 避障检测路径段: 起点索引=62, 提取点数=200
[0m[ INFO] [1789878921.387451163]: local_x: 0.0225, local_y: 0.0661, gear: 2,  error_heading: 0.8738[0m
[2026-09-20 12:35:21] 还未完成转向!
[0m[ INFO] [1789878921.398129289]: 62 points is not droped, 6.0374, 0.3477, 2.1601, 2, 6.0669, 0.4110, 3.0339[0m
[2026-09-20 12:35:21] 控制路径段: 起点索引=62, 提取点数=1
[2026-09-20 12:35:21] 避障检测路径段: 起点索引=62, 提取点数=200
[0m[ INFO] [1789878921.487516137]: local_x: 0.0207, local_y: 0.0653, gear: 2,  error_heading: 0.8215[0m
[2026-09-20 12:35:21] 还未完成转向!
[0m[ INFO] [1789878921.498198040]: 62 points is not droped, 6.0374, 0.3477, 2.1601, 2, 6.0683, 0.4089, 2.9816[0m
[2026-09-20 12:35:21] 控制路径段: 起点索引=62, 提取点数=1
[2026-09-20 12:35:21] 避障检测路径段: 起点索引=62, 提取点数=200
[0m[ INFO] [1789878921.587515798]: local_x: 0.0165, local_y: 0.0672, gear: 2,  error_heading: 0.7686[0m
[2026-09-20 12:35:21] 还未完成转向!
[0m[ INFO] [1789878921.598157348]: 62 points is not droped, 6.0374, 0.3477, 2.1601, 2, 6.0678, 0.4099, 2.9287[0m
[2026-09-20 12:35:21] 控制路径段: 起点索引=62, 提取点数=1
[2026-09-20 12:35:21] 避障检测路径段: 起点索引=62, 提取点数=200
[0m[ INFO] [1789878921.687559524]: local_x: 0.0145, local_y: 0.0654, gear: 2,  error_heading: 0.7153[0m
[2026-09-20 12:35:21] 还未完成转向!
[0m[ INFO] [1789878921.698188978]: 62 points is not droped, 6.0374, 0.3477, 2.1601, 2, 6.0686, 0.4070, 2.8754[0m
[2026-09-20 12:35:21] 控制路径段: 起点索引=62, 提取点数=1
[2026-09-20 12:35:21] 避障检测路径段: 起点索引=62, 提取点数=200
[0m[ INFO] [1789878921.787558673]: local_x: 0.0105, local_y: 0.0676, gear: 2,  error_heading: 0.6626[0m
[2026-09-20 12:35:21] 还未完成转向!
[0m[ INFO] [1789878921.848184870]: 62 points is not droped, 6.0374, 0.3477, 2.1601, 2, 6.0686, 0.4086, 2.8227[0m
[2026-09-20 12:35:21] 控制路径段: 起点索引=62, 提取点数=1
[2026-09-20 12:35:21] 避障检测路径段: 起点索引=62, 提取点数=200
[0m[ INFO] [1789878921.887502430]: local_x: 0.0086, local_y: 0.0670, gear: 2,  error_heading: 0.6167[0m
[2026-09-20 12:35:21] 还未完成转向!
[0m[ INFO] [1789878921.898238541]: 62 points is not droped, 6.0374, 0.3477, 2.1601, 2, 6.0694, 0.4073, 2.7768[0m
[2026-09-20 12:35:21] 控制路径段: 起点索引=62, 提取点数=1
[2026-09-20 12:35:21] 避障检测路径段: 起点索引=62, 提取点数=200
[0m[ INFO] [1789878921.987515659]: local_x: 0.0055, local_y: 0.0673, gear: 2,  error_heading: 0.5794[0m
[2026-09-20 12:35:21] 还未完成转向!
[0m[ INFO] [1789878921.998199482]: 62 points is not droped, 6.0374, 0.3477, 2.1601, 2, 6.0688, 0.4074, 2.7395[0m
[2026-09-20 12:35:21] 控制路径段: 起点索引=62, 提取点数=1
[2026-09-20 12:35:21] 避障检测路径段: 起点索引=62, 提取点数=200
[0m[ INFO] [1789878922.087486328]: local_x: 0.0046, local_y: 0.0647, gear: 2,  error_heading: 0.5464[0m
[2026-09-20 12:35:22] 还未完成转向!
[0m[ INFO] [1789878922.098167879]: 62 points is not droped, 6.0374, 0.3477, 2.1601, 2, 6.0689, 0.4045, 2.7065[0m
[2026-09-20 12:35:22] 控制路径段: 起点索引=62, 提取点数=1
[2026-09-20 12:35:22] 避障检测路径段: 起点索引=62, 提取点数=200
[0m[ INFO] [1789878922.187484262]: local_x: 0.0001, local_y: 0.0646, gear: 2,  error_heading: 0.5073[0m
[2026-09-20 12:35:22] 还未完成转向!
[0m[ INFO] [1789878922.198120724]: 62 points is not droped, 6.0374, 0.3477, 2.1601, 2, 6.0671, 0.4052, 2.6674[0m
[2026-09-20 12:35:22] 控制路径段: 起点索引=62, 提取点数=1
[2026-09-20 12:35:22] 避障检测路径段: 起点索引=62, 提取点数=200
[0m[ INFO] [1789878922.287509587]: local_x: -0.0004, local_y: 0.0691, gear: 2,  error_heading: 0.4735[0m
[2026-09-20 12:35:22] 还未完成转向!
[0m[ INFO] [1789878922.298141890]: 62 points is not droped, 6.0374, 0.3477, 2.1601, 2, 6.0707, 0.4083, 2.6336[0m
[2026-09-20 12:35:22] 控制路径段: 起点索引=62, 提取点数=1
[2026-09-20 12:35:22] 避障检测路径段: 起点索引=62, 提取点数=200
[0m[ INFO] [1789878922.387493857]: local_x: -0.0054, local_y: 0.0604, gear: 2,  error_heading: 0.4272[0m
[2026-09-20 12:35:22] 还未完成转向!
[0m[ INFO] [1789878922.398105743]: 62 points is not droped, 6.0374, 0.3477, 2.1601, 2, 6.0646, 0.4019, 2.5873[0m
[2026-09-20 12:35:22] 控制路径段: 起点索引=62, 提取点数=1
[2026-09-20 12:35:22] 避障检测路径段: 起点索引=62, 提取点数=200
[0m[ INFO] [1789878922.487498542]: local_x: -0.0065, local_y: 0.0585, gear: 2,  error_heading: 0.3834[0m
[2026-09-20 12:35:22] 还未完成转向!
[0m[ INFO] [1789878922.498151005]: 62 points is not droped, 6.0374, 0.3477, 2.1601, 2, 6.0649, 0.3997, 2.5435[0m
[2026-09-20 12:35:22] 控制路径段: 起点索引=62, 提取点数=1
[2026-09-20 12:35:22] 避障检测路径段: 起点索引=62, 提取点数=200
[0m[ INFO] [1789878922.587458363]: local_x: -0.0106, local_y: 0.0589, gear: 2,  error_heading: 0.3389[0m
[2026-09-20 12:35:22] 还未完成转向!
[0m[ INFO] [1789878922.598220171]: 62 points is not droped, 6.0374, 0.3477, 2.1601, 2, 6.0643, 0.4012, 2.4990[0m
[2026-09-20 12:35:22] 控制路径段: 起点索引=62, 提取点数=1
[2026-09-20 12:35:22] 避障检测路径段: 起点索引=62, 提取点数=200
[0m[ INFO] [1789878922.687531529]: local_x: -0.0117, local_y: 0.0591, gear: 2,  error_heading: 0.2989[0m
[2026-09-20 12:35:22] 还未完成转向!
[0m[ INFO] [1789878922.698238648]: 62 points is not droped, 6.0374, 0.3477, 2.1601, 2, 6.0656, 0.4009, 2.4590[0m
[2026-09-20 12:35:22] 控制路径段: 起点索引=62, 提取点数=1
[2026-09-20 12:35:22] 避障检测路径段: 起点索引=62, 提取点数=200
[0m[ INFO] [1789878922.787502742]: local_x: -0.0150, local_y: 0.0581, gear: 2,  error_heading: 0.2618[0m
[2026-09-20 12:35:22] 还未完成转向!
[0m[ INFO] [1789878922.798195877]: 62 points is not droped, 6.0374, 0.3477, 2.1601, 2, 6.0645, 0.4013, 2.4219[0m
[2026-09-20 12:35:22] 控制路径段: 起点索引=62, 提取点数=1
[2026-09-20 12:35:22] 避障检测路径段: 起点索引=62, 提取点数=200
[0m[ INFO] [1789878922.887484515]: local_x: -0.0155, local_y: 0.0575, gear: 2,  error_heading: 0.2212[0m
[2026-09-20 12:35:22] 还未完成转向!
[0m[ INFO] [1789878922.898116818]: 62 points is not droped, 6.0374, 0.3477, 2.1601, 2, 6.0658, 0.4000, 2.3813[0m
[2026-09-20 12:35:22] 控制路径段: 起点索引=62, 提取点数=1
[2026-09-20 12:35:22] 避障检测路径段: 起点索引=62, 提取点数=200
[0m[ INFO] [1789878922.987516881]: local_x: -0.0183, local_y: 0.0575, gear: 2,  error_heading: 0.1807[0m
[2026-09-20 12:35:22] 还未完成转向!
[0m[ INFO] [1789878922.998389090]: 62 points is not droped, 6.0374, 0.3477, 2.1601, 2, 6.0660, 0.4009, 2.3408[0m
[2026-09-20 12:35:22] 控制路径段: 起点索引=62, 提取点数=1
[2026-09-20 12:35:22] 避障检测路径段: 起点索引=62, 提取点数=200
[0m[ INFO] [1789878923.087487230]: local_x: -0.0184, local_y: 0.0580, gear: 2,  error_heading: 0.1473[0m
[2026-09-20 12:35:23] 还未完成转向!
[0m[ INFO] [1789878923.098089996]: 62 points is not droped, 6.0374, 0.3477, 2.1601, 2, 6.0681, 0.4003, 2.3074[0m
[2026-09-20 12:35:23] 控制路径段: 起点索引=62, 提取点数=1
[2026-09-20 12:35:23] 避障检测路径段: 起点索引=62, 提取点数=200
[0m[ INFO] [1789878923.187482635]: local_x: -0.0211, local_y: 0.0565, gear: 2,  error_heading: 0.1153[0m
[2026-09-20 12:35:23] 还未完成转向!
[0m[ INFO] [1789878923.198143258]: 62 points is not droped, 6.0374, 0.3477, 2.1601, 2, 6.0669, 0.4004, 2.2754[0m
[2026-09-20 12:35:23] 控制路径段: 起点索引=62, 提取点数=1
[2026-09-20 12:35:23] 避障检测路径段: 起点索引=62, 提取点数=200
[0m[ INFO] [1789878923.287470393]: local_x: -0.0222, local_y: 0.0560, gear: 2,  error_heading: 0.1002[0m
[2026-09-20 12:35:23] 还未完成转向!
[0m[ INFO] [1789878923.298097159]: 62 points is not droped, 6.0374, 0.3477, 2.1601, 2, 6.0665, 0.4005, 2.2603[0m
[2026-09-20 12:35:23] 控制路径段: 起点索引=62, 提取点数=1
[2026-09-20 12:35:23] 避障检测路径段: 起点索引=62, 提取点数=200
[0m[ INFO] [1789878923.387486822]: local_x: -0.0244, local_y: 0.0566, gear: 2,  error_heading: 0.0500[0m
[0m[ INFO] [1789878923.398113492]: gear=2 points is droped, 6.0374, 0.3477[0m
[2026-09-20 12:35:23] 转向完成!
[2026-09-20 12:35:23] 控制路径段: 起点索引=63, 提取点数=23
[2026-09-20 12:35:23] 避障检测路径段: 起点索引=63, 提取点数=200
[0m[ INFO] [1789878923.487507412]: local_x: 0.1240, local_y: 0.0545, gear: 1,  error_heading: 0.0136[0m
[0m[ INFO] [1789878923.487570996]: 63 points is not droped, 5.9541, 0.4724, 2.1601, 1, 6.0693, 0.4012, 2.1737[0m
[2026-09-20 12:35:23] 控制路径段: 起点索引=63, 提取点数=23
[2026-09-20 12:35:23] 避障检测路径段: 起点索引=63, 提取点数=200
[0m[ INFO] [1789878923.587507489]: local_x: 0.1234, local_y: 0.0587, gear: 1,  error_heading: -0.0081[0m
[0m[ INFO] [1789878923.587568802]: 63 points is not droped, 5.9541, 0.4724, 2.1601, 1, 6.0709, 0.4015, 2.1520[0m
[2026-09-20 12:35:23] 控制路径段: 起点索引=63, 提取点数=23
[2026-09-20 12:35:23] 避障检测路径段: 起点索引=63, 提取点数=200
[0m[ INFO] [1789878923.687486158]: local_x: 0.1239, local_y: 0.0582, gear: 1,  error_heading: -0.0053[0m
[0m[ INFO] [1789878923.687546927]: 63 points is not droped, 5.9541, 0.4724, 2.1601, 1, 6.0709, 0.4011, 2.1548[0m
[2026-09-20 12:35:23] 控制路径段: 起点索引=63, 提取点数=23
[2026-09-20 12:35:23] 避障检测路径段: 起点索引=63, 提取点数=200
[0m[ INFO] [1789878923.787492860]: local_x: 0.1041, local_y: 0.0547, gear: 1,  error_heading: -0.0010[0m
[0m[ INFO] [1789878923.787544700]: 63 points is not droped, 5.9541, 0.4724, 2.1601, 1, 6.0574, 0.4162, 2.1591[0m
[2026-09-20 12:35:23] 控制路径段: 起点索引=63, 提取点数=23
[2026-09-20 12:35:23] 避障检测路径段: 起点索引=63, 提取点数=200
[0m[ INFO] [1789878923.887480521]: local_x: 0.0788, local_y: 0.0538, gear: 1,  error_heading: -0.0062[0m
[0m[ INFO] [1789878923.887532937]: gear=1 points is droped, 5.9541, 0.4724[0m
[2026-09-20 12:35:23] 控制路径段: 起点索引=64, 提取点数=22
[2026-09-20 12:35:23] 避障检测路径段: 起点索引=64, 提取点数=200
[0m[ INFO] [1789878923.987551488]: local_x: 0.2063, local_y: 0.0582, gear: 1,  error_heading: -0.0151[0m
[0m[ INFO] [1789878923.987625217]: 64 points is not droped, 5.8707, 0.5971, 2.1601, 1, 6.0316, 0.4555, 2.1450[0m
[2026-09-20 12:35:23] 控制路径段: 起点索引=64, 提取点数=22
[2026-09-20 12:35:23] 避障检测路径段: 起点索引=64, 提取点数=200
[0m[ INFO] [1789878924.087489815]: local_x: 0.1822, local_y: 0.0598, gear: 1,  error_heading: -0.0233[0m
[0m[ INFO] [1789878924.087551608]: 64 points is not droped, 5.8707, 0.5971, 2.1601, 1, 6.0189, 0.4753, 2.1368[0m
[2026-09-20 12:35:24] 控制路径段: 起点索引=64, 提取点数=22
[2026-09-20 12:35:24] 避障检测路径段: 起点索引=64, 提取点数=200
[0m[ INFO] [1789878924.187483407]: local_x: 0.1613, local_y: 0.0603, gear: 1,  error_heading: -0.0349[0m
[0m[ INFO] [1789878924.187540239]: 64 points is not droped, 5.8707, 0.5971, 2.1601, 1, 6.0069, 0.4917, 2.1252[0m
[2026-09-20 12:35:24] 控制路径段: 起点索引=64, 提取点数=22
[2026-09-20 12:35:24] 避障检测路径段: 起点索引=64, 提取点数=200
[0m[ INFO] [1789878924.287504870]: local_x: 0.1429, local_y: 0.0658, gear: 1,  error_heading: -0.0390[0m
[0m[ INFO] [1789878924.287565639]: 64 points is not droped, 5.8707, 0.5971, 2.1601, 1, 6.0015, 0.5097, 2.1211[0m
[2026-09-20 12:35:24] 控制路径段: 起点索引=64, 提取点数=22
[2026-09-20 12:35:24] 避障检测路径段: 起点索引=64, 提取点数=200
[0m[ INFO] [1789878924.387511326]: local_x: 0.1220, local_y: 0.0615, gear: 1,  error_heading: -0.0454[0m
[0m[ INFO] [1789878924.387573023]: 64 points is not droped, 5.8707, 0.5971, 2.1601, 1, 5.9864, 0.5246, 2.1147[0m
[2026-09-20 12:35:24] 控制路径段: 起点索引=64, 提取点数=22
[2026-09-20 12:35:24] 避障检测路径段: 起点索引=64, 提取点数=200
[0m[ INFO] [1789878924.487510934]: local_x: 0.0963, local_y: 0.0622, gear: 1,  error_heading: -0.0449[0m
[0m[ INFO] [1789878924.487576406]: gear=1 points is droped, 5.8707, 0.5971[0m
[2026-09-20 12:35:24] 控制路径段: 起点索引=65, 提取点数=21
[2026-09-20 12:35:24] 避障检测路径段: 起点索引=65, 提取点数=200
[0m[ INFO] [1789878924.587513645]: local_x: 0.2247, local_y: 0.0679, gear: 1,  error_heading: -0.0404[0m
[0m[ INFO] [1789878924.587573902]: 65 points is not droped, 5.7873, 0.7218, 2.1601, 1, 5.9625, 0.5655, 2.1197[0m
[2026-09-20 12:35:24] 控制路径段: 起点索引=65, 提取点数=21
[2026-09-20 12:35:24] 避障检测路径段: 起点索引=65, 提取点数=200
[0m[ INFO] [1789878924.687508165]: local_x: 0.1956, local_y: 0.0671, gear: 1,  error_heading: -0.0387[0m
[0m[ INFO] [1789878924.687573766]: 65 points is not droped, 5.7873, 0.7218, 2.1601, 1, 5.9469, 0.5902, 2.1214[0m
[2026-09-20 12:35:24] 控制路径段: 起点索引=65, 提取点数=21
[2026-09-20 12:35:24] 避障检测路径段: 起点索引=65, 提取点数=200
[0m[ INFO] [1789878924.787510237]: local_x: 0.1728, local_y: 0.0667, gear: 1,  error_heading: -0.0325[0m
[0m[ INFO] [1789878924.787570557]: 65 points is not droped, 5.7873, 0.7218, 2.1601, 1, 5.9352, 0.6104, 2.1276[0m
[2026-09-20 12:35:24] 控制路径段: 起点索引=65, 提取点数=21
[2026-09-20 12:35:24] 避障检测路径段: 起点索引=65, 提取点数=200
[0m[ INFO] [1789878924.887499668]: local_x: 0.1431, local_y: 0.0651, gear: 1,  error_heading: -0.0226[0m
[0m[ INFO] [1789878924.887564693]: 65 points is not droped, 5.7873, 0.7218, 2.1601, 1, 5.9191, 0.6360, 2.1375[0m
[2026-09-20 12:35:24] 控制路径段: 起点索引=65, 提取点数=21
[2026-09-20 12:35:24] 避障检测路径段: 起点索引=65, 提取点数=200
[0m[ INFO] [1789878924.987498060]: local_x: 0.1173, local_y: 0.0649, gear: 1,  error_heading: -0.0142[0m
[0m[ INFO] [1789878924.987553580]: 65 points is not droped, 5.7873, 0.7218, 2.1601, 1, 5.9056, 0.6586, 2.1459[0m
[2026-09-20 12:35:24] 控制路径段: 起点索引=65, 提取点数=21
[2026-09-20 12:35:24] 避障检测路径段: 起点索引=65, 提取点数=200
[0m[ INFO] [1789878925.087517219]: local_x: 0.0788, local_y: 0.0663, gear: 1,  error_heading: -0.0056[0m
[0m[ INFO] [1789878925.087585284]: gear=1 points is droped, 5.7873, 0.7218[0m
[2026-09-20 12:35:25] 控制路径段: 起点索引=66, 提取点数=20
[2026-09-20 12:35:25] 避障检测路径段: 起点索引=66, 提取点数=200
[0m[ INFO] [1789878925.407661853]: local_x: 0.1365, local_y: 0.0541, gear: 1,  error_heading: 0.0119[0m
[0m[ INFO] [1789878925.407727774]: 66 points is not droped, 5.7040, 0.8465, 2.1601, 1, 5.8258, 0.7645, 2.1720[0m
[2026-09-20 12:35:25] 控制路径段: 起点索引=66, 提取点数=20
[2026-09-20 12:35:25] 避障检测路径段: 起点索引=66, 提取点数=200
[0m[ INFO] [1789878925.507757046]: local_x: 0.1048, local_y: 0.0553, gear: 1,  error_heading: 0.0175[0m
[0m[ INFO] [1789878925.507837559]: 66 points is not droped, 5.7040, 0.8465, 2.1601, 1, 5.8092, 0.7919, 2.1776[0m
[2026-09-20 12:35:25] 控制路径段: 起点索引=66, 提取点数=20
[2026-09-20 12:35:25] 避障检测路径段: 起点索引=66, 提取点数=200
[0m[ INFO] [1789878925.607771246]: local_x: 0.0773, local_y: 0.0536, gear: 1,  error_heading: 0.0218[0m
[0m[ INFO] [1789878925.607855182]: gear=1 points is droped, 5.7040, 0.8465[0m
[2026-09-20 12:35:25] 控制路径段: 起点索引=67, 提取点数=19
[2026-09-20 12:35:25] 避障检测路径段: 起点索引=67, 提取点数=200
[0m[ INFO] [1789878925.707908039]: local_x: 0.1938, local_y: 0.0516, gear: 1,  error_heading: 0.0232[0m
[0m[ INFO] [1789878925.708075496]: 67 points is not droped, 5.6206, 0.9712, 2.1601, 1, 5.7743, 0.8423, 2.1833[0m
[2026-09-20 12:35:25] 控制路径段: 起点索引=67, 提取点数=19
[2026-09-20 12:35:25] 避障检测路径段: 起点索引=67, 提取点数=200
[0m[ INFO] [1789878925.807821117]: local_x: 0.1596, local_y: 0.0497, gear: 1,  error_heading: 0.0257[0m
[0m[ INFO] [1789878925.807926878]: 67 points is not droped, 5.6206, 0.9712, 2.1601, 1, 5.7533, 0.8696, 2.1858[0m
[2026-09-20 12:35:25] 控制路径段: 起点索引=67, 提取点数=19
[2026-09-20 12:35:25] 避障检测路径段: 起点索引=67, 提取点数=200
[0m[ INFO] [1789878925.907821109]: local_x: 0.1256, local_y: 0.0534, gear: 1,  error_heading: 0.0268[0m
[0m[ INFO] [1789878925.908031127]: 67 points is not droped, 5.6206, 0.9712, 2.1601, 1, 5.7368, 0.8996, 2.1869[0m
[2026-09-20 12:35:25] 控制路径段: 起点索引=67, 提取点数=19
[2026-09-20 12:35:25] 避障检测路径段: 起点索引=67, 提取点数=200
[0m[ INFO] [1789878926.007868973]: local_x: 0.0878, local_y: 0.0521, gear: 1,  error_heading: 0.0266[0m
[0m[ INFO] [1789878926.007942606]: gear=1 points is droped, 5.6206, 0.9712[0m
[2026-09-20 12:35:26] 控制路径段: 起点索引=68, 提取点数=18
[2026-09-20 12:35:26] 避障检测路径段: 起点索引=68, 提取点数=200
[0m[ INFO] [1789878926.107795972]: local_x: 0.1986, local_y: 0.0492, gear: 1,  error_heading: 0.0291[0m
[0m[ INFO] [1789878926.107882117]: 68 points is not droped, 5.5372, 1.0959, 2.1601, 1, 5.6925, 0.9626, 2.1892[0m
[2026-09-20 12:35:26] 控制路径段: 起点索引=68, 提取点数=18
[2026-09-20 12:35:26] 避障检测路径段: 起点索引=68, 提取点数=200
[0m[ INFO] [1789878926.207756411]: local_x: 0.1619, local_y: 0.0491, gear: 1,  error_heading: 0.0300[0m
[0m[ INFO] [1789878926.207845020]: 68 points is not droped, 5.5372, 1.0959, 2.1601, 1, 5.6712, 0.9926, 2.1901[0m
[2026-09-20 12:35:26] 控制路径段: 起点索引=68, 提取点数=18
[2026-09-20 12:35:26] 避障检测路径段: 起点索引=68, 提取点数=200
[0m[ INFO] [1789878926.307802931]: local_x: 0.1430, local_y: 0.0481, gear: 1,  error_heading: 0.0305[0m
[0m[ INFO] [1789878926.307888532]: 68 points is not droped, 5.5372, 1.0959, 2.1601, 1, 5.6594, 1.0074, 2.1906[0m
[2026-09-20 12:35:26] 控制路径段: 起点索引=68, 提取点数=18
[2026-09-20 12:35:26] 避障检测路径段: 起点索引=68, 提取点数=200
[0m[ INFO] [1789878926.407807211]: local_x: 0.0826, local_y: 0.0481, gear: 1,  error_heading: 0.0319[0m
[0m[ INFO] [1789878926.407890668]: gear=1 points is droped, 5.5372, 1.0959[0m
[2026-09-20 12:35:26] 控制路径段: 起点索引=69, 提取点数=17
[2026-09-20 12:35:26] 避障检测路径段: 起点索引=69, 提取点数=200
[0m[ INFO] [1789878926.508506890]: local_x: 0.1921, local_y: 0.0477, gear: 1,  error_heading: 0.0302[0m
[0m[ INFO] [1789878926.508589194]: 69 points is not droped, 5.4539, 1.2206, 2.1601, 1, 5.6043, 1.0920, 2.1903[0m
[2026-09-20 12:35:26] 控制路径段: 起点索引=69, 提取点数=17
[2026-09-20 12:35:26] 避障检测路径段: 起点索引=69, 提取点数=200
[0m[ INFO] [1789878926.607788890]: local_x: 0.1521, local_y: 0.0467, gear: 1,  error_heading: 0.0302[0m
[0m[ INFO] [1789878926.607884539]: 69 points is not droped, 5.4539, 1.2206, 2.1601, 1, 5.5802, 1.1239, 2.1903[0m
[2026-09-20 12:35:26] 控制路径段: 起点索引=69, 提取点数=17
[2026-09-20 12:35:26] 避障检测路径段: 起点索引=69, 提取点数=200
[0m[ INFO] [1789878926.708085748]: local_x: 0.1309, local_y: 0.0460, gear: 1,  error_heading: 0.0299[0m
[0m[ INFO] [1789878926.708202326]: 69 points is not droped, 5.4539, 1.2206, 2.1601, 1, 5.5673, 1.1407, 2.1900[0m
[2026-09-20 12:35:26] 控制路径段: 起点索引=69, 提取点数=17
[2026-09-20 12:35:26] 避障检测路径段: 起点索引=69, 提取点数=200
[0m[ INFO] [1789878926.811552144]: local_x: 0.0613, local_y: 0.0460, gear: 1,  error_heading: 0.0289[0m
[0m[ INFO] [1789878926.811621521]: gear=1 points is droped, 5.4539, 1.2206[0m
[2026-09-20 12:35:26] 控制路径段: 起点索引=70, 提取点数=16
[2026-09-20 12:35:26] 避障检测路径段: 起点索引=70, 提取点数=200
[0m[ INFO] [1789878926.907840001]: local_x: 0.1661, local_y: 0.0469, gear: 1,  error_heading: 0.0294[0m
[0m[ INFO] [1789878926.907926274]: 70 points is not droped, 5.3705, 1.3453, 2.1601, 1, 5.5050, 1.2372, 2.1895[0m
[2026-09-20 12:35:26] 控制路径段: 起点索引=70, 提取点数=16
[2026-09-20 12:35:26] 避障检测路径段: 起点索引=70, 提取点数=200
[0m[ INFO] [1789878927.007745752]: local_x: 0.1219, local_y: 0.0452, gear: 1,  error_heading: 0.0292[0m
[0m[ INFO] [1789878927.007814488]: 70 points is not droped, 5.3705, 1.3453, 2.1601, 1, 5.4780, 1.2722, 2.1893[0m
[2026-09-20 12:35:27] 控制路径段: 起点索引=70, 提取点数=16
[2026-09-20 12:35:27] 避障检测路径段: 起点索引=70, 提取点数=200
[0m[ INFO] [1789878927.107787280]: local_x: 0.0785, local_y: 0.0487, gear: 1,  error_heading: 0.0309[0m
[0m[ INFO] [1789878927.107867024]: gear=1 points is droped, 5.3705, 1.3453[0m
[2026-09-20 12:35:27] 控制路径段: 起点索引=71, 提取点数=15
[2026-09-20 12:35:27] 避障检测路径段: 起点索引=71, 提取点数=200
[0m[ INFO] [1789878927.208033066]: local_x: 0.1808, local_y: 0.0444, gear: 1,  error_heading: 0.0319[0m
[0m[ INFO] [1789878927.208113803]: 71 points is not droped, 5.2871, 1.4700, 2.1601, 1, 5.4284, 1.3488, 2.1920[0m
[2026-09-20 12:35:27] 控制路径段: 起点索引=71, 提取点数=15
[2026-09-20 12:35:27] 避障检测路径段: 起点索引=71, 提取点数=200
[0m[ INFO] [1789878927.307721214]: local_x: 0.1575, local_y: 0.0427, gear: 1,  error_heading: 0.0322[0m
[0m[ INFO] [1789878927.307793983]: 71 points is not droped, 5.2871, 1.4700, 2.1601, 1, 5.4136, 1.3668, 2.1923[0m
[2026-09-20 12:35:27] 控制路径段: 起点索引=71, 提取点数=15
[2026-09-20 12:35:27] 避障检测路径段: 起点索引=71, 提取点数=200
[0m[ INFO] [1789878927.408951715]: local_x: 0.0752, local_y: 0.0502, gear: 1,  error_heading: 0.0298[0m
[0m[ INFO] [1789878927.409028803]: gear=1 points is droped, 5.2871, 1.4700[0m
[2026-09-20 12:35:27] 控制路径段: 起点索引=72, 提取点数=14
[2026-09-20 12:35:27] 避障检测路径段: 起点索引=72, 提取点数=200
[0m[ INFO] [1789878927.507785198]: local_x: 0.1774, local_y: 0.0473, gear: 1,  error_heading: 0.0298[0m
[0m[ INFO] [1789878927.507882127]: 72 points is not droped, 5.2038, 1.5947, 2.1601, 1, 5.3452, 1.4777, 2.1899[0m
[2026-09-20 12:35:27] 控制路径段: 起点索引=72, 提取点数=14
[2026-09-20 12:35:27] 避障检测路径段: 起点索引=72, 提取点数=200
[0m[ INFO] [1789878927.607779046]: local_x: 0.1264, local_y: 0.0475, gear: 1,  error_heading: 0.0310[0m
[0m[ INFO] [1789878927.607867430]: 72 points is not droped, 5.2038, 1.5947, 2.1601, 1, 5.3159, 1.5195, 2.1911[0m
[2026-09-20 12:35:27] 控制路径段: 起点索引=72, 提取点数=14
[2026-09-20 12:35:27] 避障检测路径段: 起点索引=72, 提取点数=200
[0m[ INFO] [1789878927.707840062]: local_x: 0.0991, local_y: 0.0474, gear: 1,  error_heading: 0.0307[0m
[0m[ INFO] [1789878927.707930911]: gear=1 points is droped, 5.2038, 1.5947[0m
[2026-09-20 12:35:27] 控制路径段: 起点索引=73, 提取点数=13
[2026-09-20 12:35:27] 避障检测路径段: 起点索引=73, 提取点数=200
[0m[ INFO] [1789878927.807791765]: local_x: 0.1611, local_y: 0.0436, gear: 1,  error_heading: 0.0299[0m
[0m[ INFO] [1789878927.807881430]: 73 points is not droped, 5.1204, 1.7194, 2.1601, 1, 5.2495, 1.6135, 2.1900[0m
[2026-09-20 12:35:27] 控制路径段: 起点索引=73, 提取点数=13
[2026-09-20 12:35:27] 避障检测路径段: 起点索引=73, 提取点数=200
[0m[ INFO] [1789878927.907937805]: local_x: 0.1048, local_y: 0.0452, gear: 1,  error_heading: 0.0287[0m
[0m[ INFO] [1789878927.908206000]: 73 points is not droped, 5.1204, 1.7194, 2.1601, 1, 5.2180, 1.6602, 2.1888[0m
[2026-09-20 12:35:27] 控制路径段: 起点索引=73, 提取点数=13
[2026-09-20 12:35:27] 避障检测路径段: 起点索引=73, 提取点数=200
[0m[ INFO] [1789878928.007755646]: local_x: 0.0466, local_y: 0.0468, gear: 1,  error_heading: 0.0286[0m
[0m[ INFO] [1789878928.008148194]: gear=1 points is droped, 5.1204, 1.7194[0m
[2026-09-20 12:35:28] 控制路径段: 起点索引=74, 提取点数=12
[2026-09-20 12:35:28] 避障检测路径段: 起点索引=74, 提取点数=200
[0m[ INFO] [1789878928.107778865]: local_x: 0.1396, local_y: 0.0397, gear: 1,  error_heading: 0.0288[0m
[0m[ INFO] [1789878928.107866993]: 74 points is not droped, 5.0370, 1.8441, 2.1601, 1, 5.1503, 1.7533, 2.1889[0m
[2026-09-20 12:35:28] 控制路径段: 起点索引=74, 提取点数=12
[2026-09-20 12:35:28] 避障检测路径段: 起点索引=74, 提取点数=200
[0m[ INFO] [1789878928.207764547]: local_x: 0.0834, local_y: 0.0382, gear: 1,  error_heading: 0.0252[0m
[0m[ INFO] [1789878928.207839012]: gear=1 points is droped, 5.0370, 1.8441[0m
[2026-09-20 12:35:28] 控制路径段: 起点索引=75, 提取点数=11
[2026-09-20 12:35:28] 避障检测路径段: 起点索引=75, 提取点数=200
[0m[ INFO] [1789878928.307744885]: local_x: 0.1847, local_y: 0.0371, gear: 1,  error_heading: 0.0256[0m
[0m[ INFO] [1789878928.307817462]: 75 points is not droped, 4.9537, 1.9688, 2.1601, 1, 5.0905, 1.8393, 2.1857[0m
[2026-09-20 12:35:28] 控制路径段: 起点索引=75, 提取点数=11
[2026-09-20 12:35:28] 避障检测路径段: 起点索引=75, 提取点数=200
[0m[ INFO] [1789878928.407743015]: local_x: 0.1286, local_y: 0.0317, gear: 1,  error_heading: 0.0193[0m
[0m[ INFO] [1789878928.407810120]: 75 points is not droped, 4.9537, 1.9688, 2.1601, 1, 5.0532, 1.8814, 2.1794[0m
[2026-09-20 12:35:28] 控制路径段: 起点索引=75, 提取点数=11
[2026-09-20 12:35:28] 避障检测路径段: 起点索引=75, 提取点数=200
[0m[ INFO] [1789878928.507777978]: local_x: 0.0710, local_y: 0.0294, gear: 1,  error_heading: 0.0118[0m
[0m[ INFO] [1789878928.507867931]: gear=1 points is droped, 4.9537, 1.9688[0m
[2026-09-20 12:35:28] 控制路径段: 起点索引=76, 提取点数=10
[2026-09-20 12:35:28] 避障检测路径段: 起点索引=76, 提取点数=200
[0m[ INFO] [1789878928.607726156]: local_x: 0.1684, local_y: 0.0264, gear: 1,  error_heading: 0.0104[0m
[0m[ INFO] [1789878928.607802317]: 76 points is not droped, 4.8703, 2.0935, 2.1601, 1, 4.9871, 1.9693, 2.1705[0m
[2026-09-20 12:35:28] 控制路径段: 起点索引=76, 提取点数=10
[2026-09-20 12:35:28] 避障检测路径段: 起点索引=76, 提取点数=200
[0m[ INFO] [1789878928.707756991]: local_x: 0.1117, local_y: 0.0252, gear: 1,  error_heading: 0.0112[0m
[0m[ INFO] [1789878928.707831135]: 76 points is not droped, 4.8703, 2.0935, 2.1601, 1, 4.9542, 2.0156, 2.1713[0m
[2026-09-20 12:35:28] 控制路径段: 起点索引=76, 提取点数=10
[2026-09-20 12:35:28] 避障检测路径段: 起点索引=76, 提取点数=200
[0m[ INFO] [1789878928.807761265]: local_x: 0.0630, local_y: 0.0273, gear: 1,  error_heading: 0.0178[0m
[0m[ INFO] [1789878928.807835666]: gear=1 points is droped, 4.8703, 2.0935[0m
[2026-09-20 12:35:28] 控制路径段: 起点索引=77, 提取点数=9
[2026-09-20 12:35:28] 避障检测路径段: 起点索引=77, 提取点数=200
[0m[ INFO] [1789878928.907739715]: local_x: 0.1609, local_y: 0.0258, gear: 1,  error_heading: 0.0177[0m
[0m[ INFO] [1789878928.907807172]: 77 points is not droped, 4.7869, 2.2182, 2.1601, 1, 4.8999, 2.1008, 2.1778[0m
[2026-09-20 12:35:28] 控制路径段: 起点索引=77, 提取点数=9
[2026-09-20 12:35:28] 避障检测路径段: 起点索引=77, 提取点数=200
[0m[ INFO] [1789878929.007759414]: local_x: 0.1093, local_y: 0.0236, gear: 1,  error_heading: 0.0206[0m
[0m[ INFO] [1789878929.007839255]: 77 points is not droped, 4.7869, 2.2182, 2.1601, 1, 4.8689, 2.1421, 2.1807[0m
[2026-09-20 12:35:29] 控制路径段: 起点索引=77, 提取点数=9
[2026-09-20 12:35:29] 避障检测路径段: 起点索引=77, 提取点数=200
[0m[ INFO] [1789878929.107793960]: local_x: 0.0523, local_y: 0.0269, gear: 1,  error_heading: 0.0254[0m
[0m[ INFO] [1789878929.107872713]: gear=1 points is droped, 4.7869, 2.2182[0m
[2026-09-20 12:35:29] 控制路径段: 起点索引=78, 提取点数=8
[2026-09-20 12:35:29] 避障检测路径段: 起点索引=78, 提取点数=200
[0m[ INFO] [1789878929.207766971]: local_x: 0.1569, local_y: 0.0220, gear: 1,  error_heading: 0.0275[0m
[0m[ INFO] [1789878929.207846267]: 78 points is not droped, 4.7036, 2.3429, 2.1601, 1, 4.8122, 2.2276, 2.1876[0m
[2026-09-20 12:35:29] 控制路径段: 起点索引=78, 提取点数=8
[2026-09-20 12:35:29] 避障检测路径段: 起点索引=78, 提取点数=200
[0m[ INFO] [1789878929.307778349]: local_x: 0.1227, local_y: 0.0271, gear: 1,  error_heading: 0.0279[0m
[0m[ INFO] [1789878929.307859502]: 78 points is not droped, 4.7036, 2.3429, 2.1601, 1, 4.7967, 2.2585, 2.1880[0m
[2026-09-20 12:35:29] 控制路径段: 起点索引=78, 提取点数=8
[2026-09-20 12:35:29] 避障检测路径段: 起点索引=78, 提取点数=200
[0m[ INFO] [1789878929.407757567]: local_x: 0.0599, local_y: 0.0282, gear: 1,  error_heading: 0.0299[0m
[0m[ INFO] [1789878929.407823008]: gear=1 points is droped, 4.7036, 2.3429[0m
[2026-09-20 12:35:29] 控制路径段: 起点索引=79, 提取点数=7
[2026-09-20 12:35:29] 避障检测路径段: 起点索引=79, 提取点数=200
[0m[ INFO] [1789878929.507768914]: local_x: 0.1647, local_y: 0.0246, gear: 1,  error_heading: 0.0271[0m
[0m[ INFO] [1789878929.507861555]: 79 points is not droped, 4.6202, 2.4676, 2.1601, 1, 4.7354, 2.3474, 2.1872[0m
[2026-09-20 12:35:29] 控制路径段: 起点索引=79, 提取点数=7
[2026-09-20 12:35:29] 避障检测路径段: 起点索引=79, 提取点数=200
[0m[ INFO] [1789878929.611889903]: local_x: 0.1197, local_y: 0.0236, gear: 1,  error_heading: 0.0220[0m
[0m[ INFO] [1789878929.611961776]: 79 points is not droped, 4.6202, 2.4676, 2.1601, 1, 4.7082, 2.3831, 2.1821[0m
[2026-09-20 12:35:29] 控制路径段: 起点索引=79, 提取点数=7
[2026-09-20 12:35:29] 避障检测路径段: 起点索引=79, 提取点数=200
[0m[ INFO] [1789878929.707764054]: local_x: 0.0740, local_y: 0.0258, gear: 1,  error_heading: 0.0245[0m
[0m[ INFO] [1789878929.707849207]: gear=1 points is droped, 4.6202, 2.4676[0m
[2026-09-20 12:35:29] 控制路径段: 起点索引=80, 提取点数=6
[2026-09-20 12:35:29] 避障检测路径段: 起点索引=80, 提取点数=200
[0m[ INFO] [1789878929.807760745]: local_x: 0.1793, local_y: 0.0218, gear: 1,  error_heading: 0.0265[0m
[0m[ INFO] [1789878929.807836330]: 80 points is not droped, 4.5368, 2.5923, 2.1601, 1, 4.6582, 2.4585, 2.1866[0m
[2026-09-20 12:35:29] 控制路径段: 起点索引=80, 提取点数=6
[2026-09-20 12:35:29] 避障检测路径段: 起点索引=80, 提取点数=200
[0m[ INFO] [1789878929.907836348]: local_x: 0.1345, local_y: 0.0250, gear: 1,  error_heading: 0.0263[0m
[0m[ INFO] [1789878929.907918653]: 80 points is not droped, 4.5368, 2.5923, 2.1601, 1, 4.6349, 2.4969, 2.1864[0m
[2026-09-20 12:35:29] 控制路径段: 起点索引=80, 提取点数=6
[2026-09-20 12:35:29] 避障检测路径段: 起点索引=80, 提取点数=200
[0m[ INFO] [1789878930.007792974]: local_x: 0.1139, local_y: 0.0254, gear: 1,  error_heading: 0.0264[0m
[0m[ INFO] [1789878930.007871247]: 80 points is not droped, 4.5368, 2.5923, 2.1601, 1, 4.6234, 2.5139, 2.1865[0m
[2026-09-20 12:35:30] 控制路径段: 起点索引=80, 提取点数=6
[2026-09-20 12:35:30] 避障检测路径段: 起点索引=80, 提取点数=200
[0m[ INFO] [1789878930.107777600]: local_x: 0.0624, local_y: 0.0269, gear: 1,  error_heading: 0.0242[0m
[0m[ INFO] [1789878930.107865153]: gear=1 points is droped, 4.5368, 2.5923[0m
[2026-09-20 12:35:30] 控制路径段: 起点索引=81, 提取点数=5
[2026-09-20 12:35:30] 避障检测路径段: 起点索引=81, 提取点数=200
[0m[ INFO] [1789878930.207762354]: local_x: 0.1760, local_y: 0.0233, gear: 1,  error_heading: 0.0249[0m
[0m[ INFO] [1789878930.207848659]: 81 points is not droped, 4.4535, 2.7170, 2.1601, 1, 4.5739, 2.5865, 2.1850[0m
[2026-09-20 12:35:30] 控制路径段: 起点索引=81, 提取点数=5
[2026-09-20 12:35:30] 避障检测路径段: 起点索引=81, 提取点数=200
[0m[ INFO] [1789878930.307765573]: local_x: 0.1567, local_y: 0.0243, gear: 1,  error_heading: 0.0232[0m
[0m[ INFO] [1789878930.307851750]: 81 points is not droped, 4.4535, 2.7170, 2.1601, 1, 4.5635, 2.6027, 2.1833[0m
[2026-09-20 12:35:30] 控制路径段: 起点索引=81, 提取点数=5
[2026-09-20 12:35:30] 避障检测路径段: 起点索引=81, 提取点数=200
[0m[ INFO] [1789878930.407736407]: local_x: 0.1199, local_y: 0.0204, gear: 1,  error_heading: 0.0189[0m
[0m[ INFO] [1789878930.407810040]: 81 points is not droped, 4.4535, 2.7170, 2.1601, 1, 4.5387, 2.6302, 2.1790[0m
[2026-09-20 12:35:30] 控制路径段: 起点索引=81, 提取点数=5
[2026-09-20 12:35:30] 避障检测路径段: 起点索引=81, 提取点数=200
[0m[ INFO] [1789878930.507773129]: local_x: 0.0855, local_y: 0.0200, gear: 1,  error_heading: 0.0205[0m
[0m[ INFO] [1789878930.507839722]: gear=1 points is droped, 4.4535, 2.7170[0m
[2026-09-20 12:35:30] 控制路径段: 起点索引=82, 提取点数=4
[2026-09-20 12:35:30] 避障检测路径段: 起点索引=82, 提取点数=200
[0m[ INFO] [1789878930.607791260]: local_x: 0.2045, local_y: 0.0183, gear: 1,  error_heading: 0.0227[0m
[0m[ INFO] [1789878930.607898717]: 82 points is not droped, 4.3701, 2.8417, 2.1601, 1, 4.5026, 2.6849, 2.1828[0m
[2026-09-20 12:35:30] 控制路径段: 起点索引=82, 提取点数=4
[2026-09-20 12:35:30] 避障检测路径段: 起点索引=82, 提取点数=200
[0m[ INFO] [1789878930.707801871]: local_x: 0.1638, local_y: 0.0184, gear: 1,  error_heading: 0.0207[0m
[0m[ INFO] [1789878930.707881071]: 82 points is not droped, 4.3701, 2.8417, 2.1601, 1, 4.4790, 2.7180, 2.1808[0m
[2026-09-20 12:35:30] 控制路径段: 起点索引=82, 提取点数=4
[2026-09-20 12:35:30] 避障检测路径段: 起点索引=82, 提取点数=200
[0m[ INFO] [1789878930.807760256]: local_x: 0.1357, local_y: 0.0201, gear: 1,  error_heading: 0.0174[0m
[0m[ INFO] [1789878930.807846273]: 82 points is not droped, 4.3701, 2.8417, 2.1601, 1, 4.4640, 2.7416, 2.1775[0m
[2026-09-20 12:35:30] 控制路径段: 起点索引=82, 提取点数=4
[2026-09-20 12:35:30] 避障检测路径段: 起点索引=82, 提取点数=200
[0m[ INFO] [1789878930.908110167]: local_x: 0.1103, local_y: 0.0231, gear: 1,  error_heading: 0.0132[0m
[0m[ INFO] [1789878930.908244824]: 82 points is not droped, 4.3701, 2.8417, 2.1601, 1, 4.4516, 2.7639, 2.1733[0m
[2026-09-20 12:35:30] 控制路径段: 起点索引=82, 提取点数=4
[2026-09-20 12:35:30] 避障检测路径段: 起点索引=82, 提取点数=200
[0m[ INFO] [1789878931.007833286]: local_x: 0.0912, local_y: 0.0232, gear: 1,  error_heading: 0.0141[0m
[0m[ INFO] [1789878931.007932935]: gear=1 points is droped, 4.3701, 2.8417[0m
[2026-09-20 12:35:31] 控制路径段: 起点索引=83, 提取点数=3
[2026-09-20 12:35:31] 避障检测路径段: 起点索引=83, 提取点数=200
[0m[ INFO] [1789878931.107751800]: local_x: 0.2098, local_y: 0.0207, gear: 1,  error_heading: 0.0147[0m
[0m[ INFO] [1789878931.107825464]: 83 points is not droped, 4.2867, 2.9664, 2.1601, 1, 4.4230, 2.8054, 2.1748[0m
[2026-09-20 12:35:31] 控制路径段: 起点索引=83, 提取点数=3
[2026-09-20 12:35:31] 避障检测路径段: 起点索引=83, 提取点数=200
[0m[ INFO] [1789878931.207755946]: local_x: 0.1862, local_y: 0.0228, gear: 1,  error_heading: 0.0120[0m
[0m[ INFO] [1789878931.207831179]: 83 points is not droped, 4.2867, 2.9664, 2.1601, 1, 4.4109, 2.8258, 2.1721[0m
[2026-09-20 12:35:31] 控制路径段: 起点索引=83, 提取点数=3
[2026-09-20 12:35:31] 避障检测路径段: 起点索引=83, 提取点数=200
[0m[ INFO] [1789878931.307757820]: local_x: 0.1574, local_y: 0.0183, gear: 1,  error_heading: 0.0086[0m
[0m[ INFO] [1789878931.307826781]: 83 points is not droped, 4.2867, 2.9664, 2.1601, 1, 4.3905, 2.8466, 2.1687[0m
[2026-09-20 12:35:31] 控制路径段: 起点索引=83, 提取点数=3
[2026-09-20 12:35:31] 避障检测路径段: 起点索引=83, 提取点数=200
[0m[ INFO] [1789878931.407770319]: local_x: 0.1237, local_y: 0.0279, gear: 1,  error_heading: 0.0085[0m
[0m[ INFO] [1789878931.407857808]: 83 points is not droped, 4.2867, 2.9664, 2.1601, 1, 4.3794, 2.8799, 2.1686[0m
[2026-09-20 12:35:31] 控制路径段: 起点索引=83, 提取点数=3
[2026-09-20 12:35:31] 避障检测路径段: 起点索引=83, 提取点数=200
[0m[ INFO] [1789878931.508063172]: local_x: 0.0997, local_y: 0.0278, gear: 1,  error_heading: 0.0139[0m
[0m[ INFO] [1789878931.508144581]: gear=1 points is droped, 4.2867, 2.9664[0m
[2026-09-20 12:35:31] 控制路径段: 起点索引=84, 提取点数=2
[2026-09-20 12:35:31] 避障检测路径段: 起点索引=84, 提取点数=200
[0m[ INFO] [1789878931.607782740]: local_x: 0.2246, local_y: 0.0258, gear: 1,  error_heading: 0.0190[0m
[0m[ INFO] [1789878931.607872469]: 84 points is not droped, 4.2034, 3.0911, 2.1601, 1, 4.3529, 2.9215, 2.1791[0m
[2026-09-20 12:35:31] 控制路径段: 起点索引=84, 提取点数=2
[2026-09-20 12:35:31] 避障检测路径段: 起点索引=84, 提取点数=200
[0m[ INFO] [1789878931.708015401]: local_x: 0.2015, local_y: 0.0273, gear: 1,  error_heading: 0.0242[0m
[0m[ INFO] [1789878931.708094697]: 84 points is not droped, 4.2034, 3.0911, 2.1601, 1, 4.3417, 2.9421, 2.1843[0m
[2026-09-20 12:35:31] 控制路径段: 起点索引=84, 提取点数=2
[2026-09-20 12:35:31] 避障检测路径段: 起点索引=84, 提取点数=200
[0m[ INFO] [1789878931.808547648]: local_x: 0.1755, local_y: 0.0282, gear: 1,  error_heading: 0.0282[0m
[0m[ INFO] [1789878931.808628673]: 84 points is not droped, 4.2034, 3.0911, 2.1601, 1, 4.3280, 2.9644, 2.1883[0m
[2026-09-20 12:35:31] 控制路径段: 起点索引=84, 提取点数=2
[2026-09-20 12:35:31] 避障检测路径段: 起点索引=84, 提取点数=200
[0m[ INFO] [1789878931.908037645]: local_x: 0.1420, local_y: 0.0289, gear: 1,  error_heading: 0.0294[0m
[0m[ INFO] [1789878931.908112302]: 84 points is not droped, 4.2034, 3.0911, 2.1601, 1, 4.3093, 2.9922, 2.1895[0m
[2026-09-20 12:35:31] 控制路径段: 起点索引=84, 提取点数=2
[2026-09-20 12:35:31] 避障检测路径段: 起点索引=84, 提取点数=200
[0m[ INFO] [1789878932.007783356]: local_x: 0.1218, local_y: 0.0301, gear: 1,  error_heading: 0.0330[0m
[0m[ INFO] [1789878932.007888509]: 84 points is not droped, 4.2034, 3.0911, 2.1601, 1, 4.2989, 3.0097, 2.1931[0m
[2026-09-20 12:35:32] 控制路径段: 起点索引=84, 提取点数=2
[2026-09-20 12:35:32] 避障检测路径段: 起点索引=84, 提取点数=200
[0m[ INFO] [1789878932.107877902]: local_x: 0.1097, local_y: 0.0299, gear: 1,  error_heading: 0.0377[0m
[0m[ INFO] [1789878932.108007247]: 84 points is not droped, 4.2034, 3.0911, 2.1601, 1, 4.2919, 3.0197, 2.1978[0m
[2026-09-20 12:35:32] 控制路径段: 起点索引=84, 提取点数=2
[2026-09-20 12:35:32] 避障检测路径段: 起点索引=84, 提取点数=200
[0m[ INFO] [1789878932.207759966]: local_x: 0.1061, local_y: 0.0310, gear: 1,  error_heading: 0.0388[0m
[0m[ INFO] [1789878932.207832863]: 84 points is not droped, 4.2034, 3.0911, 2.1601, 1, 4.2908, 3.0234, 2.1989[0m
[2026-09-20 12:35:32] 控制路径段: 起点索引=84, 提取点数=2
[2026-09-20 12:35:32] 避障检测路径段: 起点索引=84, 提取点数=200
[0m[ INFO] [1789878932.307718383]: local_x: 0.0952, local_y: 0.0378, gear: 1,  error_heading: 0.0464[0m
[0m[ INFO] [1789878932.307775599]: gear=1 points is droped, 4.2034, 3.0911[0m
[2026-09-20 12:35:32] 控制路径段: 起点索引=85, 提取点数=1
[2026-09-20 12:35:32] 避障检测路径段: 起点索引=85, 提取点数=200
[0m[ INFO] [1789878932.407778913]: local_x: 0.1908, local_y: 0.0321, gear: 2,  error_heading: -2.1942[0m
[2026-09-20 12:35:32] 还未完成转向!
[0m[ INFO] [1789878932.448282278]: 85 points is not droped, 4.1583, 3.1584, -1.8818, 2, 4.2975, 3.0241, 2.2072[0m
[2026-09-20 12:35:32] 控制路径段: 起点索引=85, 提取点数=1
[2026-09-20 12:35:32] 避障检测路径段: 起点索引=85, 提取点数=200
[0m[ INFO] [1789878932.507750801]: local_x: 0.1776, local_y: 0.0348, gear: 2,  error_heading: -2.1850[0m
[2026-09-20 12:35:32] 还未完成转向!
[0m[ INFO] [1789878932.548188918]: 85 points is not droped, 4.1583, 3.1584, -1.8818, 2, 4.2930, 3.0375, 2.2164[0m
[2026-09-20 12:35:32] 控制路径段: 起点索引=85, 提取点数=1
[2026-09-20 12:35:32] 避障检测路径段: 起点索引=85, 提取点数=200
[0m[ INFO] [1789878932.607753667]: local_x: 0.1754, local_y: 0.0369, gear: 2,  error_heading: -2.1830[0m
[2026-09-20 12:35:32] 还未完成转向!
[0m[ INFO] [1789878932.648598220]: 85 points is not droped, 4.1583, 3.1584, -1.8818, 2, 4.2936, 3.0408, 2.2184[0m
[2026-09-20 12:35:32] 控制路径段: 起点索引=85, 提取点数=1
[2026-09-20 12:35:32] 避障检测路径段: 起点索引=85, 提取点数=200
[0m[ INFO] [1789878932.707783764]: local_x: 0.1580, local_y: 0.0370, gear: 2,  error_heading: -2.1794[0m
[2026-09-20 12:35:32] 还未完成转向!
[0m[ INFO] [1789878932.748186393]: 85 points is not droped, 4.1583, 3.1584, -1.8818, 2, 4.2835, 3.0551, 2.2220[0m
[2026-09-20 12:35:32] 控制路径段: 起点索引=85, 提取点数=1
[2026-09-20 12:35:32] 避障检测路径段: 起点索引=85, 提取点数=200
[0m[ INFO] [1789878932.807750597]: local_x: 0.1530, local_y: 0.0392, gear: 2,  error_heading: -2.1747[0m
[2026-09-20 12:35:32] 还未完成转向!
[0m[ INFO] [1789878932.848367564]: 85 points is not droped, 4.1583, 3.1584, -1.8818, 2, 4.2827, 3.0611, 2.2267[0m
[2026-09-20 12:35:32] 控制路径段: 起点索引=85, 提取点数=1
[2026-09-20 12:35:32] 避障检测路径段: 起点索引=85, 提取点数=200
[0m[ INFO] [1789878932.907760342]: local_x: 0.1350, local_y: 0.0347, gear: 2,  error_heading: -2.1696[0m
[2026-09-20 12:35:32] 还未完成转向!
[0m[ INFO] [1789878932.948124506]: 85 points is not droped, 4.1583, 3.1584, -1.8818, 2, 4.2686, 3.0731, 2.2318[0m
[2026-09-20 12:35:32] 控制路径段: 起点索引=85, 提取点数=1
[2026-09-20 12:35:32] 避障检测路径段: 起点索引=85, 提取点数=200
[0m[ INFO] [1789878933.007790056]: local_x: 0.1276, local_y: 0.0375, gear: 2,  error_heading: -2.1648[0m
[2026-09-20 12:35:33] 还未完成转向!
[0m[ INFO] [1789878933.048208941]: 85 points is not droped, 4.1583, 3.1584, -1.8818, 2, 4.2666, 3.0813, 2.2366[0m
[2026-09-20 12:35:33] 控制路径段: 起点索引=85, 提取点数=1
[2026-09-20 12:35:33] 避障检测路径段: 起点索引=85, 提取点数=200
[0m[ INFO] [1789878933.107751224]: local_x: 0.1070, local_y: 0.0328, gear: 2,  error_heading: -2.1615[0m
[2026-09-20 12:35:33] 还未完成转向!
[0m[ INFO] [1789878933.148194878]: 85 points is not droped, 4.1583, 3.1584, -1.8818, 2, 4.2505, 3.0948, 2.2399[0m
[2026-09-20 12:35:33] 控制路径段: 起点索引=85, 提取点数=1
[2026-09-20 12:35:33] 避障检测路径段: 起点索引=85, 提取点数=200
[0m[ INFO] [1789878933.207798250]: local_x: 0.0971, local_y: 0.0351, gear: 2,  error_heading: -2.1567[0m
[2026-09-20 12:35:33] 还未完成转向!
[0m[ INFO] [1789878933.248195375]: 85 points is not droped, 4.1583, 3.1584, -1.8818, 2, 4.2464, 3.1045, 2.2447[0m
[2026-09-20 12:35:33] 控制路径段: 起点索引=85, 提取点数=1
[2026-09-20 12:35:33] 避障检测路径段: 起点索引=85, 提取点数=200
[0m[ INFO] [1789878933.307751099]: local_x: 0.0864, local_y: 0.0354, gear: 2,  error_heading: -2.1492[0m
[2026-09-20 12:35:33] 还未完成转向!
[0m[ INFO] [1789878933.348243200]: 85 points is not droped, 4.1583, 3.1584, -1.8818, 2, 4.2402, 3.1136, 2.2522[0m
[2026-09-20 12:35:33] 控制路径段: 起点索引=85, 提取点数=1
[2026-09-20 12:35:33] 避障检测路径段: 起点索引=85, 提取点数=200
[0m[ INFO] [1789878933.407794220]: local_x: 0.0706, local_y: 0.0357, gear: 2,  error_heading: -2.1457[0m
[2026-09-20 12:35:33] 还未完成转向!
[0m[ INFO] [1789878933.448304978]: 85 points is not droped, 4.1583, 3.1584, -1.8818, 2, 4.2307, 3.1263, 2.2557[0m
[2026-09-20 12:35:33] 控制路径段: 起点索引=85, 提取点数=1
[2026-09-20 12:35:33] 避障检测路径段: 起点索引=85, 提取点数=200
[0m[ INFO] [1789878933.507752829]: local_x: 0.0553, local_y: 0.0389, gear: 2,  error_heading: -2.1363[0m
[2026-09-20 12:35:33] 还未完成转向!
[0m[ INFO] [1789878933.548329924]: 85 points is not droped, 4.1583, 3.1584, -1.8818, 2, 4.2237, 3.1408, 2.2651[0m
[2026-09-20 12:35:33] 控制路径段: 起点索引=85, 提取点数=1
[2026-09-20 12:35:33] 避障检测路径段: 起点索引=85, 提取点数=200
[0m[ INFO] [1789878933.607723950]: local_x: 0.0254, local_y: 0.0433, gear: 2,  error_heading: -2.1173[0m
[2026-09-20 12:35:33] 还未完成转向!
[0m[ INFO] [1789878933.648221748]: 85 points is not droped, 4.1583, 3.1584, -1.8818, 2, 4.2077, 3.1675, 2.2841[0m
[2026-09-20 12:35:33] 控制路径段: 起点索引=85, 提取点数=1
[2026-09-20 12:35:33] 避障检测路径段: 起点索引=85, 提取点数=200
[0m[ INFO] [1789878933.707754239]: local_x: -0.0098, local_y: 0.0356, gear: 2,  error_heading: -2.1107[0m
[2026-09-20 12:35:33] 还未完成转向!
[0m[ INFO] [1789878933.748242245]: 85 points is not droped, 4.1583, 3.1584, -1.8818, 2, 4.1787, 3.1893, 2.2907[0m
[2026-09-20 12:35:33] 控制路径段: 起点索引=85, 提取点数=1
[2026-09-20 12:35:33] 避障检测路径段: 起点索引=85, 提取点数=200
[0m[ INFO] [1789878933.807934899]: local_x: -0.0153, local_y: 0.0391, gear: 2,  error_heading: -2.1067[0m
[2026-09-20 12:35:33] 还未完成转向!
[0m[ INFO] [1789878933.848354327]: 85 points is not droped, 4.1583, 3.1584, -1.8818, 2, 4.1775, 3.1958, 2.2947[0m
[2026-09-20 12:35:33] 控制路径段: 起点索引=85, 提取点数=1
[2026-09-20 12:35:33] 避障检测路径段: 起点索引=85, 提取点数=200
[0m[ INFO] [1789878933.907761410]: local_x: -0.0218, local_y: 0.0425, gear: 2,  error_heading: -2.0904[0m
[2026-09-20 12:35:33] 还未完成转向!
[0m[ INFO] [1789878933.948259912]: 85 points is not droped, 4.1583, 3.1584, -1.8818, 2, 4.1750, 3.2032, 2.3110[0m
[2026-09-20 12:35:33] 控制路径段: 起点索引=85, 提取点数=1
[2026-09-20 12:35:33] 避障检测路径段: 起点索引=85, 提取点数=200
[0m[ INFO] [1789878934.014738652]: local_x: -0.0296, local_y: 0.0436, gear: 2,  error_heading: -2.0772[0m
[2026-09-20 12:35:34] 还未完成转向!
[0m[ INFO] [1789878934.049199234]: 85 points is not droped, 4.1583, 3.1584, -1.8818, 2, 4.1699, 3.2098, 2.3242[0m
[2026-09-20 12:35:34] 控制路径段: 起点索引=85, 提取点数=1
[2026-09-20 12:35:34] 避障检测路径段: 起点索引=85, 提取点数=200
[0m[ INFO] [1789878934.107788324]: local_x: -0.0384, local_y: 0.0456, gear: 2,  error_heading: -2.0622[0m
[2026-09-20 12:35:34] 还未完成转向!
[0m[ INFO] [1789878934.148168777]: 85 points is not droped, 4.1583, 3.1584, -1.8818, 2, 4.1645, 3.2177, 2.3392[0m
[2026-09-20 12:35:34] 控制路径段: 起点索引=85, 提取点数=1
[2026-09-20 12:35:34] 避障检测路径段: 起点索引=85, 提取点数=200
[0m[ INFO] [1789878934.208818368]: local_x: -0.0458, local_y: 0.0493, gear: 2,  error_heading: -2.0483[0m
[2026-09-20 12:35:34] 还未完成转向!
[0m[ INFO] [1789878934.248445757]: 85 points is not droped, 4.1583, 3.1584, -1.8818, 2, 4.1610, 3.2257, 2.3531[0m
[2026-09-20 12:35:34] 控制路径段: 起点索引=85, 提取点数=1
[2026-09-20 12:35:34] 避障检测路径段: 起点索引=85, 提取点数=200
[0m[ INFO] [1789878934.307751590]: local_x: -0.0489, local_y: 0.0525, gear: 2,  error_heading: -2.0359[0m
[2026-09-20 12:35:34] 还未完成转向!
[0m[ INFO] [1789878934.348648208]: 85 points is not droped, 4.1583, 3.1584, -1.8818, 2, 4.1602, 3.2302, 2.3655[0m
[2026-09-20 12:35:34] 控制路径段: 起点索引=85, 提取点数=1
[2026-09-20 12:35:34] 避障检测路径段: 起点索引=85, 提取点数=200
[0m[ INFO] [1789878934.407749176]: local_x: -0.0769, local_y: 0.0589, gear: 2,  error_heading: -2.0189[0m
[2026-09-20 12:35:34] 还未完成转向!
[0m[ INFO] [1789878934.448416095]: 85 points is not droped, 4.1583, 3.1584, -1.8818, 2, 4.1430, 3.2541, 2.3825[0m
[2026-09-20 12:35:34] 控制路径段: 起点索引=85, 提取点数=1
[2026-09-20 12:35:34] 避障检测路径段: 起点索引=85, 提取点数=200
[0m[ INFO] [1789878934.507787305]: local_x: -0.0842, local_y: 0.0610, gear: 2,  error_heading: -1.9980[0m
[2026-09-20 12:35:34] 还未完成转向!
[0m[ INFO] [1789878934.548239822]: 85 points is not droped, 4.1583, 3.1584, -1.8818, 2, 4.1371, 3.2602, 2.4034[0m
[2026-09-20 12:35:34] 控制路径段: 起点索引=85, 提取点数=1
[2026-09-20 12:35:34] 避障检测路径段: 起点索引=85, 提取点数=200
[0m[ INFO] [1789878934.607798362]: local_x: -0.0909, local_y: 0.0662, gear: 2,  error_heading: -1.9724[0m
[2026-09-20 12:35:34] 还未完成转向!
[0m[ INFO] [1789878934.648292160]: 85 points is not droped, 4.1583, 3.1584, -1.8818, 2, 4.1328, 3.2679, 2.4291[0m
[2026-09-20 12:35:34] 控制路径段: 起点索引=85, 提取点数=1
[2026-09-20 12:35:34] 避障检测路径段: 起点索引=85, 提取点数=200
[0m[ INFO] [1789878934.707753771]: local_x: -0.0934, local_y: 0.0688, gear: 2,  error_heading: -1.9337[0m
[2026-09-20 12:35:34] 还未完成转向!
[0m[ INFO] [1789878934.748251665]: 85 points is not droped, 4.1583, 3.1584, -1.8818, 2, 4.1282, 3.2705, 2.4677[0m
[2026-09-20 12:35:34] 控制路径段: 起点索引=85, 提取点数=1
[2026-09-20 12:35:34] 避障检测路径段: 起点索引=85, 提取点数=200
[0m[ INFO] [1789878934.807755644]: local_x: -0.0924, local_y: 0.0754, gear: 2,  error_heading: -1.8736[0m
[2026-09-20 12:35:34] 还未完成转向!
[0m[ INFO] [1789878934.848593190]: 85 points is not droped, 4.1583, 3.1584, -1.8818, 2, 4.1263, 3.2732, 2.5278[0m
[2026-09-20 12:35:34] 控制路径段: 起点索引=85, 提取点数=1
[2026-09-20 12:35:34] 避障检测路径段: 起点索引=85, 提取点数=200
[0m[ INFO] [1789878934.907751885]: local_x: -0.0919, local_y: 0.0763, gear: 2,  error_heading: -1.8210[0m
[2026-09-20 12:35:34] 还未完成转向!
[0m[ INFO] [1789878934.948495030]: 85 points is not droped, 4.1583, 3.1584, -1.8818, 2, 4.1212, 3.2719, 2.5804[0m
[2026-09-20 12:35:34] 控制路径段: 起点索引=85, 提取点数=1
[2026-09-20 12:35:34] 避障检测路径段: 起点索引=85, 提取点数=200
[0m[ INFO] [1789878935.007715358]: local_x: -0.0879, local_y: 0.0883, gear: 2,  error_heading: -1.7721[0m
[2026-09-20 12:35:35] 还未完成转向!
[0m[ INFO] [1789878935.048322533]: 85 points is not droped, 4.1583, 3.1584, -1.8818, 2, 4.1250, 3.2784, 2.6293[0m
[2026-09-20 12:35:35] 控制路径段: 起点索引=85, 提取点数=1
[2026-09-20 12:35:35] 避障检测路径段: 起点索引=85, 提取点数=200
[0m[ INFO] [1789878935.107748432]: local_x: -0.0852, local_y: 0.0935, gear: 2,  error_heading: -1.7465[0m
[2026-09-20 12:35:35] 还未完成转向!
[0m[ INFO] [1789878935.148143956]: 85 points is not droped, 4.1583, 3.1584, -1.8818, 2, 4.1267, 3.2809, 2.6549[0m
[2026-09-20 12:35:35] 控制路径段: 起点索引=85, 提取点数=1
[2026-09-20 12:35:35] 避障检测路径段: 起点索引=85, 提取点数=200
[0m[ INFO] [1789878935.207746529]: local_x: -0.0835, local_y: 0.0945, gear: 2,  error_heading: -1.6991[0m
[2026-09-20 12:35:35] 还未完成转向!
[0m[ INFO] [1789878935.248181158]: 85 points is not droped, 4.1583, 3.1584, -1.8818, 2, 4.1229, 3.2794, 2.7023[0m
[2026-09-20 12:35:35] 控制路径段: 起点索引=85, 提取点数=1
[2026-09-20 12:35:35] 避障检测路径段: 起点索引=85, 提取点数=200
[0m[ INFO] [1789878935.307748146]: local_x: -0.1085, local_y: 0.0943, gear: 2,  error_heading: -1.6333