-16.2274,-13.1076,-0.438358,2,0
-16.001,-13.2137,-0.438358,1,0.223607
-15.7747,-13.3198,-0.438358,1,0.316228
-15.5483,-13.4259,-0.438358,1,0.387298
-15.322,-13.532,-0.438358,1,0.447214
-15.0956,-13.6381,-0.438358,1,0.5
-14.8692,-13.7443,-0.438358,1,0.547723
-14.6429,-13.8504,-0.438358,1,0.591608
-14.4165,-13.9565,-0.438358,1,0.632456
-14.1901,-14.0626,-0.438358,1,0.67082
-13.9638,-14.1687,-0.438358,1,0.707107
-13.7374,-14.2748,-0.438358,1,0.74162
-13.5111,-14.3809,-0.438358,1,0.774597
-13.2847,-14.4871,-0.438358,1,0.806226
-13.0583,-14.5932,-0.438358,1,0.83666
-12.832,-14.6993,-0.438358,1,0.866025
-12.6056,-14.8054,-0.438358,1,0.894427
-12.3792,-14.9115,-0.438358,1,0.921954
-12.1529,-15.0176,-0.438358,1,0.948683
-11.9265,-15.1237,-0.438358,1,0.974679
-11.7002,-15.2298,-0.438358,1,1
-11.4738,-15.336,-0.438358,1,1.0247
-11.2474,-15.4421,-0.438358,1,1.04881
-11.0211,-15.5482,-0.438358,1,1.07238
-10.7947,-15.6543,-0.438358,1,1.07238
-10.5683,-15.7604,-0.438358,1,1.04881
-10.342,-15.8665,-0.438358,1,1.0247
-10.1156,-15.9726,-0.438358,1,1
-9.88926,-16.0788,-0.438358,1,0.974679
-9.6629,-16.1849,-0.438358,1,0.948683
-9.43654,-16.291,-0.438358,1,0.921954
-9.21017,-16.3971,-0.438358,1,0.894427
-8.98381,-16.5032,-0.438358,1,0.866025
-8.75745,-16.6093,-0.438358,1,0.83666
-8.53109,-16.7154,-0.438358,1,0.806226
-8.30472,-16.8215,-0.438358,1,0.774597
-8.07836,-16.9277,-0.438358,1,0.74162
-7.852,-17.0338,-0.438358,1,0.707107
-7.62564,-17.1399,-0.438358,1,0.67082
-7.39928,-17.246,-0.438358,1,0.632456
-7.17291,-17.3521,-0.438358,1,0.591608
-6.94655,-17.4582,-0.438358,1,0.547723
-6.72019,-17.5643,-0.438358,1,0.25
-6.49383,-17.6705,-0.438358,1,0.25
-6.26746,-17.7766,-0.438358,1,0.25
-6.0411,-17.8827,-0.438358,1,0.25
-5.81474,-17.9888,-0.438358,1,0.25
-5.73001,-18.0285,-0.112192,2,0
-5.48159,-18.0565,-0.112192,1,0.25
-5.26808,-18.0806,0.669289,2,0
-5.07201,-17.9254,0.669289,1,0.25
-4.87595,-17.7703,0.669289,1,0.25
-4.74697,-17.6683,3.0294,2,0
-4.99539,-17.6403,3.0294,1,0.223607
-5.24382,-17.6123,3.0294,1,0.316228
-5.49225,-17.5843,3.0294,1,0.387298
-5.74068,-17.5563,3.0294,1,0.447214
-5.9891,-17.5284,3.0294,1,0.5
-6.23753,-17.5004,3.0294,1,0.547723
-6.48596,-17.4724,3.0294,1,0.591608
-6.73439,-17.4444,3.0294,1,0.632456
-6.98282,-17.4164,3.0294,1,0.67082
-7.23124,-17.3884,3.0294,1,0.707107
-7.47967,-17.3604,3.0294,1,0.67082
-7.7281,-17.3324,3.0294,1,0.632456
-7.97653,-17.3044,3.0294,1,0.591608
-8.22495,-17.2765,3.0294,1,0.547723
-8.47338,-17.2485,3.0294,1,0.25
-8.72181,-17.2205,3.0294,1,0.25
-8.97024,-17.1925,3.0294,1,0.25
-9.21867,-17.1645,3.0294,1,0.25
-9.46709,-17.1365,3.0294,1,0.25
-9.60872,-17.1206,2.91165,2,0
-9.85214,-17.0636,2.91165,1,0.223607
-10.0956,-17.0066,2.91165,1,0.316228
-10.339,-16.9496,2.91165,1,0.387298
-10.5824,-16.8926,2.91165,1,0.447214
-10.8258,-16.8356,2.91165,1,0.5
-11.0692,-16.7787,2.91165,1,0.547723
-11.3127,-16.7217,2.91165,1,0.591608
-11.5561,-16.6647,2.91165,1,0.632456
-11.7995,-16.6077,2.91165,1,0.591608
-12.0429,-16.5507,2.91165,1,0.547723
-12.2863,-16.4938,2.91165,1,0.25
-12.5298,-16.4368,2.91165,1,0.25
-12.7732,-16.3798,2.91165,1,0.25
-13.0166,-16.3228,2.91165,1,0.25
-13.26,-16.2658,2.91165,1,0.25
-13.4874,-16.2126,-0.112192,2,0
-13.239,-16.2406,-0.112192,1,0.223607
-12.9906,-16.2686,-0.112192,1,0.316228
-12.7422,-16.2966,-0.112192,1,0.387298
-12.4937,-16.3246,-0.112192,1,0.447214
-12.2453,-16.3525,-0.112192,1,0.5
-11.9969,-16.3805,-0.112192,1,0.547723
-11.7484,-16.4085,-0.112192,1,0.591608
-11.5,-16.4365,-0.112192,1,0.632456
-11.2516,-16.4645,-0.112192,1,0.67082
-11.0032,-16.4925,-0.112192,1,0.707107
-10.7547,-16.5205,-0.112192,1,0.74162
-10.5063,-16.5485,-0.112192,1,0.774597
-10.2579,-16.5765,-0.112192,1,0.806226
-10.0094,-16.6044,-0.112192,1,0.83666
-9.76102,-16.6324,-0.112192,1,0.866025
-9.51259,-16.6604,-0.112192,1,0.894427
-9.26416,-16.6884,-0.112192,1,0.921954
-9.01573,-16.7164,-0.112192,1,0.948683
-8.76731,-16.7444,-0.112192,1,0.974679
-8.51888,-16.7724,-0.112192,1,0.948683
-8.27045,-16.8004,-0.112192,1,0.921954
-8.02202,-16.8284,-0.112192,1,0.894427
-7.77359,-16.8563,-0.112192,1,0.866025
-7.52517,-16.8843,-0.112192,1,0.83666
-7.27674,-16.9123,-0.112192,1,0.806226
-7.02831,-16.9403,-0.112192,1,0.774597
-6.77988,-16.9683,-0.112192,1,0.74162
-6.53145,-16.9963,-0.112192,1,0.707107
-6.28303,-17.0243,-0.112192,1,0.67082
-6.0346,-17.0523,-0.112192,1,0.632456
-5.78617,-17.0803,-0.112192,1,0.591608
-5.53774,-17.1082,-0.112192,1,0.547723
-5.28931,-17.1362,-0.112192,1,0.25
-5.04089,-17.1642,-0.112192,1,0.25
-4.79246,-17.1922,-0.112192,1,0.25
-4.54403,-17.2202,-0.112192,1,0.25
-4.2956,-17.2482,-0.112192,1,0.25
-4.22585,-17.2561,0.669289,2,0
-4.02979,-17.1009,0.669289,1,0.25
-3.83373,-16.9458,0.669289,1,0.25
-3.70474,-16.8438,3.0294,2,0
-3.95317,-16.8158,3.0294,1,0.223607
-4.2016,-16.7878,3.0294,1,0.316228
-4.45003,-16.7598,3.0294,1,0.387298
-4.69845,-16.7318,3.0294,1,0.447214
-4.94688,-16.7039,3.0294,1,0.5
-5.19531,-16.6759,3.0294,1,0.547723
-5.44374,-16.6479,3.0294,1,0.591608
-5.69217,-16.6199,3.0294,1,0.632456
-5.9406,-16.5919,3.0294,1,0.67082
-6.18902,-16.5639,3.0294,1,0.707107
-6.43745,-16.5359,3.0294,1,0.74162
-6.68588,-16.5079,3.0294,1,0.774597
-6.93431,-16.4799,3.0294,1,0.806226
-7.18274,-16.452,3.0294,1,0.83666
-7.43116,-16.424,3.0294,1,0.866025
-7.67959,-16.396,3.0294,1,0.894427
-7.92802,-16.368,3.0294,1,0.921954
-8.17645,-16.34,3.0294,1,0.948683
-8.42488,-16.312,3.0294,1,0.974679
-8.6733,-16.284,3.0294,1,1
-8.92173,-16.256,3.0294,1,1.0247
-9.17016,-16.228,3.0294,1,1.04881
-9.41859,-16.2001,3.0294,1,1.07238
-9.66702,-16.1721,3.0294,1,1.09545
-9.91545,-16.1441,3.0294,1,1.11803
-10.1639,-16.1161,3.0294,1,1.14018
-10.4123,-16.0881,3.0294,1,1.1619
-10.6607,-16.0601,3.0294,1,1.1619
-10.9092,-16.0321,3.0294,1,1.14018
-11.1576,-16.0041,3.0294,1,1.11803
-11.406,-15.9761,3.0294,1,1.09545
-11.6544,-15.9482,3.0294,1,1.07238
-11.9029,-15.9202,3.0294,1,1.04881
-12.1513,-15.8922,3.0294,1,1.0247
-12.3997,-15.8642,3.0294,1,1
-12.6482,-15.8362,3.0294,1,0.974679
-12.8966,-15.8082,3.0294,1,0.948683
-13.145,-15.7802,3.0294,1,0.921954
-13.3934,-15.7522,3.0294,1,0.894427
-13.6419,-15.7242,3.0294,1,0.866025
-13.8903,-15.6962,3.0294,1,0.83666
-14.1387,-15.6683,3.0294,1,0.806226
-14.3872,-15.6403,3.0294,1,0.774597
-14.6356,-15.6123,3.0294,1,0.74162
-14.884,-15.5843,3.0294,1,0.707107
-15.1324,-15.5563,3.0294,1,0.67082
-15.3809,-15.5283,3.0294,1,0.632456
-15.6293,-15.5003,3.0294,1,0.591608
-15.8777,-15.4723,3.0294,1,0.547723
-16.1261,-15.4443,3.0294,1,0.25
-16.3746,-15.4164,3.0294,1,0.25
-16.623,-15.3884,3.0294,1,0.25
-16.8714,-15.3604,3.0294,1,0.25
-17.1199,-15.3324,3.0294,1,0.25
-17.3662,-15.3046,2.73374,2,0
-17.5956,-15.2055,2.73374,1,0.223607
-17.8251,-15.1063,2.73374,1,0.25
-18.0546,-15.0072,2.73374,1,0.25
-18.2841,-14.908,2.73374,1,0.25
-18.5136,-14.8088,2.73374,1,0.25
-18.7431,-14.7097,2.73374,1,0.25
-18.8406,-14.6676,-0.112192,2,0
-18.5922,-14.6956,-0.112192,1,0.223607
-18.3437,-14.7235,-0.112192,1,0.316228
-18.0953,-14.7515,-0.112192,1,0.387298
-17.8469,-14.7795,-0.112192,1,0.447214
-17.5984,-14.8075,-0.112192,1,0.5
-17.35,-14.8355,-0.112192,1,0.547723
-17.1016,-14.8635,-0.112192,1,0.591608
-16.8532,-14.8915,-0.112192,1,0.632456
-16.6047,-14.9195,-0.112192,1,0.67082
-16.3563,-14.9475,-0.112192,1,0.707107
-16.1079,-14.9754,-0.112192,1,0.74162
-15.8594,-15.0034,-0.112192,1,0.774597
-15.611,-15.0314,-0.112192,1,0.806226
-15.3626,-15.0594,-0.112192,1,0.83666
-15.1142,-15.0874,-0.112192,1,0.866025
-14.8657,-15.1154,-0.112192,1,0.894427
-14.6173,-15.1434,-0.112192,1,0.921954
-14.3689,-15.1714,-0.112192,1,0.948683
-14.1204,-15.1994,-0.112192,1,0.974679
-13.872,-15.2273,-0.112192,1,1
-13.6236,-15.2553,-0.112192,1,1.0247
-13.3752,-15.2833,-0.112192,1,1.04881
-13.1267,-15.3113,-0.112192,1,1.07238
-12.8783,-15.3393,-0.112192,1,1.09545
-12.6299,-15.3673,-0.112192,1,1.11803
-12.3814,-15.3953,-0.112192,1,1.14018
-12.133,-15.4233,-0.112192,1,1.1619
-11.8846,-15.4513,-0.112192,1,1.18322
-11.6362,-15.4792,-0.112192,1,1.20416
-11.3877,-15.5072,-0.112192,1,1.22474
-11.1393,-15.5352,-0.112192,1,1.24499
-10.8909,-15.5632,-0.112192,1,1.26491
-10.6425,-15.5912,-0.112192,1,1.24499
-10.394,-15.6192,-0.112192,1,1.22474
-10.1456,-15.6472,-0.112192,1,1.20416
-9.89717,-15.6752,-0.112192,1,1.18322
-9.64874,-15.7032,-0.112192,1,1.1619
-9.40031,-15.7312,-0.112192,1,1.14018
-9.15188,-15.7591,-0.112192,1,1.11803
-8.90345,-15.7871,-0.112192,1,1.09545
-8.65503,-15.8151,-0.112192,1,1.07238
-8.4066,-15.8431,-0.112192,1,1.04881
-8.15817,-15.8711,-0.112192,1,1.0247
-7.90974,-15.8991,-0.112192,1,1
-7.66131,-15.9271,-0.112192,1,0.974679
-7.41289,-15.9551,-0.112192,1,0.948683
-7.16446,-15.9831,-0.112192,1,0.921954
-6.91603,-16.011,-0.112192,1,0.894427
-6.6676,-16.039,-0.112192,1,0.866025
-6.41917,-16.067,-0.112192,1,0.83666
-6.17075,-16.095,-0.112192,1,0.806226
-5.92232,-16.123,-0.112192,1,0.774597
-5.67389,-16.151,-0.112192,1,0.74162
-5.42546,-16.179,-0.112192,1,0.707107
-5.17703,-16.207,-0.112192,1,0.67082
-4.92861,-16.235,-0.112192,1,0.632456
-4.68018,-16.2629,-0.112192,1,0.591608
-4.43175,-16.2909,-0.112192,1,0.547723
-4.18332,-16.3189,-0.112192,1,0.25
-3.93489,-16.3469,-0.112192,1,0.25
-3.68646,-16.3749,-0.112192,1,0.25
-3.43804,-16.4029,-0.112192,1,0.25
-3.18961,-16.4309,-0.112192,1,0.25
-3.18363,-16.4316,0.669289,2,0
-2.98757,-16.2764,0.669289,1,0.25
-2.79151,-16.1213,0.669289,1,0.25
-2.66252,-16.0193,3.0294,2,0
-2.91095,-15.9913,3.0294,1,0.223607
-3.15938,-15.9633,3.0294,1,0.316228
-3.4078,-15.9353,3.0294,1,0.387298
-3.65623,-15.9073,3.0294,1,0.447214
-3.90466,-15.8794,3.0294,1,0.5
-4.15309,-15.8514,3.0294,1,0.547723
-4.40152,-15.8234,3.0294,1,0.591608
-4.64994,-15.7954,3.0294,1,0.632456
-4.89837,-15.7674,3.0294,1,0.67082
-5.1468,-15.7394,3.0294,1,0.707107
-5.39523,-15.7114,3.0294,1,0.74162
-5.64366,-15.6834,3.0294,1,0.774597
-5.89209,-15.6554,3.0294,1,0.806226
-6.14051,-15.6275,3.0294,1,0.83666
-6.38894,-15.5995,3.0294,1,0.866025
-6.63737,-15.5715,3.0294,1,0.894427
-6.8858,-15.5435,3.0294,1,0.921954
-7.13423,-15.5155,3.0294,1,0.948683
-7.38265,-15.4875,3.0294,1,0.974679
-7.63108,-15.4595,3.0294,1,1
-7.87951,-15.4315,3.0294,1,1.0247
-8.12794,-15.4035,3.0294,1,1.04881
-8.37637,-15.3756,3.0294,1,1.07238
-8.62479,-15.3476,3.0294,1,1.09545
-8.87322,-15.3196,3.0294,1,1.11803
-9.12165,-15.2916,3.0294,1,1.14018
-9.37008,-15.2636,3.0294,1,1.1619
-9.61851,-15.2356,3.0294,1,1.18322
-9.86693,-15.2076,3.0294,1,1.20416
-10.1154,-15.1796,3.0294,1,1.22474
-10.3638,-15.1516,3.0294,1,1.24499
-10.6122,-15.1237,3.0294,1,1.26491
-10.8606,-15.0957,3.0294,1,1.28452
-11.1091,-15.0677,3.0294,1,1.30384
-11.3575,-15.0397,3.0294,1,1.28452
-11.6059,-15.0117,3.0294,1,1.26491
-11.8544,-14.9837,3.0294,1,1.24499
-12.1028,-14.9557,3.0294,1,1.22474
-12.3512,-14.9277,3.0294,1,1.20416
-12.5996,-14.8997,3.0294,1,1.18322
-12.8481,-14.8717,3.0294,1,1.1619
-13.0965,-14.8438,3.0294,1,1.14018
-13.3449,-14.8158,3.0294,1,1.11803
-13.5934,-14.7878,3.0294,1,1.09545
-13.8418,-14.7598,3.0294,1,1.07238
-14.0902,-14.7318,3.0294,1,1.04881
-14.3386,-14.7038,3.0294,1,1.0247
-14.5871,-14.6758,3.0294,1,1
-14.8355,-14.6478,3.0294,1,0.974679
-15.0839,-14.6198,3.0294,1,0.948683
-15.3324,-14.5919,3.0294,1,0.921954
-15.5808,-14.5639,3.0294,1,0.894427
-15.8292,-14.5359,3.0294,1,0.866025
-16.0776,-14.5079,3.0294,1,0.83666
-16.3261,-14.4799,3.0294,1,0.806226
-16.5745,-14.4519,3.0294,1,0.774597
-16.8229,-14.4239,3.0294,1,0.74162
-17.0714,-14.3959,3.0294,1,0.707107
-17.3198,-14.3679,3.0294,1,0.67082
-17.5682,-14.34,3.0294,1,0.632456
-17.8166,-14.312,3.0294,1,0.591608
-18.0651,-14.284,3.0294,1,0.547723
-18.3135,-14.256,3.0294,1,0.25
-18.5619,-14.228,3.0294,1,0.25
-18.8103,-14.2,3.0294,1,0.25
-19.0588,-14.172,3.0294,1,0.25
-19.3072,-14.144,3.0294,1,0.25
-19.3276,-14.1417,2.3179,2,0
-19.4975,-13.9583,2.3179,1,0.25
-19.6674,-13.7749,2.3179,1,0.25
-19.8146,-13.6159,-0.112192,2,0
-19.5662,-13.6439,-0.112192,1,0.223607
-19.3178,-13.6719,-0.112192,1,0.316228
-19.0694,-13.6999,-0.112192,1,0.387298
-18.8209,-13.7279,-0.112192,1,0.447214
-18.5725,-13.7558,-0.112192,1,0.5
-18.3241,-13.7838,-0.112192,1,0.547723
-18.0756,-13.8118,-0.112192,1,0.591608
-17.8272,-13.8398,-0.112192,1,0.632456
-17.5788,-13.8678,-0.112192,1,0.67082
-17.3304,-13.8958,-0.112192,1,0.707107
-17.0819,-13.9238,-0.112192,1,0.74162
-16.8335,-13.9518,-0.112192,1,0.774597
-16.5851,-13.9798,-0.112192,1,0.806226
-16.3366,-14.0077,-0.112192,1,0.83666
-16.0882,-14.0357,-0.112192,1,0.866025
-15.8398,-14.0637,-0.112192,1,0.894427
-15.5914,-14.0917,-0.112192,1,0.921954
-15.3429,-14.1197,-0.112192,1,0.948683
-15.0945,-14.1477,-0.112192,1,0.974679
-14.8461,-14.1757,-0.112192,1,1
-14.5976,-14.2037,-0.112192,1,1.0247
-14.3492,-14.2317,-0.112192,1,1.04881
-14.1008,-14.2597,-0.112192,1,1.07238
-13.8524,-14.2876,-0.112192,1,1.09545
-13.6039,-14.3156,-0.112192,1,1.11803
-13.3555,-14.3436,-0.112192,1,1.14018
-13.1071,-14.3716,-0.112192,1,1.1619
-12.8587,-14.3996,-0.112192,1,1.18322
-12.6102,-14.4276,-0.112192,1,1.20416
-12.3618,-14.4556,-0.112192,1,1.22474
-12.1134,-14.4836,-0.112192,1,1.24499
-11.8649,-14.5116,-0.112192,1,1.26491
-11.6165,-14.5395,-0.112192,1,1.28452
-11.3681,-14.5675,-0.112192,1,1.30384
-11.1197,-14.5955,-0.112192,1,1.32288
-10.8712,-14.6235,-0.112192,1,1.34164
-10.6228,-14.6515,-0.112192,1,1.32288
-10.3744,-14.6795,-0.112192,1,1.30384
-10.1259,-14.7075,-0.112192,1,1.28452
-9.87751,-14.7355,-0.112192,1,1.26491
-9.62909,-14.7635,-0.112192,1,1.24499
-9.38066,-14.7914,-0.112192,1,1.22474
-9.13223,-14.8194,-0.112192,1,1.20416
-8.8838,-14.8474,-0.112192,1,1.18322
-8.63537,-14.8754,-0.112192,1,1.1619
-8.38694,-14.9034,-0.112192,1,1.14018
-8.13852,-14.9314,-0.112192,1,1.11803
-7.89009,-14.9594,-0.112192,1,1.09545
-7.64166,-14.9874,-0.112192,1,1.07238
-7.39323,-15.0154,-0.112192,1,1.04881
-7.1448,-15.0433,-0.112192,1,1.0247
-6.89638,-15.0713,-0.112192,1,1
-6.64795,-15.0993,-0.112192,1,0.974679
-6.39952,-15.1273,-0.112192,1,0.948683
-6.15109,-15.1553,-0.112192,1,0.921954
-5.90266,-15.1833,-0.112192,1,0.894427
-5.65423,-15.2113,-0.112192,1,0.866025
-5.40581,-15.2393,-0.112192,1,0.83666
-5.15738,-15.2673,-0.112192,1,0.806226
-4.90895,-15.2952,-0.112192,1,0.774597
-4.66052,-15.3232,-0.112192,1,0.74162
-4.41209,-15.3512,-0.112192,1,0.707107
-4.16367,-15.3792,-0.112192,1,0.67082
-3.91524,-15.4072,-0.112192,1,0.632456
-3.66681,-15.4352,-0.112192,1,0.591608
-3.41838,-15.4632,-0.112192,1,0.547723
-3.16995,-15.4912,-0.112192,1,0.25
-2.92153,-15.5192,-0.112192,1,0.25
-2.6731,-15.5472,-0.112192,1,0.25
-2.42467,-15.5751,-0.112192,1,0.25
-2.17624,-15.6031,-0.112192,1,0.25
-2.14141,-15.6071,0.669289,2,0
-1.94534,-15.4519,0.669289,1,0.25
-1.74928,-15.2968,0.669289,1,0.25
-1.6203,-15.1948,3.0294,2,0
-1.86872,-15.1668,3.0294,1,0.223607
-2.11715,-15.1388,3.0294,1,0.316228
-2.36558,-15.1108,3.0294,1,0.387298
-2.61401,-15.0828,3.0294,1,0.447214
-2.86244,-15.0549,3.0294,1,0.5
-3.11087,-15.0269,3.0294,1,0.547723
-3.35929,-14.9989,3.0294,1,0.591608
-3.60772,-14.9709,3.0294,1,0.632456
-3.85615,-14.9429,3.0294,1,0.67082
-4.10458,-14.9149,3.0294,1,0.707107
-4.35301,-14.8869,3.0294,1,0.74162
-4.60143,-14.8589,3.0294,1,0.774597
-4.84986,-14.8309,3.0294,1,0.806226
-5.09829,-14.803,3.0294,1,0.83666
-5.34672,-14.775,3.0294,1,0.866025
-5.59515,-14.747,3.0294,1,0.894427
-5.84357,-14.719,3.0294,1,0.921954
-6.092,-14.691,3.0294,1,0.948683
-6.34043,-14.663,3.0294,1,0.974679
-6.58886,-14.635,3.0294,1,1
-6.83729,-14.607,3.0294,1,1.0247
-7.08572,-14.579,3.0294,1,1.04881
-7.33414,-14.5511,3.0294,1,1.07238
-7.58257,-14.5231,3.0294,1,1.09545
-7.831,-14.4951,3.0294,1,1.11803
-8.07943,-14.4671,3.0294,1,1.14018
-8.32786,-14.4391,3.0294,1,1.1619
-8.57628,-14.4111,3.0294,1,1.18322
-8.82471,-14.3831,3.0294,1,1.20416
-9.07314,-14.3551,3.0294,1,1.22474
-9.32157,-14.3271,3.0294,1,1.24499
-9.57,-14.2992,3.0294,1,1.26491
-9.81843,-14.2712,3.0294,1,1.28452
-10.0669,-14.2432,3.0294,1,1.30384
-10.3153,-14.2152,3.0294,1,1.32288
-10.5637,-14.1872,3.0294,1,1.34164
-10.8121,-14.1592,3.0294,1,1.36015
-11.0606,-14.1312,3.0294,1,1.3784
-11.309,-14.1032,3.0294,1,1.36015
-11.5574,-14.0752,3.0294,1,1.34164
-11.8059,-14.0472,3.0294,1,1.32288
-12.0543,-14.0193,3.0294,1,1.30384
-12.3027,-13.9913,3.0294,1,1.28452
-12.5511,-13.9633,3.0294,1,1.26491
-12.7996,-13.9353,3.0294,1,1.24499
-13.048,-13.9073,3.0294,1,1.22474
-13.2964,-13.8793,3.0294,1,1.20416
-13.5448,-13.8513,3.0294,1,1.18322
-13.7933,-13.8233,3.0294,1,1.1619
-14.0417,-13.7953,3.0294,1,1.14018
-14.2901,-13.7674,3.0294,1,1.11803
-14.5386,-13.7394,3.0294,1,1.09545
-14.787,-13.7114,3.0294,1,1.07238
-15.0354,-13.6834,3.0294,1,1.04881
-15.2838,-13.6554,3.0294,1,1.0247
-15.5323,-13.6274,3.0294,1,1
-15.7807,-13.5994,3.0294,1,0.974679
-16.0291,-13.5714,3.0294,1,0.948683
-16.2776,-13.5434,3.0294,1,0.921954
-16.526,-13.5155,3.0294,1,0.894427
-16.7744,-13.4875,3.0294,1,0.866025
-17.0228,-13.4595,3.0294,1,0.83666
-17.2713,-13.4315,3.0294,1,0.806226
-17.5197,-13.4035,3.0294,1,0.774597
-17.7681,-13.3755,3.0294,1,0.74162
-18.0166,-13.3475,3.0294,1,0.707107
-18.265,-13.3195,3.0294,1,0.67082
-18.5134,-13.2915,3.0294,1,0.632456
-18.7618,-13.2636,3.0294,1,0.591608
-19.0103,-13.2356,3.0294,1,0.547723
-19.2587,-13.2076,3.0294,1,0.25
-19.5071,-13.1796,3.0294,1,0.25
-19.7556,-13.1516,3.0294,1,0.25
-20.004,-13.1236,3.0294,1,0.25
-20.2524,-13.0956,3.0294,1,0.25
-20.3017,-13.0901,2.3179,2,0
-20.4715,-12.9067,2.3179,1,0.25
-20.6414,-12.7232,2.3179,1,0.25
-20.7887,-12.5642,-0.112192,2,0
-20.5403,-12.5922,-0.112192,1,0.223607
-20.2918,-12.6202,-0.112192,1,0.316228
-20.0434,-12.6482,-0.112192,1,0.387298
-19.795,-12.6762,-0.112192,1,0.447214
-19.5466,-12.7042,-0.112192,1,0.5
-19.2981,-12.7322,-0.112192,1,0.547723
-19.0497,-12.7602,-0.112192,1,0.591608
-18.8013,-12.7882,-0.112192,1,0.632456
-18.5528,-12.8161,-0.112192,1,0.67082
-18.3044,-12.8441,-0.112192,1,0.707107
-18.056,-12.8721,-0.112192,1,0.74162
-17.8076,-12.9001,-0.112192,1,0.774597
-17.5591,-12.9281,-0.112192,1,0.806226
-17.3107,-12.9561,-0.112192,1,0.83666
-17.0623,-12.9841,-0.112192,1,0.866025
-16.8138,-13.0121,-0.112192,1,0.894427
-16.5654,-13.0401,-0.112192,1,0.921954
-16.317,-13.068,-0.112192,1,0.948683
-16.0686,-13.096,-0.112192,1,0.974679
-15.8201,-13.124,-0.112192,1,1
-15.5717,-13.152,-0.112192,1,1.0247
-15.3233,-13.18,-0.112192,1,1.04881
-15.0749,-13.208,-0.112192,1,1.07238
-14.8264,-13.236,-0.112192,1,1.09545
-14.578,-13.264,-0.112192,1,1.11803
-14.3296,-13.292,-0.112192,1,1.14018
-14.0811,-13.3199,-0.112192,1,1.1619
-13.8327,-13.3479,-0.112192,1,1.18322
-13.5843,-13.3759,-0.112192,1,1.20416
-13.3359,-13.4039,-0.112192,1,1.22474
-13.0874,-13.4319,-0.112192,1,1.24499
-12.839,-13.4599,-0.112192,1,1.26491
-12.5906,-13.4879,-0.112192,1,1.28452
-12.3421,-13.5159,-0.112192,1,1.30384
-12.0937,-13.5439,-0.112192,1,1.32288
-11.8453,-13.5718,-0.112192,1,1.34164
-11.5969,-13.5998,-0.112192,1,1.36015
-11.3484,-13.6278,-0.112192,1,1.3784
-11.1,-13.6558,-0.112192,1,1.39642
-10.8516,-13.6838,-0.112192,1,1.4
-10.6031,-13.7118,-0.112192,1,1.39642
-10.3547,-13.7398,-0.112192,1,1.3784
-10.1063,-13.7678,-0.112192,1,1.36015
-9.85786,-13.7958,-0.112192,1,1.34164
-9.60943,-13.8237,-0.112192,1,1.32288
-9.361,-13.8517,-0.112192,1,1.30384
-9.11257,-13.8797,-0.112192,1,1.28452
-8.86415,-13.9077,-0.112192,1,1.26491
-8.61572,-13.9357,-0.112192,1,1.24499
-8.36729,-13.9637,-0.112192,1,1.22474
-8.11886,-13.9917,-0.112192,1,1.20416
-7.87043,-14.0197,-0.112192,1,1.18322
-7.62201,-14.0477,-0.112192,1,1.1619
-7.37358,-14.0757,-0.112192,1,1.14018
-7.12515,-14.1036,-0.112192,1,1.11803
-6.87672,-14.1316,-0.112192,1,1.09545
-6.62829,-14.1596,-0.112192,1,1.07238
-6.37986,-14.1876,-0.112192,1,1.04881
-6.13144,-14.2156,-0.112192,1,1.0247
-5.88301,-14.2436,-0.112192,1,1
-5.63458,-14.2716,-0.112192,1,0.974679
-5.38615,-14.2996,-0.112192,1,0.948683
-5.13772,-14.3276,-0.112192,1,0.921954
-4.8893,-14.3555,-0.112192,1,0.894427
-4.64087,-14.3835,-0.112192,1,0.866025
-4.39244,-14.4115,-0.112192,1,0.83666
-4.14401,-14.4395,-0.112192,1,0.806226
-3.89558,-14.4675,-0.112192,1,0.774597
-3.64716,-14.4955,-0.112192,1,0.74162
-3.39873,-14.5235,-0.112192,1,0.707107
-3.1503,-14.5515,-0.112192,1,0.67082
-2.90187,-14.5795,-0.112192,1,0.632456
-2.65344,-14.6074,-0.112192,1,0.591608
-2.40501,-14.6354,-0.112192,1,0.547723
-2.15659,-14.6634,-0.112192,1,0.25
-1.90816,-14.6914,-0.112192,1,0.25
-1.65973,-14.7194,-0.112192,1,0.25
-1.4113,-14.7474,-0.112192,1,0.25
-1.16287,-14.7754,-0.112192,1,0.25
-1.09918,-14.7826,0.669289,2,0
-0.903122,-14.6274,0.669289,1,0.25
-0.707059,-14.4723,0.669289,1,0.25
-0.578073,-14.3703,3.0294,2,0
-0.826501,-14.3423,3.0294,1,0.223607
-1.07493,-14.3143,3.0294,1,0.316228
-1.32336,-14.2863,3.0294,1,0.387298
-1.57179,-14.2583,3.0294,1,0.447214
-1.82021,-14.2304,3.0294,1,0.5
-2.06864,-14.2024,3.0294,1,0.547723
-2.31707,-14.1744,3.0294,1,0.591608
-2.5655,-14.1464,3.0294,1,0.632456
-2.81393,-14.1184,3.0294,1,0.67082
-3.06235,-14.0904,3.0294,1,0.707107
-3.31078,-14.0624,3.0294,1,0.74162
-3.55921,-14.0344,3.0294,1,0.774597
-3.80764,-14.0064,3.0294,1,0.806226
-4.05607,-13.9785,3.0294,1,0.83666
-4.3045,-13.9505,3.0294,1,0.866025
-4.55292,-13.9225,3.0294,1,0.894427
-4.80135,-13.8945,3.0294,1,0.921954
-5.04978,-13.8665,3.0294,1,0.948683
-5.29821,-13.8385,3.0294,1,0.974679
-5.54664,-13.8105,3.0294,1,1
-5.79506,-13.7825,3.0294,1,1.0247
-6.04349,-13.7545,3.0294,1,1.04881
-6.29192,-13.7266,3.0294,1,1.07238
-6.54035,-13.6986,3.0294,1,1.09545
-6.78878,-13.6706,3.0294,1,1.11803
-7.03721,-13.6426,3.0294,1,1.14018
-7.28563,-13.6146,3.0294,1,1.1619
-7.53406,-13.5866,3.0294,1,1.18322
-7.78249,-13.5586,3.0294,1,1.20416
-8.03092,-13.5306,3.0294,1,1.22474
-8.27935,-13.5026,3.0294,1,1.24499
-8.52777,-13.4747,3.0294,1,1.26491
-8.7762,-13.4467,3.0294,1,1.28452
-9.02463,-13.4187,3.0294,1,1.30384
-9.27306,-13.3907,3.0294,1,1.32288
-9.52149,-13.3627,3.0294,1,1.34164
-9.76991,-13.3347,3.0294,1,1.36015
-10.0183,-13.3067,3.0294,1,1.3784
-10.2668,-13.2787,3.0294,1,1.39642
-10.5152,-13.2507,3.0294,1,1.4
-10.7636,-13.2227,3.0294,1,1.4
-11.0121,-13.1948,3.0294,1,1.4
-11.2605,-13.1668,3.0294,1,1.4
-11.5089,-13.1388,3.0294,1,1.4
-11.7573,-13.1108,3.0294,1,1.39642
-12.0058,-13.0828,3.0294,1,1.3784
-12.2542,-13.0548,3.0294,1,1.36015
-12.5026,-13.0268,3.0294,1,1.34164
-12.7511,-12.9988,3.0294,1,1.32288
-12.9995,-12.9708,3.0294,1,1.30384
-13.2479,-12.9429,3.0294,1,1.28452
-13.4963,-12.9149,3.0294,1,1.26491
-13.7448,-12.8869,3.0294,1,1.24499
-13.9932,-12.8589,3.0294,1,1.22474
-14.2416,-12.8309,3.0294,1,1.20416
-14.4901,-12.8029,3.0294,1,1.18322
-14.7385,-12.7749,3.0294,1,1.1619
-14.9869,-12.7469,3.0294,1,1.14018
-15.2353,-12.7189,3.0294,1,1.11803
-15.4838,-12.691,3.0294,1,1.09545
-15.7322,-12.663,3.0294,1,1.07238
-15.9806,-12.635,3.0294,1,1.04881
-16.229,-12.607,3.0294,1,1.0247
-16.4775,-12.579,3.0294,1,1
-16.7259,-12.551,3.0294,1,0.974679
-16.9743,-12.523,3.0294,1,0.948683
-17.2228,-12.495,3.0294,1,0.921954
-17.4712,-12.467,3.0294,1,0.894427
-17.7196,-12.4391,3.0294,1,0.866025
-17.968,-12.4111,3.0294,1,0.83666
-18.2165,-12.3831,3.0294,1,0.806226
-18.4649,-12.3551,3.0294,1,0.774597
-18.7133,-12.3271,3.0294,1,0.74162
-18.9618,-12.2991,3.0294,1,0.707107
-19.2102,-12.2711,3.0294,1,0.67082
-19.4586,-12.2431,3.0294,1,0.632456
-19.707,-12.2151,3.0294,1,0.591608
-19.9555,-12.1872,3.0294,1,0.547723
-20.2039,-12.1592,3.0294,1,0.25
-20.4523,-12.1312,3.0294,1,0.25
-20.7008,-12.1032,3.0294,1,0.25
-20.9492,-12.0752,3.0294,1,0.25
-21.1976,-12.0472,3.0294,1,0.25
-21.2757,-12.0384,2.29048,2,0
-21.4405,-11.8504,2.29048,1,0.25
-21.6053,-11.6624,2.29048,1,0.25
-21.7338,-11.5158,-0.112192,2,0
-21.4853,-11.5438,-0.112192,1,0.223607
-21.2369,-11.5718,-0.112192,1,0.316228
-20.9885,-11.5998,-0.112192,1,0.387298
-20.74,-11.6278,-0.112192,1,0.447214
-20.4916,-11.6558,-0.112192,1,0.5
-20.2432,-11.6838,-0.112192,1,0.547723
-19.9948,-11.7118,-0.112192,1,0.591608
-19.7463,-11.7398,-0.112192,1,0.632456
-19.4979,-11.7677,-0.112192,1,0.67082
-19.2495,-11.7957,-0.112192,1,0.707107
-19.001,-11.8237,-0.112192,1,0.74162
-18.7526,-11.8517,-0.112192,1,0.774597
-18.5042,-11.8797,-0.112192,1,0.806226
-18.2558,-11.9077,-0.112192,1,0.83666
-18.0073,-11.9357,-0.112192,1,0.866025
-17.7589,-11.9637,-0.112192,1,0.894427
-17.5105,-11.9917,-0.112192,1,0.921954
-17.2621,-12.0196,-0.112192,1,0.948683
-17.0136,-12.0476,-0.112192,1,0.974679
-16.7652,-12.0756,-0.112192,1,1
-16.5168,-12.1036,-0.112192,1,1.0247
-16.2683,-12.1316,-0.112192,1,1.04881
-16.0199,-12.1596,-0.112192,1,1.07238
-15.7715,-12.1876,-0.112192,1,1.09545
-15.5231,-12.2156,-0.112192,1,1.11803
-15.2746,-12.2436,-0.112192,1,1.14018
-15.0262,-12.2715,-0.112192,1,1.1619
-14.7778,-12.2995,-0.112192,1,1.18322
-14.5293,-12.3275,-0.112192,1,1.20416
-14.2809,-12.3555,-0.112192,1,1.22474
-14.0325,-12.3835,-0.112192,1,1.24499
-13.7841,-12.4115,-0.112192,1,1.26491
-13.5356,-12.4395,-0.112192,1,1.28452
-13.2872,-12.4675,-0.112192,1,1.30384
-13.0388,-12.4955,-0.112192,1,1.32288
-12.7903,-12.5234,-0.112192,1,1.34164
-12.5419,-12.5514,-0.112192,1,1.36015
-12.2935,-12.5794,-0.112192,1,1.3784
-12.0451,-12.6074,-0.112192,1,1.39642
-11.7966,-12.6354,-0.112192,1,1.4
-11.5482,-12.6634,-0.112192,1,1.4
-11.2998,-12.6914,-0.112192,1,1.4
-11.0513,-12.7194,-0.112192,1,1.4
-10.8029,-12.7474,-0.112192,1,1.4
-10.5545,-12.7754,-0.112192,1,1.4
-10.3061,-12.8033,-0.112192,1,1.4
-10.0576,-12.8313,-0.112192,1,1.4
-9.80921,-12.8593,-0.112192,1,1.4
-9.56078,-12.8873,-0.112192,1,1.39642
-9.31235,-12.9153,-0.112192,1,1.3784
-9.06392,-12.9433,-0.112192,1,1.36015
-8.81549,-12.9713,-0.112192,1,1.34164
-8.56707,-12.9993,-0.112192,1,1.32288
-8.31864,-13.0273,-0.112192,1,1.30384
-8.07021,-13.0552,-0.112192,1,1.28452
-7.82178,-13.0832,-0.112192,1,1.26491
-7.57335,-13.1112,-0.112192,1,1.24499
-7.32492,-13.1392,-0.112192,1,1.22474
-7.0765,-13.1672,-0.112192,1,1.20416
-6.82807,-13.1952,-0.112192,1,1.18322
-6.57964,-13.2232,-0.112192,1,1.1619
-6.33121,-13.2512,-0.112192,1,1.14018
-6.08278,-13.2792,-0.112192,1,1.11803
-5.83436,-13.3071,-0.112192,1,1.09545
-5.58593,-13.3351,-0.112192,1,1.07238
-5.3375,-13.3631,-0.112192,1,1.04881
-5.08907,-13.3911,-0.112192,1,1.0247
-4.84064,-13.4191,-0.112192,1,1
-4.59221,-13.4471,-0.112192,1,0.974679
-4.34379,-13.4751,-0.112192,1,0.948683
-4.09536,-13.5031,-0.112192,1,0.921954
-3.84693,-13.5311,-0.112192,1,0.894427
-3.5985,-13.559,-0.112192,1,0.866025
-3.35007,-13.587,-0.112192,1,0.83666
-3.10165,-13.615,-0.112192,1,0.806226
-2.85322,-13.643,-0.112192,1,0.774597
-2.60479,-13.671,-0.112192,1,0.74162
-2.35636,-13.699,-0.112192,1,0.707107
-2.10793,-13.727,-0.112192,1,0.67082
-1.8595,-13.755,-0.112192,1,0.632456
-1.61108,-13.783,-0.112192,1,0.591608
-1.36265,-13.8109,-0.112192,1,0.547723
-1.11422,-13.8389,-0.112192,1,0.25
-0.865792,-13.8669,-0.112192,1,0.25
-0.617364,-13.8949,-0.112192,1,0.25
-0.368936,-13.9229,-0.112192,1,0.25
-0.120507,-13.9509,-0.112192,1,0.25
-0.0569613,-13.9581,0.669289,2,0
0.139102,-13.8029,0.669289,1,0.25
0.335164,-13.6478,0.669289,1,0.25
0.46415,-13.5458,3.0294,2,0
0.215722,-13.5178,3.0294,1,0.223607
-0.032706,-13.4898,3.0294,1,0.316228
-0.281134,-13.4618,3.0294,1,0.387298
-0.529562,-13.4338,3.0294,1,0.447214
-0.777991,-13.4059,3.0294,1,0.5
-1.02642,-13.3779,3.0294,1,0.547723
-1.27485,-13.3499,3.0294,1,0.591608
-1.52328,-13.3219,3.0294,1,0.632456
-1.7717,-13.2939,3.0294,1,0.67082
-2.02013,-13.2659,3.0294,1,0.707107
-2.26856,-13.2379,3.0294,1,0.74162
-2.51699,-13.2099,3.0294,1,0.774597
-2.76542,-13.1819,3.0294,1,0.806226
-3.01384,-13.154,3.0294,1,0.83666
-3.26227,-13.126,3.0294,1,0.866025
-3.5107,-13.098,3.0294,1,0.894427
-3.75913,-13.07,3.0294,1,0.921954
-4.00756,-13.042,3.0294,1,0.948683
-4.25598,-13.014,3.0294,1,0.974679
-4.50441,-12.986,3.0294,1,1
-4.75284,-12.958,3.0294,1,1.0247
-5.00127,-12.93,3.0294,1,1.04881
-5.2497,-12.9021,3.0294,1,1.07238
-5.49813,-12.8741,3.0294,1,1.09545
-5.74655,-12.8461,3.0294,1,1.11803
-5.99498,-12.8181,3.0294,1,1.14018
-6.24341,-12.7901,3.0294,1,1.1619
-6.49184,-12.7621,3.0294,1,1.18322
-6.74027,-12.7341,3.0294,1,1.20416
-6.98869,-12.7061,3.0294,1,1.22474
-7.23712,-12.6781,3.0294,1,1.24499
-7.48555,-12.6502,3.0294,1,1.26491
-7.73398,-12.6222,3.0294,1,1.28452
-7.98241,-12.5942,3.0294,1,1.30384
-8.23084,-12.5662,3.0294,1,1.32288
-8.47926,-12.5382,3.0294,1,1.34164
-8.72769,-12.5102,3.0294,1,1.36015
-8.97612,-12.4822,3.0294,1,1.3784
-9.22455,-12.4542,3.0294,1,1.39642
-9.47298,-12.4262,3.0294,1,1.4
-9.72141,-12.3982,3.0294,1,1.4
-9.96983,-12.3703,3.0294,1,1.4
-10.2183,-12.3423,3.0294,1,1.4
-10.4667,-12.3143,3.0294,1,1.4
-10.7151,-12.2863,3.0294,1,1.4
-10.9635,-12.2583,3.0294,1,1.4
-11.212,-12.2303,3.0294,1,1.4
-11.4604,-12.2023,3.0294,1,1.4
-11.7088,-12.1743,3.0294,1,1.4
-11.9573,-12.1463,3.0294,1,1.4
-12.2057,-12.1184,3.0294,1,1.39642
-12.4541,-12.0904,3.0294,1,1.3784
-12.7025,-12.0624,3.0294,1,1.36015
-12.951,-12.0344,3.0294,1,1.34164
-13.1994,-12.0064,3.0294,1,1.32288
-13.4478,-11.9784,3.0294,1,1.30384
-13.6963,-11.9504,3.0294,1,1.28452
-13.9447,-11.9224,3.0294,1,1.26491
-14.1931,-11.8944,3.0294,1,1.24499
-14.4415,-11.8665,3.0294,1,1.22474
-14.69,-11.8385,3.0294,1,1.20416
-14.9384,-11.8105,3.0294,1,1.18322
-15.1868,-11.7825,3.0294,1,1.1619
-15.4353,-11.7545,3.0294,1,1.14018
-15.6837,-11.7265,3.0294,1,1.11803
-15.9321,-11.6985,3.0294,1,1.09545
-16.1805,-11.6705,3.0294,1,1.07238
-16.429,-11.6425,3.0294,1,1.04881
-16.6774,-11.6146,3.0294,1,1.0247
-16.9258,-11.5866,3.0294,1,1
-17.1742,-11.5586,3.0294,1,0.974679
-17.4227,-11.5306,3.0294,1,0.948683
-17.6711,-11.5026,3.0294,1,0.921954
-17.9195,-11.4746,3.0294,1,0.894427
-18.168,-11.4466,3.0294,1,0.866025
-18.4164,-11.4186,3.0294,1,0.83666
-18.6648,-11.3906,3.0294,1,0.806226
-18.9132,-11.3627,3.0294,1,0.774597
-19.1617,-11.3347,3.0294,1,0.74162
-19.4101,-11.3067,3.0294,1,0.707107
-19.6585,-11.2787,3.0294,1,0.67082
-19.907,-11.2507,3.0294,1,0.632456
-20.1554,-11.2227,3.0294,1,0.591608
-20.4038,-11.1947,3.0294,1,0.547723
-20.6522,-11.1667,3.0294,1,0.25
-20.9007,-11.1387,3.0294,1,0.25
-21.1491,-11.1108,3.0294,1,0.25
-21.3975,-11.0828,3.0294,1,0.25
-21.646,-11.0548,3.0294,1,0.25
-21.7915,-11.0384,1.69112,2,0
-21.8215,-10.7902,1.69112,1,0.25
-21.8492,-10.5609,-0.112192,2,0
-21.6008,-10.5889,-0.112192,1,0.223607
-21.3524,-10.6169,-0.112192,1,0.316228
-21.1039,-10.6449,-0.112192,1,0.387298
-20.8555,-10.6729,-0.112192,1,0.447214
-20.6071,-10.7009,-0.112192,1,0.5
-20.3586,-10.7288,-0.112192,1,0.547723
-20.1102,-10.7568,-0.112192,1,0.591608
-19.8618,-10.7848,-0.112192,1,0.632456
-19.6134,-10.8128,-0.112192,1,0.67082
-19.3649,-10.8408,-0.112192,1,0.707107
-19.1165,-10.8688,-0.112192,1,0.74162
-18.8681,-10.8968,-0.112192,1,0.774597
-18.6196,-10.9248,-0.112192,1,0.806226
-18.3712,-10.9528,-0.112192,1,0.83666
-18.1228,-10.9807,-0.112192,1,0.866025
-17.8744,-11.0087,-0.112192,1,0.894427
-17.6259,-11.0367,-0.112192,1,0.921954
-17.3775,-11.0647,-0.112192,1,0.948683
-17.1291,-11.0927,-0.112192,1,0.974679
-16.8806,-11.1207,-0.112192,1,1
-16.6322,-11.1487,-0.112192,1,1.0247
-16.3838,-11.1767,-0.112192,1,1.04881
-16.1354,-11.2047,-0.112192,1,1.07238
-15.8869,-11.2327,-0.112192,1,1.09545
-15.6385,-11.2606,-0.112192,1,1.11803
-15.3901,-11.2886,-0.112192,1,1.14018
-15.1417,-11.3166,-0.112192,1,1.1619
-14.8932,-11.3446,-0.112192,1,1.18322
-14.6448,-11.3726,-0.112192,1,1.20416
-14.3964,-11.4006,-0.112192,1,1.22474
-14.1479,-11.4286,-0.112192,1,1.24499
-13.8995,-11.4566,-0.112192,1,1.26491
-13.6511,-11.4846,-0.112192,1,1.28452
-13.4027,-11.5125,-0.112192,1,1.30384
-13.1542,-11.5405,-0.112192,1,1.32288
-12.9058,-11.5685,-0.112192,1,1.34164
-12.6574,-11.5965,-0.112192,1,1.36015
-12.4089,-11.6245,-0.112192,1,1.3784
-12.1605,-11.6525,-0.112192,1,1.39642
-11.9121,-11.6805,-0.112192,1,1.4
-11.6637,-11.7085,-0.112192,1,1.4
-11.4152,-11.7365,-0.112192,1,1.4
-11.1668,-11.7644,-0.112192,1,1.4
-10.9184,-11.7924,-0.112192,1,1.4
-10.6699,-11.8204,-0.112192,1,1.4
-10.4215,-11.8484,-0.112192,1,1.4
-10.1731,-11.8764,-0.112192,1,1.4
-9.92466,-11.9044,-0.112192,1,1.4
-9.67623,-11.9324,-0.112192,1,1.4
-9.4278,-11.9604,-0.112192,1,1.4
-9.17938,-11.9884,-0.112192,1,1.4
-8.93095,-12.0163,-0.112192,1,1.4
-8.68252,-12.0443,-0.112192,1,1.39642
-8.43409,-12.0723,-0.112192,1,1.3784
-8.18566,-12.1003,-0.112192,1,1.36015
-7.93724,-12.1283,-0.112192,1,1.34164
-7.68881,-12.1563,-0.112192,1,1.32288
-7.44038,-12.1843,-0.112192,1,1.30384
-7.19195,-12.2123,-0.112192,1,1.28452
-6.94352,-12.2403,-0.112192,1,1.26491
-6.6951,-12.2682,-0.112192,1,1.24499
-6.44667,-12.2962,-0.112192,1,1.22474
-6.19824,-12.3242,-0.112192,1,1.20416
-5.94981,-12.3522,-0.112192,1,1.18322
-5.70138,-12.3802,-0.112192,1,1.1619
-5.45295,-12.4082,-0.112192,1,1.14018
-5.20453,-12.4362,-0.112192,1,1.11803
-4.9561,-12.4642,-0.112192,1,1.09545
-4.70767,-12.4922,-0.112192,1,1.07238
-4.45924,-12.5201,-0.112192,1,1.04881
-4.21081,-12.5481,-0.112192,1,1.0247
-3.96238,-12.5761,-0.112192,1,1
-3.71396,-12.6041,-0.112192,1,0.974679
-3.46553,-12.6321,-0.112192,1,0.948683
-3.2171,-12.6601,-0.112192,1,0.921954
-2.96867,-12.6881,-0.112192,1,0.894427
-2.72024,-12.7161,-0.112192,1,0.866025
-2.47182,-12.7441,-0.112192,1,0.83666
-2.22339,-12.7721,-0.112192,1,0.806226
-1.97496,-12.8,-0.112192,1,0.774597
-1.72653,-12.828,-0.112192,1,0.74162
-1.4781,-12.856,-0.112192,1,0.707107
-1.22968,-12.884,-0.112192,1,0.67082
-0.981247,-12.912,-0.112192,1,0.632456
-0.732819,-12.94,-0.112192,1,0.591608
-0.484391,-12.968,-0.112192,1,0.547723
-0.235962,-12.996,-0.112192,1,0.25
0.0124657,-13.024,-0.112192,1,0.25
0.260894,-13.0519,-0.112192,1,0.25
0.509322,-13.0799,-0.112192,1,0.25
0.75775,-13.1079,-0.112192,1,0.25
0.985262,-13.1336,0.669289,2,0
1.18132,-12.9784,0.669289,1,0.25
1.37739,-12.8233,0.669289,1,0.25
1.50637,-12.7213,3.0294,2,0
1.25795,-12.6933,3.0294,1,0.223607
1.00952,-12.6653,3.0294,1,0.316228
0.761089,-12.6373,3.0294,1,0.387298
0.512661,-12.6093,3.0294,1,0.447214
0.264233,-12.5814,3.0294,1,0.5
0.0158045,-12.5534,3.0294,1,0.547723
-0.232624,-12.5254,3.0294,1,0.591608
-0.481052,-12.4974,3.0294,1,0.632456
-0.72948,-12.4694,3.0294,1,0.67082
-0.977908,-12.4414,3.0294,1,0.707107
-1.22634,-12.4134,3.0294,1,0.74162
-1.47476,-12.3854,3.0294,1,0.774597
-1.72319,-12.3574,3.0294,1,0.806226
-1.97162,-12.3295,3.0294,1,0.83666
-2.22005,-12.3015,3.0294,1,0.866025
-2.46848,-12.2735,3.0294,1,0.894427
-2.71691,-12.2455,3.0294,1,0.921954
-2.96533,-12.2175,3.0294,1,0.948683
-3.21376,-12.1895,3.0294,1,0.974679
-3.46219,-12.1615,3.0294,1,1
-3.71062,-12.1335,3.0294,1,1.0247
-3.95905,-12.1055,3.0294,1,1.04881
-4.20747,-12.0776,3.0294,1,1.07238
-4.4559,-12.0496,3.0294,1,1.09545
-4.70433,-12.0216,3.0294,1,1.11803
-4.95276,-11.9936,3.0294,1,1.14018
-5.20119,-11.9656,3.0294,1,1.1619
-5.44962,-11.9376,3.0294,1,1.18322
-5.69804,-11.9096,3.0294,1,1.20416
-5.94647,-11.8816,3.0294,1,1.22474
-6.1949,-11.8536,3.0294,1,1.24499
-6.44333,-11.8257,3.0294,1,1.26491
-6.69176,-11.7977,3.0294,1,1.28452
-6.94018,-11.7697,3.0294,1,1.30384
-7.18861,-11.7417,3.0294,1,1.32288
-7.43704,-11.7137,3.0294,1,1.34164
-7.68547,-11.6857,3.0294,1,1.36015
-7.9339,-11.6577,3.0294,1,1.3784
-8.18233,-11.6297,3.0294,1,1.39642
-8.43075,-11.6017,3.0294,1,1.4
-8.67918,-11.5738,3.0294,1,1.4
-8.92761,-11.5458,3.0294,1,1.4
-9.17604,-11.5178,3.0294,1,1.4
-9.42447,-11.4898,3.0294,1,1.4
-9.67289,-11.4618,3.0294,1,1.4
-9.92132,-11.4338,3.0294,1,1.4
-10.1698,-11.4058,3.0294,1,1.4
-10.4182,-11.3778,3.0294,1,1.4
-10.6666,-11.3498,3.0294,1,1.4
-10.915,-11.3218,3.0294,1,1.4
-11.1635,-11.2939,3.0294,1,1.4
-11.4119,-11.2659,3.0294,1,1.4
-11.6603,-11.2379,3.0294,1,1.4
-11.9087,-11.2099,3.0294,1,1.4
-12.1572,-11.1819,3.0294,1,1.4
-12.4056,-11.1539,3.0294,1,1.39642
-12.654,-11.1259,3.0294,1,1.3784
-12.9025,-11.0979,3.0294,1,1.36015
-13.1509,-11.0699,3.0294,1,1.34164
-13.3993,-11.042,3.0294,1,1.32288
-13.6477,-11.014,3.0294,1,1.30384
-13.8962,-10.986,3.0294,1,1.28452
-14.1446,-10.958,3.0294,1,1.26491
-14.393,-10.93,3.0294,1,1.24499
-14.6415,-10.902,3.0294,1,1.22474
-14.8899,-10.874,3.0294,1,1.20416
-15.1383,-10.846,3.0294,1,1.18322
-15.3867,-10.818,3.0294,1,1.1619
-15.6352,-10.7901,3.0294,1,1.14018
-15.8836,-10.7621,3.0294,1,1.11803
-16.132,-10.7341,3.0294,1,1.09545
-16.3805,-10.7061,3.0294,1,1.07238
-16.6289,-10.6781,3.0294,1,1.04881
-16.8773,-10.6501,3.0294,1,1.0247
-17.1257,-10.6221,3.0294,1,1
-17.3742,-10.5941,3.0294,1,0.974679
-17.6226,-10.5661,3.0294,1,0.948683
-17.871,-10.5382,3.0294,1,0.921954
-18.1195,-10.5102,3.0294,1,0.894427
-18.3679,-10.4822,3.0294,1,0.866025
-18.6163,-10.4542,3.0294,1,0.83666
-18.8647,-10.4262,3.0294,1,0.806226
-19.1132,-10.3982,3.0294,1,0.774597
-19.3616,-10.3702,3.0294,1,0.74162
-19.61,-10.3422,3.0294,1,0.707107
-19.8584,-10.3142,3.0294,1,0.67082
-20.1069,-10.2863,3.0294,1,0.632456
-20.3553,-10.2583,3.0294,1,0.591608
-20.6037,-10.2303,3.0294,1,0.547723
-20.8522,-10.2023,3.0294,1,0.25
-21.1006,-10.1743,3.0294,1,0.25
-21.349,-10.1463,3.0294,1,0.25
-21.5974,-10.1183,3.0294,1,0.25
-21.8459,-10.0903,3.0294,1,0.25
-21.9069,-10.0834,1.69112,2,0
-21.9369,-9.83526,1.69112,1,0.25
-21.9647,-9.60598,-0.112192,2,0
-21.7162,-9.63397,-0.112192,1,0.223607
-21.4678,-9.66196,-0.112192,1,0.316228
-21.2194,-9.68995,-0.112192,1,0.387298
-20.971,-9.71794,-0.112192,1,0.447214
-20.7225,-9.74593,-0.112192,1,0.5
-20.4741,-9.77392,-0.112192,1,0.547723
-20.2257,-9.80191,-0.112192,1,0.591608
-19.9772,-9.8299,-0.112192,1,0.632456
-19.7288,-9.85789,-0.112192,1,0.67082
-19.4804,-9.88587,-0.112192,1,0.707107
-19.232,-9.91386,-0.112192,1,0.74162
-18.9835,-9.94185,-0.112192,1,0.774597
-18.7351,-9.96984,-0.112192,1,0.806226
-18.4867,-9.99783,-0.112192,1,0.83666
-18.2382,-10.0258,-0.112192,1,0.866025
-17.9898,-10.0538,-0.112192,1,0.894427
-17.7414,-10.0818,-0.112192,1,0.921954
-17.493,-10.1098,-0.112192,1,0.948683
-17.2445,-10.1378,-0.112192,1,0.974679
-16.9961,-10.1658,-0.112192,1,1
-16.7477,-10.1938,-0.112192,1,1.0247
-16.4992,-10.2217,-0.112192,1,1.04881
-16.2508,-10.2497,-0.112192,1,1.07238
-16.0024,-10.2777,-0.112192,1,1.09545
-15.754,-10.3057,-0.112192,1,1.11803
-15.5055,-10.3337,-0.112192,1,1.14018
-15.2571,-10.3617,-0.112192,1,1.1619
-15.0087,-10.3897,-0.112192,1,1.18322
-14.7603,-10.4177,-0.112192,1,1.20416
-14.5118,-10.4457,-0.112192,1,1.22474
-14.2634,-10.4736,-0.112192,1,1.24499
-14.015,-10.5016,-0.112192,1,1.26491
-13.7665,-10.5296,-0.112192,1,1.28452
-13.5181,-10.5576,-0.112192,1,1.30384
-13.2697,-10.5856,-0.112192,1,1.32288
-13.0213,-10.6136,-0.112192,1,1.34164
-12.7728,-10.6416,-0.112192,1,1.36015
-12.5244,-10.6696,-0.112192,1,1.3784
-12.276,-10.6976,-0.112192,1,1.39642
-12.0275,-10.7255,-0.112192,1,1.4
-11.7791,-10.7535,-0.112192,1,1.4
-11.5307,-10.7815,-0.112192,1,1.4
-11.2823,-10.8095,-0.112192,1,1.4
-11.0338,-10.8375,-0.112192,1,1.4
-10.7854,-10.8655,-0.112192,1,1.4
-10.537,-10.8935,-0.112192,1,1.4
-10.2885,-10.9215,-0.112192,1,1.4
-10.0401,-10.9495,-0.112192,1,1.4
-9.79169,-10.9774,-0.112192,1,1.4
-9.54326,-11.0054,-0.112192,1,1.4
-9.29483,-11.0334,-0.112192,1,1.4
-9.0464,-11.0614,-0.112192,1,1.4
-8.79798,-11.0894,-0.112192,1,1.4
-8.54955,-11.1174,-0.112192,1,1.4
-8.30112,-11.1454,-0.112192,1,1.4
-8.05269,-11.1734,-0.112192,1,1.4
-7.80426,-11.2014,-0.112192,1,1.4
-7.55583,-11.2294,-0.112192,1,1.39642
-7.30741,-11.2573,-0.112192,1,1.3784
-7.05898,-11.2853,-0.112192,1,1.36015
-6.81055,-11.3133,-0.112192,1,1.34164
-6.56212,-11.3413,-0.112192,1,1.32288
-6.31369,-11.3693,-0.112192,1,1.30384
-6.06527,-11.3973,-0.112192,1,1.28452
-5.81684,-11.4253,-0.112192,1,1.26491
-5.56841,-11.4533,-0.112192,1,1.24499
-5.31998,-11.4813,-0.112192,1,1.22474
-5.07155,-11.5092,-0.112192,1,1.20416
-4.82312,-11.5372,-0.112192,1,1.18322
-4.5747,-11.5652,-0.112192,1,1.1619
-4.32627,-11.5932,-0.112192,1,1.14018
-4.07784,-11.6212,-0.112192,1,1.11803
-3.82941,-11.6492,-0.112192,1,1.09545
-3.58098,-11.6772,-0.112192,1,1.07238
-3.33256,-11.7052,-0.112192,1,1.04881
-3.08413,-11.7332,-0.112192,1,1.0247
-2.8357,-11.7611,-0.112192,1,1
-2.58727,-11.7891,-0.112192,1,0.974679
-2.33884,-11.8171,-0.112192,1,0.948683
-2.09041,-11.8451,-0.112192,1,0.921954
-1.84199,-11.8731,-0.112192,1,0.894427
-1.59356,-11.9011,-0.112192,1,0.866025
-1.34513,-11.9291,-0.112192,1,0.83666
-1.0967,-11.9571,-0.112192,1,0.806226
-0.848274,-11.9851,-0.112192,1,0.774597
-0.599846,-12.013,-0.112192,1,0.74162
-0.351418,-12.041,-0.112192,1,0.707107
-0.102989,-12.069,-0.112192,1,0.67082
0.145439,-12.097,-0.112192,1,0.632456
0.393867,-12.125,-0.112192,1,0.591608
0.642295,-12.153,-0.112192,1,0.547723
0.890723,-12.181,-0.112192,1,0.25
1.13915,-12.209,-0.112192,1,0.25
1.38758,-12.237,-0.112192,1,0.25
1.63601,-12.2649,-0.112192,1,0.25
1.88444,-12.2929,-0.112192,1,0.25
2.02749,-12.3091,1.82715,2,0
1.9641,-12.0672,1.82715,1,0.25
1.90071,-11.8254,1.82715,1,0.25
1.90028,-11.8238,3.0294,2,0
1.65185,-11.7958,3.0294,1,0.223607
1.40342,-11.7678,3.0294,1,0.316228
1.15499,-11.7398,3.0294,1,0.387298
0.906566,-11.7118,3.0294,1,0.447214
0.658138,-11.6838,3.0294,1,0.5
0.409709,-11.6558,3.0294,1,0.547723
0.161281,-11.6278,3.0294,1,0.591608
-0.087147,-11.5998,3.0294,1,0.632456
-0.335575,-11.5719,3.0294,1,0.67082
-0.584003,-11.5439,3.0294,1,0.707107
-0.832431,-11.5159,3.0294,1,0.74162
-1.08086,-11.4879,3.0294,1,0.774597
-1.32929,-11.4599,3.0294,1,0.806226
-1.57772,-11.4319,3.0294,1,0.83666
-1.82614,-11.4039,3.0294,1,0.866025
-2.07457,-11.3759,3.0294,1,0.894427
-2.323,-11.3479,3.0294,1,0.921954
-2.57143,-11.32,3.0294,1,0.948683
-2.81986,-11.292,3.0294,1,0.974679
-3.06828,-11.264,3.0294,1,1
-3.31671,-11.236,3.0294,1,1.0247
-3.56514,-11.208,3.0294,1,1.04881
-3.81357,-11.18,3.0294,1,1.07238
-4.062,-11.152,3.0294,1,1.09545
-4.31043,-11.124,3.0294,1,1.11803
-4.55885,-11.096,3.0294,1,1.14018
-4.80728,-11.0681,3.0294,1,1.1619
-5.05571,-11.0401,3.0294,1,1.18322
-5.30414,-11.0121,3.0294,1,1.20416
-5.55257,-10.9841,3.0294,1,1.22474
-5.80099,-10.9561,3.0294,1,1.24499
-6.04942,-10.9281,3.0294,1,1.26491
-6.29785,-10.9001,3.0294,1,1.28452
-6.54628,-10.8721,3.0294,1,1.30384
-6.79471,-10.8441,3.0294,1,1.32288
-7.04314,-10.8162,3.0294,1,1.34164
-7.29156,-10.7882,3.0294,1,1.36015
-7.53999,-10.7602,3.0294,1,1.3784
-7.78842,-10.7322,3.0294,1,1.39642
-8.03685,-10.7042,3.0294,1,1.4
-8.28528,-10.6762,3.0294,1,1.4
-8.5337,-10.6482,3.0294,1,1.4
-8.78213,-10.6202,3.0294,1,1.4
-9.03056,-10.5922,3.0294,1,1.4
-9.27899,-10.5643,3.0294,1,1.4
-9.52742,-10.5363,3.0294,1,1.4
-9.77585,-10.5083,3.0294,1,1.4
-10.0243,-10.4803,3.0294,1,1.4
-10.2727,-10.4523,3.0294,1,1.4
-10.5211,-10.4243,3.0294,1,1.4
-10.7696,-10.3963,3.0294,1,1.4
-11.018,-10.3683,3.0294,1,1.4
-11.2664,-10.3403,3.0294,1,1.4
-11.5148,-10.3123,3.0294,1,1.4
-11.7633,-10.2844,3.0294,1,1.4
-12.0117,-10.2564,3.0294,1,1.4
-12.2601,-10.2284,3.0294,1,1.4
-12.5086,-10.2004,3.0294,1,1.39642
-12.757,-10.1724,3.0294,1,1.3784
-13.0054,-10.1444,3.0294,1,1.36015
-13.2538,-10.1164,3.0294,1,1.34164
-13.5023,-10.0884,3.0294,1,1.32288
-13.7507,-10.0604,3.0294,1,1.30384
-13.9991,-10.0325,3.0294,1,1.28452
-14.2476,-10.0045,3.0294,1,1.26491
-14.496,-9.97648,3.0294,1,1.24499
-14.7444,-9.94849,3.0294,1,1.22474
-14.9928,-9.9205,3.0294,1,1.20416
-15.2413,-9.89251,3.0294,1,1.18322
-15.4897,-9.86452,3.0294,1,1.1619
-15.7381,-9.83653,3.0294,1,1.14018
-15.9866,-9.80855,3.0294,1,1.11803
-16.235,-9.78056,3.0294,1,1.09545
-16.4834,-9.75257,3.0294,1,1.07238
-16.7318,-9.72458,3.0294,1,1.04881
-16.9803,-9.69659,3.0294,1,1.0247
-17.2287,-9.6686,3.0294,1,1
-17.4771,-9.64061,3.0294,1,0.974679
-17.7255,-9.61262,3.0294,1,0.948683
-17.974,-9.58463,3.0294,1,0.921954
-18.2224,-9.55664,3.0294,1,0.894427
-18.4708,-9.52865,3.0294,1,0.866025
-18.7193,-9.50067,3.0294,1,0.83666
-18.9677,-9.47268,3.0294,1,0.806226
-19.2161,-9.44469,3.0294,1,0.774597
-19.4645,-9.4167,3.0294,1,0.74162
-19.713,-9.38871,3.0294,1,0.707107
-19.9614,-9.36072,3.0294,1,0.67082
-20.2098,-9.33273,3.0294,1,0.632456
-20.4583,-9.30474,3.0294,1,0.591608
-20.7067,-9.27675,3.0294,1,0.547723
-20.9551,-9.24876,3.0294,1,0.25
-21.2035,-9.22077,3.0294,1,0.25
-21.452,-9.19279,3.0294,1,0.25
-21.7004,-9.1648,3.0294,1,0.25
-21.9488,-9.13681,3.0294,1,0.25
-22.0224,-9.12852,1.69112,2,0
-22.0524,-8.88033,1.69112,1,0.25
-22.0801,-8.65105,-0.112192,2,0
-21.8317,-8.67904,-0.112192,1,0.223607
-21.5833,-8.70703,-0.112192,1,0.316228
-21.3348,-8.73502,-0.112192,1,0.387298
-21.0864,-8.76301,-0.112192,1,0.447214
-20.838,-8.791,-0.112192,1,0.5
-20.5896,-8.81899,-0.112192,1,0.547723
-20.3411,-8.84698,-0.112192,1,0.591608
-20.0927,-8.87497,-0.112192,1,0.632456
-19.8443,-8.90296,-0.112192,1,0.67082
-19.5958,-8.93094,-0.112192,1,0.707107
-19.3474,-8.95893,-0.112192,1,0.74162
-19.099,-8.98692,-0.112192,1,0.774597
-18.8506,-9.01491,-0.112192,1,0.806226
-18.6021,-9.0429,-0.112192,1,0.83666
-18.3537,-9.07089,-0.112192,1,0.866025
-18.1053,-9.09888,-0.112192,1,0.894427
-17.8568,-9.12687,-0.112192,1,0.921954
-17.6084,-9.15486,-0.112192,1,0.948683
-17.36,-9.18285,-0.112192,1,0.974679
-17.1116,-9.21084,-0.112192,1,1
-16.8631,-9.23882,-0.112192,1,1.0247
-16.6147,-9.26681,-0.112192,1,1.04881
-16.3663,-9.2948,-0.112192,1,1.07238
-16.1178,-9.32279,-0.112192,1,1.09545
-15.8694,-9.35078,-0.112192,1,1.11803
-15.621,-9.37877,-0.112192,1,1.14018
-15.3726,-9.40676,-0.112192,1,1.1619
-15.1241,-9.43475,-0.112192,1,1.18322
-14.8757,-9.46274,-0.112192,1,1.20416
-14.6273,-9.49073,-0.112192,1,1.22474
-14.3789,-9.51872,-0.112192,1,1.24499
-14.1304,-9.5467,-0.112192,1,1.26491
-13.882,-9.57469,-0.112192,1,1.28452
-13.6336,-9.60268,-0.112192,1,1.30384
-13.3851,-9.63067,-0.112192,1,1.32288
-13.1367,-9.65866,-0.112192,1,1.34164
-12.8883,-9.68665,-0.112192,1,1.36015
-12.6399,-9.71464,-0.112192,1,1.3784
-12.3914,-9.74263,-0.112192,1,1.39642
-12.143,-9.77062,-0.112192,1,1.4
-11.8946,-9.79861,-0.112192,1,1.4
-11.6461,-9.8266,-0.112192,1,1.4
-11.3977,-9.85458,-0.112192,1,1.4
-11.1493,-9.88257,-0.112192,1,1.4
-10.9009,-9.91056,-0.112192,1,1.4
-10.6524,-9.93855,-0.112192,1,1.4
-10.404,-9.96654,-0.112192,1,1.4
-10.1556,-9.99453,-0.112192,1,1.4
-9.90714,-10.0225,-0.112192,1,1.4
-9.65872,-10.0505,-0.112192,1,1.4
-9.41029,-10.0785,-0.112192,1,1.4
-9.16186,-10.1065,-0.112192,1,1.4
-8.91343,-10.1345,-0.112192,1,1.4
-8.665,-10.1625,-0.112192,1,1.4
-8.41657,-10.1905,-0.112192,1,1.4
-8.16815,-10.2184,-0.112192,1,1.4
-7.91972,-10.2464,-0.112192,1,1.39642
-7.67129,-10.2744,-0.112192,1,1.3784
-7.42286,-10.3024,-0.112192,1,1.36015
-7.17443,-10.3304,-0.112192,1,1.34164
-6.92601,-10.3584,-0.112192,1,1.32288
-6.67758,-10.3864,-0.112192,1,1.30384
-6.42915,-10.4144,-0.112192,1,1.28452
-6.18072,-10.4424,-0.112192,1,1.26491
-5.93229,-10.4703,-0.112192,1,1.24499
-5.68387,-10.4983,-0.112192,1,1.22474
-5.43544,-10.5263,-0.112192,1,1.20416
-5.18701,-10.5543,-0.112192,1,1.18322
-4.93858,-10.5823,-0.112192,1,1.1619
-4.69015,-10.6103,-0.112192,1,1.14018
-4.44172,-10.6383,-0.112192,1,1.11803
-4.1933,-10.6663,-0.112192,1,1.09545
-3.94487,-10.6943,-0.112192,1,1.07238
-3.69644,-10.7222,-0.112192,1,1.04881
-3.44801,-10.7502,-0.112192,1,1.0247
-3.19958,-10.7782,-0.112192,1,1
-2.95115,-10.8062,-0.112192,1,0.974679
-2.70273,-10.8342,-0.112192,1,0.948683
-2.4543,-10.8622,-0.112192,1,0.921954
-2.20587,-10.8902,-0.112192,1,0.894427
-1.95744,-10.9182,-0.112192,1,0.866025
-1.70901,-10.9462,-0.112192,1,0.83666
-1.46059,-10.9741,-0.112192,1,0.806226
-1.21216,-11.0021,-0.112192,1,0.774597
-0.96373,-11.0301,-0.112192,1,0.74162
-0.715301,-11.0581,-0.112192,1,0.707107
-0.466873,-11.0861,-0.112192,1,0.67082
-0.218445,-11.1141,-0.112192,1,0.632456
0.0299832,-11.1421,-0.112192,1,0.591608
0.278411,-11.1701,-0.112192,1,0.547723
0.52684,-11.1981,-0.112192,1,0.25
0.775268,-11.2261,-0.112192,1,0.25
1.0237,-11.254,-0.112192,1,0.25
1.27212,-11.282,-0.112192,1,0.25
1.52055,-11.31,-0.112192,1,0.25
1.72037,-11.3325,1.92186,2,0
1.6344,-11.0978,1.92186,1,0.25
1.54843,-10.863,1.92186,1,0.25
1.54046,-10.8413,3.0294,2,0
1.29204,-10.8133,3.0294,1,0.223607
1.04361,-10.7853,3.0294,1,0.316228
0.79518,-10.7573,3.0294,1,0.387298
0.546752,-10.7293,3.0294,1,0.447214
0.298324,-10.7014,3.0294,1,0.5
0.049896,-10.6734,3.0294,1,0.547723
-0.198532,-10.6454,3.0294,1,0.591608
-0.44696,-10.6174,3.0294,1,0.632456
-0.695389,-10.5894,3.0294,1,0.67082
-0.943817,-10.5614,3.0294,1,0.707107
-1.19224,-10.5334,3.0294,1,0.74162
-1.44067,-10.5054,3.0294,1,0.774597
-1.6891,-10.4774,3.0294,1,0.806226
-1.93753,-10.4495,3.0294,1,0.83666
-2.18596,-10.4215,3.0294,1,0.866025
-2.43439,-10.3935,3.0294,1,0.894427
-2.68281,-10.3655,3.0294,1,0.921954
-2.93124,-10.3375,3.0294,1,0.948683
-3.17967,-10.3095,3.0294,1,0.974679
-3.4281,-10.2815,3.0294,1,1
-3.67653,-10.2535,3.0294,1,1.0247
-3.92495,-10.2255,3.0294,1,1.04881
-4.17338,-10.1976,3.0294,1,1.07238
-4.42181,-10.1696,3.0294,1,1.09545
-4.67024,-10.1416,3.0294,1,1.11803
-4.91867,-10.1136,3.0294,1,1.14018
-5.1671,-10.0856,3.0294,1,1.1619
-5.41552,-10.0576,3.0294,1,1.18322
-5.66395,-10.0296,3.0294,1,1.20416
-5.91238,-10.0016,3.0294,1,1.22474
-6.16081,-9.97364,3.0294,1,1.24499
-6.40924,-9.94565,3.0294,1,1.26491
-6.65766,-9.91766,3.0294,1,1.28452
-6.90609,-9.88967,3.0294,1,1.30384
-7.15452,-9.86168,3.0294,1,1.32288
-7.40295,-9.83369,3.0294,1,1.34164
-7.65138,-9.8057,3.0294,1,1.36015
-7.89981,-9.77771,3.0294,1,1.3784
-8.14823,-9.74973,3.0294,1,1.39642
-8.39666,-9.72174,3.0294,1,1.4
-8.64509,-9.69375,3.0294,1,1.4
-8.89352,-9.66576,3.0294,1,1.4
-9.14195,-9.63777,3.0294,1,1.4
-9.39037,-9.60978,3.0294,1,1.4
-9.6388,-9.58179,3.0294,1,1.4
-9.88723,-9.5538,3.0294,1,1.4
-10.1357,-9.52581,3.0294,1,1.4
-10.3841,-9.49782,3.0294,1,1.4
-10.6325,-9.46983,3.0294,1,1.4
-10.8809,-9.44185,3.0294,1,1.4
-11.1294,-9.41386,3.0294,1,1.4
-11.3778,-9.38587,3.0294,1,1.4
-11.6262,-9.35788,3.0294,1,1.4
-11.8747,-9.32989,3.0294,1,1.4
-12.1231,-9.3019,3.0294,1,1.4
-12.3715,-9.27391,3.0294,1,1.4
-12.6199,-9.24592,3.0294,1,1.39642
-12.8684,-9.21793,3.0294,1,1.3784
-13.1168,-9.18994,3.0294,1,1.36015
-13.3652,-9.16195,3.0294,1,1.34164
-13.6137,-9.13397,3.0294,1,1.32288
-13.8621,-9.10598,3.0294,1,1.30384
-14.1105,-9.07799,3.0294,1,1.28452
-14.3589,-9.05,3.0294,1,1.26491
-14.6074,-9.02201,3.0294,1,1.24499
-14.8558,-8.99402,3.0294,1,1.22474
-15.1042,-8.96603,3.0294,1,1.20416
-15.3527,-8.93804,3.0294,1,1.18322
-15.6011,-8.91005,3.0294,1,1.1619
-15.8495,-8.88206,3.0294,1,1.14018
-16.0979,-8.85407,3.0294,1,1.11803
-16.3464,-8.82609,3.0294,1,1.09545
-16.5948,-8.7981,3.0294,1,1.07238
-16.8432,-8.77011,3.0294,1,1.04881
-17.0916,-8.74212,3.0294,1,1.0247
-17.3401,-8.71413,3.0294,1,1
-17.5885,-8.68614,3.0294,1,0.974679
-17.8369,-8.65815,3.0294,1,0.948683
-18.0854,-8.63016,3.0294,1,0.921954
-18.3338,-8.60217,3.0294,1,0.894427
-18.5822,-8.57418,3.0294,1,0.866025
-18.8306,-8.54619,3.0294,1,0.83666
-19.0791,-8.51821,3.0294,1,0.806226
-19.3275,-8.49022,3.0294,1,0.774597
-19.5759,-8.46223,3.0294,1,0.74162
-19.8244,-8.43424,3.0294,1,0.707107
-20.0728,-8.40625,3.0294,1,0.67082
-20.3212,-8.37826,3.0294,1,0.632456
-20.5696,-8.35027,3.0294,1,0.591608
-20.8181,-8.32228,3.0294,1,0.547723
-21.0665,-8.29429,3.0294,1,0.25
-21.3149,-8.2663,3.0294,1,0.25
-21.5634,-8.23831,3.0294,1,0.25
-21.8118,-8.21033,3.0294,1,0.25
-22.0602,-8.18234,3.0294,1,0.25
-22.1379,-8.17359,1.69112,2,0
-22.1679,-7.9254,1.69112,1,0.25
-22.1956,-7.69612,-0.112192,2,0
-21.9472,-7.72411,-0.112192,1,0.223607
-21.6987,-7.7521,-0.112192,1,0.316228
-21.4503,-7.78009,-0.112192,1,0.387298
-21.2019,-7.80808,-0.112192,1,0.447214
-20.9534,-7.83607,-0.112192,1,0.5
-20.705,-7.86406,-0.112192,1,0.547723
-20.4566,-7.89205,-0.112192,1,0.591608
-20.2082,-7.92004,-0.112192,1,0.632456
-19.9597,-7.94803,-0.112192,1,0.67082
-19.7113,-7.97602,-0.112192,1,0.707107
-19.4629,-8.004,-0.112192,1,0.74162
-19.2144,-8.03199,-0.112192,1,0.774597
-18.966,-8.05998,-0.112192,1,0.806226
-18.7176,-8.08797,-0.112192,1,0.83666
-18.4692,-8.11596,-0.112192,1,0.866025
-18.2207,-8.14395,-0.112192,1,0.894427
-17.9723,-8.17194,-0.112192,1,0.921954
-17.7239,-8.19993,-0.112192,1,0.948683
-17.4754,-8.22792,-0.112192,1,0.974679
-17.227,-8.25591,-0.112192,1,1
-16.9786,-8.2839,-0.112192,1,1.0247
-16.7302,-8.31188,-0.112192,1,1.04881
-16.4817,-8.33987,-0.112192,1,1.07238
-16.2333,-8.36786,-0.112192,1,1.09545
-15.9849,-8.39585,-0.112192,1,1.11803
-15.7364,-8.42384,-0.112192,1,1.14018
-15.488,-8.45183,-0.112192,1,1.1619
-15.2396,-8.47982,-0.112192,1,1.18322
-14.9912,-8.50781,-0.112192,1,1.20416
-14.7427,-8.5358,-0.112192,1,1.22474
-14.4943,-8.56379,-0.112192,1,1.24499
-14.2459,-8.59177,-0.112192,1,1.26491
-13.9974,-8.61976,-0.112192,1,1.28452
-13.749,-8.64775,-0.112192,1,1.30384
-13.5006,-8.67574,-0.112192,1,1.32288
-13.2522,-8.70373,-0.112192,1,1.34164
-13.0037,-8.73172,-0.112192,1,1.36015
-12.7553,-8.75971,-0.112192,1,1.3784
-12.5069,-8.7877,-0.112192,1,1.39642
-12.2585,-8.81569,-0.112192,1,1.4
-12.01,-8.84368,-0.112192,1,1.4
-11.7616,-8.87167,-0.112192,1,1.4
-11.5132,-8.89966,-0.112192,1,1.4
-11.2647,-8.92764,-0.112192,1,1.4
-11.0163,-8.95563,-0.112192,1,1.4
-10.7679,-8.98362,-0.112192,1,1.4
-10.5195,-9.01161,-0.112192,1,1.4
-10.271,-9.0396,-0.112192,1,1.4
-10.0226,-9.06759,-0.112192,1,1.4
-9.77417,-9.09558,-0.112192,1,1.4
-9.52574,-9.12357,-0.112192,1,1.4
-9.27732,-9.15156,-0.112192,1,1.4
-9.02889,-9.17955,-0.112192,1,1.4
-8.78046,-9.20754,-0.112192,1,1.4
-8.53203,-9.23552,-0.112192,1,1.4
-8.2836,-9.26351,-0.112192,1,1.39642
-8.03517,-9.2915,-0.112192,1,1.3784
-7.78675,-9.31949,-0.112192,1,1.36015
-7.53832,-9.34748,-0.112192,1,1.34164
-7.28989,-9.37547,-0.112192,1,1.32288
-7.04146,-9.40346,-0.112192,1,1.30384
-6.79303,-9.43145,-0.112192,1,1.28452
-6.5446,-9.45944,-0.112192,1,1.26491
-6.29618,-9.48743,-0.112192,1,1.24499
-6.04775,-9.51542,-0.112192,1,1.22474
-5.79932,-9.5434,-0.112192,1,1.20416
-5.55089,-9.57139,-0.112192,1,1.18322
-5.30246,-9.59938,-0.112192,1,1.1619
-5.05404,-9.62737,-0.112192,1,1.14018
-4.80561,-9.65536,-0.112192,1,1.11803
-4.55718,-9.68335,-0.112192,1,1.09545
-4.30875,-9.71134,-0.112192,1,1.07238
-4.06032,-9.73933,-0.112192,1,1.04881
-3.8119,-9.76732,-0.112192,1,1.0247
-3.56347,-9.79531,-0.112192,1,1
-3.31504,-9.8233,-0.112192,1,0.974679
-3.06661,-9.85128,-0.112192,1,0.948683
-2.81818,-9.87927,-0.112192,1,0.921954
-2.56975,-9.90726,-0.112192,1,0.894427
-2.32133,-9.93525,-0.112192,1,0.866025
-2.0729,-9.96324,-0.112192,1,0.83666
-1.82447,-9.99123,-0.112192,1,0.806226
-1.57604,-10.0192,-0.112192,1,0.774597
-1.32761,-10.0472,-0.112192,1,0.74162
-1.07919,-10.0752,-0.112192,1,0.707107
-0.830757,-10.1032,-0.112192,1,0.67082
-0.582329,-10.1312,-0.112192,1,0.632456
-0.333901,-10.1592,-0.112192,1,0.591608
-0.0854725,-10.1872,-0.112192,1,0.547723
0.162956,-10.2151,-0.112192,1,0.25
0.411384,-10.2431,-0.112192,1,0.25
0.659812,-10.2711,-0.112192,1,0.25
0.90824,-10.2991,-0.112192,1,0.25
1.15667,-10.3271,-0.112192,1,0.25
1.36056,-10.3501,1.92186,2,0
1.27459,-10.1153,1.92186,1,0.25
1.18861,-9.88058,1.92186,1,0.25
1.18065,-9.85884,3.0294,2,0
0.932223,-9.83085,3.0294,1,0.223607
0.683795,-9.80286,3.0294,1,0.316228
0.435367,-9.77487,3.0294,1,0.387298
0.186939,-9.74688,3.0294,1,0.447214
-0.0614892,-9.71889,3.0294,1,0.5
-0.309917,-9.69091,3.0294,1,0.547723
-0.558346,-9.66292,3.0294,1,0.591608
-0.806774,-9.63493,3.0294,1,0.632456
-1.0552,-9.60694,3.0294,1,0.67082
-1.30363,-9.57895,3.0294,1,0.707107
-1.55206,-9.55096,3.0294,1,0.74162
-1.80049,-9.52297,3.0294,1,0.774597
-2.04891,-9.49498,3.0294,1,0.806226
-2.29734,-9.46699,3.0294,1,0.83666
-2.54577,-9.439,3.0294,1,0.866025
-2.7942,-9.41101,3.0294,1,0.894427
-3.04263,-9.38303,3.0294,1,0.921954
-3.29106,-9.35504,3.0294,1,0.948683
-3.53948,-9.32705,3.0294,1,0.974679
-3.78791,-9.29906,3.0294,1,1
-4.03634,-9.27107,3.0294,1,1.0247
-4.28477,-9.24308,3.0294,1,1.04881
-4.5332,-9.21509,3.0294,1,1.07238
-4.78162,-9.1871,3.0294,1,1.09545
-5.03005,-9.15911,3.0294,1,1.11803
-5.27848,-9.13112,3.0294,1,1.14018
-5.52691,-9.10314,3.0294,1,1.1619
-5.77534,-9.07515,3.0294,1,1.18322
-6.02377,-9.04716,3.0294,1,1.20416
-6.27219,-9.01917,3.0294,1,1.22474
-6.52062,-8.99118,3.0294,1,1.24499
-6.76905,-8.96319,3.0294,1,1.26491
-7.01748,-8.9352,3.0294,1,1.28452
-7.26591,-8.90721,3.0294,1,1.30384
-7.51433,-8.87922,3.0294,1,1.32288
-7.76276,-8.85123,3.0294,1,1.34164
-8.01119,-8.82324,3.0294,1,1.36015
-8.25962,-8.79525,3.0294,1,1.3784
-8.50805,-8.76727,3.0294,1,1.39642
-8.75648,-8.73928,3.0294,1,1.4
-9.0049,-8.71129,3.0294,1,1.4
-9.25333,-8.6833,3.0294,1,1.4
-9.50176,-8.65531,3.0294,1,1.4
-9.75019,-8.62732,3.0294,1,1.4
-9.99862,-8.59933,3.0294,1,1.4
-10.247,-8.57134,3.0294,1,1.4
-10.4955,-8.54335,3.0294,1,1.4
-10.7439,-8.51536,3.0294,1,1.4
-10.9923,-8.48737,3.0294,1,1.4
-11.2408,-8.45939,3.0294,1,1.4
-11.4892,-8.4314,3.0294,1,1.4
-11.7376,-8.40341,3.0294,1,1.4
-11.986,-8.37542,3.0294,1,1.4
-12.2345,-8.34743,3.0294,1,1.4
-12.4829,-8.31944,3.0294,1,1.4
-12.7313,-8.29145,3.0294,1,1.39642
-12.9798,-8.26346,3.0294,1,1.3784
-13.2282,-8.23547,3.0294,1,1.36015
-13.4766,-8.20748,3.0294,1,1.34164
-13.725,-8.17949,3.0294,1,1.32288
-13.9735,-8.15151,3.0294,1,1.30384
-14.2219,-8.12352,3.0294,1,1.28452
-14.4703,-8.09553,3.0294,1,1.26491
-14.7188,-8.06754,3.0294,1,1.24499
-14.9672,-8.03955,3.0294,1,1.22474
-15.2156,-8.01156,3.0294,1,1.20416
-15.464,-7.98357,3.0294,1,1.18322
-15.7125,-7.95558,3.0294,1,1.1619
-15.9609,-7.92759,3.0294,1,1.14018
-16.2093,-7.8996,3.0294,1,1.11803
-16.4577,-7.87161,3.0294,1,1.09545
-16.7062,-7.84363,3.0294,1,1.07238
-16.9546,-7.81564,3.0294,1,1.04881
-17.203,-7.78765,3.0294,1,1.0247
-17.4515,-7.75966,3.0294,1,1
-17.6999,-7.73167,3.0294,1,0.974679
-17.9483,-7.70368,3.0294,1,0.948683
-18.1967,-7.67569,3.0294,1,0.921954
-18.4452,-7.6477,3.0294,1,0.894427
-18.6936,-7.61971,3.0294,1,0.866025
-18.942,-7.59172,3.0294,1,0.83666
-19.1905,-7.56373,3.0294,1,0.806226
-19.4389,-7.53575,3.0294,1,0.774597
-19.6873,-7.50776,3.0294,1,0.74162
-19.9357,-7.47977,3.0294,1,0.707107
-20.1842,-7.45178,3.0294,1,0.67082
-20.4326,-7.42379,3.0294,1,0.632456
-20.681,-7.3958,3.0294,1,0.591608
-20.9295,-7.36781,3.0294,1,0.547723
-21.1779,-7.33982,3.0294,1,0.25
-21.4263,-7.31183,3.0294,1,0.25
-21.6747,-7.28384,3.0294,1,0.25
-21.9232,-7.25585,3.0294,1,0.25
-22.1716,-7.22787,3.0294,1,0.25
-22.2533,-7.21866,1.69112,2,0
-22.2833,-6.97047,1.69112,1,0.25
-22.311,-6.74119,-0.112192,2,0
-22.0626,-6.76918,-0.112192,1,0.223607
-21.8142,-6.79717,-0.112192,1,0.316228
-21.5658,-6.82516,-0.112192,1,0.387298
-21.3173,-6.85315,-0.112192,1,0.447214
-21.0689,-6.88114,-0.112192,1,0.5
-20.8205,-6.90913,-0.112192,1,0.547723
-20.572,-6.93712,-0.112192,1,0.591608
-20.3236,-6.96511,-0.112192,1,0.632456
-20.0752,-6.9931,-0.112192,1,0.67082
-19.8268,-7.02109,-0.112192,1,0.707107
-19.5783,-7.04907,-0.112192,1,0.74162
-19.3299,-7.07706,-0.112192,1,0.774597
-19.0815,-7.10505,-0.112192,1,0.806226
-18.833,-7.13304,-0.112192,1,0.83666
-18.5846,-7.16103,-0.112192,1,0.866025
-18.3362,-7.18902,-0.112192,1,0.894427
-18.0878,-7.21701,-0.112192,1,0.921954
-17.8393,-7.245,-0.112192,1,0.948683
-17.5909,-7.27299,-0.112192,1,0.974679
-17.3425,-7.30098,-0.112192,1,1
-17.094,-7.32897,-0.112192,1,1.0247
-16.8456,-7.35695,-0.112192,1,1.04881
-16.5972,-7.38494,-0.112192,1,1.07238
-16.3488,-7.41293,-0.112192,1,1.09545
-16.1003,-7.44092,-0.112192,1,1.11803
-15.8519,-7.46891,-0.112192,1,1.14018
-15.6035,-7.4969,-0.112192,1,1.1619
-15.355,-7.52489,-0.112192,1,1.18322
-15.1066,-7.55288,-0.112192,1,1.20416
-14.8582,-7.58087,-0.112192,1,1.22474
-14.6098,-7.60886,-0.112192,1,1.24499
-14.3613,-7.63685,-0.112192,1,1.26491
-14.1129,-7.66483,-0.112192,1,1.28452
-13.8645,-7.69282,-0.112192,1,1.30384
-13.616,-7.72081,-0.112192,1,1.32288
-13.3676,-7.7488,-0.112192,1,1.34164
-13.1192,-7.77679,-0.112192,1,1.36015
-12.8708,-7.80478,-0.112192,1,1.3784
-12.6223,-7.83277,-0.112192,1,1.39642
-12.3739,-7.86076,-0.112192,1,1.4
-12.1255,-7.88875,-0.112192,1,1.4
-11.8771,-7.91674,-0.112192,1,1.4
-11.6286,-7.94473,-0.112192,1,1.4
-11.3802,-7.97271,-0.112192,1,1.4
-11.1318,-8.0007,-0.112192,1,1.4
-10.8833,-8.02869,-0.112192,1,1.4
-10.6349,-8.05668,-0.112192,1,1.4
-10.3865,-8.08467,-0.112192,1,1.4
-10.1381,-8.11266,-0.112192,1,1.4
-9.88963,-8.14065,-0.112192,1,1.4
-9.6412,-8.16864,-0.112192,1,1.4
-9.39277,-8.19663,-0.112192,1,1.4
-9.14434,-8.22462,-0.112192,1,1.4
-8.89591,-8.25261,-0.112192,1,1.4
-8.64749,-8.28059,-0.112192,1,1.39642
-8.39906,-8.30858,-0.112192,1,1.3784
-8.15063,-8.33657,-0.112192,1,1.36015
-7.9022,-8.36456,-0.112192,1,1.34164
-7.65377,-8.39255,-0.112192,1,1.32288
-7.40534,-8.42054,-0.112192,1,1.30384
-7.15692,-8.44853,-0.112192,1,1.28452
-6.90849,-8.47652,-0.112192,1,1.26491
-6.66006,-8.50451,-0.112192,1,1.24499
-6.41163,-8.5325,-0.112192,1,1.22474
-6.1632,-8.56049,-0.112192,1,1.20416
-5.91478,-8.58848,-0.112192,1,1.18322
-5.66635,-8.61646,-0.112192,1,1.1619
-5.41792,-8.64445,-0.112192,1,1.14018
-5.16949,-8.67244,-0.112192,1,1.11803
-4.92106,-8.70043,-0.112192,1,1.09545
-4.67264,-8.72842,-0.112192,1,1.07238
-4.42421,-8.75641,-0.112192,1,1.04881
-4.17578,-8.7844,-0.112192,1,1.0247
-3.92735,-8.81239,-0.112192,1,1
-3.67892,-8.84038,-0.112192,1,0.974679
-3.43049,-8.86837,-0.112192,1,0.948683
-3.18207,-8.89635,-0.112192,1,0.921954
-2.93364,-8.92434,-0.112192,1,0.894427
-2.68521,-8.95233,-0.112192,1,0.866025
-2.43678,-8.98032,-0.112192,1,0.83666
-2.18835,-9.00831,-0.112192,1,0.806226
-1.93993,-9.0363,-0.112192,1,0.774597
-1.6915,-9.06429,-0.112192,1,0.74162
-1.44307,-9.09228,-0.112192,1,0.707107
-1.19464,-9.12027,-0.112192,1,0.67082
-0.946213,-9.14826,-0.112192,1,0.632456
-0.697784,-9.17625,-0.112192,1,0.591608
-0.449356,-9.20424,-0.112192,1,0.547723
-0.200928,-9.23222,-0.112192,1,0.25
0.0475,-9.26021,-0.112192,1,0.25
0.295928,-9.2882,-0.112192,1,0.25
0.544356,-9.31619,-0.112192,1,0.25
0.792785,-9.34418,-0.112192,1,0.25
1.00074,-9.36761,1.92186,2,0
0.914772,-9.13286,1.92186,1,0.25
0.828799,-8.89812,1.92186,1,0.25
0.820838,-8.87638,3.0294,2,0
0.57241,-8.84839,3.0294,1,0.223607
0.323982,-8.8204,3.0294,1,0.316228
0.0755538,-8.79241,3.0294,1,0.387298
-0.172874,-8.76442,3.0294,1,0.447214
-0.421303,-8.73643,3.0294,1,0.5
-0.669731,-8.70845,3.0294,1,0.547723
-0.918159,-8.68046,3.0294,1,0.591608
-1.16659,-8.65247,3.0294,1,0.632456
-1.41502,-8.62448,3.0294,1,0.67082
-1.66344,-8.59649,3.0294,1,0.707107
-1.91187,-8.5685,3.0294,1,0.74162
-2.1603,-8.54051,3.0294,1,0.774597
-2.40873,-8.51252,3.0294,1,0.806226
-2.65716,-8.48453,3.0294,1,0.83666
-2.90558,-8.45654,3.0294,1,0.866025
-3.15401,-8.42855,3.0294,1,0.894427
-3.40244,-8.40057,3.0294,1,0.921954
-3.65087,-8.37258,3.0294,1,0.948683
-3.8993,-8.34459,3.0294,1,0.974679
-4.14773,-8.3166,3.0294,1,1
-4.39615,-8.28861,3.0294,1,1.0247
-4.64458,-8.26062,3.0294,1,1.04881
-4.89301,-8.23263,3.0294,1,1.07238
-5.14144,-8.20464,3.0294,1,1.09545
-5.38987,-8.17665,3.0294,1,1.11803
-5.63829,-8.14866,3.0294,1,1.14018
-5.88672,-8.12068,3.0294,1,1.1619
-6.13515,-8.09269,3.0294,1,1.18322
-6.38358,-8.0647,3.0294,1,1.20416
-6.63201,-8.03671,3.0294,1,1.22474
-6.88043,-8.00872,3.0294,1,1.24499
-7.12886,-7.98073,3.0294,1,1.26491
-7.37729,-7.95274,3.0294,1,1.28452
-7.62572,-7.92475,3.0294,1,1.30384
-7.87415,-7.89676,3.0294,1,1.32288
-8.12258,-7.86877,3.0294,1,1.34164
-8.371,-7.84078,3.0294,1,1.36015
-8.61943,-7.81279,3.0294,1,1.3784
-8.86786,-7.78481,3.0294,1,1.39642
-9.11629,-7.75682,3.0294,1,1.4
-9.36472,-7.72883,3.0294,1,1.4
-9.61314,-7.70084,3.0294,1,1.4
-9.86157,-7.67285,3.0294,1,1.4
-10.11,-7.64486,3.0294,1,1.4
-10.3584,-7.61687,3.0294,1,1.4
-10.6069,-7.58888,3.0294,1,1.4
-10.8553,-7.56089,3.0294,1,1.4
-11.1037,-7.5329,3.0294,1,1.4
-11.3521,-7.50491,3.0294,1,1.4
-11.6006,-7.47693,3.0294,1,1.4
-11.849,-7.44894,3.0294,1,1.4
-12.0974,-7.42095,3.0294,1,1.4
-12.3459,-7.39296,3.0294,1,1.4
-12.5943,-7.36497,3.0294,1,1.4
-12.8427,-7.33698,3.0294,1,1.39642
-13.0911,-7.30899,3.0294,1,1.3784
-13.3396,-7.281,3.0294,1,1.36015
-13.588,-7.25301,3.0294,1,1.34164
-13.8364,-7.22502,3.0294,1,1.32288
-14.0849,-7.19703,3.0294,1,1.30384
-14.3333,-7.16905,3.0294,1,1.28452
-14.5817,-7.14106,3.0294,1,1.26491
-14.8301,-7.11307,3.0294,1,1.24499
-15.0786,-7.08508,3.0294,1,1.22474
-15.327,-7.05709,3.0294,1,1.20416
-15.5754,-7.0291,3.0294,1,1.18322
-15.8238,-7.00111,3.0294,1,1.1619
-16.0723,-6.97312,3.0294,1,1.14018
-16.3207,-6.94513,3.0294,1,1.11803
-16.5691,-6.91714,3.0294,1,1.09545
-16.8176,-6.88915,3.0294,1,1.07238
-17.066,-6.86117,3.0294,1,1.04881
-17.3144,-6.83318,3.0294,1,1.0247
-17.5628,-6.80519,3.0294,1,1
-17.8113,-6.7772,3.0294,1,0.974679
-18.0597,-6.74921,3.0294,1,0.948683
-18.3081,-6.72122,3.0294,1,0.921954
-18.5566,-6.69323,3.0294,1,0.894427
-18.805,-6.66524,3.0294,1,0.866025
-19.0534,-6.63725,3.0294,1,0.83666
-19.3018,-6.60926,3.0294,1,0.806226
-19.5503,-6.58127,3.0294,1,0.774597
-19.7987,-6.55329,3.0294,1,0.74162
-20.0471,-6.5253,3.0294,1,0.707107
-20.2956,-6.49731,3.0294,1,0.67082
-20.544,-6.46932,3.0294,1,0.632456
-20.7924,-6.44133,3.0294,1,0.591608
-21.0408,-6.41334,3.0294,1,0.547723
-21.2893,-6.38535,3.0294,1,0.25
-21.5377,-6.35736,3.0294,1,0.25
-21.7861,-6.32937,3.0294,1,0.25
-22.0346,-6.30138,3.0294,1,0.25
-22.283,-6.27339,3.0294,1,0.25
-22.3688,-6.26373,1.69112,2,0
-22.3988,-6.01554,1.69112,1,0.25
-22.4265,-5.78626,-0.112192,2,0
-22.1781,-5.81425,-0.112192,1,0.223607
-21.9296,-5.84224,-0.112192,1,0.316228
-21.6812,-5.87023,-0.112192,1,0.387298
-21.4328,-5.89822,-0.112192,1,0.447214
-21.1844,-5.92621,-0.112192,1,0.5
-20.9359,-5.9542,-0.112192,1,0.547723
-20.6875,-5.98219,-0.112192,1,0.591608
-20.4391,-6.01018,-0.112192,1,0.632456
-20.1906,-6.03817,-0.112192,1,0.67082
-19.9422,-6.06616,-0.112192,1,0.707107
-19.6938,-6.09415,-0.112192,1,0.74162
-19.4454,-6.12213,-0.112192,1,0.774597
-19.1969,-6.15012,-0.112192,1,0.806226
-18.9485,-6.17811,-0.112192,1,0.83666
-18.7001,-6.2061,-0.112192,1,0.866025
-18.4516,-6.23409,-0.112192,1,0.894427
-18.2032,-6.26208,-0.112192,1,0.921954
-17.9548,-6.29007,-0.112192,1,0.948683
-17.7064,-6.31806,-0.112192,1,0.974679
-17.4579,-6.34605,-0.112192,1,1
-17.2095,-6.37404,-0.112192,1,1.0247
-16.9611,-6.40203,-0.112192,1,1.04881
-16.7126,-6.43001,-0.112192,1,1.07238
-16.4642,-6.458,-0.112192,1,1.09545
-16.2158,-6.48599,-0.112192,1,1.11803
-15.9674,-6.51398,-0.112192,1,1.14018
-15.7189,-6.54197,-0.112192,1,1.1619
-15.4705,-6.56996,-0.112192,1,1.18322
-15.2221,-6.59795,-0.112192,1,1.20416
-14.9736,-6.62594,-0.112192,1,1.22474
-14.7252,-6.65393,-0.112192,1,1.24499
-14.4768,-6.68192,-0.112192,1,1.26491
-14.2284,-6.70991,-0.112192,1,1.28452
-13.9799,-6.73789,-0.112192,1,1.30384
-13.7315,-6.76588,-0.112192,1,1.32288
-13.4831,-6.79387,-0.112192,1,1.34164
-13.2346,-6.82186,-0.112192,1,1.36015
-12.9862,-6.84985,-0.112192,1,1.3784
-12.7378,-6.87784,-0.112192,1,1.39642
-12.4894,-6.90583,-0.112192,1,1.4
-12.2409,-6.93382,-0.112192,1,1.4
-11.9925,-6.96181,-0.112192,1,1.4
-11.7441,-6.9898,-0.112192,1,1.4
-11.4957,-7.01779,-0.112192,1,1.4
-11.2472,-7.04577,-0.112192,1,1.4
-10.9988,-7.07376,-0.112192,1,1.4
-10.7504,-7.10175,-0.112192,1,1.4
-10.5019,-7.12974,-0.112192,1,1.4
-10.2535,-7.15773,-0.112192,1,1.4
-10.0051,-7.18572,-0.112192,1,1.4
-9.75665,-7.21371,-0.112192,1,1.4
-9.50823,-7.2417,-0.112192,1,1.4
-9.2598,-7.26969,-0.112192,1,1.4
-9.01137,-7.29768,-0.112192,1,1.39642
-8.76294,-7.32567,-0.112192,1,1.3784
-8.51451,-7.35365,-0.112192,1,1.36015
-8.26609,-7.38164,-0.112192,1,1.34164
-8.01766,-7.40963,-0.112192,1,1.32288
-7.76923,-7.43762,-0.112192,1,1.30384
-7.5208,-7.46561,-0.112192,1,1.28452
-7.27237,-7.4936,-0.112192,1,1.26491
-7.02394,-7.52159,-0.112192,1,1.24499
-6.77552,-7.54958,-0.112192,1,1.22474
-6.52709,-7.57757,-0.112192,1,1.20416
-6.27866,-7.60556,-0.112192,1,1.18322
-6.03023,-7.63355,-0.112192,1,1.1619
-5.7818,-7.66153,-0.112192,1,1.14018
-5.53338,-7.68952,-0.112192,1,1.11803
-5.28495,-7.71751,-0.112192,1,1.09545
-5.03652,-7.7455,-0.112192,1,1.07238
-4.78809,-7.77349,-0.112192,1,1.04881
-4.53966,-7.80148,-0.112192,1,1.0247
-4.29123,-7.82947,-0.112192,1,1
-4.04281,-7.85746,-0.112192,1,0.974679
-3.79438,-7.88545,-0.112192,1,0.948683
-3.54595,-7.91344,-0.112192,1,0.921954
-3.29752,-7.94143,-0.112192,1,0.894427
-3.04909,-7.96941,-0.112192,1,0.866025
-2.80067,-7.9974,-0.112192,1,0.83666
-2.55224,-8.02539,-0.112192,1,0.806226
-2.30381,-8.05338,-0.112192,1,0.774597
-2.05538,-8.08137,-0.112192,1,0.74162
-1.80695,-8.10936,-0.112192,1,0.707107
-1.55852,-8.13735,-0.112192,1,0.67082
-1.3101,-8.16534,-0.112192,1,0.632456
-1.06167,-8.19333,-0.112192,1,0.591608
-0.81324,-8.22132,-0.112192,1,0.547723
-0.564812,-8.24931,-0.112192,1,0.25
-0.316384,-8.27729,-0.112192,1,0.25
-0.0679556,-8.30528,-0.112192,1,0.25
0.180473,-8.33327,-0.112192,1,0.25
0.428901,-8.36126,-0.112192,1,0.25
0.640932,-8.38515,1.92186,2,0
0.554958,-8.1504,1.92186,1,0.25
0.468985,-7.91566,1.92186,1,0.25
0.461025,-7.89392,3.0294,2,0
0.212597,-7.86593,3.0294,1,0.223607
-0.0358315,-7.83794,3.0294,1,0.316228
-0.28426,-7.80995,3.0294,1,0.387298
-0.532688,-7.78196,3.0294,1,0.447214
-0.781116,-7.75397,3.0294,1,0.5
-1.02954,-7.72599,3.0294,1,0.547723
-1.27797,-7.698,3.0294,1,0.591608
-1.5264,-7.67001,3.0294,1,0.632456
-1.77483,-7.64202,3.0294,1,0.67082
-2.02326,-7.61403,3.0294,1,0.707107
-2.27168,-7.58604,3.0294,1,0.74162
-2.52011,-7.55805,3.0294,1,0.774597
-2.76854,-7.53006,3.0294,1,0.806226
-3.01697,-7.50207,3.0294,1,0.83666
-3.2654,-7.47408,3.0294,1,0.866025
-3.51383,-7.44609,3.0294,1,0.894427
-3.76225,-7.41811,3.0294,1,0.921954
-4.01068,-7.39012,3.0294,1,0.948683
-4.25911,-7.36213,3.0294,1,0.974679
-4.50754,-7.33414,3.0294,1,1
-4.75597,-7.30615,3.0294,1,1.0247
-5.0044,-7.27816,3.0294,1,1.04881
-5.25282,-7.25017,3.0294,1,1.07238
-5.50125,-7.22218,3.0294,1,1.09545
-5.74968,-7.19419,3.0294,1,1.11803
-5.99811,-7.1662,3.0294,1,1.14018
-6.24654,-7.13821,3.0294,1,1.1619
-6.49496,-7.11023,3.0294,1,1.18322
-6.74339,-7.08224,3.0294,1,1.20416
-6.99182,-7.05425,3.0294,1,1.22474
-7.24025,-7.02626,3.0294,1,1.24499
-7.48868,-6.99827,3.0294,1,1.26491
-7.7371,-6.97028,3.0294,1,1.28452
-7.98553,-6.94229,3.0294,1,1.30384
-8.23396,-6.9143,3.0294,1,1.32288
-8.48239,-6.88631,3.0294,1,1.34164
-8.73082,-6.85832,3.0294,1,1.36015
-8.97925,-6.83033,3.0294,1,1.3784
-9.22767,-6.80235,3.0294,1,1.39642
-9.4761,-6.77436,3.0294,1,1.4
-9.72453,-6.74637,3.0294,1,1.4
-9.97296,-6.71838,3.0294,1,1.4
-10.2214,-6.69039,3.0294,1,1.4
-10.4698,-6.6624,3.0294,1,1.4
-10.7182,-6.63441,3.0294,1,1.4
-10.9667,-6.60642,3.0294,1,1.4
-11.2151,-6.57843,3.0294,1,1.4
-11.4635,-6.55044,3.0294,1,1.4
-11.712,-6.52245,3.0294,1,1.4
-11.9604,-6.49447,3.0294,1,1.4
-12.2088,-6.46648,3.0294,1,1.4
-12.4572,-6.43849,3.0294,1,1.4
-12.7057,-6.4105,3.0294,1,1.4
-12.9541,-6.38251,3.0294,1,1.39642
-13.2025,-6.35452,3.0294,1,1.3784
-13.451,-6.32653,3.0294,1,1.36015
-13.6994,-6.29854,3.0294,1,1.34164
-13.9478,-6.27055,3.0294,1,1.32288
-14.1962,-6.24256,3.0294,1,1.30384
-14.4447,-6.21457,3.0294,1,1.28452
-14.6931,-6.18659,3.0294,1,1.26491
-14.9415,-6.1586,3.0294,1,1.24499
-15.1899,-6.13061,3.0294,1,1.22474
-15.4384,-6.10262,3.0294,1,1.20416
-15.6868,-6.07463,3.0294,1,1.18322
-15.9352,-6.04664,3.0294,1,1.1619
-16.1837,-6.01865,3.0294,1,1.14018
-16.4321,-5.99066,3.0294,1,1.11803
-16.6805,-5.96267,3.0294,1,1.09545
-16.9289,-5.93468,3.0294,1,1.07238
-17.1774,-5.90669,3.0294,1,1.04881
-17.4258,-5.87871,3.0294,1,1.0247
-17.6742,-5.85072,3.0294,1,1
-17.9227,-5.82273,3.0294,1,0.974679
-18.1711,-5.79474,3.0294,1,0.948683
-18.4195,-5.76675,3.0294,1,0.921954
-18.6679,-5.73876,3.0294,1,0.894427
-18.9164,-5.71077,3.0294,1,0.866025
-19.1648,-5.68278,3.0294,1,0.83666
-19.4132,-5.65479,3.0294,1,0.806226
-19.6617,-5.6268,3.0294,1,0.774597
-19.9101,-5.59881,3.0294,1,0.74162
-20.1585,-5.57083,3.0294,1,0.707107
-20.4069,-5.54284,3.0294,1,0.67082
-20.6554,-5.51485,3.0294,1,0.632456
-20.9038,-5.48686,3.0294,1,0.591608
-21.1522,-5.45887,3.0294,1,0.547723
-21.4007,-5.43088,3.0294,1,0.25
-21.6491,-5.40289,3.0294,1,0.25
-21.8975,-5.3749,3.0294,1,0.25
-22.1459,-5.34691,3.0294,1,0.25
-22.3944,-5.31892,3.0294,1,0.25
-22.4561,-5.31197,0.906316,2,0
-22.302,-5.11516,0.906316,1,0.25
-22.1478,-4.91835,0.906316,1,0.25
-22.1171,-4.8792,-0.112192,2,0
-21.8687,-4.90719,-0.112192,1,0.223607
-21.6203,-4.93518,-0.112192,1,0.316228
-21.3718,-4.96316,-0.112192,1,0.387298
-21.1234,-4.99115,-0.112192,1,0.447214
-20.875,-5.01914,-0.112192,1,0.5
-20.6266,-5.04713,-0.112192,1,0.547723
-20.3781,-5.07512,-0.112192,1,0.591608
-20.1297,-5.10311,-0.112192,1,0.632456
-19.8813,-5.1311,-0.112192,1,0.67082
-19.6328,-5.15909,-0.112192,1,0.707107
-19.3844,-5.18708,-0.112192,1,0.74162
-19.136,-5.21507,-0.112192,1,0.774597
-18.8876,-5.24306,-0.112192,1,0.806226
-18.6391,-5.27105,-0.112192,1,0.83666
-18.3907,-5.29903,-0.112192,1,0.866025
-18.1423,-5.32702,-0.112192,1,0.894427
-17.8938,-5.35501,-0.112192,1,0.921954
-17.6454,-5.383,-0.112192,1,0.948683
-17.397,-5.41099,-0.112192,1,0.974679
-17.1486,-5.43898,-0.112192,1,1
-16.9001,-5.46697,-0.112192,1,1.0247
-16.6517,-5.49496,-0.112192,1,1.04881
-16.4033,-5.52295,-0.112192,1,1.07238
-16.1549,-5.55094,-0.112192,1,1.09545
-15.9064,-5.57893,-0.112192,1,1.11803
-15.658,-5.60691,-0.112192,1,1.14018
-15.4096,-5.6349,-0.112192,1,1.1619
-15.1611,-5.66289,-0.112192,1,1.18322
-14.9127,-5.69088,-0.112192,1,1.20416
-14.6643,-5.71887,-0.112192,1,1.22474
-14.4159,-5.74686,-0.112192,1,1.24499
-14.1674,-5.77485,-0.112192,1,1.26491
-13.919,-5.80284,-0.112192,1,1.28452
-13.6706,-5.83083,-0.112192,1,1.30384
-13.4221,-5.85882,-0.112192,1,1.32288
-13.1737,-5.88681,-0.112192,1,1.34164
-12.9253,-5.91479,-0.112192,1,1.36015
-12.6769,-5.94278,-0.112192,1,1.3784
-12.4284,-5.97077,-0.112192,1,1.39642
-12.18,-5.99876,-0.112192,1,1.4
-11.9316,-6.02675,-0.112192,1,1.4
-11.6831,-6.05474,-0.112192,1,1.4
-11.4347,-6.08273,-0.112192,1,1.4
-11.1863,-6.11072,-0.112192,1,1.4
-10.9379,-6.13871,-0.112192,1,1.4
-10.6894,-6.1667,-0.112192,1,1.4
-10.441,-6.19469,-0.112192,1,1.4
-10.1926,-6.22267,-0.112192,1,1.4
-9.94415,-6.25066,-0.112192,1,1.4
-9.69572,-6.27865,-0.112192,1,1.4
-9.44729,-6.30664,-0.112192,1,1.4
-9.19886,-6.33463,-0.112192,1,1.39642
-8.95043,-6.36262,-0.112192,1,1.3784
-8.70201,-6.39061,-0.112192,1,1.36015
-8.45358,-6.4186,-0.112192,1,1.34164
-8.20515,-6.44659,-0.112192,1,1.32288
-7.95672,-6.47458,-0.112192,1,1.30384
-7.70829,-6.50257,-0.112192,1,1.28452
-7.45987,-6.53055,-0.112192,1,1.26491
-7.21144,-6.55854,-0.112192,1,1.24499
-6.96301,-6.58653,-0.112192,1,1.22474
-6.71458,-6.61452,-0.112192,1,1.20416
-6.46615,-6.64251,-0.112192,1,1.18322
-6.21772,-6.6705,-0.112192,1,1.1619
-5.9693,-6.69849,-0.112192,1,1.14018
-5.72087,-6.72648,-0.112192,1,1.11803
-5.47244,-6.75447,-0.112192,1,1.09545
-5.22401,-6.78246,-0.112192,1,1.07238
-4.97558,-6.81045,-0.112192,1,1.04881
-4.72716,-6.83843,-0.112192,1,1.0247
-4.47873,-6.86642,-0.112192,1,1
-4.2303,-6.89441,-0.112192,1,0.974679
-3.98187,-6.9224,-0.112192,1,0.948683
-3.73344,-6.95039,-0.112192,1,0.921954
-3.48501,-6.97838,-0.112192,1,0.894427
-3.23659,-7.00637,-0.112192,1,0.866025
-2.98816,-7.03436,-0.112192,1,0.83666
-2.73973,-7.06235,-0.112192,1,0.806226
-2.4913,-7.09034,-0.112192,1,0.774597
-2.24287,-7.11833,-0.112192,1,0.74162
-1.99445,-7.14631,-0.112192,1,0.707107
-1.74602,-7.1743,-0.112192,1,0.67082
-1.49759,-7.20229,-0.112192,1,0.632456
-1.24916,-7.23028,-0.112192,1,0.591608
-1.00073,-7.25827,-0.112192,1,0.547723
-0.752304,-7.28626,-0.112192,1,0.25
-0.503876,-7.31425,-0.112192,1,0.25
-0.255448,-7.34224,-0.112192,1,0.25
-0.00701997,-7.37023,-0.112192,1,0.25
0.241408,-7.39822,-0.112192,1,0.25
0.281118,-7.40269,1.92186,2,0
0.195145,-7.16794,1.92186,1,0.25
0.109172,-6.9332,1.92186,1,0.25
0.101212,-6.91146,3.0294,2,0
-0.147217,-6.88347,3.0294,1,0.223607
-0.395645,-6.85548,3.0294,1,0.316228
-0.644073,-6.82749,3.0294,1,0.387298
-0.892501,-6.7995,3.0294,1,0.447214
-1.14093,-6.77151,3.0294,1,0.5
-1.38936,-6.74353,3.0294,1,0.547723
-1.63779,-6.71554,3.0294,1,0.591608
-1.88621,-6.68755,3.0294,1,0.632456
-2.13464,-6.65956,3.0294,1,0.67082
-2.38307,-6.63157,3.0294,1,0.707107
-2.6315,-6.60358,3.0294,1,0.74162
-2.87993,-6.57559,3.0294,1,0.774597
-3.12835,-6.5476,3.0294,1,0.806226
-3.37678,-6.51961,3.0294,1,0.83666
-3.62521,-6.49162,3.0294,1,0.866025
-3.87364,-6.46363,3.0294,1,0.894427
-4.12207,-6.43565,3.0294,1,0.921954
-4.3705,-6.40766,3.0294,1,0.948683
-4.61892,-6.37967,3.0294,1,0.974679
-4.86735,-6.35168,3.0294,1,1
-5.11578,-6.32369,3.0294,1,1.0247
-5.36421,-6.2957,3.0294,1,1.04881
-5.61264,-6.26771,3.0294,1,1.07238
-5.86106,-6.23972,3.0294,1,1.09545
-6.10949,-6.21173,3.0294,1,1.11803
-6.35792,-6.18374,3.0294,1,1.14018
-6.60635,-6.15575,3.0294,1,1.1619
-6.85478,-6.12777,3.0294,1,1.18322
-7.10321,-6.09978,3.0294,1,1.20416
-7.35163,-6.07179,3.0294,1,1.22474
-7.60006,-6.0438,3.0294,1,1.24499
-7.84849,-6.01581,3.0294,1,1.26491
-8.09692,-5.98782,3.0294,1,1.28452
-8.34535,-5.95983,3.0294,1,1.30384
-8.59377,-5.93184,3.0294,1,1.32288
-8.8422,-5.90385,3.0294,1,1.34164
-9.09063,-5.87586,3.0294,1,1.36015
-9.33906,-5.84787,3.0294,1,1.3784
-9.58749,-5.81989,3.0294,1,1.39642
-9.83592,-5.7919,3.0294,1,1.4
-10.0843,-5.76391,3.0294,1,1.4
-10.3328,-5.73592,3.0294,1,1.4
-10.5812,-5.70793,3.0294,1,1.4
-10.8296,-5.67994,3.0294,1,1.4
-11.0781,-5.65195,3.0294,1,1.4
-11.3265,-5.62396,3.0294,1,1.4
-11.5749,-5.59597,3.0294,1,1.4
-11.8233,-5.56798,3.0294,1,1.4
-12.0718,-5.53999,3.0294,1,1.4
-12.3202,-5.51201,3.0294,1,1.39642
-12.5686,-5.48402,3.0294,1,1.3784
-12.8171,-5.45603,3.0294,1,1.36015
-13.0655,-5.42804,3.0294,1,1.34164
-13.3139,-5.40005,3.0294,1,1.32288
-13.5623,-5.37206,3.0294,1,1.30384
-13.8108,-5.34407,3.0294,1,1.28452
-14.0592,-5.31608,3.0294,1,1.26491
-14.3076,-5.28809,3.0294,1,1.24499
-14.5561,-5.2601,3.0294,1,1.22474
-14.8045,-5.23211,3.0294,1,1.20416
-15.0529,-5.20413,3.0294,1,1.18322
-15.3013,-5.17614,3.0294,1,1.1619
-15.5498,-5.14815,3.0294,1,1.14018
-15.7982,-5.12016,3.0294,1,1.11803
-16.0466,-5.09217,3.0294,1,1.09545
-16.295,-5.06418,3.0294,1,1.07238
-16.5435,-5.03619,3.0294,1,1.04881
-16.7919,-5.0082,3.0294,1,1.0247
-17.0403,-4.98021,3.0294,1,1
-17.2888,-4.95222,3.0294,1,0.974679
-17.5372,-4.92423,3.0294,1,0.948683
-17.7856,-4.89625,3.0294,1,0.921954
-18.034,-4.86826,3.0294,1,0.894427
-18.2825,-4.84027,3.0294,1,0.866025
-18.5309,-4.81228,3.0294,1,0.83666
-18.7793,-4.78429,3.0294,1,0.806226
-19.0278,-4.7563,3.0294,1,0.774597
-19.2762,-4.72831,3.0294,1,0.74162
-19.5246,-4.70032,3.0294,1,0.707107
-19.773,-4.67233,3.0294,1,0.67082
-20.0215,-4.64434,3.0294,1,0.632456
-20.2699,-4.61635,3.0294,1,0.591608
-20.5183,-4.58837,3.0294,1,0.547723
-20.7668,-4.56038,3.0294,1,0.25
-21.0152,-4.53239,3.0294,1,0.25
-21.2636,-4.5044,3.0294,1,0.25
-21.512,-4.47641,3.0294,1,0.25
-21.7605,-4.44842,3.0294,1,0.25
-21.7781,-4.44643,0.906316,2,0
-21.624,-4.24962,0.906316,1,0.25
-21.4698,-4.05282,0.906316,1,0.25
-21.4391,-4.01366,-0.112192,2,0
-21.1907,-4.04165,-0.112192,1,0.223607
-20.9423,-4.06964,-0.112192,1,0.316228
-20.6939,-4.09763,-0.112192,1,0.387298
-20.4454,-4.12562,-0.112192,1,0.447214
-20.197,-4.15361,-0.112192,1,0.5
-19.9486,-4.1816,-0.112192,1,0.547723
-19.7001,-4.20958,-0.112192,1,0.591608
-19.4517,-4.23757,-0.112192,1,0.632456
-19.2033,-4.26556,-0.112192,1,0.67082
-18.9549,-4.29355,-0.112192,1,0.707107
-18.7064,-4.32154,-0.112192,1,0.74162
-18.458,-4.34953,-0.112192,1,0.774597
-18.2096,-4.37752,-0.112192,1,0.806226
-17.9611,-4.40551,-0.112192,1,0.83666
-17.7127,-4.4335,-0.112192,1,0.866025
-17.4643,-4.46149,-0.112192,1,0.894427
-17.2159,-4.48948,-0.112192,1,0.921954
-16.9674,-4.51746,-0.112192,1,0.948683
-16.719,-4.54545,-0.112192,1,0.974679
-16.4706,-4.57344,-0.112192,1,1
-16.2222,-4.60143,-0.112192,1,1.0247
-15.9737,-4.62942,-0.112192,1,1.04881
-15.7253,-4.65741,-0.112192,1,1.07238
-15.4769,-4.6854,-0.112192,1,1.09545
-15.2284,-4.71339,-0.112192,1,1.11803
-14.98,-4.74138,-0.112192,1,1.14018
-14.7316,-4.76937,-0.112192,1,1.1619
-14.4832,-4.79736,-0.112192,1,1.18322
-14.2347,-4.82534,-0.112192,1,1.20416
-13.9863,-4.85333,-0.112192,1,1.22474
-13.7379,-4.88132,-0.112192,1,1.24499
-13.4894,-4.90931,-0.112192,1,1.26491
-13.241,-4.9373,-0.112192,1,1.28452
-12.9926,-4.96529,-0.112192,1,1.30384
-12.7442,-4.99328,-0.112192,1,1.32288
-12.4957,-5.02127,-0.112192,1,1.34164
-12.2473,-5.04926,-0.112192,1,1.36015
-11.9989,-5.07725,-0.112192,1,1.3784
-11.7504,-5.10524,-0.112192,1,1.39642
-11.502,-5.13322,-0.112192,1,1.4
-11.2536,-5.16121,-0.112192,1,1.4
-11.0052,-5.1892,-0.112192,1,1.4
-10.7567,-5.21719,-0.112192,1,1.4
-10.5083,-5.24518,-0.112192,1,1.4
-10.2599,-5.27317,-0.112192,1,1.4
-10.0114,-5.30116,-0.112192,1,1.4
-9.76302,-5.32915,-0.112192,1,1.39642
-9.51459,-5.35714,-0.112192,1,1.3784
-9.26616,-5.38513,-0.112192,1,1.36015
-9.01774,-5.41312,-0.112192,1,1.34164
-8.76931,-5.4411,-0.112192,1,1.32288
-8.52088,-5.46909,-0.112192,1,1.30384
-8.27245,-5.49708,-0.112192,1,1.28452
-8.02402,-5.52507,-0.112192,1,1.26491
-7.7756,-5.55306,-0.112192,1,1.24499
-7.52717,-5.58105,-0.112192,1,1.22474
-7.27874,-5.60904,-0.112192,1,1.20416
-7.03031,-5.63703,-0.112192,1,1.18322
-6.78188,-5.66502,-0.112192,1,1.1619
-6.53345,-5.69301,-0.112192,1,1.14018
-6.28503,-5.721,-0.112192,1,1.11803
-6.0366,-5.74898,-0.112192,1,1.09545
-5.78817,-5.77697,-0.112192,1,1.07238
-5.53974,-5.80496,-0.112192,1,1.04881
-5.29131,-5.83295,-0.112192,1,1.0247
-5.04289,-5.86094,-0.112192,1,1
-4.79446,-5.88893,-0.112192,1,0.974679
-4.54603,-5.91692,-0.112192,1,0.948683
-4.2976,-5.94491,-0.112192,1,0.921954
-4.04917,-5.9729,-0.112192,1,0.894427
-3.80074,-6.00089,-0.112192,1,0.866025
-3.55232,-6.02888,-0.112192,1,0.83666
-3.30389,-6.05686,-0.112192,1,0.806226
-3.05546,-6.08485,-0.112192,1,0.774597
-2.80703,-6.11284,-0.112192,1,0.74162
-2.5586,-6.14083,-0.112192,1,0.707107
-2.31018,-6.16882,-0.112192,1,0.67082
-2.06175,-6.19681,-0.112192,1,0.632456
-1.81332,-6.2248,-0.112192,1,0.591608
-1.56489,-6.25279,-0.112192,1,0.547723
-1.31646,-6.28078,-0.112192,1,0.25
-1.06803,-6.30877,-0.112192,1,0.25
-0.819607,-6.33676,-0.112192,1,0.25
-0.571178,-6.36474,-0.112192,1,0.25
-0.32275,-6.39273,-0.112192,1,0.25
-0.0786952,-6.42023,1.92186,2,0
-0.164668,-6.18548,1.92186,1,0.25
-0.250641,-5.95074,1.92186,1,0.25
-0.258602,-5.929,3.0294,2,0
-0.50703,-5.90101,3.0294,1,0.223607
-0.755458,-5.87302,3.0294,1,0.316228
-1.00389,-5.84503,3.0294,1,0.387298
-1.25231,-5.81704,3.0294,1,0.447214
-1.50074,-5.78905,3.0294,1,0.5
-1.74917,-5.76107,3.0294,1,0.547723
-1.9976,-5.73308,3.0294,1,0.591608
-2.24603,-5.70509,3.0294,1,0.632456
-2.49446,-5.6771,3.0294,1,0.67082
-2.74288,-5.64911,3.0294,1,0.707107
-2.99131,-5.62112,3.0294,1,0.74162
-3.23974,-5.59313,3.0294,1,0.774597
-3.48817,-5.56514,3.0294,1,0.806226
-3.7366,-5.53715,3.0294,1,0.83666
-3.98502,-5.50916,3.0294,1,0.866025
-4.23345,-5.48117,3.0294,1,0.894427
-4.48188,-5.45319,3.0294,1,0.921954
-4.73031,-5.4252,3.0294,1,0.948683
-4.97874,-5.39721,3.0294,1,0.974679
-5.22717,-5.36922,3.0294,1,1
-5.47559,-5.34123,3.0294,1,1.0247
-5.72402,-5.31324,3.0294,1,1.04881
-5.97245,-5.28525,3.0294,1,1.07238
-6.22088,-5.25726,3.0294,1,1.09545
-6.46931,-5.22927,3.0294,1,1.11803
-6.71773,-5.20128,3.0294,1,1.14018
-6.96616,-5.17329,3.0294,1,1.1619
-7.21459,-5.14531,3.0294,1,1.18322
-7.46302,-5.11732,3.0294,1,1.20416
-7.71145,-5.08933,3.0294,1,1.22474
-7.95987,-5.06134,3.0294,1,1.24499
-8.2083,-5.03335,3.0294,1,1.26491
-8.45673,-5.00536,3.0294,1,1.28452
-8.70516,-4.97737,3.0294,1,1.30384
-8.95359,-4.94938,3.0294,1,1.32288
-9.20202,-4.92139,3.0294,1,1.34164
-9.45044,-4.8934,3.0294,1,1.36015
-9.69887,-4.86541,3.0294,1,1.3784
-9.9473,-4.83743,3.0294,1,1.39642
-10.1957,-4.80944,3.0294,1,1.4
-10.4442,-4.78145,3.0294,1,1.4
-10.6926,-4.75346,3.0294,1,1.4
-10.941,-4.72547,3.0294,1,1.4
-11.1894,-4.69748,3.0294,1,1.4
-11.4379,-4.66949,3.0294,1,1.39642
-11.6863,-4.6415,3.0294,1,1.3784
-11.9347,-4.61351,3.0294,1,1.36015
-12.1832,-4.58552,3.0294,1,1.34164
-12.4316,-4.55753,3.0294,1,1.32288
-12.68,-4.52955,3.0294,1,1.30384
-12.9284,-4.50156,3.0294,1,1.28452
-13.1769,-4.47357,3.0294,1,1.26491
-13.4253,-4.44558,3.0294,1,1.24499
-13.6737,-4.41759,3.0294,1,1.22474
-13.9222,-4.3896,3.0294,1,1.20416
-14.1706,-4.36161,3.0294,1,1.18322
-14.419,-4.33362,3.0294,1,1.1619
-14.6674,-4.30563,3.0294,1,1.14018
-14.9159,-4.27764,3.0294,1,1.11803
-15.1643,-4.24965,3.0294,1,1.09545
-15.4127,-4.22167,3.0294,1,1.07238
-15.6611,-4.19368,3.0294,1,1.04881
-15.9096,-4.16569,3.0294,1,1.0247
-16.158,-4.1377,3.0294,1,1
-16.4064,-4.10971,3.0294,1,0.974679
-16.6549,-4.08172,3.0294,1,0.948683
-16.9033,-4.05373,3.0294,1,0.921954
-17.1517,-4.02574,3.0294,1,0.894427
-17.4001,-3.99775,3.0294,1,0.866025
-17.6486,-3.96976,3.0294,1,0.83666
-17.897,-3.94177,3.0294,1,0.806226
-18.1454,-3.91379,3.0294,1,0.774597
-18.3939,-3.8858,3.0294,1,0.74162
-18.6423,-3.85781,3.0294,1,0.707107
-18.8907,-3.82982,3.0294,1,0.67082
-19.1391,-3.80183,3.0294,1,0.632456
-19.3876,-3.77384,3.0294,1,0.591608
-19.636,-3.74585,3.0294,1,0.547723
-19.8844,-3.71786,3.0294,1,0.25
-20.1329,-3.68987,3.0294,1,0.25
-20.3813,-3.66188,3.0294,1,0.25
-20.6297,-3.63389,3.0294,1,0.25
-20.8781,-3.60591,3.0294,1,0.25
-21.1002,-3.58089,0.906316,2,0
-20.946,-3.38409,0.906316,1,0.25
-20.7918,-3.18728,0.906316,1,0.25
-20.7612,-3.14812,-0.112192,2,0
-20.5127,-3.17611,-0.112192,1,0.223607
-20.2643,-3.2041,-0.112192,1,0.316228
-20.0159,-3.23209,-0.112192,1,0.387298
-19.7674,-3.26008,-0.112192,1,0.447214
-19.519,-3.28807,-0.112192,1,0.5
-19.2706,-3.31606,-0.112192,1,0.547723
-19.0222,-3.34405,-0.112192,1,0.591608
-18.7737,-3.37204,-0.112192,1,0.632456
-18.5253,-3.40003,-0.112192,1,0.67082
-18.2769,-3.42801,-0.112192,1,0.707107
-18.0285,-3.456,-0.112192,1,0.74162
-17.78,-3.48399,-0.112192,1,0.774597
-17.5316,-3.51198,-0.112192,1,0.806226
-17.2832,-3.53997,-0.112192,1,0.83666
-17.0347,-3.56796,-0.112192,1,0.866025
-16.7863,-3.59595,-0.112192,1,0.894427
-16.5379,-3.62394,-0.112192,1,0.921954
-16.2895,-3.65193,-0.112192,1,0.948683
-16.041,-3.67992,-0.112192,1,0.974679
-15.7926,-3.70791,-0.112192,1,1
-15.5442,-3.73589,-0.112192,1,1.0247
-15.2957,-3.76388,-0.112192,1,1.04881
-15.0473,-3.79187,-0.112192,1,1.07238
-14.7989,-3.81986,-0.112192,1,1.09545
-14.5505,-3.84785,-0.112192,1,1.11803
-14.302,-3.87584,-0.112192,1,1.14018
-14.0536,-3.90383,-0.112192,1,1.1619
-13.8052,-3.93182,-0.112192,1,1.18322
-13.5567,-3.95981,-0.112192,1,1.20416
-13.3083,-3.9878,-0.112192,1,1.22474
-13.0599,-4.01579,-0.112192,1,1.24499
-12.8115,-4.04377,-0.112192,1,1.26491
-12.563,-4.07176,-0.112192,1,1.28452
-12.3146,-4.09975,-0.112192,1,1.30384
-12.0662,-4.12774,-0.112192,1,1.32288
-11.8177,-4.15573,-0.112192,1,1.34164
-11.5693,-4.18372,-0.112192,1,1.36015
-11.3209,-4.21171,-0.112192,1,1.3784
-11.0725,-4.2397,-0.112192,1,1.39642
-10.824,-4.26769,-0.112192,1,1.4
-10.5756,-4.29568,-0.112192,1,1.4
-10.3272,-4.32367,-0.112192,1,1.4
-10.0788,-4.35166,-0.112192,1,1.39642
-9.83032,-4.37964,-0.112192,1,1.3784
-9.58189,-4.40763,-0.112192,1,1.36015
-9.33347,-4.43562,-0.112192,1,1.34164
-9.08504,-4.46361,-0.112192,1,1.32288
-8.83661,-4.4916,-0.112192,1,1.30384
-8.58818,-4.51959,-0.112192,1,1.28452
-8.33975,-4.54758,-0.112192,1,1.26491
-8.09132,-4.57557,-0.112192,1,1.24499
-7.8429,-4.60356,-0.112192,1,1.22474
-7.59447,-4.63155,-0.112192,1,1.20416
-7.34604,-4.65953,-0.112192,1,1.18322
-7.09761,-4.68752,-0.112192,1,1.1619
-6.84918,-4.71551,-0.112192,1,1.14018
-6.60076,-4.7435,-0.112192,1,1.11803
-6.35233,-4.77149,-0.112192,1,1.09545
-6.1039,-4.79948,-0.112192,1,1.07238
-5.85547,-4.82747,-0.112192,1,1.04881
-5.60704,-4.85546,-0.112192,1,1.0247
-5.35862,-4.88345,-0.112192,1,1
-5.11019,-4.91144,-0.112192,1,0.974679
-4.86176,-4.93943,-0.112192,1,0.948683
-4.61333,-4.96741,-0.112192,1,0.921954
-4.3649,-4.9954,-0.112192,1,0.894427
-4.11647,-5.02339,-0.112192,1,0.866025
-3.86805,-5.05138,-0.112192,1,0.83666
-3.61962,-5.07937,-0.112192,1,0.806226
-3.37119,-5.10736,-0.112192,1,0.774597
-3.12276,-5.13535,-0.112192,1,0.74162
-2.87433,-5.16334,-0.112192,1,0.707107
-2.62591,-5.19133,-0.112192,1,0.67082
-2.37748,-5.21932,-0.112192,1,0.632456
-2.12905,-5.24731,-0.112192,1,0.591608
-1.88062,-5.27529,-0.112192,1,0.547723
-1.63219,-5.30328,-0.112192,1,0.25
-1.38376,-5.33127,-0.112192,1,0.25
-1.13534,-5.35926,-0.112192,1,0.25
-0.886909,-5.38725,-0.112192,1,0.25
-0.63848,-5.41524,-0.112192,1,0.25
-0.438509,-5.43777,1.92186,2,0
-0.524482,-5.20302,1.92186,1,0.25
-0.610455,-4.96828,1.92186,1,0.25
-0.618415,-4.94654,3.0294,2,0
-0.866843,-4.91855,3.0294,1,0.223607
-1.11527,-4.89056,3.0294,1,0.316228
-1.3637,-4.86257,3.0294,1,0.387298
-1.61213,-4.83458,3.0294,1,0.447214
-1.86056,-4.80659,3.0294,1,0.5
-2.10898,-4.77861,3.0294,1,0.547723
-2.35741,-4.75062,3.0294,1,0.591608
-2.60584,-4.72263,3.0294,1,0.632456
-2.85427,-4.69464,3.0294,1,0.67082
-3.1027,-4.66665,3.0294,1,0.707107
-3.35113,-4.63866,3.0294,1,0.74162
-3.59955,-4.61067,3.0294,1,0.774597
-3.84798,-4.58268,3.0294,1,0.806226
-4.09641,-4.55469,3.0294,1,0.83666
-4.34484,-4.5267,3.0294,1,0.866025
-4.59327,-4.49871,3.0294,1,0.894427
-4.84169,-4.47073,3.0294,1,0.921954
-5.09012,-4.44274,3.0294,1,0.948683
-5.33855,-4.41475,3.0294,1,0.974679
-5.58698,-4.38676,3.0294,1,1
-5.83541,-4.35877,3.0294,1,1.0247
-6.08383,-4.33078,3.0294,1,1.04881
-6.33226,-4.30279,3.0294,1,1.07238
-6.58069,-4.2748,3.0294,1,1.09545
-6.82912,-4.24681,3.0294,1,1.11803
-7.07755,-4.21882,3.0294,1,1.14018
-7.32598,-4.19083,3.0294,1,1.1619
-7.5744,-4.16285,3.0294,1,1.18322
-7.82283,-4.13486,3.0294,1,1.20416
-8.07126,-4.10687,3.0294,1,1.22474
-8.31969,-4.07888,3.0294,1,1.24499
-8.56812,-4.05089,3.0294,1,1.26491
-8.81654,-4.0229,3.0294,1,1.28452
-9.06497,-3.99491,3.0294,1,1.30384
-9.3134,-3.96692,3.0294,1,1.32288
-9.56183,-3.93893,3.0294,1,1.34164
-9.81026,-3.91094,3.0294,1,1.36015
-10.0587,-3.88295,3.0294,1,1.3784
-10.3071,-3.85497,3.0294,1,1.39642
-10.5555,-3.82698,3.0294,1,1.4
-10.804,-3.79899,3.0294,1,1.39642
-11.0524,-3.771,3.0294,1,1.3784
-11.3008,-3.74301,3.0294,1,1.36015
-11.5493,-3.71502,3.0294,1,1.34164
-11.7977,-3.68703,3.0294,1,1.32288
-12.0461,-3.65904,3.0294,1,1.30384
-12.2945,-3.63105,3.0294,1,1.28452
-12.543,-3.60306,3.0294,1,1.26491
-12.7914,-3.57507,3.0294,1,1.24499
-13.0398,-3.54709,3.0294,1,1.22474
-13.2883,-3.5191,3.0294,1,1.20416
-13.5367,-3.49111,3.0294,1,1.18322
-13.7851,-3.46312,3.0294,1,1.1619
-14.0335,-3.43513,3.0294,1,1.14018
-14.282,-3.40714,3.0294,1,1.11803
-14.5304,-3.37915,3.0294,1,1.09545
-14.7788,-3.35116,3.0294,1,1.07238
-15.0272,-3.32317,3.0294,1,1.04881
-15.2757,-3.29518,3.0294,1,1.0247
-15.5241,-3.26719,3.0294,1,1
-15.7725,-3.23921,3.0294,1,0.974679
-16.021,-3.21122,3.0294,1,0.948683
-16.2694,-3.18323,3.0294,1,0.921954
-16.5178,-3.15524,3.0294,1,0.894427
-16.7662,-3.12725,3.0294,1,0.866025
-17.0147,-3.09926,3.0294,1,0.83666
-17.2631,-3.07127,3.0294,1,0.806226
-17.5115,-3.04328,3.0294,1,0.774597
-17.76,-3.01529,3.0294,1,0.74162
-18.0084,-2.9873,3.0294,1,0.707107
-18.2568,-2.95931,3.0294,1,0.67082
-18.5052,-2.93133,3.0294,1,0.632456
-18.7537,-2.90334,3.0294,1,0.591608
-19.0021,-2.87535,3.0294,1,0.547723
-19.2505,-2.84736,3.0294,1,0.25
-19.499,-2.81937,3.0294,1,0.25
-19.7474,-2.79138,3.0294,1,0.25
-19.9958,-2.76339,3.0294,1,0.25
-20.2442,-2.7354,3.0294,1,0.25
-20.4222,-2.71536,0.906316,2,0
-20.268,-2.51855,0.906316,1,0.25
-20.1138,-2.32174,0.906316,1,0.25
-20.0832,-2.28259,-0.112192,2,0
-19.8347,-2.31058,-0.112192,1,0.223607
-19.5863,-2.33856,-0.112192,1,0.316228
-19.3379,-2.36655,-0.112192,1,0.387298
-19.0895,-2.39454,-0.112192,1,0.447214
-18.841,-2.42253,-0.112192,1,0.5
-18.5926,-2.45052,-0.112192,1,0.547723
-18.3442,-2.47851,-0.112192,1,0.591608
-18.0958,-2.5065,-0.112192,1,0.632456
-17.8473,-2.53449,-0.112192,1,0.67082
-17.5989,-2.56248,-0.112192,1,0.707107
-17.3505,-2.59047,-0.112192,1,0.74162
-17.102,-2.61846,-0.112192,1,0.774597
-16.8536,-2.64645,-0.112192,1,0.806226
-16.6052,-2.67443,-0.112192,1,0.83666
-16.3568,-2.70242,-0.112192,1,0.866025
-16.1083,-2.73041,-0.112192,1,0.894427
-15.8599,-2.7584,-0.112192,1,0.921954
-15.6115,-2.78639,-0.112192,1,0.948683
-15.363,-2.81438,-0.112192,1,0.974679
-15.1146,-2.84237,-0.112192,1,1
-14.8662,-2.87036,-0.112192,1,1.0247
-14.6178,-2.89835,-0.112192,1,1.04881
-14.3693,-2.92634,-0.112192,1,1.07238
-14.1209,-2.95432,-0.112192,1,1.09545
-13.8725,-2.98231,-0.112192,1,1.11803
-13.624,-3.0103,-0.112192,1,1.14018
-13.3756,-3.03829,-0.112192,1,1.1619
-13.1272,-3.06628,-0.112192,1,1.18322
-12.8788,-3.09427,-0.112192,1,1.20416
-12.6303,-3.12226,-0.112192,1,1.22474
-12.3819,-3.15025,-0.112192,1,1.24499
-12.1335,-3.17824,-0.112192,1,1.26491
-11.885,-3.20623,-0.112192,1,1.28452
-11.6366,-3.23422,-0.112192,1,1.30384
-11.3882,-3.26221,-0.112192,1,1.32288
-11.1398,-3.29019,-0.112192,1,1.34164
-10.8913,-3.31818,-0.112192,1,1.36015
-10.6429,-3.34617,-0.112192,1,1.3784
-10.3945,-3.37416,-0.112192,1,1.39642
-10.1461,-3.40215,-0.112192,1,1.3784
-9.89762,-3.43014,-0.112192,1,1.36015
-9.6492,-3.45813,-0.112192,1,1.34164
-9.40077,-3.48612,-0.112192,1,1.32288
-9.15234,-3.51411,-0.112192,1,1.30384
-8.90391,-3.5421,-0.112192,1,1.28452
-8.65548,-3.57009,-0.112192,1,1.26491
-8.40705,-3.59807,-0.112192,1,1.24499
-8.15863,-3.62606,-0.112192,1,1.22474
-7.9102,-3.65405,-0.112192,1,1.20416
-7.66177,-3.68204,-0.112192,1,1.18322
-7.41334,-3.71003,-0.112192,1,1.1619
-7.16491,-3.73802,-0.112192,1,1.14018
-6.91649,-3.76601,-0.112192,1,1.11803
-6.66806,-3.794,-0.112192,1,1.09545
-6.41963,-3.82199,-0.112192,1,1.07238
-6.1712,-3.84998,-0.112192,1,1.04881
-5.92277,-3.87797,-0.112192,1,1.0247
-5.67435,-3.90595,-0.112192,1,1
-5.42592,-3.93394,-0.112192,1,0.974679
-5.17749,-3.96193,-0.112192,1,0.948683
-4.92906,-3.98992,-0.112192,1,0.921954
-4.68063,-4.01791,-0.112192,1,0.894427
-4.4322,-4.0459,-0.112192,1,0.866025
-4.18378,-4.07389,-0.112192,1,0.83666
-3.93535,-4.10188,-0.112192,1,0.806226
-3.68692,-4.12987,-0.112192,1,0.774597
-3.43849,-4.15786,-0.112192,1,0.74162
-3.19006,-4.18585,-0.112192,1,0.707107
-2.94164,-4.21383,-0.112192,1,0.67082
-2.69321,-4.24182,-0.112192,1,0.632456
-2.44478,-4.26981,-0.112192,1,0.591608
-2.19635,-4.2978,-0.112192,1,0.547723
-1.94792,-4.32579,-0.112192,1,0.25
-1.6995,-4.35378,-0.112192,1,0.25
-1.45107,-4.38177,-0.112192,1,0.25
-1.20264,-4.40976,-0.112192,1,0.25
-0.954211,-4.43775,-0.112192,1,0.25
-0.798322,-4.45531,1.92186,2,0
-0.884295,-4.22056,1.92186,1,0.25
-0.970268,-3.98582,1.92186,1,0.25
-0.978229,-3.96408,3.0294,2,0
-1.22666,-3.93609,3.0294,1,0.223607
-1.47508,-3.9081,3.0294,1,0.316228
-1.72351,-3.88011,3.0294,1,0.387298
-1.97194,-3.85212,3.0294,1,0.447214
-2.22037,-3.82413,3.0294,1,0.5
-2.4688,-3.79615,3.0294,1,0.547723
-2.71723,-3.76816,3.0294,1,0.591608
-2.96565,-3.74017,3.0294,1,0.632456
-3.21408,-3.71218,3.0294,1,0.67082
-3.46251,-3.68419,3.0294,1,0.707107
-3.71094,-3.6562,3.0294,1,0.74162
-3.95937,-3.62821,3.0294,1,0.774597
-4.20779,-3.60022,3.0294,1,0.806226
-4.45622,-3.57223,3.0294,1,0.83666
-4.70465,-3.54424,3.0294,1,0.866025
-4.95308,-3.51625,3.0294,1,0.894427
-5.20151,-3.48827,3.0294,1,0.921954
-5.44994,-3.46028,3.0294,1,0.948683
-5.69836,-3.43229,3.0294,1,0.974679
-5.94679,-3.4043,3.0294,1,1
-6.19522,-3.37631,3.0294,1,1.0247
-6.44365,-3.34832,3.0294,1,1.04881
-6.69208,-3.32033,3.0294,1,1.07238
-6.9405,-3.29234,3.0294,1,1.09545
-7.18893,-3.26435,3.0294,1,1.11803
-7.43736,-3.23636,3.0294,1,1.14018
-7.68579,-3.20837,3.0294,1,1.1619
-7.93422,-3.18039,3.0294,1,1.18322
-8.18264,-3.1524,3.0294,1,1.20416
-8.43107,-3.12441,3.0294,1,1.22474
-8.6795,-3.09642,3.0294,1,1.24499
-8.92793,-3.06843,3.0294,1,1.26491
-9.17636,-3.04044,3.0294,1,1.28452
-9.42479,-3.01245,3.0294,1,1.30384
-9.67321,-2.98446,3.0294,1,1.32288
-9.92164,-2.95647,3.0294,1,1.34164
-10.1701,-2.92848,3.0294,1,1.36015
-10.4185,-2.90049,3.0294,1,1.3784
-10.6669,-2.87251,3.0294,1,1.36015
-10.9154,-2.84452,3.0294,1,1.34164
-11.1638,-2.81653,3.0294,1,1.32288
-11.4122,-2.78854,3.0294,1,1.30384
-11.6606,-2.76055,3.0294,1,1.28452
-11.9091,-2.73256,3.0294,1,1.26491
-12.1575,-2.70457,3.0294,1,1.24499
-12.4059,-2.67658,3.0294,1,1.22474
-12.6544,-2.64859,3.0294,1,1.20416
-12.9028,-2.6206,3.0294,1,1.18322
-13.1512,-2.59261,3.0294,1,1.1619
-13.3996,-2.56463,3.0294,1,1.14018
-13.6481,-2.53664,3.0294,1,1.11803
-13.8965,-2.50865,3.0294,1,1.09545
-14.1449,-2.48066,3.0294,1,1.07238
-14.3933,-2.45267,3.0294,1,1.04881
-14.6418,-2.42468,3.0294,1,1.0247
-14.8902,-2.39669,3.0294,1,1
-15.1386,-2.3687,3.0294,1,0.974679
-15.3871,-2.34071,3.0294,1,0.948683
-15.6355,-2.31272,3.0294,1,0.921954
-15.8839,-2.28473,3.0294,1,0.894427
-16.1323,-2.25675,3.0294,1,0.866025
-16.3808,-2.22876,3.0294,1,0.83666
-16.6292,-2.20077,3.0294,1,0.806226
-16.8776,-2.17278,3.0294,1,0.774597
-17.1261,-2.14479,3.0294,1,0.74162
-17.3745,-2.1168,3.0294,1,0.707107
-17.6229,-2.08881,3.0294,1,0.67082
-17.8713,-2.06082,3.0294,1,0.632456
-18.1198,-2.03283,3.0294,1,0.591608
-18.3682,-2.00484,3.0294,1,0.547723
-18.6166,-1.97685,3.0294,1,0.25
-18.8651,-1.94887,3.0294,1,0.25
-19.1135,-1.92088,3.0294,1,0.25
-19.3619,-1.89289,3.0294,1,0.25
-19.6103,-1.8649,3.0294,1,0.25
-19.7442,-1.84982,0.906316,2,0
-19.59,-1.65301,0.906316,1,0.25
-19.4359,-1.45621,0.906316,1,0.25
-19.4052,-1.41705,-0.112192,2,0
-19.1568,-1.44504,-0.112192,1,0.223607
-18.9083,-1.47303,-0.112192,1,0.316228
-18.6599,-1.50102,-0.112192,1,0.387298
-18.4115,-1.52901,-0.112192,1,0.447214
-18.1631,-1.557,-0.112192,1,0.5
-17.9146,-1.58498,-0.112192,1,0.547723
-17.6662,-1.61297,-0.112192,1,0.591608
-17.4178,-1.64096,-0.112192,1,0.632456
-17.1693,-1.66895,-0.112192,1,0.67082
-16.9209,-1.69694,-0.112192,1,0.707107
-16.6725,-1.72493,-0.112192,1,0.74162
-16.4241,-1.75292,-0.112192,1,0.774597
-16.1756,-1.78091,-0.112192,1,0.806226
-15.9272,-1.8089,-0.112192,1,0.83666
-15.6788,-1.83689,-0.112192,1,0.866025
-15.4303,-1.86488,-0.112192,1,0.894427
-15.1819,-1.89286,-0.112192,1,0.921954
-14.9335,-1.92085,-0.112192,1,0.948683
-14.6851,-1.94884,-0.112192,1,0.974679
-14.4366,-1.97683,-0.112192,1,1
-14.1882,-2.00482,-0.112192,1,1.0247
-13.9398,-2.03281,-0.112192,1,1.04881
-13.6913,-2.0608,-0.112192,1,1.07238
-13.4429,-2.08879,-0.112192,1,1.09545
-13.1945,-2.11678,-0.112192,1,1.11803
-12.9461,-2.14477,-0.112192,1,1.14018
-12.6976,-2.17276,-0.112192,1,1.1619
-12.4492,-2.20074,-0.112192,1,1.18322
-12.2008,-2.22873,-0.112192,1,1.20416
-11.9524,-2.25672,-0.112192,1,1.22474
-11.7039,-2.28471,-0.112192,1,1.24499
-11.4555,-2.3127,-0.112192,1,1.26491
-11.2071,-2.34069,-0.112192,1,1.28452
-10.9586,-2.36868,-0.112192,1,1.30384
-10.7102,-2.39667,-0.112192,1,1.32288
-10.4618,-2.42466,-0.112192,1,1.34164
-10.2134,-2.45265,-0.112192,1,1.36015
-9.96493,-2.48064,-0.112192,1,1.34164
-9.7165,-2.50862,-0.112192,1,1.32288
-9.46807,-2.53661,-0.112192,1,1.30384
-9.21964,-2.5646,-0.112192,1,1.28452
-8.97121,-2.59259,-0.112192,1,1.26491
-8.72278,-2.62058,-0.112192,1,1.24499
-8.47436,-2.64857,-0.112192,1,1.22474
-8.22593,-2.67656,-0.112192,1,1.20416
-7.9775,-2.70455,-0.112192,1,1.18322
-7.72907,-2.73254,-0.112192,1,1.1619
-7.48064,-2.76053,-0.112192,1,1.14018
-7.23222,-2.78852,-0.112192,1,1.11803
-6.98379,-2.8165,-0.112192,1,1.09545
-6.73536,-2.84449,-0.112192,1,1.07238
-6.48693,-2.87248,-0.112192,1,1.04881
-6.2385,-2.90047,-0.112192,1,1.0247
-5.99008,-2.92846,-0.112192,1,1
-5.74165,-2.95645,-0.112192,1,0.974679
-5.49322,-2.98444,-0.112192,1,0.948683
-5.24479,-3.01243,-0.112192,1,0.921954
-4.99636,-3.04042,-0.112192,1,0.894427
-4.74793,-3.06841,-0.112192,1,0.866025
-4.49951,-3.0964,-0.112192,1,0.83666
-4.25108,-3.12438,-0.112192,1,0.806226
-4.00265,-3.15237,-0.112192,1,0.774597
-3.75422,-3.18036,-0.112192,1,0.74162
-3.50579,-3.20835,-0.112192,1,0.707107
-3.25737,-3.23634,-0.112192,1,0.67082
-3.00894,-3.26433,-0.112192,1,0.632456
-2.76051,-3.29232,-0.112192,1,0.591608
-2.51208,-3.32031,-0.112192,1,0.547723
-2.26365,-3.3483,-0.112192,1,0.25
-2.01523,-3.37629,-0.112192,1,0.25
-1.7668,-3.40428,-0.112192,1,0.25
-1.51837,-3.43226,-0.112192,1,0.25
-1.26994,-3.46025,-0.112192,1,0.25
-1.15814,-3.47285,1.92186,2,0
-1.24411,-3.2381,1.92186,1,0.25
-1.33008,-3.00336,1.92186,1,0.25
-1.33804,-2.98162,3.0294,2,0
-1.58647,-2.95363,3.0294,1,0.223607
-1.8349,-2.92564,3.0294,1,0.316228
-2.08333,-2.89765,3.0294,1,0.387298
-2.33175,-2.86966,3.0294,1,0.447214
-2.58018,-2.84167,3.0294,1,0.5
-2.82861,-2.81369,3.0294,1,0.547723
-3.07704,-2.7857,3.0294,1,0.591608
-3.32547,-2.75771,3.0294,1,0.632456
-3.5739,-2.72972,3.0294,1,0.67082
-3.82232,-2.70173,3.0294,1,0.707107
-4.07075,-2.67374,3.0294,1,0.74162
-4.31918,-2.64575,3.0294,1,0.774597
-4.56761,-2.61776,3.0294,1,0.806226
-4.81604,-2.58977,3.0294,1,0.83666
-5.06446,-2.56178,3.0294,1,0.866025
-5.31289,-2.53379,3.0294,1,0.894427
-5.56132,-2.50581,3.0294,1,0.921954
-5.80975,-2.47782,3.0294,1,0.948683
-6.05818,-2.44983,3.0294,1,0.974679
-6.3066,-2.42184,3.0294,1,1
-6.55503,-2.39385,3.0294,1,1.0247
-6.80346,-2.36586,3.0294,1,1.04881
-7.05189,-2.33787,3.0294,1,1.07238
-7.30032,-2.30988,3.0294,1,1.09545
-7.54875,-2.28189,3.0294,1,1.11803
-7.79717,-2.2539,3.0294,1,1.14018
-8.0456,-2.22591,3.0294,1,1.1619
-8.29403,-2.19793,3.0294,1,1.18322
-8.54246,-2.16994,3.0294,1,1.20416
-8.79089,-2.14195,3.0294,1,1.22474
-9.03931,-2.11396,3.0294,1,1.24499
-9.28774,-2.08597,3.0294,1,1.26491
-9.53617,-2.05798,3.0294,1,1.28452
-9.7846,-2.02999,3.0294,1,1.30384
-10.033,-2.002,3.0294,1,1.32288
-10.2815,-1.97401,3.0294,1,1.34164
-10.5299,-1.94602,3.0294,1,1.32288
-10.7783,-1.91803,3.0294,1,1.30384
-11.0267,-1.89005,3.0294,1,1.28452
-11.2752,-1.86206,3.0294,1,1.26491
-11.5236,-1.83407,3.0294,1,1.24499
-11.772,-1.80608,3.0294,1,1.22474
-12.0205,-1.77809,3.0294,1,1.20416
-12.2689,-1.7501,3.0294,1,1.18322
-12.5173,-1.72211,3.0294,1,1.1619
-12.7657,-1.69412,3.0294,1,1.14018
-13.0142,-1.66613,3.0294,1,1.11803
-13.2626,-1.63814,3.0294,1,1.09545
-13.511,-1.61015,3.0294,1,1.07238
-13.7594,-1.58217,3.0294,1,1.04881
-14.0079,-1.55418,3.0294,1,1.0247
-14.2563,-1.52619,3.0294,1,1
-14.5047,-1.4982,3.0294,1,0.974679
-14.7532,-1.47021,3.0294,1,0.948683
-15.0016,-1.44222,3.0294,1,0.921954
-15.25,-1.41423,3.0294,1,0.894427
-15.4984,-1.38624,3.0294,1,0.866025
-15.7469,-1.35825,3.0294,1,0.83666
-15.9953,-1.33026,3.0294,1,0.806226
-16.2437,-1.30227,3.0294,1,0.774597
-16.4922,-1.27429,3.0294,1,0.74162
-16.7406,-1.2463,3.0294,1,0.707107
-16.989,-1.21831,3.0294,1,0.67082
-17.2374,-1.19032,3.0294,1,0.632456
-17.4859,-1.16233,3.0294,1,0.591608
-17.7343,-1.13434,3.0294,1,0.547723
-17.9827,-1.10635,3.0294,1,0.25
-18.2312,-1.07836,3.0294,1,0.25
-18.4796,-1.05037,3.0294,1,0.25
-18.728,-1.02238,3.0294,1,0.25
-18.9764,-0.994395,3.0294,1,0.25
-19.0662,-0.984281,0.906316,2,0
-18.912,-0.787476,0.906316,1,0.25
-18.7579,-0.59067,0.906316,1,0.25
-18.7272,-0.551513,-0.112192,2,0
-18.4788,-0.579502,-0.112192,1,0.223607
-18.2304,-0.607491,-0.112192,1,0.316228
-17.9819,-0.63548,-0.112192,1,0.387298
-17.7335,-0.663469,-0.112192,1,0.447214
-17.4851,-0.691458,-0.112192,1,0.5
-17.2366,-0.719447,-0.112192,1,0.547723
-16.9882,-0.747436,-0.112192,1,0.591608
-16.7398,-0.775425,-0.112192,1,0.632456
-16.4914,-0.803415,-0.112192,1,0.67082
-16.2429,-0.831404,-0.112192,1,0.707107
-15.9945,-0.859393,-0.112192,1,0.74162
-15.7461,-0.887382,-0.112192,1,0.774597
-15.4976,-0.915371,-0.112192,1,0.806226
-15.2492,-0.94336,-0.112192,1,0.83666
-15.0008,-0.971349,-0.112192,1,0.866025
-14.7524,-0.999338,-0.112192,1,0.894427
-14.5039,-1.02733,-0.112192,1,0.921954
-14.2555,-1.05532,-0.112192,1,0.948683
-14.0071,-1.08331,-0.112192,1,0.974679
-13.7586,-1.11129,-0.112192,1,1
-13.5102,-1.13928,-0.112192,1,1.0247
-13.2618,-1.16727,-0.112192,1,1.04881
-13.0134,-1.19526,-0.112192,1,1.07238
-12.7649,-1.22325,-0.112192,1,1.09545
-12.5165,-1.25124,-0.112192,1,1.11803
-12.2681,-1.27923,-0.112192,1,1.14018
-12.0197,-1.30722,-0.112192,1,1.1619
-11.7712,-1.33521,-0.112192,1,1.18322
-11.5228,-1.3632,-0.112192,1,1.20416
-11.2744,-1.39119,-0.112192,1,1.22474
-11.0259,-1.41917,-0.112192,1,1.24499
-10.7775,-1.44716,-0.112192,1,1.26491
-10.5291,-1.47515,-0.112192,1,1.28452
-10.2807,-1.50314,-0.112192,1,1.30384
-10.0322,-1.53113,-0.112192,1,1.32288
-9.7838,-1.55912,-0.112192,1,1.30384
-9.53537,-1.58711,-0.112192,1,1.28452
-9.28694,-1.6151,-0.112192,1,1.26491
-9.03852,-1.64309,-0.112192,1,1.24499
-8.79009,-1.67108,-0.112192,1,1.22474
-8.54166,-1.69907,-0.112192,1,1.20416
-8.29323,-1.72705,-0.112192,1,1.18322
-8.0448,-1.75504,-0.112192,1,1.1619
-7.79637,-1.78303,-0.112192,1,1.14018
-7.54795,-1.81102,-0.112192,1,1.11803
-7.29952,-1.83901,-0.112192,1,1.09545
-7.05109,-1.867,-0.112192,1,1.07238
-6.80266,-1.89499,-0.112192,1,1.04881
-6.55423,-1.92298,-0.112192,1,1.0247
-6.30581,-1.95097,-0.112192,1,1
-6.05738,-1.97896,-0.112192,1,0.974679
-5.80895,-2.00695,-0.112192,1,0.948683
-5.56052,-2.03493,-0.112192,1,0.921954
-5.31209,-2.06292,-0.112192,1,0.894427
-5.06366,-2.09091,-0.112192,1,0.866025
-4.81524,-2.1189,-0.112192,1,0.83666
-4.56681,-2.14689,-0.112192,1,0.806226
-4.31838,-2.17488,-0.112192,1,0.774597
-4.06995,-2.20287,-0.112192,1,0.74162
-3.82152,-2.23086,-0.112192,1,0.707107
-3.5731,-2.25885,-0.112192,1,0.67082
-3.32467,-2.28684,-0.112192,1,0.632456
-3.07624,-2.31483,-0.112192,1,0.591608
-2.82781,-2.34281,-0.112192,1,0.547723
-2.57938,-2.3708,-0.112192,1,0.25
-2.33096,-2.39879,-0.112192,1,0.25
-2.08253,-2.42678,-0.112192,1,0.25
-1.8341,-2.45477,-0.112192,1,0.25
-1.58567,-2.48276,-0.112192,1,0.25
-1.51795,-2.49039,1.92186,2,0
-1.60392,-2.25564,1.92186,1,0.25
-1.6899,-2.0209,1.92186,1,0.25
-1.69786,-1.99916,3.0294,2,0
-1.94628,-1.97117,3.0294,1,0.223607
-2.19471,-1.94318,3.0294,1,0.316228
-2.44314,-1.91519,3.0294,1,0.387298
-2.69157,-1.8872,3.0294,1,0.447214
-2.94,-1.85921,3.0294,1,0.5
-3.18842,-1.83123,3.0294,1,0.547723
-3.43685,-1.80324,3.0294,1,0.591608
-3.68528,-1.77525,3.0294,1,0.632456
-3.93371,-1.74726,3.0294,1,0.67082
-4.18214,-1.71927,3.0294,1,0.707107
-4.43056,-1.69128,3.0294,1,0.74162
-4.67899,-1.66329,3.0294,1,0.774597
-4.92742,-1.6353,3.0294,1,0.806226
-5.17585,-1.60731,3.0294,1,0.83666
-5.42428,-1.57932,3.0294,1,0.866025
-5.67271,-1.55133,3.0294,1,0.894427
-5.92113,-1.52335,3.0294,1,0.921954
-6.16956,-1.49536,3.0294,1,0.948683
-6.41799,-1.46737,3.0294,1,0.974679
-6.66642,-1.43938,3.0294,1,1
-6.91485,-1.41139,3.0294,1,1.0247
-7.16327,-1.3834,3.0294,1,1.04881
-7.4117,-1.35541,3.0294,1,1.07238
-7.66013,-1.32742,3.0294,1,1.09545
-7.90856,-1.29943,3.0294,1,1.11803
-8.15699,-1.27144,3.0294,1,1.14018
-8.40541,-1.24345,3.0294,1,1.1619
-8.65384,-1.21547,3.0294,1,1.18322
-8.90227,-1.18748,3.0294,1,1.20416
-9.1507,-1.15949,3.0294,1,1.22474
-9.39913,-1.1315,3.0294,1,1.24499
-9.64756,-1.10351,3.0294,1,1.26491
-9.89598,-1.07552,3.0294,1,1.28452
-10.1444,-1.04753,3.0294,1,1.30384
-10.3928,-1.01954,3.0294,1,1.28452
-10.6413,-0.991553,3.0294,1,1.26491
-10.8897,-0.963564,3.0294,1,1.24499
-11.1381,-0.935575,3.0294,1,1.22474
-11.3866,-0.907586,3.0294,1,1.20416
-11.635,-0.879596,3.0294,1,1.18322
-11.8834,-0.851607,3.0294,1,1.1619
-12.1318,-0.823618,3.0294,1,1.14018
-12.3803,-0.795629,3.0294,1,1.11803
-12.6287,-0.76764,3.0294,1,1.09545
-12.8771,-0.739651,3.0294,1,1.07238
-13.1255,-0.711662,3.0294,1,1.04881
-13.374,-0.683673,3.0294,1,1.0247
-13.6224,-0.655684,3.0294,1,1
-13.8708,-0.627695,3.0294,1,0.974679
-14.1193,-0.599705,3.0294,1,0.948683
-14.3677,-0.571716,3.0294,1,0.921954
-14.6161,-0.543727,3.0294,1,0.894427
-14.8645,-0.515738,3.0294,1,0.866025
-15.113,-0.487749,3.0294,1,0.83666
-15.3614,-0.45976,3.0294,1,0.806226
-15.6098,-0.431771,3.0294,1,0.774597
-15.8583,-0.403782,3.0294,1,0.74162
-16.1067,-0.375793,3.0294,1,0.707107
-16.3551,-0.347804,3.0294,1,0.67082
-16.6035,-0.319815,3.0294,1,0.632456
-16.852,-0.291825,3.0294,1,0.591608
-17.1004,-0.263836,3.0294,1,0.547723
-17.3488,-0.235847,3.0294,1,0.25
-17.5973,-0.207858,3.0294,1,0.25
-17.8457,-0.179869,3.0294,1,0.25
-18.0941,-0.15188,3.0294,1,0.25
-18.3425,-0.123891,3.0294,1,0.25
-18.3882,-0.118744,0.906316,2,0
-18.2341,0.0780615,0.906316,1,0.223607
-18.0799,0.274867,0.906316,1,0.223607
-18.0492,0.314024,-0.112192,2,0
-17.8008,0.286035,-0.112192,1,0.223607
-17.5524,0.258046,-0.112192,1,0.316228
-17.3039,0.230057,-0.112192,1,0.387298
-17.0555,0.202068,-0.112192,1,0.447214
-16.8071,0.174079,-0.112192,1,0.5
-16.5587,0.14609,-0.112192,1,0.547723
-16.3102,0.118101,-0.112192,1,0.591608
-16.0618,0.0901115,-0.112192,1,0.632456
-15.8134,0.0621224,-0.112192,1,0.67082
-15.5649,0.0341333,-0.112192,1,0.707107
-15.3165,0.00614419,-0.112192,1,0.74162
-15.0681,-0.0218449,-0.112192,1,0.774597
-14.8197,-0.049834,-0.112192,1,0.806226
-14.5712,-0.0778231,-0.112192,1,0.83666
-14.3228,-0.105812,-0.112192,1,0.866025
-14.0744,-0.133801,-0.112192,1,0.894427
-13.826,-0.16179,-0.112192,1,0.921954
-13.5775,-0.189779,-0.112192,1,0.948683
-13.3291,-0.217769,-0.112192,1,0.974679
-13.0807,-0.245758,-0.112192,1,1
-12.8322,-0.273747,-0.112192,1,1.0247
-12.5838,-0.301736,-0.112192,1,1.04881
-12.3354,-0.329725,-0.112192,1,1.07238
-12.087,-0.357714,-0.112192,1,1.09545
-11.8385,-0.385703,-0.112192,1,1.11803
-11.5901,-0.413692,-0.112192,1,1.14018
-11.3417,-0.441681,-0.112192,1,1.1619
-11.0932,-0.46967,-0.112192,1,1.18322
-10.8448,-0.497659,-0.112192,1,1.20416
-10.5964,-0.525649,-0.112192,1,1.22474
-10.348,-0.553638,-0.112192,1,1.24499
-10.0995,-0.581627,-0.112192,1,1.26491
-9.8511,-0.609616,-0.112192,1,1.28452
-9.60267,-0.637605,-0.112192,1,1.26491
-9.35425,-0.665594,-0.112192,1,1.24499
-9.10582,-0.693583,-0.112192,1,1.22474
-8.85739,-0.721572,-0.112192,1,1.20416
-8.60896,-0.749561,-0.112192,1,1.18322
-8.36053,-0.77755,-0.112192,1,1.1619
-8.1121,-0.805539,-0.112192,1,1.14018
-7.86368,-0.833529,-0.112192,1,1.11803
-7.61525,-0.861518,-0.112192,1,1.09545
-7.36682,-0.889507,-0.112192,1,1.07238
-7.11839,-0.917496,-0.112192,1,1.04881
-6.86996,-0.945485,-0.112192,1,1.0247
-6.62154,-0.973474,-0.112192,1,1
-6.37311,-1.00146,-0.112192,1,0.974679
-6.12468,-1.02945,-0.112192,1,0.948683
-5.87625,-1.05744,-0.112192,1,0.921954
-5.62782,-1.08543,-0.112192,1,0.894427
-5.3794,-1.11342,-0.112192,1,0.866025
-5.13097,-1.14141,-0.112192,1,0.83666
-4.88254,-1.1694,-0.112192,1,0.806226
-4.63411,-1.19739,-0.112192,1,0.774597
-4.38568,-1.22538,-0.112192,1,0.74162
-4.13725,-1.25336,-0.112192,1,0.707107
-3.88883,-1.28135,-0.112192,1,0.67082
-3.6404,-1.30934,-0.112192,1,0.632456
-3.39197,-1.33733,-0.112192,1,0.591608
-3.14354,-1.36532,-0.112192,1,0.547723
-2.89511,-1.39331,-0.112192,1,0.5
-2.64669,-1.4213,-0.112192,1,0.447214
-2.39826,-1.44929,-0.112192,1,0.387298
-2.14983,-1.47728,-0.112192,1,0.316228
-1.9014,-1.50527,-0.112192,1,0.223607
-1.87776,-1.50793,-0.112192,1,0
