            0.149914 0 0 0  2.96927e-05 -2.20991e-05    0.0003296 0 0 0   -0.011 -0.02329  0.04412  0.00015712 8.14738e-05  0.00499133 -0.00442014  0.00268827 -0.00260929 0 0 0   0.312272 -0.0601787   -9.80384 
            0.199822  -0.0807377 0.000171532  0.00309276    0.071747  -0.0189264 -0.00364464 0 0 0   -0.011 -0.02329  0.04412   0.00750281 -0.000222511   0.00691511 -0.00442012   0.0026883 -0.00260929 -3.44394e-07  9.14138e-08  2.05898e-08   0.312273 -0.0601788   -9.80384 
            0.249866 -0.0620323  -0.112604 -0.0508988      0.1184  0.00191001 -0.00251995 0 0 0   -0.011 -0.02329  0.04412  0.471832  0.210693 0.0181295 -0.00450066  0.00306529  -0.0024177 -5.83695e-05 -2.61554e-05 -9.64917e-07   0.312328 -0.0601535   -9.80384 
            0.299826 -0.130511 0.0841382 0.0542576  0.0189945  0.0252077 -0.0130404 0 0 0   -0.011 -0.02329  0.04412  -0.519645   0.329462 -0.0941577 -0.00449367  0.00221844 -0.00281994    0.0016169 -0.000239203  0.000160672   0.310713 -0.0599476   -9.80389 
            0.349828 -0.0967426 -0.0100766  0.0901412   0.0150168   0.0402299 -0.00792126 0 0 0   -0.011 -0.02329  0.04412  -0.375302   0.319698 -0.0252544 -0.00457057  0.00257928 -0.00293364   0.00045083 -0.000326182  3.81255e-05   0.311838 -0.0598644   -9.80386 
            0.399955 0.00756035 0.00216578  0.0428076   0.0150613   0.0395968 -0.00862991 0 0 0   -0.011 -0.02329  0.04412  -0.268903   0.229736 -0.0227953 -0.00481489  0.00255879  -0.0027423  -0.00246247    0.0024492 -5.86188e-05   0.314642 -0.0625328   -9.80375 
            0.449903 0.0236061 0.0122475 0.0465423   0.0289389   0.0425725 -0.00999996 0 0 0   -0.011 -0.02329  0.04412 -0.134476  0.188057 -0.023463 -0.00478251   0.0025905  -0.0027259 -0.0112938 0.00508246 0.00105893   0.323097 -0.0650504   -9.80346 
            0.499892  0.0495033 0.00632566  0.0530721  0.0210285  0.0423415 0.00142188 0 0 0   -0.011 -0.02329  0.04412 -0.139807  0.145822 0.0355219 -0.00481594   0.0025851 -0.00273247 -0.00956904   0.0116901  -0.0139428    0.32191 -0.0714856   -9.80346 
            0.549846   0.0607959 -0.00592723   0.0466155   0.0272569   0.0360647 -0.00497706 0 0 0   -0.011 -0.02329  0.04412  -0.082761  0.0882812 0.00126482 -0.00477988  0.00265345 -0.00267115 -0.0224885  0.0250018   0.001757   0.333856 -0.0841785   -9.80296 
            0.598781 0.0055071 0.0108463 0.0631488   0.0317287   0.0204331 -0.00393519 0 0 0   -0.011 -0.02329  0.04412 -0.0454266 0.00550461 0.00855758 -0.00447549  0.00260901 -0.00268525    -0.033923    0.0536271 -0.000650878  0.344984 -0.111696   -9.8023 
            0.648794 0.00838865 0.00145875  0.0395572   0.0366257   0.0244516 -0.00711048 0 0 0   -0.011 -0.02329  0.04412  -0.0130095   0.0164737 -0.00755544 -0.00452649  0.00263703 -0.00260617 -0.0474999  0.0463733  0.0128872  0.357568 -0.104557  -9.80192 
            0.699947 -0.0722044 0.00196052  0.0596443   0.0467972   0.0134402 -0.00470329 0 0 0   -0.011 -0.02329  0.04412  0.0360077 -0.0355514 0.00740649 -0.00422398  0.00265916 -0.00265118 -0.0708325  0.0721824 0.00332973   0.38037 -0.129368  -9.80077 
            0.749995 -0.0339479 -0.0495898  0.0726814   0.0517887   0.0222367 -0.00590763 0 0 0   -0.011 -0.02329  0.04412 0.0552752 0.0018357 0.0008116 -0.0044034 0.00280555 -0.0026957 -0.0790999  0.0461167  0.0116394  0.387915 -0.104182  -9.80077 
            0.799862 0.0114008 0.0310078  0.067551   0.0509685   0.0234688 -0.00353454 0 0 0   -0.011 -0.02329  0.04412  0.0472884 0.00149733   0.012986 -0.00457455  0.00254438  -0.0026703  -0.0682235    0.042969 0.000557317  0.377838 -0.101283   -9.8012 
            0.849857   -0.033696 -0.00800054   0.0732413     0.05085   0.0250027 -0.00580111 0 0 0   -0.011 -0.02329  0.04412  0.0428244 0.00419736 0.00285848 -0.00444845  0.00265259  -0.0026879 -0.0615712  0.0388655  0.0139945   0.370977 -0.0972162    -9.8015 
            0.899847 -0.0307114  0.0199162  0.0415353   0.0547531   0.0204742 -0.00172177 0 0 0   -0.011 -0.02329  0.04412  0.0556983 -0.0184655  0.0198808 -0.00448623  0.00256313 -0.00258989  -0.0649901   0.0509933 -0.00335846  0.374881 -0.109051  -9.80123 
            0.949826 0.000499582  -0.0465387  0.00789164   0.0602077   0.0209511 -0.00349145 0 0 0   -0.011 -0.02329  0.04412  0.0733992 -0.0177292 0.00969963 -0.00458321  0.00276812 -0.00248655 -0.0731657  0.0471984 0.00921612  0.382269 -0.105259  -9.80098 
             1.00007 -0.0482574  0.0507168  0.0728028    0.058293   0.0158397 -0.00310084 0 0 0   -0.011 -0.02329  0.04412    0.05655 -0.0377679 0.00897732 -0.00443665   0.0024513 -0.00268459 -0.0573913  0.0573755 0.00896955  0.367135 -0.115066  -9.80145 
             1.04995 -0.0956863  0.0212398  0.0835329   0.0558632   0.0172527 -0.00432612 0 0 0   -0.011 -0.02329  0.04412  0.0408333 -0.0279835   0.001166 -0.00430405  0.00254681 -0.00270964 -0.0442106  0.0492887  0.0151636  0.354239 -0.107245  -9.80201 
             1.09985 -0.0512204  0.0209789  0.0306256    0.050524 0.000151269 -0.00381702 0 0 0   -0.011 -0.02329  0.04412  0.0141837 -0.0944057  0.0070026 -0.00447526  0.00253987 -0.00255947 -0.026456 0.0843798 0.0130103  0.337255 -0.141016  -9.80219 
             1.14988  -0.0503134   0.0216896 -0.00538233   0.0538044 0.000108626 -0.00851951 0 0 0   -0.011 -0.02329  0.04412  0.0276842 -0.0828927 -0.0147261 -0.00449616  0.00252644 -0.00244811 -0.0324946  0.0739467  0.0311711 0.342343 -0.13077 -9.80215 
             1.19984 -0.0793498  0.0020686  0.0174244   0.0478931 -0.00319231 -0.00871286 0 0 0   -0.011 -0.02329  0.04412  0.00115059  -0.0858239 -0.00909371 -0.00443673  0.00259144 -0.00252208 -0.0170168  0.0717013  0.0289511  0.327562 -0.128656  -9.80268 
             1.24882 -0.0665176 0.00850748  0.0354312   0.0535698 0.000407093 -0.00985319 0 0 0   -0.011 -0.02329  0.04412  0.0248078 -0.0612287 -0.0129874 -0.00447747  0.00255065 -0.00256843 -0.0278818  0.0564349  0.0316034  0.337912 -0.113947  -9.80252 
             1.29995 -0.012329 0.0123646 0.0101605   0.0555725 -0.00354812 -0.00447248 0 0 0   -0.011 -0.02329  0.04412  0.0299273 -0.0705016  0.0130535 -0.00467208  0.00254107 -0.00249583 -0.0287252  0.0577656   0.014159  0.339335 -0.115444  -9.80245 
             1.34851 -0.0252687  0.0100707 -0.0109803   0.0574984 -0.00439274 -0.00645522 0 0 0   -0.011 -0.02329  0.04412  0.0344531 -0.0648961 0.00320802 -0.00464423  0.00252614 -0.00242873 -0.0294793  0.0530366  0.0218704  0.339814 -0.110803  -9.80249 
             1.39985 -0.105277 0.0113645  0.059592    0.056872  0.00664817 -0.00802028 0 0 0   -0.011 -0.02329  0.04412   0.0283063  -0.0162782 -0.00361746 -0.00442082   0.0025219 -0.00261592 -0.0254721  0.0303875  0.0262537   0.335925 -0.0889625   -9.80284 
             1.44993  0.0210911 -0.0424498  0.0120473   0.0545534  0.00974656 -0.00929365 0 0 0   -0.011 -0.02329  0.04412   0.0157229 -0.00492326 -0.00602323 -0.00477223  0.00266387 -0.00247969 -0.0195981  0.0242517  0.0289427    0.33024 -0.0829976   -9.80309 
             1.49955 -0.0134825  0.0347754   0.039444   0.0480163   0.0123684 -0.00134105 0 0 0   -0.011 -0.02329  0.04412 -0.0107754 0.00386997  0.0264306 -0.00471285  0.00247669 -0.00253984 -0.00810776   0.0199364  0.00776659   0.319898 -0.0790315   -9.80346 
             1.54998 -0.0608544 -0.0310824  0.0708699   0.0541756   0.0173746 0.000526153 0 0 0   -0.011 -0.02329  0.04412 0.0150267 0.0197137 0.0314048 -0.00457979  0.00266107  -0.0026241 -0.0174704  0.0133216 0.00705266   0.328947 -0.0727296   -9.80321 
             1.59994 0.0166397 0.0236531 0.0087461 0.0474854 0.0120684 0.0012944 0 0 0   -0.011 -0.02329  0.04412  -0.0105813 -0.00415858   0.0296247 -0.00480639  0.00249346 -0.00245602 -0.00766217   0.0212958  0.00847527   0.319452 -0.0803399   -9.80347 
             1.64985 -0.0718334 -0.0201002  0.0706412  0.0523337  0.0183354 0.00133739 0 0 0   -0.011 -0.02329  0.04412 0.0102336 0.0177854 0.0243662 -0.00457876  0.00261513 -0.00261735 -0.0145815  0.0133096  0.0121049  0.326002 -0.072647  -9.80331 
             1.69985 0.0142301 -0.016641 0.0155865   0.0481116   0.0122395 -0.00316248 0 0 0   -0.011 -0.02329  0.04412 -0.00533446 -0.00823105  0.00455157 -0.00482187  0.00259547 -0.00247459 -0.00920955   0.0213845   0.0240556   0.320514 -0.0803335   -9.80343 
             1.74986   -0.153653 -0.00615984    0.106316   0.0500242   0.0127642 -0.00474228 0 0 0   -0.011 -0.02329  0.04412  0.00381439 -0.00491103  -0.0042845 -0.00440055  0.00255876 -0.00271575 -0.0118615  0.0203755  0.0280403   0.322949 -0.0793362   -9.80336 
             1.79984 -0.0254099   0.060838  0.0469196   0.0452379   0.0125129 -0.00451872 0 0 0   -0.011 -0.02329  0.04412  -0.0127054 -0.00763207 0.000921275  -0.0047429  0.00238216 -0.00255969 -0.00615393   0.0202639   0.0268973   0.317501 -0.0792683   -9.80354 
             1.84998 -0.0878091  0.0011074  0.0599837   0.0462438   0.0150462 -0.00334852 0 0 0   -0.011 -0.02329  0.04412 -0.00635054  0.00228921   0.0041469 -0.00459737  0.00252282 -0.00259089 -0.00792653   0.0172327   0.0246836   0.319236 -0.0763475   -9.80351 
             1.89991 0.0252566 0.0229731 0.0121105   0.0506677   0.0101715 -0.00177888 0 0 0   -0.011 -0.02329  0.04412  0.0116996 -0.0173463  0.0104151 -0.00491014  0.00246898 -0.00246673 -0.0128943  0.0222653   0.022436   0.324104 -0.0811305   -9.80331 
             1.94579 -0.0575445  -0.014347     0.0108   0.0516502  0.00874998 -0.00141578 0 0 0   -0.011 -0.02329  0.04412   0.013813 -0.0200277  0.0108408 -0.00470635  0.00255207 -0.00246233 -0.0132315  0.0226969  0.0229836   0.324418 -0.0815408   -9.80329 
             2.00001 0.00358859  0.0211425  0.0150854   0.0475867  0.00646516 -0.00410684 0 0 0   -0.011 -0.02329  0.04412  -0.00109879   -0.0269313 -0.000881785 -0.00489094  0.00245826 -0.00247852 -0.00862028   0.0237776   0.0286413   0.319866 -0.0826349   -9.80344 
             2.04989  0.0579703 -0.0471555 -0.0144274   0.0482266  0.00319216 -0.00532125 0 0 0   -0.011 -0.02329  0.04412  0.00184729  -0.0365308 -0.00310363  -0.0050278  0.00262226 -0.00239973 -0.00936037   0.0255491   0.0309687   0.320537 -0.0843253    -9.8034 
              2.0999 0.0249579 0.0238961 0.0282371   0.0451772  0.00685383 -0.00688551 0 0 0   -0.011 -0.02329  0.04412 -0.00803305  -0.0198344 -0.00983806 -0.00496164  0.00243311 -0.00250483 -0.00642757   0.0205329   0.0331687    0.31761 -0.0795487   -9.80353 
             2.14983 -0.0836927  0.0249427   0.121814  0.0431185 0.00834143 -0.0115329 0 0 0   -0.011 -0.02329  0.04412 -0.0129609 -0.0124136 -0.0242284  -0.0046922  0.00243438 -0.00274187 -0.0050822  0.0182825  0.0405872   0.316111 -0.0773928    -9.8036 
             2.19992 -0.0928748 -0.0135508  0.0187295  0.0486066  0.0103217 -0.0122407 0 0 0   -0.011 -0.02329  0.04412  0.00909458 -0.00385833  -0.0241316 -0.00468528  0.00251291 -0.00248104 -0.0106011   0.016076  0.0401439   0.321387 -0.0752181   -9.80344 
             2.24853 -0.122637 0.0242441  0.102975  0.0479604 0.00823177 -0.0123048 0 0 0   -0.011 -0.02329  0.04412 0.00645814  -0.011508  -0.018644 -0.00462443  0.00241938 -0.00268735 -0.00950575   0.0176704    0.038118   0.320405 -0.0767631   -9.80347 
             2.29992  0.0763383  0.0658676 0.00281049  0.0541716   0.012185 -0.0106587 0 0 0   -0.011 -0.02329  0.04412   0.0285066  0.00140052 -0.00917911 -0.00511271  0.00230226 -0.00244784 -0.0144263  0.0139514  0.0343204   0.325171 -0.0731484   -9.80334 
             2.34993 -0.101576 0.0599537 0.0922667   0.0506324  0.00809982 -0.00889088 0 0 0   -0.011 -0.02329  0.04412   0.0122153  -0.0129516 -0.00120882 -0.00469272  0.00231026 -0.00266894 -0.0100725  0.0173461  0.0304283   0.321138 -0.0764563   -9.80344 
             2.39898 0.00268459  -0.029959 -0.0122353   0.0592486   0.0100597 -0.00560454 0 0 0   -0.011 -0.02329  0.04412  0.0407284 -0.0062524  0.0133145 -0.00490052  0.00249017 -0.00246006 -0.016501  0.015351 0.0258592   0.327385 -0.0744684   -9.80325 
             2.44983 -0.0886677 0.00963453  0.0526109   0.0519474  0.00636885 -0.00377071 0 0 0   -0.011 -0.02329  0.04412 0.00867208 -0.0180544  0.0179193 -0.00469902  0.00239345 -0.00261052 -0.00893164   0.0178861   0.0234844   0.320235 -0.0769933   -9.80347 
             2.49991 -0.0360019 -0.0115326  0.0127581   0.0475779  0.00942894 -0.00497634 0 0 0   -0.011 -0.02329  0.04412 -0.00756101 -0.00669799   0.0125141  -0.0048205  0.00245315 -0.00251209 -0.00531328   0.0148926   0.0263764   0.316656 -0.0741728   -9.80361 
             2.54992 -0.119656 0.0415349 0.0769486   0.0412836  0.00878408 -0.00178923 0 0 0   -0.011 -0.02329  0.04412  -0.0285933 -0.00765503   0.0233248 -0.00463996   0.0023188 -0.00266662 -0.000628092    0.0151148    0.0222832   0.312285 -0.0744431   -9.80375 
             2.59996  0.0288665 0.00331546  0.0077186   0.0437933  0.00733251 -0.00650611 0 0 0   -0.011 -0.02329  0.04412   -0.013587  -0.0135546 0.000165097  -0.0050103  0.00240575 -0.00249662 -0.00378942   0.0158276   0.0306736   0.315098 -0.0750937   -9.80365 
             2.64982 -0.142418 0.0566275 0.0743797   0.0476998 0.000913964 -0.00614679 0 0 0   -0.011 -0.02329  0.04412 0.00400983 -0.0329629 0.00270498 -0.00462043  0.00226198 -0.00265676 -0.00708253   0.0198864   0.0305251   0.318305 -0.0789357   -9.80352 
             2.69984 -0.0196212  0.0320702  0.0111835  0.0419218 0.00504246 -0.0100354 0 0 0   -0.011 -0.02329  0.04412 -0.0158995 -0.0151702 -0.0136655 -0.00492023  0.00231967 -0.00250919 -0.0030065   0.015908  0.0354926   0.314227 -0.0751923   -9.80368 
             2.74983 -0.0555895  0.0429869   0.056968   0.0376422  0.00535924 -0.00805757 0 0 0   -0.011 -0.02329  0.04412   -0.0282469   -0.0128988 -9.14271e-06 -0.00483118  0.00229691 -0.00261571 -0.000446329    0.0151446    0.0316628   0.311865 -0.0744869   -9.80376 
             2.79996 -0.0497648  0.0582003  0.0329941  0.0424124 0.00759928 -0.0117137 0 0 0   -0.011 -0.02329  0.04412 -0.00540019 -0.00340723    -0.01603 -0.00486009  0.00224672 -0.00255888 -0.00484128   0.0132729   0.0368289   0.315913 -0.0726508   -9.80364 
             2.84996 -0.0974823   0.066918  0.0856654  0.0368459 0.00428281 -0.0113513 0 0 0   -0.011 -0.02329  0.04412  -0.0234228  -0.0151707 -0.00918903 -0.00476945  0.00223811 -0.00266972 -0.00117528   0.0152801   0.0350134   0.31248 -0.074614  -9.80374 
             2.90004 -0.0294481 -0.0225506  0.0168801  0.0411018 0.00582308 -0.0114571 0 0 0   -0.011 -0.02329  0.04412 -0.00453229 -0.00867294  -0.0076846 -0.00493502  0.00242679 -0.00251694 -0.00476881   0.0138574   0.0348596   0.315899 -0.0732042   -9.80364 
              2.9499   -0.110816 0.000300712   0.0617858   0.0429795  0.00243662 -0.00959384 0 0 0   -0.011 -0.02329  0.04412  0.00335915  -0.0189631 0.000502553 -0.00477005  0.00237373 -0.00261823 -0.00604937   0.0157069   0.0320353   0.317218 -0.0749461   -9.80358 
             3.00003   0.011844 -0.0341136 -0.0193098   0.0471607  0.00457384 -0.00614626 0 0 0   -0.011 -0.02329  0.04412  0.0174088 -0.0105627   0.015948 -0.00505547  0.00244608 -0.00243023 -0.00853603   0.0138002    0.028007  0.319665 -0.073075  -9.80352 
             3.04982 -0.0933679   0.012566  0.0448296   0.0477605  0.00353524 -0.00354568 0 0 0   -0.011 -0.02329  0.04412    0.01727 -0.0114736  0.0209746 -0.00483977  0.00233524 -0.00257507 -0.00828132   0.0141241    0.025678   0.319482 -0.0733804   -9.80352 
             3.09994  0.000996863   -0.0213929 -0.000878044   0.0563295  0.00593818 -0.00442316 0 0 0   -0.011 -0.02329  0.04412   0.0452778 -0.00302776   0.0143967 -0.00505979  0.00241483 -0.00247051 -0.0132522  0.0123799     0.0283   0.324141 -0.0716527   -9.80338 
             3.14995 -0.130473  0.035227 0.0224049  0.0588034 0.00353262 0.00147003 0 0 0   -0.011 -0.02329  0.04412  0.0464623 -0.0100442  0.0356863 -0.00476755  0.00227971 -0.00251875 -0.0130931  0.0137113  0.0221828   0.324151 -0.0729064   -9.80337 
             3.19988  -0.051129 -0.0229034   0.022614   0.0595514  0.00767497 -0.00278764 0 0 0   -0.011 -0.02329  0.04412  0.0423309 0.00370842  0.0142045 -0.00495117  0.00240805  -0.0025168 -0.0123397  0.0110014  0.0292053   0.323229 -0.0703527   -9.80342 
             3.24992 0.0333422 0.0207421 0.0735944   0.0569372   0.0204468 -0.00178198 0 0 0   -0.011 -0.02329  0.04412 0.0268753 0.0447372 0.0168869 -0.00514695  0.00230556 -0.00262823 -0.00954003  0.00379489   0.0285879    0.32048 -0.0635074   -9.80356 
             3.29782 -0.0484542  0.0110766  0.0324361    0.055973    0.016394 -0.00658546 0 0 0   -0.011 -0.02329  0.04412   0.0197764   0.0245105 -0.00603314 -0.00497683  0.00231536 -0.00253953 -0.00828403  0.00728898   0.0349542   0.319171 -0.0668837   -9.80358 
             3.34986 -0.066884 0.0360831 0.0371022  0.0498411 0.00758563 -0.0055196 0 0 0   -0.011 -0.02329  0.04412 -0.00468353 -0.00984285  0.00221188 -0.00495092  0.00225842  -0.0025508 -0.00402043   0.0127842    0.033102    0.31523 -0.0721788   -9.80367 
             3.39989 -0.00869144 -0.00576392  0.00413177  0.0522269  0.0122608 -0.0111531 0 0 0   -0.011 -0.02329  0.04412 0.00548654 0.00721056 -0.0207978 -0.00510152   0.0023376 -0.00248075 -0.00572276  0.00992498    0.039605   0.316644 -0.0694534   -9.80364 
             3.44996 -0.0817446  0.0293976  0.0416293   0.0471348  0.00690827 -0.00902511 0 0 0   -0.011 -0.02329  0.04412   -0.013238  -0.0128609 -0.00766269 -0.00495089  0.00226243 -0.00255762 -0.00253112   0.0130178   0.0358445   0.313747 -0.0724364   -9.80371 
             3.49983 0.00194607 0.00842041  0.0498364  0.0437199  0.0128939 -0.0119297 0 0 0   -0.011 -0.02329  0.04412 -0.0227385  0.0084526 -0.0156944 -0.00513482  0.00229785 -0.00257303 -0.00107792  0.00943677   0.0385178   0.312239 -0.0690584   -9.80379 
             3.54987 -0.0990277  0.0551992   0.041929   0.0399107   0.0110959 -0.00802252 0 0 0   -0.011 -0.02329  0.04412 -0.0319011 0.00119998 0.00148453 -0.00494178  0.00219562 -0.00255297 0.000546484   0.0106361   0.0332679   0.310839 -0.0702056   -9.80382 
             3.59987  0.0167569  0.0159133 0.00348842  0.0402176  0.0124603 -0.0075972 0 0 0   -0.011 -0.02329  0.04412 -0.0251585 0.00348724 0.00522878  -0.0051875  0.00227914 -0.00247073 -0.00047944  0.00993498   0.0330213    0.31181 -0.0695194    -9.8038 
             3.65002 -0.0756962   0.023044  0.0507957   0.0377122   0.0109323 -0.00734372 0 0 0   -0.011 -0.02329  0.04412  -0.0292619 -0.00173069  0.00440238 -0.00501045  0.00224855 -0.00256954 0.000181149   0.0108114   0.0329589  0.311198 -0.070365  -9.80381 
             3.69849 -0.0406731 -0.0117222  0.0373334   0.0450634   0.0159209 -0.00921406 0 0 0   -0.011 -0.02329  0.04412   0.0020643   0.0145233 -0.00435733 -0.00510139    0.002331  -0.0025404 -0.00451186  0.00827382   0.0355744    0.31556 -0.0678796   -9.80369 
             3.74985 0.00647941 0.00389804  0.0196305   0.0436317   0.0153134 -0.00715916 0 0 0   -0.011 -0.02329  0.04412 -0.00316239  0.00920571  0.00567272 -0.00519923  0.00228779 -0.00250144 -0.00365262   0.0089348   0.0331342   0.314808 -0.0685131   -9.80371 
             3.79986  0.0175813 -0.0189364 0.00206329   0.0485176    0.015564 -0.00646732 0 0 0   -0.011 -0.02329  0.04412  0.0153762 0.00766654 0.00519163 -0.00524093   0.0023351  -0.0024631 -0.00623026   0.0090589   0.0328403   0.317268 -0.0685855   -9.80363 
             3.84984 -0.0551314  0.0624838  0.0586138   0.0479171   0.0124221 -0.00561764 0 0 0   -0.011 -0.02329  0.04412   0.0115849 -0.00491085  0.00990856 -0.00509933  0.00218482 -0.00256672 -0.00548583   0.0107461   0.0322392  0.316602 -0.070201  -9.80364 
              3.8998   -0.10527 -0.0323631  0.0346485   0.0526315   0.0103922 -0.00823895 0 0 0   -0.011 -0.02329  0.04412   0.0268304  -0.0105177 -0.00447468 -0.00500879  0.00237652  -0.0025139 -0.00765124   0.0116303   0.0355281  0.318605 -0.071014  -9.80357 
             3.94853 -0.0407077  0.0582711  0.0502433   0.0495104  0.00845446 -0.00775874 0 0 0   -0.011 -0.02329  0.04412   0.0123839  -0.0169546 0.000916935 -0.00514478   0.0021891  -0.0025426 -0.00540432    0.012218   0.0347187   0.316498 -0.0716092   -9.80363 
             4.00014 -0.0374789  0.0131521  0.0171236  0.0447601 0.00835663 -0.0100209 0 0 0   -0.011 -0.02329  0.04412 -0.00642253  -0.0147967 -0.00802381 -0.00516195  0.00226499 -0.00247615 -0.0028441  0.0118489  0.0367957   0.314015 -0.0713104   -9.80371 
             4.04987 -0.0167636  0.0497043  0.0515545   0.0445861   0.0106512 -0.00704523 0 0 0   -0.011 -0.02329  0.04412 -0.00526889 -0.00615565   0.0051865 -0.00521388  0.00219302 -0.00254255 -0.00285005   0.0104737   0.0336174   0.314069 -0.0699925   -9.80372 
             4.09983 -0.0408044 0.00448267   0.058904   0.0512634   0.0222887 -0.00460484 0 0 0   -0.011 -0.02329  0.04412 0.0193526 0.0336766 0.0141901 -0.00516906  0.00228318 -0.00255708 -0.00612539  0.00520877   0.0318343   0.317127 -0.0649314   -9.80366 
             4.14997   0.0135773   0.0420447 0.000640367   0.0473801   0.0162886 -0.00272816 0 0 0   -0.011 -0.02329  0.04412 0.00322297 0.00697342  0.0184935 -0.0052889 0.00220503 -0.0024418 -0.00378499  0.00855154   0.0306071   0.314993 -0.0681398    -9.8037 
             4.19883  -0.114037 -0.0113195  0.0351786     0.053865    0.0155455 -0.000992833 0 0 0   -0.011 -0.02329  0.04412  0.0258224 0.00338659  0.0234935 -0.00503794  0.00230784 -0.00251175 -0.00666574  0.00906105   0.0301106   0.317745 -0.0685705   -9.80361 
             4.24963  0.117435 0.0266385 0.0269084   0.0497767   0.0172446 -0.00163114 0 0 0   -0.011 -0.02329  0.04412 0.00786384 0.00647223  0.0160327 -0.00551411  0.00222353 -0.00249637 -0.00427468  0.00835219   0.0315085   0.315433 -0.0679458   -9.80369 
             4.29851 -0.0490453  -0.035883  0.0491204  0.0485369  0.0169618 -0.0035264 0 0 0   -0.011 -0.02329  0.04412 0.00235905 0.00387602 0.00756498   -0.005229  0.00233367 -0.00253313 -0.00360871  0.00860234   0.0339268   0.314748 -0.0682031   -9.80371 
             4.34996 -0.0253589  0.0418452   0.011762   0.0483242  0.00677565 -0.00322931 0 0 0   -0.011 -0.02329  0.04412 0.00177558 -0.0308533 0.00742291 -0.00527615  0.00217148 -0.00246133 -0.00338602   0.0128834    0.033997   0.314613 -0.0722653   -9.80369 
             4.39985  -0.106181 -0.0318692  0.0300476    0.050822   0.0081726 -0.00734509 0 0 0   -0.011 -0.02329  0.04412  0.0108668 -0.0211839 -0.0107092 -0.00513132  0.00231735 -0.00249559 -0.00455226   0.0116672    0.037977   0.315603 -0.0710996   -9.80366 
             4.44988 0.0405596 0.0289178 0.0171668  0.0512284 0.00223134 -0.0087595 0 0 0   -0.011 -0.02329  0.04412  0.0108663 -0.0393855 -0.0126801 -0.0054129 0.00219401 -0.0024769 -0.00446574   0.0136071   0.0387438 0.315538 -0.07294 -9.80365 
             4.49883  -0.0821668 -0.00830907    0.031349  0.0477327 0.00219353 -0.0110902 0 0 0   -0.011 -0.02329  0.04412 -0.00301592  -0.0328072  -0.0211459 -0.00519297  0.00225803 -0.00250094 -0.00281354   0.0128485    0.040061   0.313933 -0.0722528   -9.80371 
             4.54984 0.0327929  0.115133 0.0361946   0.0417444   0.0034802 -0.00988944 0 0 0   -0.011 -0.02329  0.04412  -0.0218129  -0.0257549 -0.00961371 -0.00541564  0.00201741 -0.00250867 -0.000377424    0.0116679    0.0380722   0.311652 -0.0711714   -9.80379 
             4.59999  -0.0253988 -0.00070314   0.0349104   0.0422246   0.0112433 -0.00704503 0 0 0   -0.011 -0.02329  0.04412 -0.0169959 0.00415643 0.00193786 -0.00532008  0.00222602 -0.00250365 -0.00101144  0.00817376   0.0353612   0.312257 -0.0678525   -9.80379 
             4.64995 -0.00593037    0.052369   0.0505011   0.0404308   0.0143899 -0.00918304 0 0 0   -0.011 -0.02329  0.04412  -0.0188487   0.0121842 -0.00543921 -0.00536514  0.00212543 -0.00252793 -0.000697956   0.00704732    0.0371175   0.311905 -0.0667933   -9.80381 
             4.69986  -0.0426912 -0.00608073   0.0455216 0.0396429 0.0159697 -0.013572 0 0 0   -0.011 -0.02329  0.04412 -0.0180111  0.0154315 -0.0205611 -0.00530047  0.00220868 -0.00252082 -0.00085674  0.00667857    0.040485   0.311974 -0.0664441   -9.80381 
             4.74988 0.0210295 0.0507043 0.0297285     0.04348   0.0119668 -0.00725142 0 0 0   -0.011 -0.02329  0.04412  -0.00209069 -0.000773178   0.00488207 -0.00544035  0.00210058  -0.0024907 -0.00246893  0.00839126   0.0349779   0.313647 -0.0680344   -9.80375 
             4.79854   -0.116837 0.000369457   0.0930814   0.0430229   0.0142829 -0.00811313 0 0 0   -0.011 -0.02329  0.04412 -0.00314623  0.00718679  0.00273619 -0.00517785   0.0021985 -0.00261279 -0.00237759  0.00754327   0.0358744   0.313526 -0.0672357   -9.80376 
              4.8485 -0.0391326  0.0496435 0.00678636   0.0461491  0.00859026 -0.00777765 0 0 0   -0.011 -0.02329  0.04412 0.00869088 -0.0123296 0.00154278 -0.00533563  0.00209888  -0.0024471 -0.00355743   0.0096811   0.0357783   0.314679 -0.0692331   -9.80371 
             4.89995 -0.0300808 -0.0194138  0.0220218   0.0478168   0.0149944 -0.00911083 0 0 0   -0.011 -0.02329  0.04412   0.0131912  0.00932575 -0.00230496  -0.0053576  0.00222994 -0.00247371 -0.00408805  0.00716402     0.03696  0.315105 -0.066851  -9.80371 
             4.94986 -0.0316363  0.0328285  0.0410266   0.0541195   0.0138014 -0.00789565 0 0 0   -0.011 -0.02329  0.04412  0.0331667 0.00418364 0.00150312 -0.00536173  0.00212609 -0.00250836 -0.00612925  0.00777523   0.0361265   0.317059 -0.0673846   -9.80364 
             5.00011 -0.166749 0.0121195  0.102445   0.0594058   0.0138184 -0.00762343 0 0 0   -0.011 -0.02329  0.04412  0.0469139 0.00400113  0.0019203 -0.00511785  0.00216818 -0.00261611 -0.00748739  0.00786936   0.0360903   0.318342 -0.0674461    -9.8036 
             5.04992  -0.0385341 -0.00254605   0.0187723  0.0546697  0.0122111 -0.0126277 0 0 0   -0.011 -0.02329  0.04412   0.0235595 -0.00215013  -0.0160004 -0.00535617  0.00218639 -0.00246246 -0.0050055 0.00841521  0.0396136   0.315936 -0.0680316   -9.80367 
             5.09852   -0.0513735 -0.000829307    0.0393681  0.0520912  0.0124872 -0.0116093 0 0 0   -0.011 -0.02329  0.04412   0.0107313  -0.0015225 -0.00967564 -0.00534975  0.00218136  -0.0024912 -0.00357047  0.00827142   0.0381056   0.314617 -0.0679159   -9.80372 
             5.14984 -0.0818042  0.0473616  0.0168513  0.0523112  0.0073397 -0.0101485 0 0 0   -0.011 -0.02329  0.04412   0.0107177   -0.018609 0.000447424 -0.00529524  0.00209484 -0.00245316 -0.00339757  0.00997486   0.0367372   0.314523 -0.0695117   -9.80371 
             5.19994 -0.221653 0.0168458    0.1348   0.0545154  0.00675015 -0.00965225 0 0 0   -0.011 -0.02329  0.04412   0.0169149  -0.0157373 0.000139525 -0.00505233  0.00214364  -0.0026672 -0.00398219  0.00989324   0.0364259   0.315078 -0.0694189   -9.80369 
              5.2499 -0.0107707  0.0268189 0.00461323   0.0576088  0.00924766 -0.00652441 0 0 0   -0.011 -0.02329  0.04412   0.0249747 -0.00763433   0.0124333 -0.00543222   0.0021306 -0.00243312 -0.0047021 0.00884883  0.0343437   0.315778 -0.0683982   -9.80368 
             5.29987 -0.183788 0.0193816 0.0904788   0.0601738  0.00620494 -0.00176297 0 0 0   -0.011 -0.02329  0.04412  0.0290337 -0.0147947  0.0291376 -0.00512258  0.00213513 -0.00258722 -0.00506852  0.00976677   0.0314596    0.31621 -0.0692164   -9.80366 
             5.34981 0.0109877 0.0290398 0.0231042   0.0560402   0.0131243 -0.00214662 0 0 0   -0.011 -0.02329  0.04412  0.0109546 0.00858767  0.0207066 -0.00548862  0.00211954 -0.00246558 -0.00323092  0.00729539   0.0324952   0.314401 -0.0669508   -9.80373 
             5.39882 -0.178681 0.0704772  0.109809   0.0520803    0.014551 -0.00130072 0 0 0   -0.011 -0.02329  0.04412 -0.00357478   0.0128061   0.0224992 -0.00514937  0.00204452 -0.00261768 -0.00167777  0.00696471   0.0325022   0.312935 -0.0666773   -9.80378 
             5.44982 -0.0400832  0.0208038  0.0428607   0.0462287   0.0146735 -0.00810499 0 0 0   -0.011 -0.02329  0.04412  -0.0221386   0.0106534 -0.00687187 -0.00539903  0.00212143 -0.00249634 6.0889e-05 0.00702361  0.0376627   0.311184 -0.0668509   -9.80383 
             5.49989 -0.0740016  0.0289966  0.0574731   0.0415446   0.0125767 -0.00894106 0 0 0   -0.011 -0.02329  0.04412  -0.0341628  0.00152558 -0.00784958 -0.00534456  0.00211067 -0.00252115 0.00130396 0.00784171  0.0379235   0.310034 -0.0676548   -9.80387 
             5.54993 -0.0239234  0.0175683  0.0382453  0.0446461   0.012439 -0.0112781 0 0 0   -0.011 -0.02329  0.04412  -0.0173757 0.000324748  -0.0145868 -0.00543225   0.0021209  -0.0024905 -0.000357036   0.00791799    0.0393929   0.311557 -0.0677044   -9.80382 
             5.59982 -0.169039 0.0557244  0.123957  0.0428366  0.0109977 -0.0114025 0 0 0   -0.011 -0.02329  0.04412  -0.0197969 -0.00353489  -0.0131209 -0.00519445  0.00205172 -0.00263947 -1.82972e-05   0.00839531    0.0389164   0.311264 -0.0681543   -9.80382 
             5.64981 -0.0111522  0.0118611  0.0384279  0.0472951  0.0128921 -0.0107018 0 0 0   -0.011 -0.02329  0.04412 -0.00142702  0.00133503 -0.00642595 -0.00546725  0.00212702 -0.00249178 -0.00180166  0.00778009   0.0382312   0.312933 -0.0675186   -9.80377 
             5.69982 -0.191108 0.0251348  0.109158   0.0529079   0.0148713 -0.00837282 0 0 0   -0.011 -0.02329  0.04412  0.0185306  0.0093397 0.00141308 -0.00516897  0.00209539 -0.00261858 -0.00363824  0.00725437   0.0365672   0.314674 -0.0669506   -9.80372 
             5.74981 0.0144774 0.0381879 0.0181345   0.0571374   0.0118634 -0.00848353 0 0 0   -0.011 -0.02329  0.04412   0.0308375 -0.00380958  0.00187753 -0.00551901  0.00207508  -0.0024613 -0.0047022 0.00830337  0.0368039   0.315695 -0.0679047   -9.80368 
             5.79993 -0.159589 0.0557758 0.0349444   0.052239 0.00673327 -0.0044231 0 0 0   -0.011 -0.02329  0.04412 0.00891902 -0.0184941  0.0176721 -0.00522898  0.00203556 -0.00248757 -0.00251381  0.00982866   0.0339824   0.313757 -0.0693582   -9.80374 
             5.84843 -0.0165876  0.0834221  0.0148898  0.0482512 0.00798583 -0.0071222 0 0 0   -0.011 -0.02329  0.04412 -0.00454652  -0.0132563    0.005035 -0.00548306  0.00199412 -0.00245335 -0.00117417  0.00910897   0.0361778   0.312434 -0.0687554   -9.80378 
             5.89969 -0.131236 0.0437776 0.0708576    0.044967  0.00698567 -0.00643825 0 0 0   -0.011 -0.02329  0.04412 -0.0150287  -0.013813 0.00834476 -0.00528745  0.00205539 -0.00254839 -0.000193078   0.00920853    0.0358289   0.311529 -0.0688712   -9.80381 
             5.94887 -0.0133449   0.013562  0.0151547 0.0489123 0.0104623 -0.010067 0 0 0   -0.011 -0.02329  0.04412  0.00157995 -0.00115857 -0.00881778 -0.00546725  0.00209668 -0.00246618 -0.00175045  0.00796592    0.038498   0.312884 -0.0677042   -9.80377 
             5.99882 -0.117155 0.0282624 0.0758739   0.0473484   0.0136065 -0.00684973 0 0 0   -0.011 -0.02329  0.04412 -0.00420268  0.00924114  0.00779683 -0.00528999  0.00207251 -0.00256638 -0.00117598  0.00703838   0.0361379   0.312382 -0.0668222    -9.8038 
             6.04879 -0.0319715 0.00631572  0.0594006   0.0458868   0.0215494 -0.00987999 0 0 0   -0.011 -0.02329  0.04412 -0.00821793   0.0338045 -0.00642551 -0.00543909  0.00210502 -0.00253764 -0.000854437   0.00481316    0.0381957   0.311977 -0.0647777   -9.80382 
             6.09992 -0.00661848   0.0547493   0.0398068   0.0400196   0.0191575 -0.00810931 0 0 0   -0.011 -0.02329  0.04412 -0.0265457  0.0193393 0.00355323 -0.00548762   0.0020292 -0.00250346 0.000856696  0.00596789   0.0367696   0.310444 -0.0658785   -9.80386 
             6.14989  -0.0033576 -0.00752846     0.02289  0.0409861  0.0182943 -0.0133487 0 0 0   -0.011 -0.02329  0.04412 -0.0182229  0.0131629 -0.0169658 -0.00549529  0.00212184 -0.00247694 6.50381e-05   0.0064807   0.0400513   0.311118 -0.0663742   -9.80384 
             6.19985 -0.084021 0.0364417 0.0594322  0.0379146  0.0181556 -0.0125585 0 0 0   -0.011 -0.02329  0.04412 -0.0254584  0.0106642 -0.0111665 -0.00536905  0.00205305 -0.00253588 0.000745207  0.00670444   0.0389856   0.310514 -0.0665892   -9.80386 
              6.2498 -0.00193198   0.0098918   0.0141891  0.0430863  0.0166852 -0.0127216 0 0 0   -0.011 -0.02329  0.04412 -0.00345976   0.0029947 -0.00830663 -0.00550021  0.00209142 -0.00246259 -0.00115899  0.00730325   0.0389214   0.312302 -0.0671008    -9.8038 
             6.29982 -0.0742182  0.0459779  0.0597878  0.0470828  0.0178825 -0.0113244 0 0 0   -0.011 -0.02329  0.04412   0.0113338  0.00683476 -0.00355132 -0.00538811  0.00202294 -0.00253968 -0.00235642  0.00704176   0.0378971   0.313431 -0.0668217   -9.80376 
              6.3498  -0.0266325   0.0522911 -0.00208821  0.0460063  0.0136405 -0.0118839 0 0 0   -0.011 -0.02329  0.04412   0.0065209 -0.00939487 -0.00283701 -0.00547179  0.00201224 -0.00243824 -0.00186873  0.00829905   0.0381067   0.313002 -0.0680042   -9.80377 
             6.39992 -0.061611 0.0449231 0.0238465   0.0418407   0.0102883 -0.00783215 0 0 0   -0.011 -0.02329  0.04412 -0.00875801  -0.0184199   0.0127678 -0.00542458  0.00201855  -0.0024837 -0.000495042   0.00909085    0.0354811   0.311797 -0.0687561    -9.8038 
             6.44993 -0.0698558 -0.0233507  0.0560148 0.0469161 0.0131271 -0.010818 0 0 0   -0.011 -0.02329  0.04412   0.0100586 -0.00686302 -0.00159915 -0.00541088  0.00212957  -0.0025318 -0.00216103  0.00807324   0.0377426   0.313275 -0.0677875   -9.80376 
             6.49983 -0.111885 0.0423532 0.0435422   0.0472262   0.0146552 -0.00953829 0 0 0   -0.011 -0.02329  0.04412   0.00976289 -0.000434128   0.00458819 -0.00534606  0.00202653 -0.00251637 -0.0020765 0.00757135  0.0369456   0.313204 -0.0673185   -9.80377 
              6.5499 0.0103246 0.0151474 0.0383339  0.0441675  0.0131625 -0.0121837 0 0 0   -0.011 -0.02329  0.04412 -0.00178329 -0.00585446 -0.00770752 -0.00555689  0.00207057 -0.00250605 -0.0010919 0.00792792  0.0385414   0.312264 -0.0676785   -9.80379 
             6.59952 -0.00801913   0.0358174   0.0325938   0.0434189   0.0109744 -0.00856224 0 0 0   -0.011 -0.02329  0.04412 -0.00396746   -0.013249   0.0102113  -0.0055245   0.0020388 -0.00249554 -0.000843729   0.00845174    0.0361849   0.312093 -0.0681528    -9.8038 
             6.64982  0.00197882 -0.00852324  0.00759235  0.0485751  0.0115762 -0.0107663 0 0 0   -0.011 -0.02329  0.04412   0.0144707 -0.00954175 -0.00248961 -0.00555171  0.00210427 -0.00245421 -0.00241548  0.00813356   0.0378883   0.313508 -0.0678389   -9.80375 
             6.69994 -0.0926044  0.0377106  0.0374146   0.0516032   0.0082682 -0.00998218 0 0 0   -0.011 -0.02329  0.04412  0.0231513 -0.0192669  0.0023197 -0.00540574  0.00203562 -0.00249809 -0.0030348 0.00890017  0.0374097   0.314106 -0.0685357   -9.80373 
             6.74991 -0.0275794  0.0118367  0.0130031  0.0500909 0.00902131  -0.010721 0 0 0   -0.011 -0.02329  0.04412    0.0142449   -0.0141462 -0.000582042 -0.00551454   0.0020675 -0.00246124 -0.00230377  0.00843139   0.0378554   0.313412 -0.0681162   -9.80376 
             6.79986 -0.129319  0.041562 0.0277684  0.0475024 0.00374661 -0.0090936 0 0 0   -0.011 -0.02329  0.04412 0.00330432 -0.0286713 0.00571137 -0.00536138  0.00202255 -0.00248162 -0.00134512  0.00962071   0.0368014   0.312566 -0.0692291   -9.80377 
             6.84987   -0.0391743   0.00775391 -0.000812329  0.0431718 0.00123086 -0.0145243 0 0 0   -0.011 -0.02329  0.04412 -0.0119159 -0.0333412  -0.014275 -0.00550409   0.0020743 -0.00243311 -0.000153106   0.00987361    0.0400321   0.311402 -0.0694968   -9.80381 
             6.89878 -0.0112477 0.00712511  0.0329773  0.0466042 0.00406002 -0.0118507 0 0 0   -0.011 -0.02329  0.04412  0.00169239    -0.01909 -0.00349937 -0.00556008  0.00207202 -0.00248773 -0.00122587  0.00869747   0.0381897   0.312414 -0.0683833   -9.80379 
             6.94981 -0.0574116 -0.0120037  0.0278422  0.0485852 0.00936525 -0.0129066 0 0 0   -0.011 -0.02329  0.04412  0.00817474 0.000808227 -0.00535298 -0.00548768  0.00210384 -0.00247925 -0.00176823  0.00705534   0.0387752   0.31288 -0.066862  -9.80378 
              7.0001 -0.0634291  0.0438933  0.0388561  0.0524449  0.0114312 -0.0108142 0 0 0   -0.011 -0.02329  0.04412   0.0203403  0.00793007 0.000752831 -0.00548092  0.00200877 -0.00249414 -0.00267806  0.00656135   0.0375007   0.313739 -0.0663873   -9.80376 
              7.0493  -0.0396517 -0.00202021 -0.00435308  0.0548779  0.0110457 -0.0103723 0 0 0   -0.011 -0.02329  0.04412    0.02552 0.00446401 0.00323702 -0.00550969  0.00206885 -0.00244162 -0.00305957  0.00676417   0.0373138   0.314097 -0.0665688   -9.80374 
             7.09985 -0.0944826  0.0377623  0.0288252  0.0513124 0.00808687 -0.0108941 0 0 0   -0.011 -0.02329  0.04412   0.009364 -0.0051902 0.00161321 -0.00542948   0.0020014 -0.00249593 -0.00178072   0.0075443   0.0375776   0.312923 -0.0673061   -9.80378 
              7.1499 -0.0365615 0.00601033  0.0345606   0.052454  0.0111055 -0.0113149 0 0 0   -0.011 -0.02329  0.04412  0.0118777 0.00481661 -0.0016562 -0.00552997  0.00205201 -0.00250519 -0.0019617 0.00672365  0.0378539   0.313074 -0.0665492   -9.80378 
             7.19879 -0.103585 0.0418439 0.0288192  0.0551464 0.00427275 -0.0105261 0 0 0   -0.011 -0.02329  0.04412  0.0195716  -0.018202 0.00317172 -0.00542835  0.00199541 -0.00249722 -0.00249055  0.00847128   0.0374693   0.313591 -0.0681498   -9.80375 
             7.24956   -0.108468 -0.00880778   0.0472222   0.0544308  0.00963402 -0.00927027 0 0 0   -0.011 -0.02329  0.04412  0.0132307 0.00274147 0.00565913 -0.00543218   0.0020672  -0.0025212 -0.00204822  0.00694585    0.036847  0.313175 -0.066746  -9.80377 
             7.29992 -0.0385012  0.0144123    0.02216  0.0517156 0.00842961 -0.0138576 0 0 0   -0.011 -0.02329  0.04412 0.00275624 -0.0024522 -0.0113435 -0.00553332  0.00203602 -0.00248176 -0.00124726   0.0072265   0.0392367   0.312395 -0.0670384   -9.80379 
             7.34987 -8.36403e-05 -5.19379e-05    0.0111703  0.0516932  0.0127658 -0.0152654 0 0 0   -0.011 -0.02329  0.04412 0.00199429  0.0121676 -0.0159544 -0.00559238  0.00205215 -0.00246509 -0.00122064  0.00614676   0.0396572   0.312346 -0.0660507    -9.8038 
             7.39984 -0.043544 0.0269031 0.0382593   0.049762  0.0127452 -0.0135724 0 0 0   -0.011 -0.02329  0.04412 -0.00492363  0.00929307 -0.00628954  -0.0055308  0.00201107 -0.00250555 -0.000679971   0.00630244    0.0383885   0.311876 -0.0661883   -9.80382 
             7.44983 -0.0946654 0.00144535  0.0681173  0.0488938  0.0146109 -0.0128433 0 0 0   -0.011 -0.02329  0.04412 -0.00741715   0.0133081 5.58343e-05 -0.00545211  0.00204702 -0.00255022 -0.000513292   0.00596787    0.0378703   0.311728 -0.0658786   -9.80382 
             7.49954  -0.0423443   0.0700802 -0.00100288   0.050851 0.00873272 -0.0084722 0 0 0   -0.011 -0.02329  0.04412 -0.0056644 -0.0267343  0.0211437 -0.00553921  0.00193282  -0.0024433 -0.00103984  0.00744369   0.0358194   0.312274 -0.0672044    -9.8038 
             7.54849 -0.0761425  -0.036365  0.0534215   0.0523102    0.010085 -0.00797058 0 0 0   -0.011 -0.02329  0.04412 -0.00718133  -0.0804809   0.0314694 -0.00550687   0.0020928 -0.00252362 -0.00157607  0.00651063   0.0363249   0.312739 -0.0663437   -9.80379 
             7.59987 -0.0510094  0.0662069  -0.031637   0.0505302  0.00432424 -0.00544663 0 0 0   -0.011 -0.02329  0.04412 -0.0167316  -0.160166 0.00189053 -0.00559394  0.00190901 -0.00246482 -0.00124975  0.00644152   0.0355158   0.312454 -0.0662786    -9.8038 
             7.64985   -0.0944904 -0.000476727   -0.0659089    0.0486446 -0.000516855  -0.00649065 0 0 0   -0.011 -0.02329  0.04412 0.00720754  -0.223015  0.0143464 -0.00554754  0.00207519  -0.0025091 -0.000904786   0.00528759     0.036142   0.312106 -0.0652341   -9.80382 
             7.69985 -0.0154279    0.18257 -0.0942344   0.0491048  -0.0165189 -0.00747144 0 0 0   -0.011 -0.02329  0.04412 0.0274561 -0.294568 0.0310721 -0.00559412  0.00196685 -0.00251085 -0.000847011   0.00607622    0.0374257    0.31204 -0.0659709   -9.80381 
             7.74987   -0.126879    0.135265 -0.00678336   0.0509068  -0.0308121 -0.00564953 0 0 0   -0.011 -0.02329  0.04412 0.0305065 -0.336166  0.023748 -0.00552528  0.00202126 -0.00254638 -0.000902419   0.00572217    0.0370806   0.312095 -0.0656426   -9.80381 
             7.79879 -0.12635 0.197446 0.112933   0.0519826  -0.0521834 -0.00296065 0 0 0   -0.011 -0.02329  0.04412 0.0136336 -0.384025 0.0352871 -0.00556237  0.00194487 -0.00256168 -0.000850533   0.00653689    0.0364031    0.31207 -0.0663797   -9.80381 
             7.84999 -0.264045 0.0768465    0.2097  0.0547236 -0.0723978 -0.0020744 0 0 0   -0.011 -0.02329  0.04412 -0.00601921    -0.40871   0.0322563 -0.00543315  0.00207912 -0.00258619 -0.00150022  0.00674408    0.036907  0.312648 -0.066573  -9.80379 
             7.89991 -0.198827 0.0476694  0.185158   0.0502751  -0.0992057 -0.00236915 0 0 0   -0.011 -0.02329  0.04412 -0.0361063  -0.450604 0.00832903 -0.00562612  0.00196463 -0.00250866 -0.000644096   0.00793872    0.0373893   0.311865 -0.0676797   -9.80381 
             7.94994  -0.302648 -0.0317329    0.19714   0.0477056   -0.114751 -0.00160254 0 0 0   -0.011 -0.02329  0.04412 -0.0448574  -0.430138  0.0577154 -0.00548852  0.00198796 -0.00260203 -0.000548001   0.00630125    0.0371102  0.311754 -0.066182  -9.80382 
             7.99947 -0.141707  0.174426 -0.046095  0.0502297  -0.140086 0.00373598 0 0 0   -0.011 -0.02329  0.04412 -0.0293515  -0.449408  0.0235331 -0.00568019  0.00191599 -0.00242876 -0.00160166  0.00719674   0.0357571   0.312786 -0.0669295   -9.80378 
              8.0488 -0.351063  0.100971 -0.128173  0.0464473  -0.163862 0.00510373 0 0 0   -0.011 -0.02329  0.04412 -0.0436291  -0.461732 0.00495944 -0.00550644  0.00204253 -0.00251931 -0.00104888  0.00745341   0.0351453   0.312313 -0.0671603    -9.8038 
              8.0999 -0.238078   0.13822 -0.287625  0.0388685   -0.19707 0.00181214 0 0 0   -0.011 -0.02329  0.04412 -0.0577635  -0.487747  0.0247676 -0.00559697  0.00193384 -0.00241315 0.000206186  0.00964577   0.0366452   0.311196 -0.0692564   -9.80382 
             8.14982  -0.18586  0.100066 -0.366003   0.036383  -0.220519 0.00380528 0 0 0   -0.011 -0.02329  0.04412 -0.0441486  -0.476685 0.00636519 -0.00552012  0.00196567 -0.00248172 0.000140023  0.00935315   0.0365886   0.311251 -0.0689862   -9.80382 
             8.19986  -0.110927 -0.0292483  -0.490693   0.0338306   -0.239583 -0.00118218 0 0 0   -0.011 -0.02329  0.04412 -0.0470785   -0.47023 -0.0190795 -0.00566447  0.00202916 -0.00244705 0.000130975  0.00821482   0.0385842   0.311177 -0.0680525   -9.80383 
             8.24958 -0.101294 0.0591244 -0.532898    0.031962   -0.262028 -0.00105386 0 0 0   -0.011 -0.02329  0.04412 -0.0296752  -0.464013  0.0166033  -0.0055334  0.00196516 -0.00251227 0.000142448  0.00800202   0.0386792   0.311168 -0.0678637   -9.80383 
             8.29888 -0.00253221  0.00279199   -0.643123   0.0316788   -0.277518 -0.00563066 0 0 0   -0.011 -0.02329  0.04412 -0.0168664  -0.438953 -0.0191739 -0.00569225  0.00193978 -0.00240714 -9.25516e-05   0.00650046    0.0408749   0.311379 -0.0666219   -9.80383 
             8.35264  -0.208766 -0.0233571  -0.522052   0.0293315   -0.299464 -0.00631056 0 0 0   -0.011 -0.02329  0.04412 -0.0186533   -0.43534 -0.0149591 -0.00538818  0.00192954  -0.0026029 0.000281831  0.00637822   0.0403274  0.311069 -0.066452  -9.80384 
             8.39963  0.0881685 -0.0502437  -0.608786   0.0284971   -0.322659 -0.00706368 0 0 0   -0.011 -0.02329  0.04412  -0.0187911    -0.43297 -0.00987629 -0.00568742  0.00196464 -0.00246055 0.000224138  0.00667542   0.0413122   0.311058 -0.0667663   -9.80384 
             8.44879 -0.281778 -0.310129  -0.40692   0.0260961   -0.342567 -0.00659227 0 0 0   -0.011 -0.02329  0.04412 -0.0266571  -0.421117 -0.0785677   -0.005381  0.00194992 -0.00266199 0.000671492  0.00646693   0.0403429   0.310711 -0.0664766   -9.80385 
             8.49994 0.0796327 -0.244619  -0.52592   0.0347388   -0.357213 -0.00693767 0 0 0   -0.011 -0.02329  0.04412 0.0254358 -0.395066 0.0199248   -0.005746  0.00197849 -0.00248332 -0.0011004 0.00496581  0.0394535   0.31256 -0.065435   -9.8038 
             8.54992 0.0285161 -0.537203 -0.260571   0.0288441   -0.381114 -0.00510036 0 0 0   -0.011 -0.02329  0.04412 -0.00395479   -0.415075  -0.0738679 -0.00545851  0.00197665 -0.00264466  0.0004166 0.00598981  0.0383366   0.311013 -0.0660073   -9.80385 
             8.59992   0.13496 -0.477564 -0.283298   0.0307154   -0.402729 -0.00939329 0 0 0   -0.011 -0.02329  0.04412 -0.0189572  -0.410765 -0.0140782 -0.00567506  0.00195485 -0.00252887 -0.000167455   0.00617662      0.03905   0.311503 -0.0663094   -9.80383 
              8.6488  0.346911 -0.515844 -0.313754   0.0268918   -0.424644 -0.00474373 0 0 0   -0.011 -0.02329  0.04412  -0.0365343   -0.415432 -0.00620694 -0.00568752  0.00201571 -0.00249454 0.000389959  0.00636228   0.0367221   0.310881 -0.0663293   -9.80385 
             8.69981  0.303213 -0.492814 -0.326184  0.0294479  -0.444007 -0.0096205 0 0 0   -0.011 -0.02329  0.04412 -0.0228738  -0.389856 -0.0615695 -0.00564321  0.00202359 -0.00248436 -0.000468412   0.00622314    0.0382376   0.311755 -0.0663825   -9.80382 
             8.74854  0.390725 -0.367339 -0.292092   0.0249537   -0.457943 -0.00771855 0 0 0   -0.011 -0.02329  0.04412 0.00326673  -0.289305 -0.0186604 -0.00563201  0.00192177 -0.00256961 0.000484201  0.00541577    0.036493   0.310935 -0.0655138   -9.80385 
             8.79965  0.477064 -0.377178  -0.32681    0.026961   -0.470139 -0.00868958 0 0 0   -0.011 -0.02329  0.04412   0.0105865   -0.192502 0.000298721 -0.00571135   0.0020058 -0.00248714 0.000127625  0.00540235   0.0368527   0.311287 -0.0655566   -9.80384 
             8.84993  0.415621 -0.361572 -0.247935     0.02452   -0.477596 -0.00650755 0 0 0   -0.011 -0.02329  0.04412 -0.00681974   -0.127059   -0.022268  -0.0056434  0.00195816 -0.00248568 0.000730591  0.00526331   0.0354734   0.310635 -0.0654017   -9.80386 
             8.89891  0.438094 -0.400067 -0.125044   0.0303504   -0.481102 -0.00721165 0 0 0   -0.011 -0.02329  0.04412   0.008235  -0.066586 0.00040207 -0.00565183  0.00201201 -0.00253962 -0.000558154   0.00488371    0.0356849   0.311873 -0.0652591   -9.80382 
             8.94982   0.410264  -0.354301 -0.0798861   0.0270694   -0.480206 -0.00600444 0 0 0   -0.011 -0.02329  0.04412 -0.0112992 -0.0125417  0.0045597 -0.00561162  0.00198231 -0.00255237 0.000222313  0.00427046   0.0351393   0.311215 -0.0646472   -9.80385 
             8.99883   0.51889 -0.371692 -0.115983   0.0312472   -0.481741 -0.00191368 0 0 0   -0.011 -0.02329  0.04412 -0.00710738   0.0103685  0.00526902 -0.00576101  0.00201307 -0.00248623 -0.000909767   0.00441013    0.0334193   0.312017 -0.0650839   -9.80382 
             9.05001  0.420795 -0.308302 -0.104965  0.0316474   -0.48602 0.00392561 0 0 0   -0.011 -0.02329  0.04412 -0.0139129  0.0166532  0.0472872 -0.00560356  0.00198649 -0.00253333 -0.00128101  0.00535333   0.0313383   0.312012 -0.0661929   -9.80381 
             9.09996   0.47766 -0.312417 -0.236422   0.0356534   -0.489556 0.000555421 0 0 0   -0.011 -0.02329  0.04412   0.0210536 0.000360326    0.014621 -0.00570582  0.00199235 -0.00242984 -0.00217216     0.00632    0.033667   0.312948 -0.0668623   -9.80378 
             9.14993  0.362298 -0.328312  -0.24905  0.0390606  -0.496083 0.00255062 0 0 0   -0.011 -0.02329  0.04412 0.0528885 -0.029214 0.0198587 -0.00557294  0.00198674 -0.00249257 -0.00259815   0.0075203   0.0330555   0.313161 -0.0680429   -9.80376 
             9.19983  0.435123 -0.337273 -0.214339   0.0389379   -0.494207 -0.00591251 0 0 0   -0.011 -0.02329  0.04412  0.0377116 -0.0168251  -0.014485 -0.00565279  0.00199725  -0.0024926 -0.00187211  0.00714295   0.0370034    0.31291 -0.0671477   -9.80378 
             9.24987  0.448049  -0.31764 -0.126218   0.0395544   -0.495315 -0.00227098 0 0 0   -0.011 -0.02329  0.04412  0.0163398 -0.0123823 0.00293346 -0.00567904  0.00196179 -0.00252512 -0.00176552   0.0071116   0.0351095   0.312651 -0.0673569   -9.80378 
             9.29877  0.467668 -0.364483 -0.151188   0.0399844   -0.490524 -0.00714772 0 0 0   -0.011 -0.02329  0.04412    0.0195768 -0.000356627   -0.0129546 -0.00571383  0.00202382 -0.00248392 -0.00156667  0.00616988   0.0372496   0.312723 -0.0662286   -9.80379 
             9.34992  0.451727 -0.346347 -0.201956  0.0418503  -0.497471 -0.0035925 0 0 0   -0.011 -0.02329  0.04412   0.0264209  -0.0263106 -0.00409765 -0.00569893  0.00199443 -0.00243577 -0.00183465  0.00737685   0.0353816   0.312727 -0.0675613   -9.80378 
                 9.4  0.413798 -0.348586 -0.170193   0.0425727   -0.489647 -0.00766883 0 0 0   -0.011 -0.02329  0.04412    0.021407  0.00650578 -0.00723381 -0.00565287  0.00199817 -0.00246925 -0.00160506  0.00573569   0.0370835   0.312767 -0.0658677   -9.80379 
             9.44992  0.396619  -0.32216 -0.137668   0.0392524   -0.490654 -0.00689301 0 0 0   -0.011 -0.02329  0.04412  0.00625594  0.00368471 -0.00782762 -0.00562823  0.00196543 -0.00250721 -0.000740757   0.00598652    0.0364982  0.311935 -0.066111  -9.80382 
             9.49987  0.429413 -0.351262 -0.164984   0.0398388   -0.490598 -0.00821145 0 0 0   -0.011 -0.02329  0.04412   0.0120533 0.000311512 -0.00969171 -0.00568639  0.00199635 -0.00248323 -0.000766101    0.0060223    0.0368561   0.311983 -0.0660987   -9.80381 
             9.54986   0.42875 -0.297126  -0.16836   0.0367807   -0.496717 -0.00559308 0 0 0   -0.011 -0.02329  0.04412 -0.00494454  -0.0170337  0.00149146 -0.00568856  0.00192588 -0.00247302 -0.000125524   0.00711252    0.0355169   0.31124 -0.067193  -9.80383 
             9.60049  0.441259 -0.345119 -0.131447   0.0384649   -0.487007 -0.00521727 0 0 0   -0.011 -0.02329  0.04412 0.000774178   0.0178005  0.00223111 -0.00570781  0.00197332 -0.00250411 -0.000444935   0.00510724     0.035464   0.311644 -0.0654431   -9.80383 
              9.6499  0.451445 -0.289328 -0.150773   0.0330908   -0.485635 -0.00455676 0 0 0   -0.011 -0.02329  0.04412 -0.0132878  0.0183015 0.00387385 -0.00573298  0.00190578 -0.00248832 0.000646839  0.00502784   0.0351614   0.310655 -0.0653429   -9.80386 
             9.69848  0.496021 -0.403256  -0.15435  0.0351652   -0.48162 -0.0073874 0 0 0   -0.011 -0.02329  0.04412 -0.0055501  0.0287371 -0.0111894 -0.00578966  0.00205435 -0.00248013 0.000160973  0.00451047   0.0364281   0.311215 -0.0647602   -9.80385 
             9.74985  0.489808 -0.302058 -0.145967  0.0313921  -0.480495 -0.0061957 0 0 0   -0.011 -0.02329  0.04412 -0.0186911  0.0269347 0.00113623 -0.00578049  0.00192523 -0.00248571 0.000800313  0.00455999   0.0357192    0.31059 -0.0648532   -9.80387 
             9.79989  0.431829 -0.359447 -0.168135  0.0332212  -0.481898 -0.0100104 0 0 0   -0.011 -0.02329  0.04412 -0.00760303    0.018726  -0.0191223 -0.00572074  0.00199753 -0.00245781 0.000297479  0.00513224   0.0372789   0.311124 -0.0651942   -9.80385 
             9.84981  0.504367 -0.312368 -0.163279   0.0285576   -0.485545 -0.00651206 0 0 0   -0.011 -0.02329  0.04412 -0.0214144 0.00213972 0.00370083 -0.00582365  0.00194174 -0.00247017 0.00103724 0.00585835  0.0354465   0.310284 -0.0660235   -9.80387 
             9.89878  0.466601 -0.335233 -0.160203   0.0284691   -0.484177 -0.00875796 0 0 0   -0.011 -0.02329  0.04412  -0.0197217  0.00772703 -0.00809216 -0.00577832  0.00196709  -0.0024703 0.000887369  0.00569309   0.0364331   0.310504 -0.0657612   -9.80386 
              9.9485  0.497886  -0.27969 -0.169153   0.0239069    -0.49124 -0.00717515 0 0 0   -0.011 -0.02329  0.04412 -0.0298414 -0.0186071 0.00158587 -0.00583379  0.00190199 -0.00245674 0.00149698  0.0069758   0.035545   0.309821 -0.0669724   -9.80388 
             9.99879  0.474095 -0.356273 -0.185671   0.0269564   -0.489612 -0.00788832 0 0 0   -0.011 -0.02329  0.04412  -0.0149734 -0.00953467 -0.00239175  -0.0057982  0.00199107 -0.00243851 0.000647201   0.0065221   0.0359594   0.310631 -0.0665656   -9.80385 
             10.0499  0.483389  -0.29891 -0.167432   0.0297763   -0.493938 -0.00839912 0 0 0   -0.011 -0.02329  0.04412 -0.00195284  -0.0225204 -0.00349795 -0.00582047  0.00191791 -0.00245837 -6.223e-05 0.00721164  0.0361568   0.311233 -0.0671865   -9.80383 
                10.1   0.48365 -0.401469 -0.158803   0.0346235    -0.49402 -0.00915597 0 0 0   -0.011 -0.02329  0.04412   0.0149002  -0.0204228 -0.00571551 -0.00581682  0.00203655 -0.00247251 -0.00100406  0.00701767   0.0364933   0.312102 -0.0670261    -9.8038 
             10.1499  0.417527 -0.296905 -0.152486   0.0330438   -0.497954 -0.00514536 0 0 0   -0.011 -0.02329  0.04412  0.0071704   -0.02907 0.00959177  -0.0057423  0.00189988 -0.00247869 -0.000618766   0.00743575    0.0347703   0.311601 -0.0676013   -9.80382 
             10.1988  0.458118 -0.324413 -0.134609    0.034596    -0.48776 -0.00597832 0 0 0   -0.011 -0.02329  0.04412  0.0113248 0.00776166 0.00659546 -0.00578626    0.001938 -0.00250121 -0.000732832   0.00537423    0.0353998   0.311882 -0.0657148   -9.80382 
             10.2499  0.515168 -0.307466 -0.190002  0.0335926  -0.488994 -0.0021923 0 0 0   -0.011 -0.02329  0.04412 0.00667022 0.00177974  0.0178223 -0.00586374  0.00191052 -0.00243189 -0.000477658   0.00557452    0.0340553   0.311538 -0.0660544   -9.80383 
             10.2999  0.475098  -0.36345 -0.198396   0.0371986   -0.493784 -0.00330183 0 0 0   -0.011 -0.02329  0.04412  0.0179539 -0.0146391  0.0118501 -0.00581532  0.00198356 -0.00242274 -0.00112852  0.00648755   0.0348483   0.312114 -0.0667883   -9.80381 
             10.3499  0.520511 -0.320296 -0.170444   0.0361578   -0.494707 -0.00452027 0 0 0   -0.011 -0.02329  0.04412  0.0119004 -0.0155296 0.00523866 -0.00586972   0.0019251 -0.00245879 -0.000738196    0.0065658    0.0354913   0.311817 -0.0667467   -9.80382 
             10.3998  0.467716 -0.400135 -0.175384   0.0393895   -0.486573 -0.00353443 0 0 0   -0.011 -0.02329  0.04412  0.0208371  0.0122797 0.00626954 -0.00581248  0.00202797  -0.0024523 -0.00117285   0.0049802   0.0353061   0.312288 -0.0654134   -9.80381 
             10.4499  0.453462 -0.276711 -0.164227    0.034577   -0.489074 -0.00438585 0 0 0   -0.011 -0.02329  0.04412 0.00157197  0.0022326  0.0055625 -0.00579434  0.00187074 -0.00246595 -9.01514e-05   0.00556882    0.0356439   0.311326 -0.0658115   -9.80384 
             10.4999  0.412709 -0.368747 -0.117819   0.0350289   -0.482561 -0.00459515 0 0 0   -0.011 -0.02329  0.04412 0.00245288  0.0234737 0.00194598 -0.00576523  0.00195011  -0.0025112 -0.000104913   0.00447896    0.0358494  0.311429 -0.064834  -9.80384 
               10.55  0.520516 -0.281445 -0.159615   0.0335156   -0.482495 -0.00431848 0 0 0   -0.011 -0.02329  0.04412 -0.00168771   0.0183414  0.00397496 -0.00589665   0.0018472 -0.00246234 0.000190275  0.00466229   0.0357654   0.311151 -0.0649858   -9.80385 
             10.5999  0.413261 -0.354309 -0.145299   0.0351811   -0.477194 -0.00287256 0 0 0   -0.011 -0.02329  0.04412 0.00345714  0.0336826  0.0082962 -0.00577043  0.00193233 -0.00247995 -0.000109032   0.00389789    0.0353634   0.311431 -0.0643918   -9.80384 
             10.6498  0.492462 -0.298053 -0.175292   0.0372234   -0.490509 -0.00282452 0 0 0   -0.011 -0.02329  0.04412  0.0110899 -0.0152031 0.00743848 -0.00585907   0.0018702 -0.00244277 -0.000527774   0.00636038    0.0354676   0.311649 -0.0665466   -9.80382 
             10.6999   0.50167 -0.387693 -0.179855   0.0334476   -0.485477 -0.00264331 0 0 0   -0.011 -0.02329  0.04412 -0.00428596  0.00261252  0.00922703 -0.00587339  0.00196987 -0.00244057 0.000269733  0.00541437   0.0355016  0.311014 -0.065673  -9.80385 
             10.7498  0.528472  -0.30088 -0.149235   0.0345377   -0.486495 -0.00204015 0 0 0   -0.011 -0.02329  0.04412 0.000668042  -0.0014306  0.00808787 -0.00591412  0.00186176 -0.00247404 3.90196e-05  0.00559211   0.0354568   0.311201 -0.0658466   -9.80384 
             10.7988  0.458667 -0.329774 -0.142922   0.0353384    -0.48415 -0.00252188 0 0 0   -0.011 -0.02329  0.04412 0.00379387 0.00558103 0.00658333 -0.00583151  0.00189869 -0.00248195 -6.64708e-05   0.00521068    0.0358173   0.311343 -0.0654748   -9.80384 
             10.8493  0.511595 -0.294629 -0.158168   0.034739  -0.487202 -0.0050204 0 0 0   -0.011 -0.02329  0.04412  0.00216564 -0.00466763 -0.00492279 -0.00589609  0.00185028 -0.00246272 7.64523e-05  0.00581613   0.0367507   0.311255 -0.0658695   -9.80384 
             10.8999  0.435422 -0.354487 -0.101441   0.0365645   -0.485585 -0.00696809 0 0 0   -0.011 -0.02329  0.04412  0.00829285 0.000943477 -0.00986294 -0.00581368  0.00192171 -0.00252398 -0.000196458    0.0055516    0.0374106  0.311558 -0.065568  -9.80383 
             10.9499  0.418248 -0.294907 -0.147561   0.0357775    -0.48524 -0.00780239 0 0 0   -0.011 -0.02329  0.04412 0.00500163 0.00244852  -0.011779 -0.00579681  0.00184633 -0.00246913 1.58952e-05  0.00551844   0.0374966   0.311382 -0.0655164   -9.80384 
             10.9998  0.482593 -0.381504 -0.177499   0.0365309   -0.486751 -0.00989494 0 0 0   -0.011 -0.02329  0.04412  0.00669207 -0.00355046  -0.0176479 -0.00587814  0.00195612 -0.00243427 -7.02206e-05   0.00581635    0.0380363   0.311481 -0.0657075   -9.80383 
             11.0498  0.544471 -0.281958 -0.188904   0.0345582   -0.492643 -0.00409181 0 0 0   -0.011 -0.02329  0.04412 -0.00111958  -0.0227862  0.00900372 -0.00594622  0.00183065 -0.00242005 0.000245624  0.00657654   0.0357164   0.310993 -0.0666512   -9.80384 
             11.0998   0.387625  -0.330333 -0.0918452    0.034054   -0.491299 -0.00230613 0 0 0   -0.011 -0.02329  0.04412 -0.00241391  -0.0138991   0.0124377 -0.00576627  0.00188421  -0.0025371 0.000321506  0.00614796   0.0352422   0.310915 -0.0663391   -9.80385 
             11.1499  0.455409 -0.275876 -0.159371  0.0300232  -0.492993 -0.0043398 0 0 0   -0.011 -0.02329  0.04412 -0.0141973 -0.0179493 0.00558927 -0.00584504  0.00182073  -0.0024564 0.000997144  0.00637906   0.0360759    0.31038 -0.0663954   -9.80386 
             11.1999  0.398731 -0.354433 -0.116402   0.0310771   -0.490961 -0.00500783 0 0 0   -0.011 -0.02329  0.04412 -0.00836248 -0.00742513  0.00038016 -0.00578295  0.00190883  -0.0025072 0.00071066 0.00592159  0.0364389   0.310678 -0.0659688   -9.80386 
             11.2499  0.470807 -0.316712  -0.15395   0.032829  -0.491156 -0.0041692 0 0 0   -0.011 -0.02329  0.04412 -0.000715912  -0.00814079   0.00404515 -0.00587099  0.00186877 -0.00246046 0.000343866  0.00586203   0.0362128   0.310982 -0.0659645   -9.80385 
             11.2998  0.420781 -0.342141 -0.147532   0.0334415   -0.490868 -0.00322894 0 0 0   -0.011 -0.02329  0.04412  0.00100781 -0.00563521  0.00802743 -0.00581226  0.00189504 -0.00247034 0.000228813   0.0057355   0.0359728   0.31107 -0.065891  -9.80384 
             11.3499  0.504337 -0.310548 -0.179464   0.0373628   -0.489267 -0.00517599 0 0 0   -0.011 -0.02329  0.04412    0.0148689 -0.000360012  -0.00275503 -0.00591802  0.00185829 -0.00243181 -0.000392489   0.00547824    0.0368331   0.311682 -0.0655938   -9.80383 
                11.4  0.411801 -0.385292 -0.135982   0.0397978   -0.488917 -0.00429175 0 0 0   -0.011 -0.02329  0.04412   0.0201816 0.000559305  0.00344057 -0.00580584  0.00194641 -0.00248359 -0.000690236   0.00539565    0.0365268    0.31192 -0.0655746   -9.80382 
             11.4499  0.474797 -0.313201  -0.14111   0.0359922   -0.484086 -0.00582962 0 0 0   -0.011 -0.02329  0.04412   0.0044159   0.0153731 -0.00263773 -0.00588748  0.00185534 -0.00247785 0.000154174  0.00470196   0.0370147   0.311264 -0.0648786   -9.80385 
             11.4999    0.37941  -0.317841 -0.0925618   0.0343286   -0.484279 -0.00435428 0 0 0   -0.011 -0.02329  0.04412 -0.0016657  0.0119284 0.00609239 -0.00577769  0.00186271 -0.00253459 0.000460092  0.00482828   0.0364433  0.310951 -0.065041  -9.80385 
             11.5499  0.458512 -0.332457 -0.168417   0.0328634    -0.48883 -0.00501306 0 0 0   -0.011 -0.02329  0.04412 -0.00608039 -0.00679318  0.00416318 -0.00586754  0.00187416 -0.00244618 0.000674622  0.00563422   0.0367152   0.310747 -0.0656886   -9.80386 
             11.5998  0.356946 -0.319558 -0.124002   0.0300801    -0.49134 -0.00188823 0 0 0   -0.011 -0.02329  0.04412 -0.0348676  -0.047928  0.0139516  -0.0057591   0.0018605 -0.00249642 0.00100718  0.0058168  0.0357399   0.310379 -0.0659451   -9.80387 
             11.6488  0.509061 -0.295029  -0.19092   0.030595  -0.496871 -0.0025058 0 0 0   -0.011 -0.02329  0.04412 -0.0374098   -0.14024  0.0123205 -0.00593494  0.00184597  -0.0024388 0.000556295  0.00601569   0.0363219   0.310801 -0.0660674   -9.80385 
                11.7  0.376467 -0.318174 -0.274919     0.02895   -0.503541 -0.00108652 0 0 0   -0.011 -0.02329  0.04412  -0.0442735   -0.208329 -0.00888502 -0.00580698  0.00185584 -0.00246625 0.000479825  0.00565831   0.0356565  0.310834 -0.065842  -9.80385 
             11.7499  0.553404  -0.26772 -0.425445   0.0232078     -0.5146 -0.00323257 0 0 0   -0.011 -0.02329  0.04412 -0.0524814  -0.276958  0.0220814 -0.00592405  0.00185239 -0.00242749 0.00109237 0.00556271  0.0365532    0.31038 -0.0656272   -9.80387 
             11.7999  0.404717 -0.263778 -0.486842   0.0197352   -0.528606 -0.00164975 0 0 0   -0.011 -0.02329  0.04412  -0.0490001   -0.331832 -0.00232397 -0.00577708  0.00183906 -0.00249021 0.00126181 0.00536707  0.0360958   0.310215 -0.0655018   -9.80387 
             11.8499  0.475664 -0.281959 -0.614837   0.0142491   -0.549969 -0.00734382 0 0 0   -0.011 -0.02329  0.04412 -0.0522021  -0.393261 -0.0257623 -0.00583904   0.0018664 -0.00245114 0.00177292 0.00611597  0.0377782   0.309839 -0.0659023   -9.80388 
             11.8998  0.471238 -0.161146  -0.66976   0.0116051   -0.571057 -0.00733739 0 0 0   -0.011 -0.02329  0.04412 -0.0427271  -0.423279  0.0161883 -0.00578652  0.00180855 -0.00248399 0.00177697 0.00613686  0.0375566   0.309818 -0.0659447   -9.80388 
             11.9498  0.565533 -0.185932 -0.736522 0.00867513  -0.598301 -0.0110835 0 0 0   -0.011 -0.02329  0.04412 -0.0315661  -0.471142 -0.0518173 -0.00589645  0.00180912 -0.00245007 0.00191343 0.00696089  0.0382572   0.309634 -0.0665374   -9.80389 
             11.9988  0.673893 -0.157036 -0.719784  0.00304966   -0.621674 -0.00897664 0 0 0   -0.011 -0.02329  0.04412 -0.0300135  -0.487735  -0.026358 -0.00588956  0.00185303 -0.00247534 0.00261921 0.00686099  0.0369949  0.308984 -0.066461  -9.80391 
             12.0499  0.653239 -0.246235 -0.640055  0.00968283   -0.646266 -0.00919665 0 0 0   -0.011 -0.02329  0.04412 -0.00166115   -0.489136 -0.00615144 -0.00585499   0.0018415 -0.00247281 0.00136591 0.00675853  0.0370209   0.310037 -0.0666663   -9.80387 
             12.0999  0.629843 -0.257078 -0.499331   0.0143836   -0.671959 -0.00694816 0 0 0   -0.011 -0.02329  0.04412  0.0270153   -0.49576 0.00753744 -0.00579476  0.00183006 -0.00254415 0.000668242  0.00673551   0.0361209   0.310554 -0.0669543   -9.80385 
             12.1499  0.778959 -0.482494  -0.37252  0.0191718  -0.687708 -0.0108975 0 0 0   -0.011 -0.02329  0.04412 0.0467689   -0.4653 -0.035228 -0.00592983   0.0019138 -0.00253091 0.000485914  0.00502238   0.0374954   0.311265 -0.0654403   -9.80384 
             12.2048   0.68186  -0.41596 -0.210869   0.026258  -0.707731 -0.0116243 0 0 0   -0.011 -0.02329  0.04412  0.0480272  -0.499943 -0.0201758 -0.00584176   0.0018628 -0.00254436 -0.000350482   0.00471585    0.0375075   0.312024 -0.0654464   -9.80382 
             12.2499  0.794815 -0.612966 -0.108975 0.0306019 -0.724194 -0.013893 0 0 0   -0.011 -0.02329  0.04412  0.0347494  -0.534198 -0.0445174 -0.00595362  0.00200913 -0.00252135 -0.000470931    0.0032033    0.0377552   0.312583 -0.0642351   -9.80381 
             12.2988    0.798211   -0.608396 -0.00933404  0.0296478  -0.756434 -0.0138622 0 0 0   -0.011 -0.02329  0.04412 0.00304548  -0.607515 -0.0159017 -0.00589249  0.00191951 -0.00254511 -0.000235891   0.00380951    0.0370216   0.312155 -0.0647885   -9.80382 
             12.3498   0.909165  -0.738906 -0.0612885  0.0333654  -0.786584 -0.0166975 0 0 0   -0.011 -0.02329  0.04412  0.0135604  -0.628406 -0.0753486 -0.00595728  0.00200127  -0.0024807 -0.000763234   0.00370325    0.0374643   0.312663 -0.0647426    -9.8038 
             12.3999  0.922176 -0.950954 -0.125868  0.0326657  -0.824265 -0.0176402 0 0 0   -0.011 -0.02329  0.04412   0.014455  -0.648068 -0.0628189 -0.00592623    0.002008 -0.00244521 -0.000669629   0.00435616    0.0359829   0.312248 -0.0655654   -9.80381 
             12.4499    1.24868  -0.864007 -0.0241749   0.025388  -0.847251 -0.0156263 0 0 0   -0.011 -0.02329  0.04412 -0.0150012  -0.604124  0.0366164 -0.00594458  0.00186923    -0.00254 0.000640556  0.00312434   0.0352782   0.311248 -0.0645106   -9.80385 
             12.4999   1.11316 -0.831199 -0.100676 0.0268943 -0.889992 -0.014376 0 0 0   -0.011 -0.02329  0.04412  0.0111517  -0.585313 -0.0623738 -0.00583995  0.00191483 -0.00249345 0.000163768  0.00498433   0.0345476   0.311255 -0.0662879   -9.80384 
             12.5498    1.29372  -0.871851 -0.0558572  0.0275187  -0.916322 -0.0183945 0 0 0   -0.011 -0.02329  0.04412 0.0171046 -0.546954  0.016126 -0.00593849  0.00197641 -0.00249667 0.000244161  0.00493022   0.0353447   0.311361 -0.0660188   -9.80383 
             12.6018   1.40563 -0.857045 0.0180038  0.0243851  -0.943635 -0.0133242 0 0 0   -0.011 -0.02329  0.04412   0.0079514   -0.503778 -0.00283723 -0.00593444  0.00194306 -0.00251514 0.000717993  0.00467472   0.0337431   0.310602 -0.0662697   -9.80386 
             12.6488   1.45724 -0.923333 0.0595448   0.029702  -0.965541 -0.0163701 0 0 0   -0.011 -0.02329  0.04412  0.0232752  -0.478748 0.00409666 -0.00596743  0.00198474 -0.00247438 8.09679e-05  0.00470647   0.0348676   0.311423 -0.0659303   -9.80383 
             12.6999   1.34449 -0.776778    0.1773   0.028914  -0.995982 -0.0148812 0 0 0   -0.011 -0.02329  0.04412 0.0106816 -0.466568 0.0440108 -0.00587154  0.00193213 -0.00251931 0.00028796 0.00543933  0.0343029   0.311087 -0.0667499   -9.80384 
             12.7499    1.4772 -0.770371   0.17711  0.0301634   -1.01237 -0.0171464 0 0 0   -0.011 -0.02329  0.04412 -0.00206527   -0.435329   -0.023393 -0.00596601  0.00195515 -0.00245325 0.00024825 0.00486075  0.0351872   0.311344 -0.0659142   -9.80384 
             12.7993  1.44462 -0.71828 0.248705  0.0253711   -1.03769 -0.0178201 0 0 0   -0.011 -0.02329  0.04412 -0.0290595  -0.431098 -0.0368912 -0.00588884  0.00193377 -0.00251456 0.000966277  0.00524907     0.03533   0.310788 -0.0662191   -9.80385 
             12.8488    1.4272 -0.609604  0.200241  0.0236379   -1.05499 -0.0210583 0 0 0   -0.011 -0.02329  0.04412  -0.04786 -0.446487  0.010048 -0.00589872  0.00193044 -0.00249262  0.0010572 0.00477441  0.0359536   0.310831 -0.0655541   -9.80385 
             12.8998    1.5781 -0.628253 0.0982398  0.0237837   -1.08056 -0.0202176 0 0 0   -0.011 -0.02329  0.04412  -0.0382674   -0.529121 -0.00266631 -0.00594767  0.00194613 -0.00244974 0.000702494  0.00489052   0.0357991   0.311104 -0.0656809   -9.80385 
               12.95   1.52826 -0.698744 0.0883545  0.0177178   -1.11026 -0.0228381 0 0 0   -0.011 -0.02329  0.04412 -0.0463092  -0.569183 -0.0849981 -0.00589174   0.0019408 -0.00248901 0.00135805 0.00523905  0.0359705  0.310635 -0.065969  -9.80386 
             12.9988    1.75917  -0.468605 -0.0330159  0.0161877    -1.1365 -0.0197026 0 0 0   -0.011 -0.02329  0.04412 -0.0447583  -0.575603  0.0479597 -0.00598986  0.00190435 -0.00247751 0.00113636 0.00473053  0.0350198  0.310571 -0.066002  -9.80386 
             13.0484   1.48687 -0.407435 -0.083131  0.0136242   -1.15831 -0.0233276 0 0 0   -0.011 -0.02329  0.04412 -0.0359822  -0.546376 0.00937969 -0.00587371  0.00192362 -0.00245444 0.00121431 0.00385358  0.0358477   0.310537 -0.0648759   -9.80387 
             13.0998   1.76916 -0.488869 -0.107195  0.0154932   -1.18952 -0.0229688 0 0 0   -0.011 -0.02329  0.04412 -0.00582782   -0.543106    -0.03403 -0.00599095  0.00200316 -0.00250136 0.000702162  0.00444691   0.0356326   0.310998 -0.0654019   -9.80385 
             13.1488   1.65134 -0.399448 -0.084313  0.0157016   -1.20551 -0.0231952 0 0 0   -0.011 -0.02329  0.04412 0.00972747  -0.471924  0.0277933 -0.00588756  0.00199018 -0.00255229 0.000619452  0.00308899    0.035931    0.31096 -0.0641333   -9.80386 
             13.1988     1.5232  -0.283168 -0.0700247  0.0160327   -1.23586 -0.0240062 0 0 0   -0.011 -0.02329  0.04412  0.0232897  -0.480455 -0.0210773 -0.00584116  0.00192461 -0.00251426 0.000713365  0.00405706   0.0357968   0.310953 -0.0649994   -9.80385 
             13.2485    1.72284  -0.562473 -0.0278153  0.0248697   -1.26029 -0.0262084 0 0 0   -0.011 -0.02329  0.04412   0.052058  -0.477287 -0.0957559 -0.00594278  0.00206866   -0.002488 -0.000431508   0.00423804    0.0358262    0.31191 -0.0650473   -9.80382 
             13.2999    1.7578 -0.160784  0.145228  0.0245481   -1.28488 -0.0240986 0 0 0   -0.011 -0.02329  0.04412 0.0391163 -0.480725 0.0732412 -0.00585731   0.0019139 -0.00256322 -0.000114707   0.00412583    0.0351927   0.311576 -0.0653192   -9.80383 
             13.3499   1.75113 -0.336348  0.110805  0.0288578   -1.31186 -0.0241939 0 0 0   -0.011 -0.02329  0.04412  0.0354352  -0.546714 -0.0054382 -0.00592384  0.00209128 -0.00248271 -0.000474881   0.00456667     0.035702    0.31194 -0.0653773   -9.80382 
             13.3998   1.69629 -0.546237  0.277164  0.0238233   -1.34881 -0.0217106 0 0 0   -0.011 -0.02329  0.04412 -0.0210918  -0.648733 -0.0362894 -0.00591926  0.00203211  -0.0025017 0.00039573 0.00523875  0.0345547   0.311169 -0.0666094   -9.80384 
             13.4498   1.69012 -0.449879  0.191073  0.0259343   -1.38279 -0.0224144 0 0 0   -0.011 -0.02329  0.04412 0.0028418 -0.702079 0.0702014 -0.00590647  0.00205144 -0.00244995 -8.19333e-06   0.00531739    0.0350164   0.311535 -0.0663839   -9.80383 
             13.4999   1.60979 -0.389589  0.209134  0.0270679    -1.4163 -0.0195497 0 0 0   -0.011 -0.02329  0.04412 0.00663713  -0.747382  0.0115252  -0.0058701   0.0019622 -0.00249963 -0.00020533  0.00482185   0.0344059   0.311626 -0.0663179   -9.80382 
             13.5499   1.52387 -0.385065  0.169967  0.0265603   -1.45242 -0.0203818 0 0 0   -0.011 -0.02329  0.04412 -0.0197337  -0.779793 -0.0351984 -0.00583013  0.00202839 -0.00250855 -0.00012609  0.00456432   0.0343917   0.311538 -0.0661276   -9.80383 
             13.5998   1.56777 -0.198832   0.12448  0.0167473   -1.49603 -0.0229116 0 0 0   -0.011 -0.02329  0.04412 -0.0182762  -0.795607 -0.0205428 -0.00595649  0.00196733 -0.00248057 0.00120278 0.00514289  0.0345279   0.310515 -0.0666649   -9.80386 
             13.6498  1.65855 -0.15123 0.147047  0.0198734    -1.5274 -0.0256374 0 0 0   -0.011 -0.02329  0.04412    0.0730376    -0.730012 -4.64749e-06 -0.00582031  0.00197166 -0.00249693 0.000694543  0.00417499   0.0351579   0.310845 -0.0654758   -9.80385 
             13.6998    1.74018 -0.0964701   0.191587  0.0193128   -1.56118 -0.0255792 0 0 0   -0.011 -0.02329  0.04412  0.116409 -0.655119  0.093713 -0.00580846  0.00191504 -0.00249035 0.00150007 0.00418696  0.0354475   0.310199 -0.0654318   -9.80388 
             13.7499   1.36461 -0.215735  0.423757  0.0311571    -1.5905 -0.0238223 0 0 0   -0.011 -0.02329  0.04412  0.204736 -0.595405 0.0204407  -0.0055644  0.00200713 -0.00252629 0.000874267  0.00403539   0.0356208   0.310688 -0.0651257   -9.80386 
             13.7998   1.35503 -0.225133  0.614231   0.040783   -1.62023 -0.0199649 0 0 0   -0.011 -0.02329  0.04412  0.206786 -0.519366 0.0761154 -0.00563102  0.00199296 -0.00254116 0.000994777  0.00424585   0.0355407   0.310621 -0.0653551   -9.80386 
             13.8499  1.20186 -0.41998 0.767243  0.0507665   -1.64745 -0.0205659 0 0 0   -0.011 -0.02329  0.04412  0.211712 -0.480001 0.0719966 -0.00563429  0.00206911 -0.00252132 0.00111374 0.00478403  0.0363302   0.310597 -0.0653791   -9.80386 
             13.8996   1.31116 -0.302554  0.922602 0.0477699  -1.66834 -0.016494 0 0 0   -0.011 -0.02329  0.04412  0.152379 -0.443888 0.0375097 -0.00571643  0.00200947  -0.0025278 0.00298935 0.00414564  0.0361289    0.30899 -0.0654187   -9.80391 
             13.9499   1.11908 -0.448553   1.09727 0.0534754  -1.68879 -0.015889 0 0 0   -0.011 -0.02329  0.04412  0.133906 -0.405808 0.0921597 -0.00566192  0.00211055 -0.00257395 0.00320925 0.00417393   0.036855    0.30879 -0.0651529   -9.80392 
             13.9988   1.22589 -0.417684   1.13312  0.0507344   -1.70764 -0.0128841 0 0 0   -0.011 -0.02329  0.04412  0.101416 -0.391263 0.0564014 -0.00579456  0.00201646 -0.00251879 0.00449128 0.00370894  0.0367671   0.307676 -0.0652979   -9.80396 
             14.0496    1.0461 -0.604933   1.22557   0.0542077    -1.72888 -0.00886253 0 0 0   -0.011 -0.02329  0.04412 0.0876038  -0.39107 0.0560453 -0.00561088    0.002084  -0.0025526 0.00473271 0.00386428  0.0365754   0.307573 -0.0655919   -9.80396 
             14.0988   1.02075 -0.514144   1.23146  0.0479128   -1.74539 -0.0119813 0 0 0   -0.011 -0.02329  0.04412 0.0490886 -0.375595 0.0675751 -0.00572699  0.00201317 -0.00253121 0.00614502 0.00335354  0.0379677   0.306283 -0.0653713     -9.804 
             14.1499   1.03936 -0.550112   1.28029   0.0501505    -1.76173 -0.00956155 0 0 0   -0.011 -0.02329  0.04412 0.0350756 -0.376855 0.0278473 -0.00570847  0.00209108 -0.00254971 0.00603563 0.00304823  0.0379766  0.306195 -0.065117    -9.804 
             14.1999   1.04652 -0.417654   1.21543  0.0439054   -1.78721 -0.0123058 0 0 0   -0.011 -0.02329  0.04412 0.00509919  -0.398044  0.0053737 -0.00575185  0.00200631 -0.00249558 0.00742619 0.00371428  0.0391191  0.305672 -0.065928  -9.80401 
             14.2499   0.95666 -0.465801   1.17472  0.0432382   -1.80561 -0.0129223 0 0 0   -0.011 -0.02329  0.04412 0.000606303   -0.390978    0.034947 -0.00574693  0.00207027 -0.00249786 0.00749475 0.00356614  0.0394459   0.305531 -0.0657817   -9.80402 
             14.2988   0.96446 -0.420227   1.14959  0.0434158   -1.82803 -0.0149846 0 0 0   -0.011 -0.02329  0.04412 -0.00263499   -0.402855  -0.0129376 -0.00573409  0.00203179 -0.00250261 0.00765467 0.00404468  0.0400673  0.305741 -0.065936  -9.80401 
             14.3498  0.933155 -0.469479   1.12795  0.0431107   -1.84834 -0.0141116 0 0 0   -0.011 -0.02329  0.04412  -0.0118665   -0.400463 -0.00464723 -0.00571323  0.00210036 -0.00252001 0.00761628 0.00398802  0.0398189   0.305726 -0.0659572   -9.80401 
             14.3999  0.954152 -0.437941   1.04839  0.0358531   -1.86987 -0.0184669 0 0 0   -0.011 -0.02329  0.04412 -0.0381168  -0.405289 0.00610679 -0.00576953  0.00206478 -0.00251661 0.00866718 0.00400301  0.0408125   0.305204 -0.0664089   -9.80403 
             14.4485  0.991497 -0.507172   0.93812  0.0309585   -1.89348 -0.0183299 0 0 0   -0.011 -0.02329  0.04412 -0.0489959  -0.412755 -0.0235929 -0.00579595  0.00211848 -0.00248641 0.00915263 0.00405351  0.0405122   0.305008 -0.0668583   -9.80403 
             14.4999  0.953146 -0.412143  0.857187  0.0252142   -1.90927 -0.0199735 0 0 0   -0.011 -0.02329  0.04412 -0.0663007   -0.40323 -0.0123159 -0.00573788  0.00205972 -0.00251734 0.00940509 0.00344665  0.0409065   0.304463 -0.0666428   -9.80405 
             14.5497  0.964871 -0.428195  0.684144 0.0197706  -1.93258 -0.020205 0 0 0   -0.011 -0.02329  0.04412 -0.0705706  -0.412113 -0.0181226 -0.00581861   0.0020775 -0.00244697 0.00978934 0.00347984   0.040375   0.304298 -0.0670653   -9.80405 
             14.5999    1.0239 -0.375973  0.605088  0.0205336   -1.94873 -0.0224048 0 0 0   -0.011 -0.02329  0.04412 -0.0534184  -0.375171 -0.0166875 -0.00579831  0.00208987 -0.00248701 0.00896358 0.00321651  0.0408978   0.304537 -0.0662418   -9.80405 
             14.6506 0.821383  -0.2455 0.596894  0.0170949   -1.96444 -0.0225678 0 0 0   -0.011 -0.02329  0.04412 -0.0279898  -0.267559 -0.0344448 -0.00566395    0.001988 -0.00255805 0.00921809  0.0030704  0.0406985   0.304306 -0.0663794   -9.80405 
             14.6988  0.884578 -0.359538  0.569045  0.0207109   -1.97443 -0.0252146 0 0 0   -0.011 -0.02329  0.04412 0.00123078  -0.180676  0.0235747 -0.00576477  0.00212315 -0.00253358 0.00855395 0.00321048  0.0411985   0.304766 -0.0659222   -9.80404 
             14.7499   0.88707 -0.362861  0.618645  0.0234213   -1.98299 -0.0226059 0 0 0   -0.011 -0.02329  0.04412  0.0112103  -0.121583 -0.0430247  -0.0057488  0.00208514 -0.00252819 0.00822659 0.00337075  0.0405242   0.305045 -0.0660006   -9.80403 
             14.7998 0.854572 -0.40453 0.650991 0.0216628  -1.99129 -0.025099 0 0 0   -0.011 -0.02329  0.04412 -0.00244518  -0.0882568 -0.00457203 -0.00584513  0.00209925  -0.0024975 0.00866152 0.00369676  0.0407623   0.304965 -0.0663775   -9.80403 
             14.8499  0.754238 -0.327812  0.780825  0.0204594   -1.99522 -0.0232171 0 0 0   -0.011 -0.02329  0.04412 -0.0204741 -0.0346478  0.0065318 -0.00576293  0.00204741 -0.00256799 0.00874931 0.00366406  0.0401437   0.304885 -0.0665501   -9.80403 
             14.8999  0.876969 -0.370034  0.702376  0.0189388   -1.99472 -0.0226121 0 0 0   -0.011 -0.02329  0.04412 -0.0258015 0.00598011 -0.0173163 -0.00588916  0.00208093 -0.00249153 0.00873167 0.00348569  0.0400319   0.304806 -0.0664514   -9.80404 
             14.9499  0.685703 -0.314347  0.704254   0.019035   -1.99487 -0.0214925 0 0 0   -0.011 -0.02329  0.04412 -0.00951777   0.0168294  0.00913305 -0.00574511  0.00202655 -0.00251977 0.00861445  0.0035837  0.0396449   0.304924 -0.0665499   -9.80403 
             14.9988  0.861352 -0.365334  0.665337 0.0206809   -1.9922 -0.020473 0 0 0   -0.011 -0.02329  0.04412 -0.00735925   0.0138335 0.000354545  -0.0059171  0.00207832 -0.00248417 0.00825926 0.00337608   0.039426    0.30506 -0.0662978   -9.80403 
             15.0485 0.759188  -0.3195 0.673998  0.0180119   -1.99563 -0.0175062 0 0 0   -0.011 -0.02329  0.04412  -0.0204147 -0.00103397  0.00908317 -0.00581216  0.00201487 -0.00247385  0.0086643 0.00372068  0.0386502    0.30493 -0.0668769   -9.80403 
             15.0998  0.842138 -0.393286  0.678494  0.0186212   -1.98949 -0.0190044 0 0 0   -0.011 -0.02329  0.04412 -0.0100686  0.0229946  0.0121665 -0.00589097  0.00209033 -0.00248748   0.008269 0.00309023  0.0392711   0.304928 -0.0661458   -9.80404 
             15.1499   0.81118 -0.380976  0.647366   0.018391   -1.99513 -0.0168749 0 0 0   -0.011 -0.02329  0.04412  -0.0077445 -0.00221249   0.0128042 -0.00586809  0.00207452 -0.00246898  0.0084474 0.00388933  0.0387535   0.305148 -0.0668713   -9.80402 
             15.1998 0.846624 -0.38288 0.669381  0.0166342   -1.99802 -0.0177278 0 0 0   -0.011 -0.02329  0.04412 -0.0176509 -0.0110829 0.00183618 -0.00589492  0.00207045 -0.00247707  0.0087103 0.00423443  0.0391407   0.305127 -0.0671407   -9.80402 
             15.2498 0.797413 -0.32448 0.658196  0.0113536   -2.00182 -0.0149502 0 0 0   -0.011 -0.02329  0.04412 -0.0296186 -0.0206092  0.0214492 -0.00585414   0.0020169 -0.00246912 0.00938817 0.00440424    0.03845   0.304724 -0.0676926   -9.80403 
             15.2985  0.832772 -0.324685  0.660555  0.0136879   -2.00064 -0.0212235 0 0 0   -0.011 -0.02329  0.04412 -0.0143329  -0.014883 -0.0109668 -0.00589796  0.00201369   -0.002481 0.00887181 0.00447839  0.0402854   0.305151 -0.0671406   -9.80402 
             15.3499  0.739505 -0.290639   0.67356  0.0160934   -2.00313 -0.0228942 0 0 0   -0.011 -0.02329  0.04412 -0.00702557  -0.0215283  -0.0142761 -0.00579711   0.0019773 -0.00248402 0.00850609 0.00485428  0.0406306   0.305569 -0.0671648   -9.80401 
             15.3998  0.794829 -0.377002  0.659695  0.0194128   -2.00694 -0.0227451 0 0 0   -0.011 -0.02329  0.04412  0.00308194  -0.0525366 -0.00481196 -0.00586126  0.00206234 -0.00247579 0.00808882 0.00528924  0.0405089   0.306036 -0.0673027   -9.80399 
             15.4499  0.681892 -0.330639  0.685017  0.0186058   -2.01012 -0.0213881 0 0 0   -0.011 -0.02329  0.04412 -0.0275952  -0.138807  0.0158211   -0.005768  0.00202009 -0.00250771 0.00804192 0.00505992  0.0402161   0.305964 -0.0671873     -9.804 
             15.4996  0.792756 -0.388785  0.538247  0.0221791   -2.01388 -0.0220857 0 0 0   -0.011 -0.02329  0.04412 -0.0182869  -0.206903 -0.0400902 -0.00591227  0.00206966 -0.00244307 0.00722745 0.00468489   0.040279   0.306357 -0.0665688   -9.80399 
             15.5498 0.596276 -0.26125  0.50746   0.018535   -2.03078 -0.0198498 0 0 0   -0.011 -0.02329  0.04412 -0.0255093  -0.292795  0.0183236 -0.00571781  0.00198735 -0.00250878  0.0076822 0.00502452  0.0394736   0.306176 -0.0671509   -9.80399 
             15.5988  0.739851 -0.304679  0.311293  0.0190261   -2.04312 -0.0190696 0 0 0   -0.011 -0.02329  0.04412  -0.0163037   -0.340438 -0.00533075 -0.00585856    0.002074 -0.00245425 0.00735733 0.00473183  0.0393981   0.306274 -0.0668302   -9.80399 
             15.6499   0.72278 -0.326468  0.260815  0.0200355   -2.06176 -0.0123629 0 0 0   -0.011 -0.02329  0.04412 -0.00818478   -0.387308   0.0228928 -0.00583103   0.0020687 -0.00250396 0.00708155 0.00452392   0.037613   0.306342 -0.0668989   -9.80399 
             15.6998  0.812033 -0.275622  0.134925  0.0183202   -2.07698 -0.0173657 0 0 0   -0.011 -0.02329  0.04412 0.0085655 -0.402547 0.0402946 -0.00589419  0.00204969 -0.00245301 0.00729116 0.00426276  0.0394743    0.30614 -0.0664703     -9.804 
             15.7499  0.586507 -0.103985  0.195165  0.0152461   -2.10568 -0.0151103 0 0 0   -0.011 -0.02329  0.04412 0.0172814 -0.442527 0.0470545 -0.00567755  0.00195653 -0.00254573 0.00799829 0.00492627  0.0392802   0.305859 -0.0672139     -9.804 
             15.7998  0.788726 -0.145391 0.0827112 0.00980039   -2.12782 -0.0174562 0 0 0   -0.011 -0.02329  0.04412 -0.00687153   -0.461814  -0.0254972 -0.00587863  0.00205205 -0.00246083 0.00882332 0.00483904  0.0402088   0.305251 -0.0672384   -9.80402 
             15.8497  0.776133 -0.199097  0.135521 0.00320882   -2.15045 -0.0183331 0 0 0   -0.011 -0.02329  0.04412 -0.0597671  -0.456861  0.0419596 -0.00581854  0.00202747 -0.00250518 0.00954428 0.00472589  0.0403508    0.30469 -0.0673118   -9.80404 
             15.8998  0.837794 -0.327309  0.195424  0.0021927   -2.16755 -0.0192798 0 0 0   -0.011 -0.02329  0.04412 -0.040736 -0.436526 0.0214989  -0.0058503  0.00207307 -0.00252533 0.00921503 0.00402223   0.041077   0.304788 -0.0665992   -9.80404 
             15.9499  0.836558 -0.360818  0.191592 -0.00153767    -2.18758  -0.0180717 0 0 0   -0.011 -0.02329  0.04412 -0.0475577  -0.436125 -0.0134011 -0.00588154  0.00205551 -0.00251583 0.00939947 0.00375404  0.0408875   0.304598 -0.0664568   -9.80404 
             15.9999  0.908555 -0.419458  0.196678 -0.00344258    -2.20674  -0.0197333 0 0 0   -0.011 -0.02329  0.04412 -0.0541807  -0.470995  0.0496468 -0.00598113  0.00208579 -0.00247665  0.0092696 0.00337462  0.0414483   0.304646 -0.0660549   -9.80405 
             16.0499  0.819591 -0.349153  0.248766 -0.00618131    -2.23134  -0.0194976 0 0 0   -0.011 -0.02329  0.04412 -0.0635885  -0.539066 -0.0335821 -0.00589942   0.0020163 -0.00250105 0.00920707 0.00332529  0.0416694   0.304692 -0.0659708   -9.80404 
             16.0998  0.785324 -0.489605  0.229944 -0.00408974    -2.25579  -0.0224538 0 0 0   -0.011 -0.02329  0.04412 -0.0402205  -0.556919 -0.0248749  -0.0058894  0.00207539 -0.00251536 0.00853777 0.00312513  0.0422518     0.3052 -0.0656347   -9.80403 
             16.1498  0.824663 -0.433227  0.236979 -0.00402358    -2.29262   -0.020335 0 0 0   -0.011 -0.02329  0.04412 -0.0165454  -0.581338  0.0324007 -0.00591444  0.00206172 -0.00250617 0.00832656 0.00406468  0.0415195   0.305434 -0.0664736   -9.80402 
             16.1988   0.89383 -0.547683  0.304287 0.00399466   -2.31694 -0.0232227 0 0 0   -0.011 -0.02329  0.04412  0.0256683  -0.560688 -0.0334277 -0.00592989  0.00213109 -0.00254045 0.00719038 0.00378918  0.0424129    0.30633 -0.0659665   -9.80399 
             16.2485  0.905342 -0.495842  0.341883  0.0102787    -2.3449 -0.0192858 0 0 0   -0.011 -0.02329  0.04412 0.0561396 -0.525905 0.0214085 -0.00597169  0.00204904 -0.00251286 0.00654482 0.00369268   0.041137   0.306731 -0.0660831   -9.80398 
             16.2997  0.832966 -0.515607  0.503188  0.0134186   -2.36907 -0.0228424 0 0 0   -0.011 -0.02329  0.04412 0.0629525 -0.495721 0.0245288 -0.00588392  0.00203369 -0.00254345 0.00652977 0.00366568  0.0419986   0.306812 -0.0658777   -9.80398 
             16.3499   1.03138 -0.350458  0.543525  0.0127441   -2.40384 -0.0188087 0 0 0   -0.011 -0.02329  0.04412 0.0583941   -0.4943 0.0507316 -0.00596209  0.00202483 -0.00250773 0.00706565 0.00479686  0.0416043    0.30651 -0.0668949   -9.80398 
             16.3998   1.04729 -0.432872  0.666103 0.0136893  -2.42766 -0.015985 0 0 0   -0.011 -0.02329  0.04412 0.0478123 -0.467289 0.0672863   -0.005999  0.00205498 -0.00249478 0.00732063 0.00487373  0.0416875   0.306336 -0.0669773   -9.80399 
             16.4498  0.954776 -0.320901  0.871631   0.019239    -2.4489 -0.0145247 0 0 0   -0.011 -0.02329  0.04412 0.0564378 -0.442814 0.0439768 -0.00594312  0.00197327 -0.00253725 0.00694385 0.00463623  0.0419688   0.306598 -0.0666538   -9.80398 
             16.4998   1.00237 -0.397848   1.03533  0.0208373   -2.46969 -0.0153624 0 0 0   -0.011 -0.02329  0.04412 0.0509912 -0.424335 0.0152769 -0.00593824  0.00200101 -0.00255158 0.00710832 0.00464805  0.0428024   0.306538 -0.0664907   -9.80398 
             16.5499   1.00849 -0.311321   1.15882 0.0225835  -2.48353 -0.012937 0 0 0   -0.011 -0.02329  0.04412 0.0426422 -0.390251  0.034527 -0.00596208  0.00193519 -0.00254266 0.00703897 0.00373281  0.0426649   0.306308 -0.0658624     -9.804 
             16.5999  0.875508 -0.400522   1.27805  0.0263905   -2.50459 -0.0144113 0 0 0   -0.011 -0.02329  0.04412 0.0410281 -0.398086  0.031198 -0.00587865  0.00200645 -0.00256925 0.00689435  0.0040951  0.0432349   0.306557 -0.0658904   -9.80399 
             16.6498  0.968017 -0.347431   1.33632  0.0310966   -2.53076 -0.0153756 0 0 0   -0.011 -0.02329  0.04412 0.0485514 -0.422208 0.0121014 -0.00594118  0.00194806 -0.00251359 0.00675348 0.00497787  0.0438733   0.307036 -0.0662078   -9.80397 
             16.6996  0.903071 -0.428052   1.38469  0.0294817   -2.55329 -0.0147297 0 0 0   -0.011 -0.02329  0.04412 0.00545936   -0.45692  0.0504463 -0.00593062  0.00199174 -0.00251448 0.00721067 0.00497048  0.0439921   0.306758 -0.0664184   -9.80398 
             16.7499  0.938373 -0.190783   1.38183  0.0257305   -2.57983 -0.0158159 0 0 0   -0.011 -0.02329  0.04412 -0.0280062  -0.551479 -0.0296723 -0.00601215  0.00191859 -0.00248372 0.00767429 0.00501271  0.0444383   0.306516 -0.0665996   -9.80398 
                16.8  0.70352 -0.43115  1.39375  0.0263509   -2.60478 -0.0219253 0 0 0   -0.011 -0.02329  0.04412 -0.0306756   -0.56894 -0.0354562 -0.00580757  0.00194011 -0.00257451 0.00726102 0.00488673   0.045349  0.306615 -0.066037  -9.80398 
             16.8499 0.960476  -0.2584  1.18224  0.0200013   -2.63993 -0.0214159 0 0 0   -0.011 -0.02329  0.04412 -0.0327082  -0.582573   0.038615 -0.00594254  0.00190817 -0.00248096 0.00822647  0.0053597  0.0453383   0.306476 -0.0669128   -9.80398 
             16.8996 0.881855 -0.38751  1.03699  0.0222516   -2.66818 -0.0234856 0 0 0   -0.011 -0.02329  0.04412 -0.0241843  -0.578713 -0.0441728 -0.00596954  0.00201344 -0.00245216 0.00770245 0.00557432  0.0456917   0.306826 -0.0665487   -9.80397 
             16.9499   1.00954 -0.303888  0.990553  0.0187732   -2.68959 -0.0220071 0 0 0   -0.011 -0.02329  0.04412 -0.0205539   -0.53781 -0.0392864  -0.0060899  0.00191142 -0.00247867 0.00753619 0.00446564  0.0448381   0.306166 -0.0661786     -9.804 
             16.9998  0.883314 -0.330072  0.891333  0.0239265   -2.71591 -0.0225114 0 0 0   -0.011 -0.02329  0.04412 0.0240168 -0.499137 0.0366754 -0.00592961  0.00201111 -0.00249532 0.00686923 0.00497203  0.0452025   0.306769 -0.0658197   -9.80398 
             17.0498  0.828946 -0.308928  0.896819  0.0188562   -2.73618 -0.0205068 0 0 0   -0.011 -0.02329  0.04412 0.00452694  -0.462025 -0.0175044 -0.00596501  0.00196383 -0.00252829 0.00736399 0.00394921  0.0443932   0.305894 -0.0659354   -9.80401 
             17.0985  0.99434 -0.38035  0.82957   0.025246   -2.75615 -0.0225212 0 0 0   -0.011 -0.02329  0.04412   0.0179902   -0.435606 -0.00833258 -0.00607103  0.00202755  -0.0024559 0.00641673 0.00414511  0.0449478   0.306399 -0.0652455     -9.804 
             17.1485  0.877751 -0.257049  0.897261  0.0215978   -2.77761 -0.0213312 0 0 0   -0.011 -0.02329  0.04412 0.00920736   -0.41526 0.00820887 -0.00598709  0.00196761 -0.00251944  0.006988 0.0038222 0.0446963   0.305943 -0.0655436   -9.80401 
             17.1999   0.74764 -0.399471  0.956826  0.0212187   -2.79783 -0.0210727 0 0 0   -0.011 -0.02329  0.04412 8.95823e-06   -0.407738 0.000393118 -0.00590434  0.00192339 -0.00255427 0.00706768 0.00374036  0.0443415   0.305867 -0.0656317   -9.80401 
             17.2494   0.92356 -0.203773  0.913363    0.01668   -2.82176 -0.0206895 0 0 0   -0.011 -0.02329  0.04412 -0.0103651  -0.412173  0.0329322 -0.00600153  0.00188958 -0.00251086 0.00780143 0.00393252   0.044501  0.305636 -0.066154  -9.80401 
             17.2994   1.05978 -0.267687  0.820457  0.0227775    -2.8414 -0.0197138 0 0 0   -0.011 -0.02329  0.04412 0.0134667 -0.402786 0.0108176 -0.00614614  0.00201785 -0.00245796 0.00691281 0.00409511  0.0446855   0.306172 -0.0656537     -9.804 
             17.3498  0.871056 -0.266157  0.928157  0.0215453   -2.85692 -0.0175041 0 0 0   -0.011 -0.02329  0.04412 0.0147247 -0.385692  0.058311  -0.0060148  0.00197946 -0.00253309 0.00698324 0.00350754   0.044271   0.305793 -0.0654811   -9.80401 
             17.3997  0.839583 -0.294925  0.924525 0.0243231  -2.87969 -0.013252 0 0 0   -0.011 -0.02329  0.04412 0.0402604  -0.40134 0.0464065 -0.00597485  0.00200254 -0.00252275 0.00695105 0.00387588  0.0439293   0.306038 -0.0657274     -9.804 
             17.4485  0.826842 -0.317535   1.08468   0.024278   -2.90074 -0.0159061 0 0 0   -0.011 -0.02329  0.04412 0.0289464  -0.40763 0.0358957 -0.00603307  0.00200427 -0.00255879 0.00723135 0.00414053  0.0449425   0.306007 -0.0658143     -9.804 
             17.4999   0.79712 -0.248602   1.15871  0.0274111   -2.92486 -0.0123707 0 0 0   -0.011 -0.02329  0.04412 0.0294237  -0.41948 0.0392632 -0.00599365  0.00197128   -0.002573 0.00715936 0.00448618  0.0445649   0.306255 -0.0660382     -9.804 
             17.5499  0.808107 -0.273726   1.21036   0.020208   -2.94273 -0.0167499 0 0 0   -0.011 -0.02329  0.04412 0.00412591  -0.410162 0.00333612 -0.00601345  0.00195976 -0.00253479 0.00810962 0.00390107  0.0459284   0.305366 -0.0659851   -9.80402 
             17.5988  0.604121 -0.124963   1.32565  0.0174316   -2.96445 -0.0163463 0 0 0   -0.011 -0.02329  0.04412 -0.0072301  -0.411069  0.0274147 -0.00587803  0.00191188 -0.00257934 0.00853257 0.00392161  0.0459519   0.305156 -0.0662372   -9.80403 
             17.6486  0.759124 -0.280617   1.30068  0.0231563   -2.98869 -0.0196089 0 0 0   -0.011 -0.02329  0.04412  0.00996565   -0.422422 -0.00407608 -0.00603158  0.00201638 -0.00250142 0.00795754 0.00480681  0.0469724   0.305932 -0.0661475     -9.804 
             17.6989  0.704375 -0.253807   1.30645  0.0238859   -3.01593 -0.0175903 0 0 0   -0.011 -0.02329  0.04412 0.00890763  -0.437064 -0.0213294 -0.00601067  0.00197973 -0.00246901 0.00819368 0.00547738  0.0463372  0.306258 -0.066727  -9.80399 
             17.7485  0.722659 -0.071779    1.4084  0.0274013   -3.03402 -0.0211172 0 0 0   -0.011 -0.02329  0.04412  0.0210992  -0.397141 -0.0255606 -0.00599737   0.0019645 -0.00253996 0.00768232 0.00529418  0.0468859   0.306354 -0.0662252   -9.80399 
             17.7995 0.711995 -0.13697  1.43208  0.0261361   -3.04988 -0.0214449 0 0 0   -0.011 -0.02329  0.04412  0.0233234  -0.290252 -0.0264623 -0.00595883  0.00202401 -0.00252003  0.0079403 0.00487994  0.0464634   0.305993 -0.0662787     -9.804 
             17.8499  0.737596 -0.192032   1.50101  0.0263793   -3.05827 -0.0227599 0 0 0   -0.011 -0.02329  0.04412   0.0173586   -0.193887 -0.00879726 -0.00596893  0.00207781 -0.00252721  0.0078277 0.00435658  0.0466038   0.305681 -0.0659671   -9.80401 
             17.8998  0.808375 -0.189433   1.51099  0.0239783   -3.06714 -0.0237082 0 0 0   -0.011 -0.02329  0.04412 0.00203826  -0.127738 -0.0257601 -0.00605264   0.0020628 -0.00249291 0.00826739 0.00424123  0.0466339   0.305431 -0.0662309   -9.80402 
             17.9498  0.756287 -0.270033   1.59643  0.0271071   -3.07291 -0.0255034 0 0 0   -0.011 -0.02329  0.04412 -0.00215931  -0.0767003  -0.0227088 -0.00601557  0.00210806  -0.0025142 0.00788928 0.00455983  0.0468767   0.305773 -0.0660412   -9.80401 
             17.9999  0.789467 -0.224508   1.58891  0.0265107   -3.07881 -0.0221944 0 0 0   -0.011 -0.02329  0.04412  -0.0137508  -0.0416986 -0.00107962 -0.00606358  0.00207291 -0.00249822 0.00814606 0.00479133  0.0458788   0.305933 -0.0664191     -9.804 
             18.0499  0.748094 -0.194738   1.55692 0.0245532  -3.07368 -0.018276 0 0 0   -0.011 -0.02329  0.04412 -0.0227643 0.00585728  0.0093047  -0.0060346  0.00205354 -0.00248334 0.00787798 0.00387616  0.0449409   0.305407 -0.0660456   -9.80402 
             18.0999  0.718837 -0.174686   1.54113  0.0231986   -3.07558 -0.0181015 0 0 0   -0.011 -0.02329  0.04412 -0.0118903  0.0113408 0.00600521 -0.00601726  0.00204828 -0.00251123 0.00809902 0.00413783  0.0449906    0.30554 -0.0662825   -9.80402 
             18.1499   0.68433 -0.214694   1.49842  0.0189047   -3.06574 -0.0197273 0 0 0   -0.011 -0.02329  0.04412 -0.0135886  0.0417002 0.00249096 -0.00599205  0.00208249 -0.00250524  0.0079452 0.00282084  0.0453866   0.304543 -0.0657832   -9.80405 
             18.1988 0.734529 -0.19993  1.53908  0.0171975   -3.06798 -0.0184147 0 0 0   -0.011 -0.02329  0.04412 -0.0243347  0.0158045 0.00224631 -0.00604318  0.00205343 -0.00252823 0.00833428 0.00318088  0.0451037  0.304746 -0.066206  -9.80404 
             18.2498  0.735202 -0.254644   1.54916  0.0235541   -3.06769 -0.0160295 0 0 0   -0.011 -0.02329  0.04412 -0.00531079   0.0126031  0.00949808  -0.0060461  0.00209726 -0.00252281 0.0074618  0.003799 0.0446593   0.305466 -0.0657109   -9.80402 
             18.2985  0.721339 -0.202617    1.5252  0.0255979   -3.07124 -0.0116139 0 0 0   -0.011 -0.02329  0.04412 0.00813769 0.00550759  0.0297036 -0.00603106  0.00205522  -0.0025112 0.00752953 0.00438537  0.0438373   0.305965 -0.0659834     -9.804 
              18.349  0.706937 -0.224401   1.50591  0.0301756   -3.06743 -0.0173016 0 0 0   -0.011 -0.02329  0.04412     0.02636   0.0113122 -0.00143828 -0.00602179  0.00207242 -0.00250395 0.00676917 0.00446477  0.0454044   0.306092 -0.0652397   -9.80401 
             18.3996  0.721215 -0.210489   1.53825    0.03059   -3.07049 -0.0135808 0 0 0   -0.011 -0.02329  0.04412 0.000621038  -0.0301276   0.0175641 -0.00603865  0.00204965 -0.00252462 0.00705482 0.00467401  0.0446013  0.306245 -0.065594    -9.804 
             18.4499  0.722635 -0.211221   1.51314  0.0296318   -3.07459 -0.0156029 0 0 0   -0.011 -0.02329  0.04412 -0.00993813  -0.0646461 -0.00386282 -0.00604471  0.00205718 -0.00251145 0.00727549 0.00490984   0.045219    0.30634 -0.0657569   -9.80399 
             18.4998  0.716223 -0.170944   1.41785  0.0301998   -3.08213 -0.0133023 0 0 0   -0.011 -0.02329  0.04412  0.0142711 -0.0850563  0.0110259 -0.00605898  0.00202547 -0.00249581 0.00749021 0.00531228  0.0446224   0.306643 -0.0660765   -9.80398 
             18.5488  0.616994 -0.226826    1.3621  0.0301578   -3.08952 -0.0168042 0 0 0   -0.011 -0.02329  0.04412   0.0236165  -0.0965304 0.000630229 -0.00595224  0.00208364  -0.0024933 0.00783028 0.00571766  0.0455689   0.306822 -0.0663399   -9.80398 
             18.5999  0.700572 -0.205679    1.4062  0.0258176   -3.09088 -0.0156119 0 0 0   -0.011 -0.02329  0.04412 -0.00399056  -0.0796671 -0.00156727 -0.00604745  0.00205583 -0.00252972 0.00822188 0.00484125  0.0452038   0.306073 -0.0664674     -9.804 
             18.6485  0.712075 -0.252456   1.42075  0.0252535   -3.08688 -0.0192493 0 0 0   -0.011 -0.02329  0.04412  -0.0198996  -0.0391577 -0.00882286  -0.0060551  0.00210178 -0.00252308 0.00768164 0.00406691  0.0460092   0.305565 -0.0657804   -9.80402 
             18.6999  0.727643 -0.165927   1.41873  0.0222825   -3.08772 -0.0192281 0 0 0   -0.011 -0.02329  0.04412   -0.022393   -0.029219 -0.00987695 -0.00607535  0.00204045 -0.00254422 0.00786305 0.00380809  0.0458956   0.305327 -0.0658607   -9.80403 
             18.7498  0.664105 -0.215631    1.2991  0.0274197   -3.09098 -0.0209223 0 0 0   -0.011 -0.02329  0.04412  0.0103939 -0.0595175 -0.0070471 -0.00603754  0.00207694 -0.00248843 0.00726272 0.00443833  0.0462353   0.305947 -0.0655486   -9.80401 
             18.7998  0.598772 -0.235124   1.32375  0.0286173   -3.09941 -0.0186309 0 0 0   -0.011 -0.02329  0.04412 -0.0205324   -0.15454  0.0178809 -0.00600138  0.00207892 -0.00252481  0.0073392 0.00494575  0.0456937   0.306335 -0.0658015   -9.80399 
             18.8486  0.572505 -0.279755   1.23414  0.0251238   -3.10916 -0.0206611 0 0 0   -0.011 -0.02329  0.04412 -0.0517517  -0.234497 -0.0535998 -0.00601439   0.0020975 -0.00249043 0.00754577  0.0048381  0.0460829   0.306174 -0.0658858     -9.804 
             18.8999  0.595494 -0.146264   1.04108  0.0180397   -3.12426 -0.0166436 0 0 0   -0.011 -0.02329  0.04412 -0.0586404  -0.294398  0.0481825 -0.00607529  0.00201383 -0.00247023 0.00824032 0.00465521  0.0449004   0.305882 -0.0664403     -9.804 
             18.9499   0.53629 -0.258438  0.916641  0.0176039   -3.13773 -0.0175723 0 0 0   -0.011 -0.02329  0.04412 -0.039816 -0.337185  -0.01365 -0.00599369  0.00208237 -0.00249744 0.00782936 0.00458345  0.0453529   0.305948 -0.0660852     -9.804 
             18.9999  0.620058 -0.285989  0.794297  0.0170357   -3.15693 -0.0155071 0 0 0   -0.011 -0.02329  0.04412 -0.0305529  -0.384337 -0.0149823 -0.00607341  0.00207741 -0.00251101 0.00774944 0.00478028  0.0448325  0.306131 -0.066143    -9.804 
             19.0498  0.583855 -0.305259  0.681222  0.0163418   -3.17236 -0.0187059 0 0 0   -0.011 -0.02329  0.04412 -0.0194943  -0.393928   0.026925 -0.00605185  0.00208088 -0.00249125 0.00747385 0.00441766   0.045607   0.305976 -0.0657574   -9.80401 
             19.0988 0.639615 -0.35008 0.648751  0.0181997   -3.19568 -0.0167987 0 0 0   -0.011 -0.02329  0.04412 -0.000245645    -0.423653   -0.0126279  -0.0060818  0.00203609 -0.00251679 0.00727366 0.00477776  0.0452265 0.306298 -0.06582   -9.804 
             19.1499  0.755938 -0.534024  0.587784  0.0162304   -3.21162 -0.0162051 0 0 0   -0.011 -0.02329  0.04412 -0.000653003    -0.423672    0.0736832  -0.0061548  0.00212409 -0.00249781 0.00731623 0.00414984  0.0455122  0.305902 -0.065516  -9.80401 
             19.1999   0.61717 -0.411721    0.6139   0.0169306    -3.23582 -0.00992403 0 0 0   -0.011 -0.02329  0.04412 0.00623204   -0.43805  0.0818855  -0.0060996  0.00201531 -0.00251069 0.00733304 0.00442477  0.0450488   0.306042 -0.0657061     -9.804 
               19.25  0.646546 -0.462912  0.571056   0.0149094    -3.25605 -0.00664125 0 0 0   -0.011 -0.02329  0.04412 -0.00264522   -0.438985   0.0597779 -0.00612551  0.00205317 -0.00246701 0.00757499 0.00419678  0.0449678 0.305791  -0.0657 -9.80401 
             19.2999  0.759683 -0.439282  0.647908  0.00991499    -3.28193 -0.00772605 0 0 0   -0.011 -0.02329  0.04412 -0.0153352    -0.4423  0.0696057 -0.00616372  0.00204584 -0.00251488  0.0082726 0.00439338  0.0460452   0.305522 -0.0660172   -9.80402 
               19.35  0.685598 -0.422055  0.702706   0.0116236    -3.29795 -0.00490324 0 0 0   -0.011 -0.02329  0.04412 -0.0139311  -0.422478   0.039847 -0.00611101  0.00203856 -0.00251329 0.00785132 0.00401246  0.0460853   0.305624 -0.0656135   -9.80402 
             19.3988  0.721789 -0.351447  0.690216   0.0127267    -3.32527 -0.00908088 0 0 0   -0.011 -0.02329  0.04412 0.00446308  -0.449355  0.0103382 -0.00612355  0.00197432 -0.00250374 0.00788025   0.004687  0.0475181   0.305962 -0.0658854   -9.80401 
             19.4486  0.548394 -0.404638  0.766257   0.0177116    -3.34639 -0.00760365 0 0 0   -0.011 -0.02329  0.04412 0.0268174 -0.436914 0.0564796  -0.0060565  0.00206461 -0.00252366 0.00729636 0.00467127  0.0473661   0.306315 -0.0656961     -9.804 
             19.4988  0.762317 -0.374022  0.771875 0.00902465   -3.37823 -0.0118705 0 0 0   -0.011 -0.02329  0.04412 -0.00508746   -0.472902  -0.0359096 -0.00616008  0.00199377 -0.00249133 0.00866758 0.00555785   0.048628   0.305836 -0.0665547   -9.80401 
             19.5486  0.585918 -0.335075   0.85178  0.0121968   -3.39913 -0.0114345 0 0 0   -0.011 -0.02329  0.04412 0.00297973   -0.46927 0.00719641 -0.00606637  0.00200685 -0.00250947 0.00821806  0.0053169  0.0484096   0.306027 -0.0662814     -9.804 
             19.5998  0.712965 -0.517704  0.984939  0.0132255    -3.4189 -0.0141331 0 0 0   -0.011 -0.02329  0.04412 0.00982041  -0.460199 -0.0183019 -0.0061643  0.0020365 -0.0025461 0.00809574 0.00496246  0.0487982   0.306016 -0.0659642     -9.804 
             19.6498   0.69989 -0.670056   1.08041  0.0167128   -3.44318 -0.0173295 0 0 0   -0.011 -0.02329  0.04412   0.017233  -0.469278 -0.0519708 -0.00607379  0.00206769 -0.00253628 0.00784572 0.00522493  0.0493308   0.306306 -0.0659687   -9.80399 
             19.6998 0.801905 -0.84246   1.1776   0.017792   -3.46345 -0.0182772 0 0 0   -0.011 -0.02329  0.04412  0.0155915  -0.456531 -0.0215524  -0.0061303  0.00200089 -0.00252279 0.00778193 0.00485455  0.0490785   0.306186 -0.0657529     -9.804 
             19.7499  0.732836 -0.965824   1.34797  0.0152916   -3.48571 -0.0173039 0 0 0   -0.011 -0.02329  0.04412 -0.00276912   -0.459691  -0.0494519 -0.00600965   0.0019813 -0.00255989 0.00809645 0.00464753  0.0486422   0.305868 -0.0658325   -9.80401 
             19.7988  0.965746 -0.554436   1.31945  0.0153529   -3.50315 -0.0251433 0 0 0   -0.011 -0.02329  0.04412 -0.0281166  -0.450817  -0.118106  -0.0061602  0.00195416 -0.00253602 0.00786441 0.00406308  0.0488809   0.305768 -0.0653544   -9.80402 
             19.8485  1.34811 0.235297  1.23787  0.0150744   -3.52425 -0.0267603 0 0 0   -0.011 -0.02329  0.04412 -0.0133782  -0.426404  0.0582738 -0.00616335  0.00196758 -0.00254866 0.00767668 0.00405511  0.0492158   0.305911 -0.0651867   -9.80401 
             19.8999   1.27042 -0.127564   1.34502  0.0180286   -3.54078 -0.0257591 0 0 0   -0.011 -0.02329  0.04412 -0.0169374  -0.396766 -0.0722717 -0.00616126  0.00207768 -0.00255822 0.00709807 0.00374143   0.049188   0.306037 -0.0647127   -9.80401 
             19.9498     1.0749 -0.0345621    1.33521  0.0199813   -3.56109 -0.0289522 0 0 0   -0.011 -0.02329  0.04412  0.0158957   -0.39338 -0.0202243 -0.00610759  0.00204628 -0.00250649 0.00686248 0.00393938  0.0489864 0.306251 -0.06471   -9.804 
             19.9988   1.24165 0.0727106   1.47611  0.0203525   -3.57916 -0.0294474 0 0 0   -0.011 -0.02329  0.04412 0.00685751  -0.388052 0.00474177 -0.00610636  0.00198328 -0.00255654 0.00685528 0.00377715  0.0491347   0.306159 -0.0645989   -9.80401 
             20.0485   1.03139 0.0601774   1.51452  0.0232126   -3.59847 -0.0312794 0 0 0   -0.011 -0.02329  0.04412  0.0170291  -0.384972 -0.0425952 -0.00601462   0.0020224 -0.00254195 0.00659761 0.00396521  0.0492387   0.306374 -0.0644768     -9.804 
                20.1   1.06277 0.0344249   1.54353  0.0222167    -3.6245 -0.0279846 0 0 0   -0.011 -0.02329  0.04412 -0.0138577  -0.412513 -0.0194694 -0.00608056  0.00199828 -0.00252997 0.00700296 0.00430038  0.0479444   0.306561 -0.0652052   -9.80399 
             20.1485  1.07851 0.100621  1.71942  0.0235714   -3.64325 -0.0304269 0 0 0   -0.011 -0.02329  0.04412 -0.00902403   -0.392498  0.00505763 -0.00600983  0.00194806 -0.00263195 0.00666233  0.0043573  0.0484935   0.306633 -0.0648508   -9.80399 
             20.1999  1.12228 0.418507   1.5336  0.0196216   -3.66646 -0.0235985 0 0 0   -0.011 -0.02329  0.04412 -0.0311206  -0.406291 0.00246389 -0.00613759  0.00188206  -0.0025104 0.00723803 0.00423259  0.0471902     0.3066 -0.0655303   -9.80399 
             20.2499  1.05236 0.445311  1.45308 0.0241363  -3.68755 -0.022318 0 0 0   -0.011 -0.02329  0.04412  -0.0164305   -0.409086 -0.00308117 -0.00618951  0.00201008  -0.0024915 0.00665886 0.00483473  0.0473436   0.307148 -0.0652342   -9.80397 
             20.2999     0.7683 -0.0882415    1.58478  0.0228953   -3.70199 -0.0185393 0 0 0   -0.011 -0.02329  0.04412 -0.0214199    -0.4032 -0.0389185  -0.0061032  0.00207413 -0.00255968 0.00647216 0.00394205  0.0463626    0.30679 -0.0650521   -9.80399 
             20.3498    0.8264 -0.053515   1.49095  0.0267717   -3.72365 -0.0198756 0 0 0   -0.011 -0.02329  0.04412 0.00304549  -0.414102  0.0216266 -0.00612084  0.00202401 -0.00253055 0.00598807 0.00441744  0.0465953   0.307187 -0.0647636   -9.80397 
                20.4   0.861337 -0.0576892    1.50987 0.0297315  -3.73966 -0.018317 0 0 0   -0.011 -0.02329  0.04412 0.0146403 -0.407388 0.0062693 -0.00615095   0.0020095 -0.00255523 0.00541374 0.00407077  0.0464081  0.307104 -0.064279  -9.80398 
               20.45    0.76241 -0.0277198    1.49483  0.0335552   -3.76319 -0.0181951 0 0 0   -0.011 -0.02329  0.04412   0.0210779   -0.419392 -0.00287314 -0.00609208   0.0019885 -0.00256142 0.00528695 0.00462585  0.0463899   0.307549 -0.0643063   -9.80397 
             20.4999  0.819118 -0.043561    1.4349  0.0278915   -3.78587 -0.0184914 0 0 0   -0.011 -0.02329  0.04412 0.000629408   -0.424941   0.0207864 -0.00614024  0.00201667 -0.00252592 0.00614064 0.00429988  0.0464479   0.307111 -0.0648737   -9.80398 
             20.5497   0.767027 -0.0698824    1.51294  0.0248755   -3.80955 -0.0182709 0 0 0   -0.011 -0.02329  0.04412 -0.0012467  -0.434906 -0.0165872 -0.00609331  0.00198885  -0.0025848 0.00667026  0.0043616  0.0465029   0.307033 -0.0652799   -9.80398 
             20.5999    0.77343 -0.0987727    1.43143  0.0274715   -3.83417 -0.0178077 0 0 0   -0.011 -0.02329  0.04412  0.00222306   -0.444462 -0.00732025 -0.00613113   0.0020108 -0.00252945 0.00656506 0.00484387  0.0463675   0.307444 -0.0653192   -9.80396 
             20.6488   0.764962 -0.0408269    1.46191  0.0249054   -3.85942 -0.0177779 0 0 0   -0.011 -0.02329  0.04412  -0.0059571   -0.450693 0.000407108  -0.0060984  0.00197167 -0.00253717 0.00704322 0.00494876  0.0463481    0.30742 -0.0657009   -9.80396 
             20.6998   0.79273 -0.209622   1.44907 0.0261709  -3.87172 -0.021164 0 0 0   -0.011 -0.02329  0.04412 0.000377711    -0.41955    -0.02086   -0.006141  0.00206021 -0.00253284 0.00620091 0.00409766    0.04702   0.306866 -0.0648264   -9.80398 
             20.7485  0.797835 -0.126617   1.44256  0.0195641   -3.89455 -0.0202144 0 0 0   -0.011 -0.02329  0.04412 -0.0259416  -0.428098 -0.0228902 -0.00616469   0.0019807 -0.00251985 0.00707087 0.00371104  0.0463732   0.306469 -0.0654277   -9.80399 
             20.7999  0.888241 -0.434148   1.48892  0.0216123   -3.91703 -0.0205151 0 0 0   -0.011 -0.02329  0.04412 -0.0142673  -0.442161 -0.0103069 -0.00617432  0.00208152 -0.00253191 0.00692337 0.00424904  0.0463544   0.306905 -0.0654508   -9.80398 
             20.8441     0.834 -0.139601   1.44573  0.0230597   -3.94451 -0.0194191 0 0 0   -0.011 -0.02329  0.04412 0.00656776  -0.445846  0.0196116 -0.00611966  0.00197541 -0.00251871 0.00692548 0.00465639  0.0461166  0.307231 -0.065574  -9.80397 
             20.8998 0.854349 -0.16018  1.44296 0.0243225  -3.96912 -0.020662 0 0 0   -0.011 -0.02329  0.04412  0.0193168   -0.45835 0.00851665 -0.00613482  0.00203947 -0.00254128 0.00701138 0.00501458   0.046363   0.307446 -0.0657025   -9.80396 
             20.9498   0.876457 -0.0797263    1.51813  0.0254545   -3.99142 -0.0160654 0 0 0   -0.011 -0.02329  0.04412 0.0268242 -0.455631 0.0172993 -0.00613788  0.00198321 -0.00256202 0.00697684 0.00484681   0.045507   0.307414 -0.0657274   -9.80396 
             20.9988   0.903171 -0.0875172    1.46343  0.0287336   -4.01642 -0.0139412 0 0 0   -0.011 -0.02329  0.04412 0.0325643 -0.465319 0.0105499 -0.00618914   0.0020105 -0.00249063 0.00687618 0.00519564   0.045284   0.307713 -0.0657703   -9.80395 
             21.0494    0.82355 -0.0505043     1.5801  0.0301185   -4.03623 -0.0124463 0 0 0   -0.011 -0.02329  0.04412 0.0318619 -0.449141 0.0329196 -0.00613456  0.00200044 -0.00255796 0.00673152 0.00479929  0.0451421   0.307479 -0.0655796   -9.80396 
             21.0997   0.809826 -0.0504024     1.6012  0.0286229   -4.05246 -0.0190314 0 0 0   -0.011 -0.02329  0.04412  0.0346868  -0.425816 -0.0236613  -0.0061234  0.00202516 -0.00253046 0.00672416 0.00416065  0.0466172   0.30687 -0.065231  -9.80398 
             21.1496     0.8084 -0.0334398    1.69269  0.0308764   -4.08193 -0.0177438 0 0 0   -0.011 -0.02329  0.04412  0.0363677  -0.405083 -0.0228222 -0.00608988  0.00199392 -0.00253883 0.00718783  0.0050271  0.0461439   0.307432 -0.0658428   -9.80396 
             21.1999     1.02661 -0.00180276     1.78201 0.0316698  -4.08366 -0.020135 0 0 0   -0.011 -0.02329  0.04412   0.0338675   -0.248657 -0.00784274 -0.00626047    0.002002 -0.00254532 0.00629448 0.00333767   0.046447   0.306386 -0.0647462     -9.804 
             21.2498  0.925133 0.0182737    1.8746  0.0340891   -4.09632 -0.0206473 0 0 0   -0.011 -0.02329  0.04412   0.0312213   -0.164119 -0.00674827 -0.00616187   0.0019965 -0.00255015 0.00631625 0.00363847   0.046567   0.306585 -0.0648163   -9.80399 
             21.2988   0.801901 -0.0424015    1.93784  0.0393365   -4.09826 -0.0220714 0 0 0   -0.011 -0.02329  0.04412  0.0329834 -0.0890675 -0.0312423 -0.00609603  0.00203306  -0.0025463 0.00558298  0.0034437   0.046622  0.306581 -0.064219    -9.804 
             21.3485    0.963393 -0.00868453     2.00472  0.0405907   -4.10645 -0.0214431 0 0 0   -0.011 -0.02329  0.04412   0.0248711  -0.0526164 -0.00296557 -0.00620614  0.00200044 -0.00254736 0.00594716 0.00388796  0.0463333   0.306894 -0.0646055   -9.80399 
             21.3999   0.849142 -0.0361957    2.02728   0.041433   -4.10595 -0.0239224 0 0 0   -0.011 -0.02329  0.04412  0.00855695 -0.00675054  -0.0209577 -0.00613468  0.00202531 -0.00253789 0.00577352 0.00373021  0.0467114   0.306739 -0.0644098   -9.80399 
             21.4498    0.8055 0.0580152   2.07323  0.0376751   -4.11057 -0.0206243 0 0 0   -0.011 -0.02329  0.04412 -0.00831963  0.00589265 -0.00503437 -0.00610338  0.00194855 -0.00257679 0.00659531 0.00378194  0.0457887   0.306838 -0.0651536   -9.80398 
             21.4986    0.861559 -0.00493987     1.96228  0.0367069   -4.10836 -0.0203058 0 0 0   -0.011 -0.02329  0.04412  0.00206226    0.025207 -0.00183189 -0.00614133  0.00200104 -0.00252386 0.00656618 0.00354194  0.0457291   0.306663 -0.0651173   -9.80399 
             21.5498   0.875304 -0.0133886    1.95391  0.0385666   -4.10838 -0.0199905 0 0 0   -0.011 -0.02329  0.04412  0.0116558   0.017283 0.00397921 -0.00617213  0.00200205 -0.00253386 0.00651922 0.00380282  0.0456356   0.306886 -0.0650992   -9.80398 
             21.5985   0.914641 -0.0177798    1.96679  0.0358015   -4.10354 -0.0192372 0 0 0   -0.011 -0.02329  0.04412 -0.00883216   0.0186019  0.00117807 -0.00620363  0.00200421 -0.00252602  0.0065161 0.00305002  0.0454722   0.306316 -0.0650875     -9.804 
             21.6498  0.908635 0.0339386   1.99959  0.0344809   -4.10494 -0.0190296 0 0 0   -0.011 -0.02329  0.04412  -0.0101846   0.0171163 -0.00139731 -0.00620291  0.00195766 -0.00255102 0.00681456 0.00320908  0.0454062    0.30645 -0.0653369   -9.80399 
             21.6999   0.908038 0.00685114    1.94963  0.0369651   -4.10334 -0.0218201 0 0 0   -0.011 -0.02329  0.04412 0.00401454  0.0240032  -0.003912 -0.00619823  0.00198774  -0.0025192 0.00639753 0.00349901  0.0460297   0.306578 -0.0649571   -9.80399 
              21.746  0.837638 0.0541854    1.9914  0.0364904   -4.10866 -0.0197456 0 0 0   -0.011 -0.02329  0.04412  0.00113878 -0.00205026 -0.00325018 -0.00615584  0.00195094 -0.00254556 0.00705743  0.0040217  0.0455279   0.307089 -0.0655236   -9.80397 
             21.7999   0.970207 -0.0216739     1.9054  0.0360113    -4.1124 -0.0235513 0 0 0   -0.011 -0.02329  0.04412 -0.00302133  -0.0149269  -0.0137811 -0.00627182  0.00201046 -0.00247105  0.0073431 0.00444506  0.0462613   0.307308 -0.0657065   -9.80396 
             21.8498  0.915832 0.0371423   1.97987  0.0339037   -4.11785 -0.0228147 0 0 0   -0.011 -0.02329  0.04412 -0.00688146   -0.033107 -0.00450046 -0.00622594  0.00196637  -0.0025366 0.00799245 0.00471242   0.045985   0.307582 -0.0662481   -9.80395 
             21.8998   0.885798 -0.0508867    1.93437  0.0336852   -4.11597 -0.0221173 0 0 0   -0.011 -0.02329  0.04412 -0.0176104 -0.0655761  0.0041989 -0.00620632  0.00203504 -0.00250162 0.00759762 0.00427716  0.0458181   0.307254 -0.0659427   -9.80396 
             21.9485  0.895491 0.0207642   1.97033  0.0316756   -4.12526 -0.0196823 0 0 0   -0.011 -0.02329  0.04412  -0.0349868   -0.159522 -0.00116269 -0.00622124  0.00197504  -0.0025382 0.00807531 0.00455327  0.0453571   0.307563 -0.0663572   -9.80395 
             21.9998   0.856727 -0.0289271    1.84582  0.0320121   -4.13066 -0.0185094 0 0 0   -0.011 -0.02329  0.04412  -0.0388828   -0.222687 0.000598406 -0.00620261  0.00200516 -0.00248257 0.00752105 0.00431923   0.045078   0.307418 -0.0659288   -9.80396 
             22.0498  0.959834 0.0253437   1.77971  0.0326677   -4.14363 -0.0144764 0 0 0   -0.011 -0.02329  0.04412  -0.03783 -0.297741 0.0127029 -0.00627408  0.00199265 -0.00251448 0.00727289   0.004452  0.0443512    0.30765 -0.0657782   -9.80395 
             22.0998   0.94118 0.0750302   1.63131  0.0322694   -4.15137 -0.0175401 0 0 0   -0.011 -0.02329  0.04412 -0.0170248  -0.330193  0.0048292 -0.00623798  0.00199894 -0.00250843 0.00646017  0.0038198  0.0451123   0.307016 -0.0650643   -9.80398 
             22.1498 0.951507 0.133741  1.49787  0.0268995   -4.16677 -0.0191431 0 0 0   -0.011 -0.02329  0.04412  -0.023092  -0.362928 0.00866547 -0.00622961  0.00195368 -0.00251652 0.00673376 0.00322379  0.0455332   0.306461 -0.0652333   -9.80399 
             22.1995  0.914633 0.0605856   1.40506    0.02899   -4.18211 -0.0214785 0 0 0   -0.011 -0.02329  0.04412 -0.0152478  -0.385071 -0.0344304 -0.00620911  0.00200053 -0.00253073  0.0061273 0.00326243  0.0459896   0.306438 -0.0647217     -9.804 
             22.2485  0.843107 0.0744514   1.32185  0.0282209   -4.21069 -0.0189075 0 0 0   -0.011 -0.02329  0.04412 -0.00162689   -0.432623   0.0350103 -0.00615606  0.00195077 -0.00253232 0.0068117 0.0039978 0.0454616  0.307056 -0.065364  -9.80397 
             22.2995   0.727293 -0.0591482    1.31207  0.0303455   -4.22854 -0.0165259 0 0 0   -0.011 -0.02329  0.04412 -0.0147155  -0.459501 -0.0493805 -0.00618119  0.00203793 -0.00254563 0.00629323 0.00365466  0.0452568   0.306892 -0.0649415   -9.80398 
             22.3498   0.37401 0.0729036   1.29102  0.0269331   -4.25331 -0.0177751 0 0 0   -0.011 -0.02329  0.04412 0.0239998 -0.454171 0.0664506 -0.00620225  0.00199019 -0.00254163 0.00666305 0.00359839  0.0450979   0.306821 -0.0652192   -9.80398 
             22.3998   0.538553 -0.0130964    1.11698  0.0310308   -4.27319 -0.0179176 0 0 0   -0.011 -0.02329  0.04412 0.0166167 -0.434237 0.0363288 -0.00626697  0.00203583 -0.00254005 0.00613443 0.00377749  0.0458586   0.306927 -0.0648274   -9.80398 
               22.45 0.221305 0.122497  1.11832  0.0248311   -4.29841 -0.0149674 0 0 0   -0.011 -0.02329  0.04412 0.00882773  -0.438506 0.00937465 -0.00618422  0.00193719 -0.00252526  0.0072377 0.00346241  0.0448499  0.306596 -0.065558  -9.80399 
             22.4999  0.489526 0.0520344   1.15966  0.0239704   -4.31809 -0.0125961 0 0 0   -0.011 -0.02329  0.04412  0.0220773  -0.431767 0.00930239 -0.00626394   0.0019945 -0.00250487 0.00731546 0.00321134  0.0446346   0.306433 -0.0655368   -9.80399 
             22.5485   0.47106 0.0298363   1.23714  0.0185724   -4.34744 -0.0126189 0 0 0   -0.011 -0.02329  0.04412 -0.00584979   -0.447891  -0.0155379 -0.00626737  0.00197032 -0.00253125 0.00830992 0.00365939  0.0448734   0.306372 -0.0663136   -9.80399 
             22.5998  0.455045 -0.155181   1.28993  0.0252038   -4.37139 -0.0140822 0 0 0   -0.011 -0.02329  0.04412 0.0178087 -0.443992 0.0257188 -0.00627493   0.0020644 -0.00250994 0.00765266 0.00415502  0.0449301   0.30691 -0.066105  -9.80397 
             22.6498  0.636055 0.0324602   1.45565  0.0284649   -4.38605 -0.0131639 0 0 0   -0.011 -0.02329  0.04412 0.0400048 -0.414896 0.0394275 -0.00629736  0.00197363 -0.00256209 0.00707618 0.00353792  0.0451987   0.306724 -0.0655378   -9.80398 
             22.6999  0.518169 -0.233545   1.53651  0.0273329    -4.4062 -0.0154452 0 0 0   -0.011 -0.02329  0.04412 -0.00112508   -0.391806  -0.0217325 -0.00628904  0.00207921 -0.00254426  0.0072706 0.00338849  0.0455402  0.306529 -0.065606  -9.80399 
             22.7488  0.706879 -0.151186    1.5725  0.0282759   -4.42386 -0.0194642 0 0 0   -0.011 -0.02329  0.04412  0.0176391  -0.384842 0.00667949 -0.00630453  0.00201415 -0.00253921 0.00712358 0.00321143  0.0462935   0.306418 -0.0654849   -9.80399 
             22.7999 0.867073 -0.27291  1.74133  0.0265313   -4.44117 -0.0232741 0 0 0   -0.011 -0.02329  0.04412 0.00848014   -0.40307 -0.0838782 -0.00630219   0.0020498 -0.00256637 0.00724743 0.00287161  0.0469088  0.306123 -0.065453    -9.804 
             22.8485   0.88459 -0.180743   1.79727  0.0285703   -4.46122 -0.0203195 0 0 0   -0.011 -0.02329  0.04412 0.0015658 -0.407821 0.0199437 -0.00631202   0.0019603 -0.00255422 0.00707834 0.00291243  0.0459536   0.306269 -0.0653473     -9.804 
             22.8996 0.936886 -0.21058   1.7931  0.0305398   -4.48227 -0.0214463 0 0 0   -0.011 -0.02329  0.04412 0.00761018  -0.415842  -0.016103 -0.00632389  0.00201351 -0.00251012 0.00686481 0.00303939  0.0462218   0.306403 -0.0652419     -9.804 
             22.9499  0.914368 -0.192138   1.82732  0.0305396   -4.51361 -0.0217704 0 0 0   -0.011 -0.02329  0.04412 0.00613405  -0.464005 -0.0287578  -0.0062816  0.00196442 -0.00250912 0.00742905 0.00405921  0.0460389   0.306923 -0.0659219   -9.80398 
             22.9988  0.822948 -0.158372   1.91635  0.032802  -4.53646 -0.023112 0 0 0   -0.011 -0.02329  0.04412 0.0161461 -0.463259 0.0027706 -0.00620114  0.00196943 -0.00257047 0.00720831 0.00418086  0.0462268  0.307049 -0.065779  -9.80397 
             23.0485    0.9906 -0.297237   1.91431   0.035333   -4.55328 -0.0191368 0 0 0   -0.011 -0.02329  0.04412  0.0276245  -0.448602 -0.0304132 -0.00633229   0.0020023 -0.00253903 0.00670085 0.00358538  0.0453291   0.306806 -0.0653694   -9.80398 
             23.0985  0.878823 -0.355319   1.92176  0.0426178   -4.57897 -0.0232491 0 0 0   -0.011 -0.02329  0.04412  0.0423322  -0.460339 -0.0168515  -0.0062174  0.00204108 -0.00252553 0.00627281 0.00445937  0.0460247   0.307456 -0.0651075   -9.80396 
             23.1499 0.982052 -0.28111  1.98757  0.0422275   -4.60297 -0.0245509 0 0 0   -0.011 -0.02329  0.04412  0.0389877  -0.462762 -0.0229375 -0.00629155  0.00198811 -0.00254383 0.00656842 0.00430333  0.0459989   0.307301 -0.0653172   -9.80397 
             23.1999   1.02393 -0.169778   2.04863  0.0416261   -4.62694 -0.0238923 0 0 0   -0.011 -0.02329  0.04412  0.0344131   -0.46271 -0.0138573 -0.00626908  0.00196821  -0.0025684 0.00690368 0.00415425  0.0456921   0.307178 -0.0656081   -9.80397 
             23.2499   1.05534 -0.189184    2.1131 0.0432438  -4.64187 -0.021641 0 0 0   -0.011 -0.02329  0.04412  0.0454881  -0.433611 0.00142245 -0.00628945  0.00197824 -0.00256039 0.00640641 0.00331922  0.0452946   0.306625 -0.0652182   -9.80399 
             23.2998   0.93662 -0.194431   2.28238  0.0479296   -4.66252 -0.0245603 0 0 0   -0.011 -0.02329  0.04412  0.0317556  -0.433858 -0.0243829 -0.00621751  0.00197367  -0.0026182 0.00603107  0.0034598  0.0456767   0.306713 -0.0648646   -9.80399 
             23.3498   1.06893 -0.143127   2.26084  0.0472987   -4.68156 -0.0233041 0 0 0   -0.011 -0.02329  0.04412 0.0264459 -0.360505 -0.034129 -0.00635993  0.00194676 -0.00253684 0.00611945 0.00302878  0.0451882   0.306431 -0.0650087     -9.804 
             23.3999  0.891322 -0.106949   2.31253  0.0476949   -4.69917 -0.0249117 0 0 0   -0.011 -0.02329  0.04412  0.0315311  -0.265305 -0.0145245 -0.00620769  0.00195312 -0.00255785 0.00639962  0.0031485  0.0453142   0.306513 -0.0652115   -9.80399 
             23.4499   1.10328 -0.334074   2.35997  0.0506738   -4.70739 -0.0247414 0 0 0   -0.011 -0.02329  0.04412   0.0269134   -0.169381 -0.00239964 -0.00636722  0.00206652 -0.00254222 0.00599825 0.00298388  0.0451729   0.306386 -0.0649163     -9.804 
             23.4998  0.975916 -0.181224    2.4717  0.0500457   -4.71568 -0.0257273 0 0 0   -0.011 -0.02329  0.04412 0.00961943  -0.103486 -0.0147347 -0.00627671  0.00196608 -0.00258709 0.00629654 0.00296866  0.0452455   0.306385 -0.0651482     -9.804 
             23.5499  0.989298 -0.223366   2.48271 0.0429914  -4.71902 -0.027882 0 0 0   -0.011 -0.02329  0.04412 -0.0287554 -0.0549004 -0.0125954 -0.00629527  0.00198677 -0.00256333 0.00692068 0.00225217  0.0454263   0.305849 -0.0656997   -9.80401 
             23.5989  0.953043 -0.160539   2.48447  0.0394772   -4.72359 -0.0280932 0 0 0   -0.011 -0.02329  0.04412 -0.0412977 -0.0204891  -0.025023 -0.00626551  0.00196264 -0.00257625 0.00736348 0.00230284  0.0452953   0.305962 -0.0660727     -9.804 
             23.6488  0.970924 -0.258865   2.43188  0.0455159   -4.72009 -0.0273971 0 0 0   -0.011 -0.02329  0.04412  -0.0149053   0.0144271 -0.00761423 -0.00627932  0.00203616   -0.002556 0.00622571 0.00272024  0.0450612   0.306163 -0.0651155     -9.804 
             23.6999  0.999777 -0.145921     2.313  0.0441515   -4.72306 -0.0295644 0 0 0   -0.011 -0.02329  0.04412 0.000889584   0.0127362  -0.0208758  -0.0063047  0.00194449 -0.00250298 0.00670419 0.00304167  0.0453596    0.30646 -0.0654094   -9.80399 
             23.7498   1.00569 -0.215017   2.36408  0.0424962   -4.71922 -0.0279218 0 0 0   -0.011 -0.02329  0.04412  0.00239968    0.021546 -0.00611953  -0.0063134   0.0019956 -0.00254787 0.00660582 0.00244022  0.0448882   0.306024 -0.0655025   -9.80401 
             23.7997   1.01205 -0.170532   2.41159  0.0421419   -4.71881 -0.0279967 0 0 0   -0.011 -0.02329  0.04412  -0.0106031   0.0122092 -0.00653747 -0.00632619  0.00195468 -0.00255529 0.00667662 0.00244898  0.0448453    0.30605 -0.0655638   -9.80401 
             23.8498 0.963173 -0.22169  2.39674  0.0390241   -4.72507 -0.0267618 0 0 0   -0.011 -0.02329  0.04412  -0.0304079 -0.00826596 -0.00926182 -0.00629685  0.00199109 -0.00252237 0.00756108 0.00279612  0.0445064   0.306546 -0.0662545   -9.80398 
                23.9  0.942936 -0.107759   2.44488  0.0381721    -4.7264 -0.0235102 0 0 0   -0.011 -0.02329  0.04412  -0.0200878 -0.00895163   0.0145125  -0.0062706  0.00190657 -0.00256868 0.00761048  0.0028405  0.0439103    0.30667 -0.0663596   -9.80398 
               23.95  0.956248 -0.238618   2.38221  0.0396851   -4.72142 -0.0234658 0 0 0   -0.011 -0.02329  0.04412 -0.00480613  0.00770206  0.00544833 -0.00629306  0.00201148 -0.00254034 0.00686119  0.0025995  0.0440033   0.306313 -0.0657917     -9.804 
             23.9999  0.974771 -0.178121   2.39155  0.0397912   -4.72199 -0.0210769 0 0 0   -0.011 -0.02329  0.04412 -0.00887071  0.00250118   0.0185852 -0.00630629  0.00196468 -0.00253999 0.00690949 0.00265977  0.0436306    0.30642 -0.0658628   -9.80399 
             24.0499  0.955624 -0.229782    2.4171  0.0422998   -4.72176 -0.0243149 0 0 0   -0.011 -0.02329  0.04412 -0.00294417  0.00531989  0.00111022 -0.00629256  0.00199738 -0.00255006 0.00658914 0.00313212  0.0443758   0.306638 -0.0654236   -9.80399 
             24.0999  0.927033 -0.181118   2.39909  0.0459683   -4.72482 -0.0225623 0 0 0   -0.011 -0.02329  0.04412   0.0160228 -0.00738247  0.00793111 -0.00627533  0.00196313 -0.00254164 0.00654591 0.00379958  0.0440876   0.307201 -0.0652907   -9.80397 
             24.1498  0.928691 -0.258318    2.3899  0.0460656   -4.72106 -0.0232834 0 0 0   -0.011 -0.02329  0.04412  0.0117095 0.00721252 0.00575185 -0.00627657  0.00202443 -0.00253977 0.00621834  0.0033676  0.0442789   0.306766 -0.0650898   -9.80399 
             24.1999  0.921477 -0.195591   2.42404  0.0516626    -4.7248 -0.0212991 0 0 0   -0.011 -0.02329  0.04412   0.0272011 -0.00666178   0.0108679 -0.00627111  0.00197263 -0.00255807  0.0061189 0.00426143   0.044007   0.307496 -0.0648684   -9.80396 
               24.25   1.02707 -0.250274   2.36431   0.050925   -4.72425 -0.0214201 0 0 0   -0.011 -0.02329  0.04412  0.0214018 -0.0052421 0.00817972 -0.00635274  0.00201559 -0.00251609 0.00622942 0.00397183  0.0441033   0.307274 -0.0650016   -9.80397 
             24.2996  0.913978 -0.167472   2.42479  0.0471823   -4.72471 -0.0203773 0 0 0   -0.011 -0.02329  0.04412  0.00510415 -0.00339113   0.0131009 -0.00626644  0.00194982 -0.00256097 0.00673599 0.00345662  0.0439821   0.306973 -0.0655192   -9.80398 
               24.35 0.939805 -0.20227  2.46272  0.0417163   -4.71212 -0.0244248 0 0 0   -0.011 -0.02329  0.04412   -0.014782   0.0368164 -0.00632113 -0.00628767  0.00197657 -0.00258874 0.00605327 0.00174404  0.0447729   0.305382 -0.0652024   -9.80403 
             24.3999  0.996141 -0.131768   2.41558 0.0407747  -4.71305 -0.023134 0 0 0   -0.011 -0.02329  0.04412 -0.0143504  0.0269121 0.00191352  -0.0063301  0.00192228 -0.00255441 0.00634874 0.00194838   0.044489   0.305634 -0.0654333   -9.80402 
             24.4489  0.98969 -0.20696  2.40675  0.0467539   -4.70736 -0.0246792 0 0 0   -0.011 -0.02329  0.04412   0.0080528   0.0423227 -0.00553281 -0.00632721   0.0019798  -0.0025458 0.00523658 0.00229074  0.0448087    0.30566 -0.0644422   -9.80402 
             24.4998   1.02393 -0.180037   2.41544  0.0448468    -4.7093 -0.0265427 0 0 0   -0.011 -0.02329  0.04412 0.00162356  0.0269241 -0.0107534  -0.0063512  0.00196027 -0.00255259 0.00586831  0.0024793  0.0450801   0.305898 -0.0648826   -9.80401 
             24.5499   1.04488 -0.254179   2.38575  0.0465784   -4.71101 -0.0260055 0 0 0   -0.011 -0.02329  0.04412    0.005659   0.0178439 -0.00807293 -0.00637036  0.00201318 -0.00253085 0.00599526  0.0029236  0.0448983  0.306297 -0.064922    -9.804 
             24.5999   1.08583 -0.269038   2.43403  0.0485803   -4.70682 -0.0209059 0 0 0   -0.011 -0.02329  0.04412 0.0109148 0.0266064 0.0135439 -0.0064008 0.00202699 -0.0025665 0.00552113 0.00262333  0.0439369   0.306087 -0.0647098   -9.80401 
             24.6499  0.956632 -0.220317   2.40677  0.0525099   -4.70856 -0.0263866 0 0 0   -0.011 -0.02329  0.04412  0.0238789  0.0173618 -0.0110094 -0.00630631  0.00198649 -0.00254693 0.00546652  0.0034714  0.0450396   0.306614 -0.0643753     -9.804 
             24.6999  0.938414 -0.183402   2.40473  0.0536894    -4.7166 -0.0252709 0 0 0   -0.011 -0.02329  0.04412    0.023565 -0.00992698 -0.00417227 -0.00629552   0.0019605 -0.00254508 0.00631738 0.00427274   0.044743   0.307446 -0.0649462   -9.80397 
             24.7498  0.988637 -0.208433   2.42134  0.0511467   -4.70973 -0.0253205 0 0 0   -0.011 -0.02329  0.04412   0.0112249   0.0128433 -0.00242735 -0.00633049  0.00197924 -0.00255773  0.0059917 0.00315785  0.0446924   0.306507 -0.0648973     -9.804 
             24.7988   1.03076 -0.196746    2.4212  0.0475403    -4.7138 -0.0219048 0 0 0   -0.011 -0.02329  0.04412 -0.00300933  -0.0023308  0.00940076 -0.00636606  0.00196878 -0.00255918 0.00685766 0.00303979  0.0440136   0.306657 -0.0656987   -9.80399 
             24.8498  0.992372 -0.241288   2.39413  0.0504628   -4.70921 -0.0234245 0 0 0   -0.011 -0.02329  0.04412 0.00667809  0.0121232 0.00376468 -0.00633453  0.00200422 -0.00253861  0.0061002 0.00298746  0.0444054   0.306428 -0.0650527     -9.804 
                24.9  0.963076 -0.173779   2.44314   0.049339   -4.71042 -0.0219463 0 0 0   -0.011 -0.02329  0.04412 0.00293792 0.00678309  0.0069606 -0.00631509  0.00194943 -0.00257577 0.00642372 0.00296186  0.0441547  0.306498 -0.065348  -9.80399 
               24.95  0.953612 -0.219638   2.40014  0.0518815   -4.71061 -0.0244542 0 0 0   -0.011 -0.02329  0.04412   0.0110448  0.00469991 -0.00357842 -0.00631034  0.00198657 -0.00254291 0.00623188 0.00335952  0.0446985   0.30671 -0.065053  -9.80399 
             24.9998   1.00661 -0.178138   2.42355  0.0507963   -4.71509 -0.0208272 0 0 0   -0.011 -0.02329  0.04412 0.00546738 -0.0196877  0.0142784 -0.00634481  0.00195462 -0.00255835 0.00683503 0.00350913  0.0440078   0.307024 -0.0655947   -9.80397 
             25.0499   1.04985 -0.246513   2.40009  0.0481171    -4.7143 -0.0224563 0 0 0   -0.011 -0.02329  0.04412 -0.0188198  -0.108091  0.0223529 -0.00638557  0.00200603 -0.00254144 0.00676619 0.00299203  0.0444718   0.306545 -0.0655743   -9.80399 
             25.0998   1.04641 -0.255578   2.40387 0.0455698  -4.72568 -0.021193 0 0 0   -0.011 -0.02329  0.04412 -0.0363474  -0.279978 0.00143217 -0.00638094  0.00199112 -0.00254732  0.0070873 0.00304118  0.0443734   0.306654 -0.0658333   -9.80398 
             25.1498 0.984478 -0.25885   2.3298  0.0392566   -4.73908 -0.0226624 0 0 0   -0.011 -0.02329  0.04412 -0.0757234  -0.421674 -0.0238234 -0.00634687  0.00196833 -0.00255079 0.00720125 0.00234623  0.0445175   0.306107 -0.0660283     -9.804 
             25.1999  0.987796 -0.258656   2.15483 0.0394894  -4.77472 -0.024792 0 0 0   -0.011 -0.02329  0.04412 -0.0779924  -0.581242  0.0232536 -0.00633655  0.00196701 -0.00252433 0.00766524 0.00382163  0.0449664   0.307298 -0.0660819   -9.80396 
             25.2497   0.850525 -0.0669654    1.88556  0.0349645   -4.80847 -0.0243885 0 0 0   -0.011 -0.02329  0.04412  -0.060336  -0.697387 -0.0369795  -0.0062853   0.0019451 -0.00251229 0.00798163 0.00392338  0.0449227   0.307436 -0.0663221   -9.80396 
             25.2996  0.867084 -0.218952   1.66507  0.0316444   -4.85281 -0.0267911 0 0 0   -0.011 -0.02329  0.04412 -0.0483534  -0.805536 -0.0160564 -0.00630223  0.00200705 -0.00251916 0.00868971 0.00446818  0.0447144   0.307994 -0.0668319   -9.80394 
             25.3499   1.07267 0.0875292   1.50634  0.0359972    -4.8914 -0.0296605 0 0 0   -0.011 -0.02329  0.04412 0.00483461  -0.832857   0.100013 -0.00635501  0.00196673 -0.00250502 0.00790649  0.0050121  0.0454679   0.308248 -0.0660599   -9.80393 
             25.3988  0.998113 0.0777415    1.4022 0.0303051  -4.92994 -0.025311 0 0 0   -0.011 -0.02329  0.04412 -0.00174709   -0.839479   -0.109552 -0.00637988  0.00192889 -0.00253419 0.00832361 0.00402332  0.0445636   0.307612 -0.0665568   -9.80395 
             25.4468  1.04963 0.029197  1.41948  0.0324827   -4.97575 -0.0270604 0 0 0   -0.011 -0.02329  0.04412  0.0348131  -0.814105 0.00463536 -0.00636058  0.00197532 -0.00253772 0.00834923 0.00444137  0.0446564    0.30792 -0.0665672   -9.80394 
                25.5   1.0856 0.211715  1.44921  0.034014  -5.01772 -0.024476 0 0 0   -0.011 -0.02329  0.04412 0.0767131 -0.675091 0.0221147   -0.006379  0.00192441 -0.00251349 0.00882571 0.00467447  0.0441816   0.308137 -0.0669941   -9.80393 
             25.5499 0.957523 0.124669  1.76439 0.0357556  -5.04132 -0.026838 0 0 0   -0.011 -0.02329  0.04412  0.0608849  -0.497863 -0.0816386 -0.00626288  0.00191243 -0.00259105 0.00860784 0.00386711  0.0441673   0.307579 -0.0667318   -9.80395 
             25.5998    1.34969 -0.0682107    2.00402 0.0406452  -5.06471 -0.021736 0 0 0   -0.011 -0.02329  0.04412 0.0633106 -0.339394 0.0432159 -0.00640668  0.00190865 -0.00256544 0.00863286 0.00409358  0.0435782    0.30784 -0.0668679   -9.80394 
             25.6494   1.01619 -0.139192   2.24325  0.046667  -5.07475 -0.023452 0 0 0   -0.011 -0.02329  0.04412  0.0551736  -0.209737 0.00933614 -0.00625922  0.00193807 -0.00258494 0.00805921 0.00401027  0.0441379   0.307777 -0.0663888   -9.80395 
             25.6988   1.09465 -0.136962    2.3928  0.0498014   -5.07629 -0.0269526 0 0 0   -0.011 -0.02329  0.04412  0.0321765   -0.12116 -0.0121022 -0.00632715  0.00191078 -0.00255401 0.00750784   0.003434  0.0445335   0.307406 -0.0658422   -9.80396 
             25.7494   1.19168 -0.122962   2.44335  0.0496951    -5.0854 -0.0254938 0 0 0   -0.011 -0.02329  0.04412 -0.00259753  -0.0674765  0.00152066 -0.00635232  0.00193056 -0.00250923 0.00789148 0.00381453  0.0444992  0.307612 -0.066179  -9.80395 
             25.7999   1.02064 -0.128393    2.5367  0.0479414   -5.07666 -0.0251717 0 0 0   -0.011 -0.02329  0.04412  -0.0248004   0.0053153 -0.00492915 -0.00632448  0.00193114 -0.00255221 0.00736096 0.00263227  0.0442948   0.306894 -0.0656755   -9.80398 
             25.8499   1.09095 -0.141344   2.40906 0.0459888  -5.07868 -0.023723 0 0 0   -0.011 -0.02329  0.04412 -0.0104068  0.0108837  0.0122341 -0.00634098  0.00193816 -0.00248428 0.00765332  0.0027551  0.0439812   0.307026 -0.0659517   -9.80397 
             25.8999    1.10675 -0.0920334    2.42689  0.0469139   -5.07332 -0.0245508 0 0 0   -0.011 -0.02329  0.04412 0.000851142     0.01611 -0.00831382 -0.00634309  0.00190301 -0.00252169 0.00717906 0.00246388  0.0443356   0.306755 -0.0655277   -9.80398 
             25.9498 0.990925 -0.16123  2.44184  0.0496265   -5.07154 -0.0267795 0 0 0   -0.011 -0.02329  0.04412  0.00406539   0.0125513 0.000351365 -0.00631266  0.00194623 -0.00253002 0.00680708 0.00261786  0.0445812   0.306815 -0.0651979   -9.80398 
             25.9989    1.1036 -0.119996   2.46876   0.051879   -5.06593 -0.0235917 0 0 0   -0.011 -0.02329  0.04412 0.00634955  0.0376588   0.001797 -0.00636068  0.00192026 -0.00253829 0.00626909 0.00224624  0.0440451    0.30661 -0.0648777   -9.80399 
             26.0499   1.08672 -0.130251   2.44645  0.0539007   -5.06571 -0.0254503 0 0 0   -0.011 -0.02329  0.04412   0.0204998   0.0296567 -0.00688015 -0.00635354  0.00192904 -0.00253063 0.00624344 0.00263844  0.0444382  0.306834 -0.064762  -9.80399 
             26.0999   1.08922 -0.121089   2.44644  0.0495145   -5.06333 -0.0276374 0 0 0   -0.011 -0.02329  0.04412  0.00332194   0.0296518 -0.00478885 -0.00637758  0.00191904 -0.00254058 0.00664882 0.00208749  0.0446931   0.306413 -0.0651181     -9.804 
             26.1499  1.13043 -0.15968  2.43694   0.047582   -5.06236 -0.0291447 0 0 0   -0.011 -0.02329  0.04412 -0.00991202   0.0327954  -0.0204212 -0.00638868  0.00194216 -0.00252134 0.00687495 0.00199926  0.0448485    0.30635 -0.0652898     -9.804 
             26.1999   1.07398 -0.152997   2.45784  0.0520215   -5.06566 -0.0256912 0 0 0   -0.011 -0.02329  0.04412   0.010359  0.0139952 0.00573127 -0.00635011  0.00193787 -0.00253954 0.00687005 0.00277541  0.0442407   0.307052 -0.0652368   -9.80398 
             26.2499   1.09691 -0.155454   2.43675  0.0515195   -5.06547 -0.0264172 0 0 0   -0.011 -0.02329  0.04412 0.00824507  0.0127641 0.00148942 -0.00638525  0.00194262  -0.0025322 0.00700954 0.00272694  0.0443216  0.307025 -0.065345  -9.80398 
             26.2988   1.14811 -0.150604   2.45224  0.0497901   -5.06257 -0.0264336 0 0 0   -0.011 -0.02329  0.04412 -0.00213401   0.0207431 -0.00162561 -0.00640376  0.00193734 -0.00253854 0.00700576 0.00233064  0.0443212  0.306718 -0.065416  -9.80399 
             26.3499   1.22796 -0.206057   2.41017  0.0507878   -5.06231 -0.0241606 0 0 0   -0.011 -0.02329  0.04412 0.00307441  0.0158302 0.00102764 -0.00645541     0.00197 -0.00251229 0.00697696 0.00242841  0.0439538   0.306848 -0.0654233   -9.80398 
             26.3999   1.10128 -0.203345   2.44373  0.0526277   -5.06242 -0.0238154 0 0 0   -0.011 -0.02329  0.04412 0.00824483   0.013392  0.0146478 -0.00637698  0.00197447 -0.00254136 0.00690068 0.00266013    0.04392   0.307019 -0.0653233   -9.80398 
               26.45   1.14079 -0.132439    2.4721  0.0505023    -5.0642 -0.0212416 0 0 0   -0.011 -0.02329  0.04412 -0.00109386  0.00692291   0.0132405 -0.00639625  0.00191713 -0.00255969 0.00736106 0.00256345  0.0435786   0.307089 -0.0657505   -9.80397 
             26.4999   1.11377 -0.188884   2.47666  0.0550459   -5.06199 -0.0231525 0 0 0   -0.011 -0.02329  0.04412  0.0161831 0.00942929 0.00392842  -0.0063838  0.00195808 -0.00256421  0.0067718 0.00293551  0.0440327   0.307189 -0.0651533   -9.80397 
             26.5499   1.00646 -0.126811   2.48455  0.0525783   -5.06525 -0.0216485 0 0 0   -0.011 -0.02329  0.04412 0.00325926 0.00140603  0.0162882 -0.00631096  0.00191594  -0.0025697 0.00741061 0.00290816  0.0438044   0.307328 -0.0656908   -9.80396 
             26.5988   1.08452 -0.177648   2.46077  0.0504511   -5.05876 -0.0242586 0 0 0   -0.011 -0.02329  0.04412 -0.00304557   0.0199182 -0.00308339 -0.00636309  0.00195011 -0.00255219 0.00706146 0.00223283  0.0443084   0.306655 -0.0654719   -9.80399 
             26.6498   1.09041 -0.117633   2.43507  0.0506946    -5.0595 -0.0224753 0 0 0   -0.011 -0.02329  0.04412 -0.000853619    0.0133626   0.00500187 -0.00636621  0.00190644 -0.00253387 0.00718194 0.00235471  0.0440116    0.30682 -0.0655856   -9.80398 
             26.6999    1.0466 -0.160269   2.46655  0.0513345    -5.0598 -0.0248506 0 0 0   -0.011 -0.02329  0.04412 -0.000300925    0.0129917  0.000939564 -0.00634199  0.00193933 -0.00255751 0.00719423 0.00260939  0.0444448    0.30695 -0.0654864   -9.80398 
             26.7499   1.04149 -0.122962   2.47114  0.0524332   -5.06368 -0.0238418 0 0 0   -0.011 -0.02329  0.04412  0.00591575 -0.00285976 -0.00157041 -0.00633736  0.00191192 -0.00256048 0.00748978  0.0030821  0.0442545   0.307402 -0.0656559   -9.80396 
             26.7998   1.06318 -0.202289   2.44071 0.0542133  -5.06229 -0.023727 0 0 0   -0.011 -0.02329  0.04412 0.00986293 0.00227297 0.00125442 -0.00635058  0.00196731 -0.00254201 0.00721864 0.00309432  0.0442522   0.307361 -0.0654434   -9.80396 
             26.8498  0.970559 -0.108909   2.50791  0.0519729   -5.06482 -0.0203243 0 0 0   -0.011 -0.02329  0.04412 0.000373065 -0.00355234   0.0152683 -0.00629281  0.00190102 -0.00258774 0.00773025 0.00295592  0.0436831   0.307437 -0.0659402   -9.80396 
             26.8998  1.02725 -0.16111  2.45742 0.0578988  -5.06065 -0.024458 0 0 0   -0.011 -0.02329  0.04412   0.0215921   0.0079349 -0.00411242 -0.00633214  0.00194127 -0.00255141 0.00677844 0.00329868   0.044492   0.307404 -0.0650369   -9.80397 
             26.9485   1.05874 -0.141352   2.46866  0.0543008   -5.06156 -0.0219269 0 0 0   -0.011 -0.02329  0.04412 0.00460135 0.00592867 0.00436885 -0.00635374  0.00192346 -0.00255864 0.00735994 0.00286741  0.0440159   0.307248 -0.0656231   -9.80397 
             26.9999   1.08249 -0.200671   2.43781  0.0561013   -5.06298 -0.0248076 0 0 0   -0.011 -0.02329  0.04412    0.0103136 -0.000307051  -0.00368698  -0.0063732  0.00197027 -0.00253714 0.00733662 0.00327754  0.0445421   0.307482 -0.0654688   -9.80396 
             27.0499  1.01975 -0.11181  2.47029  0.0593835   -5.06654 -0.0270907 0 0 0   -0.011 -0.02329  0.04412  0.0209928  -0.010246 -0.0130574  -0.0063297   0.0019023 -0.00256272 0.00737314 0.00393492   0.044886   0.307945 -0.0653402   -9.80395 
             27.0998    1.1252 -0.174557   2.47805  0.0572159   -5.05839 -0.0303288 0 0 0   -0.011 -0.02329  0.04412 0.00929896  0.0161356 -0.0240346 -0.00640805  0.00194775 -0.00256792 0.00692409  0.0029146  0.0453044  0.307019 -0.065122  -9.80398 
             27.1499   1.19429 -0.130592   2.44345  0.0536373   -5.05475 -0.0290119 0 0 0   -0.011 -0.02329  0.04412 -0.00422551   0.0233271  -0.0124488 -0.00645812  0.00191495 -0.00254382 0.00707905 0.00216937  0.0448692   0.306536 -0.0654235   -9.80399 
             27.1997   1.08983 -0.188287   2.48504  0.0542031   -5.04637 -0.0294589 0 0 0   -0.011 -0.02329  0.04412 -0.00287023   0.0470798  -0.0129844 -0.00638873  0.00195547 -0.00257538 0.00637971  0.0015694  0.0448331   0.305957 -0.0649912   -9.80401 
             27.2498    1.11246 -0.0834799    2.47536  0.0535525   -5.04543 -0.0295981 0 0 0   -0.011 -0.02329  0.04412 -0.00378074   0.0411269  -0.0106089 -0.00640098  0.00189165 -0.00256789 0.00656508 0.00164438  0.0447452   0.306061 -0.0651326   -9.80401 
             27.2999  1.10751 -0.22766  2.47563  0.0579414   -5.04347 -0.0294357 0 0 0   -0.011 -0.02329  0.04412   0.0110354   0.0409033 -0.00940314 -0.00640044  0.00199222 -0.00257138  0.0061411 0.00208162  0.0446569   0.306335 -0.0647405     -9.804 
             27.3494   1.08806 -0.138149   2.46285  0.0569699   -5.05178 -0.0280518 0 0 0   -0.011 -0.02329  0.04412  0.00718297  0.00844158 8.60681e-05 -0.00639102  0.00193183 -0.00256086 0.00717473 0.00281548  0.0443419  0.307127 -0.065454  -9.80397 
             27.3998   1.10748 -0.195331    2.4726   0.059533   -5.04972 -0.0272382 0 0 0   -0.011 -0.02329  0.04412  0.0141995  0.0126607 0.00145516 -0.00640269  0.00196772 -0.00256962 0.00682631 0.00285419  0.0442139   0.307116 -0.0651953   -9.80397 
             27.4498   1.10326 -0.129223    2.4558  0.057674  -5.05523 -0.025973 0 0 0   -0.011 -0.02329  0.04412  0.00660919 -0.00586528  0.00505522 -0.00640439  0.00192026 -0.00255628 0.00758693 0.00311406  0.0440095    0.30748 -0.0657656   -9.80396 
             27.4996   1.12521 -0.164422    2.4643  0.0530749   -5.04904 -0.0265702 0 0 0   -0.011 -0.02329  0.04412 -0.0107883   0.014417 0.00479684 -0.00641765  0.00194874 -0.00256283 0.00749395 0.00208208  0.0441302   0.306656 -0.0658543   -9.80398 
             27.5498   1.07732 -0.126837   2.46984  0.0530547   -5.05227 -0.0243769 0 0 0   -0.011 -0.02329  0.04412 -0.00830486  0.00202225  0.00911209 -0.00638761  0.00191847 -0.00256711 0.00779119 0.00242332   0.043802   0.30702 -0.066071  -9.80397 
                27.6   1.04036 -0.120308   2.46348  0.0516589   -5.05102 -0.0254879 0 0 0   -0.011 -0.02329  0.04412 -0.0114429 0.00608685 0.00503571 -0.00635867  0.00191692 -0.00256148 0.00777923 0.00228078  0.0440605   0.306868 -0.0660497   -9.80398 
               27.65   1.16247 -0.102843   2.49047  0.0482366   -5.05111 -0.0233777 0 0 0   -0.011 -0.02329  0.04412 -0.0205602  0.0044025  0.0117891 -0.00644932  0.00190192 -0.00258057 0.00808463  0.0019791  0.0437405    0.30674 -0.0663796   -9.80398 
             27.6998   1.10626 -0.180144   2.46945  0.0469278   -5.05454 -0.0253317 0 0 0   -0.011 -0.02329  0.04412  -0.0212364 -0.00722474  0.00168595 -0.00641173  0.00195861 -0.00256703  0.0083986 0.00236522  0.0441423   0.307023 -0.0665015   -9.80397 
             27.7498   1.07422 -0.108856   2.50064  0.0487864   -5.05628 -0.0229515 0 0 0   -0.011 -0.02329  0.04412 -0.0110772 -0.0117668  0.0109767 -0.00638952  0.00191088  -0.0025868 0.00825975 0.00269304  0.0437863   0.307307 -0.0663887   -9.80396 
             27.7998   1.10779 -0.188156   2.44197  0.0518783   -5.05309 -0.0252534 0 0 0   -0.011 -0.02329  0.04412  0.000956279 -0.000128608  -0.00212525 -0.00641722  0.00196799 -0.00254563 0.00759834 0.00279614  0.0442653   0.307196 -0.0657994   -9.80397 
             27.8488   1.11822 -0.119135    2.4623  0.051009  -5.05889 -0.024254 0 0 0   -0.011 -0.02329  0.04412 -0.00114541  -0.0187762  0.00482862 -0.00642181  0.00192133 -0.00255872  0.0081564 0.00318409  0.0440838   0.307614 -0.0661874   -9.80395 
             27.9001   1.11338 -0.180203   2.45821  0.0513026   -5.05871 -0.0265972 0 0 0   -0.011 -0.02329  0.04412 -0.000549964   -0.0151941   -0.0075258 -0.00642191  0.00196456 -0.00255658 0.00802019 0.00320752  0.0445022   0.307542 -0.0660228   -9.80396 
             27.9499    0.96976 -0.0340367    2.48776  0.0464005   -5.06782 -0.0233455 0 0 0   -0.011 -0.02329  0.04412 -0.0146435 -0.0398423 0.00783368 -0.00631638  0.00185791 -0.00257565 0.00916572 0.00336529  0.0438832   0.307951 -0.0669575   -9.80394 
             27.9998   1.08736 -0.163868   2.44102  0.0500567   -5.06513 -0.0248485 0 0 0   -0.011 -0.02329  0.04412 -0.000683591   -0.0257371  0.000942254 -0.00640232  0.00195097 -0.00254245 0.00836592 0.00343252  0.0442177   0.307817 -0.0662906   -9.80394 
             28.0499   1.07204 -0.135037    2.4925  0.0428726   -5.06354 -0.0247702 0 0 0   -0.011 -0.02329  0.04412  -0.0244098  -0.0163532 0.000193235 -0.00639567  0.00192697 -0.00257874  0.0087922 0.00248984   0.044176   0.307178 -0.0667729   -9.80396 
             28.0986   1.20301 -0.180458   2.43761  0.0443027   -5.06409 -0.0268412 0 0 0   -0.011 -0.02329  0.04412  -0.0157495  -0.0170405 -0.00615014  -0.0064871  0.00196156 -0.00254082    0.00851 0.00278473  0.0445449   0.307297 -0.0664641   -9.80396 
             28.1498   1.17452 -0.123437   2.45231  0.0443268   -5.06362 -0.0244419 0 0 0   -0.011 -0.02329  0.04412 -0.0126366 -0.0133611 0.00247291 -0.00647097  0.00191872 -0.00255039 0.00833607 0.00265295  0.0440971  0.307241 -0.066409  -9.80396 
             28.2001   1.04853 -0.142086   2.42415  0.0530606   -5.05988 -0.0267447 0 0 0   -0.011 -0.02329  0.04412    0.0190818 -0.000369513   -0.0057672 -0.00638237  0.00193561 -0.00253182 0.00708755 0.00322196  0.0445497     0.3074 -0.0653096   -9.80396 
             28.2485     1.066 -0.152012     2.476  0.0610984   -5.05879 -0.0257483 0 0 0   -0.011 -0.02329  0.04412    0.0426786   0.00269342 -0.000759639 -0.00639888  0.00193981 -0.00256972 0.00635095 0.00373981   0.044376   0.307704 -0.0646919   -9.80396 
             28.2998   1.10419 -0.164524   2.49103  0.0618858   -5.04766 -0.0276479 0 0 0   -0.011 -0.02329  0.04412   0.0373769   0.0365664 -0.00905733 -0.00643167  0.00194991 -0.00258014 0.00558292 0.00268473  0.0446785   0.306739 -0.0642281   -9.80399 
             28.3489    1.1469 -0.125321   2.49158   0.056747   -5.05004 -0.0277918 0 0 0   -0.011 -0.02329  0.04412   0.0146182   0.0238168 -0.00724363   -0.006465   0.0019192 -0.00257968  0.0065703 0.00239538  0.0445971   0.306686 -0.0650335   -9.80399 
                28.4   1.04649 -0.174732   2.44183  0.0604888   -5.05247 -0.0299929 0 0 0   -0.011 -0.02329  0.04412  0.0255708  0.0127899 -0.0148186 -0.00639587  0.00195501 -0.00254515 0.00657654 0.00307405  0.0449028    0.30715 -0.0648936   -9.80398 
             28.4498  1.07371 -0.11833    2.472 0.0573197  -5.05509 -0.024806 0 0 0   -0.011 -0.02329  0.04412 0.00942721 0.00219125 0.00678169 -0.00641889  0.00191602 -0.00256665  0.0072776 0.00276363    0.04396   0.307174 -0.0656005   -9.80397 
             28.4998  1.12913 -0.18768  2.43599  0.0562114   -5.04995 -0.0281785 0 0 0   -0.011 -0.02329  0.04412  0.00339071   0.0182159 -0.00314369 -0.00646493  0.00196457  -0.0025433  0.0069941 0.00227706  0.0445542   0.306671 -0.0653805   -9.80399 
             28.5499   1.14662 -0.171694   2.46387  0.0571618   -5.04909 -0.0235812 0 0 0   -0.011 -0.02329  0.04412 0.00734814  0.0167574  0.0103159 -0.00647323  0.00195219 -0.00256265  0.0069528 0.00220113  0.0438194   0.306721 -0.0654586   -9.80398 
             28.5998   1.08498 -0.192946   2.47077  0.0607637   -5.05074 -0.0258296 0 0 0   -0.011 -0.02329  0.04412  0.0168021 0.00919025 0.00320098 -0.00643051  0.00196794  -0.0025678 0.00683318 0.00281939  0.0442953   0.307095 -0.0652099   -9.80397 
             28.6498   1.08363 -0.151188   2.48497  0.0623381   -5.05349 -0.0240172 0 0 0   -0.011 -0.02329  0.04412   0.0203003 0.000304953  0.00670267 -0.00643897  0.00193586 -0.00257452 0.00702448 0.00311504  0.0440242   0.307387 -0.0653474   -9.80396 
             28.6998   1.00939 -0.152956    2.5019  0.0628373   -5.04935 -0.0228391 0 0 0   -0.011 -0.02329  0.04412  0.0180957  0.0112364 0.00859819 -0.00638219  0.00193748 -0.00258906 0.00675894 0.00267986  0.0438983   0.307039 -0.0652293   -9.80398 
             28.7498   1.10418 -0.127487   2.48513  0.0581751   -5.04795 -0.0252196 0 0 0   -0.011 -0.02329  0.04412 -0.00125644   0.0155809 0.000212505 -0.00644853  0.00191302 -0.00257377 0.00718241 0.00220416  0.0443132   0.306685 -0.0655642   -9.80399 
             28.7999   1.13343 -0.178943   2.44623  0.0630358   -5.04763 -0.0256263 0 0 0   -0.011 -0.02329  0.04412   0.016997  0.0130503 0.00153002 -0.00647247   0.0019556 -0.00254932 0.00676349 0.00270254  0.0444099    0.30698 -0.0651587   -9.80398 
             28.8499   1.17087 -0.144033   2.46415 0.0577623  -5.05146 -0.025607 0 0 0   -0.011 -0.02329  0.04412  -0.00212676 -0.000462351 -0.000387114 -0.00649967   0.0019265   -0.002564 0.00765016 0.00251489  0.0443591  0.306983 -0.065864  -9.80397 
             28.8998   1.12366 -0.170193   2.46037  0.0552945   -5.04821 -0.0261635 0 0 0   -0.011 -0.02329  0.04412  -0.0124673  0.00964866 -0.00363853 -0.00646645    0.001944 -0.00255866 0.00761095 0.00204427   0.044442   0.306612 -0.0658944   -9.80399 
             28.9499    1.09966 -0.0997593    2.44076  0.0563684   -5.05454 -0.0252341 0 0 0   -0.011 -0.02329  0.04412 -0.00387056  -0.0108983  0.00299956 -0.00644835  0.00189595 -0.00254518 0.00797035 0.00273348  0.0442917   0.307205 -0.0660823   -9.80397 
             28.9998   1.07374 -0.155799   2.46657  0.0536501   -5.05511 -0.0250763 0 0 0   -0.011 -0.02329  0.04412  -0.0127674 -0.00972963  0.00187803 -0.00643457  0.00193416 -0.00256593 0.00820272 0.00250383  0.0442633   0.307073 -0.0662955   -9.80397 
               29.05   1.08784 -0.112144   2.47824  0.0546865   -5.05438 -0.0260991 0 0 0   -0.011 -0.02329  0.04412 -0.00771555 -0.00707047 -0.00151947 -0.00644179   0.0019038 -0.00257223  0.0079573 0.00258603  0.0444404    0.30707 -0.0660741   -9.80397 
             29.0999  1.02948 -0.15264  2.48125  0.0560348   -5.05778 -0.0292003 0 0 0   -0.011 -0.02329  0.04412 -0.000588334   -0.0151911   -0.0138027 -0.00640399  0.00192958   -0.002576 0.00801694 0.00309361   0.044905  0.307386 -0.065981  -9.80396 
             29.1498    1.08772 -0.0774521    2.46495  0.0481823   -5.05828 -0.0261583 0 0 0   -0.011 -0.02329  0.04412 -0.0254791 -0.0139537 0.00168144 -0.00644612  0.00187902 -0.00256321 0.00870047 0.00227216  0.0443108   0.306966 -0.0666938   -9.80397 
             29.1998   1.09313 -0.143957   2.45603  0.0500194   -5.05854 -0.0269432 0 0 0   -0.011 -0.02329  0.04412  -0.0161441  -0.0132037 -0.00299538  -0.0064477  0.00192119 -0.00255722 0.00838514 0.00253699  0.0444577   0.307095 -0.0663998   -9.80397 
             29.2499   1.10382 -0.108208   2.47438  0.0484627   -5.06325 -0.0248044 0 0 0   -0.011 -0.02329  0.04412  -0.017113 -0.0249854 0.00450032 -0.00645858  0.00189624 -0.00256996 0.00876003  0.0027367  0.0441135   0.307351 -0.0666973   -9.80396 
             29.2998   1.13936 -0.156718   2.45867  0.0465816   -5.06351 -0.0247289 0 0 0   -0.011 -0.02329  0.04412 -0.0210523 -0.0225087 0.00627667  -0.0064809  0.00193045 -0.00255956 0.00877509 0.00256913  0.0441386  0.307224 -0.066729  -9.80396 
             29.3498   1.05802 -0.141089    2.4791  0.0465509   -5.05763 -0.0275719 0 0 0   -0.011 -0.02329  0.04412  -0.0176521 -0.00200869 -0.00820396 -0.00642895  0.00191581 -0.00257421 0.00816256 0.00216298  0.0445995   0.306763 -0.0662686   -9.80398 
                29.4   1.10791 -0.149077   2.45022 0.0462361  -5.06118 -0.026448 0 0 0   -0.011 -0.02329  0.04412   -0.0159892   -0.0129698 -0.000446116 -0.00645942  0.00192453 -0.00255467 0.00837193 0.00246094  0.0443825   0.307048 -0.0664117   -9.80397 
             29.4498   1.10608 -0.160249   2.46448  0.0469153    -5.0548 -0.0256624 0 0 0   -0.011 -0.02329  0.04412 -0.0121256 0.00722714 0.00182067 -0.00645991  0.00192957 -0.00256529 0.00775093  0.0019802  0.0442742   0.306621 -0.0660282   -9.80398 
             29.4998    1.07891 -0.0967799    2.48951  0.0462483    -5.0572 -0.0240805 0 0 0   -0.011 -0.02329  0.04412  -0.0113489 -0.00123778  0.00531608 -0.00644413   0.0018859 -0.00258187 0.00797034 0.00215686  0.0440434   0.306818 -0.0661979   -9.80398 
             29.5499 1.19151 -0.1695 2.44942  0.0509559   -5.04915 -0.0242348 0 0 0   -0.011 -0.02329  0.04412 0.00461677  0.0208787 0.00509239 -0.00652165  0.00193741 -0.00255594 0.00691334 0.00195342  0.0441446   0.306506 -0.0654241   -9.80399 
             29.5998   1.08144 -0.100499   2.45149  0.049806   -5.0498 -0.023638 0 0 0   -0.011 -0.02329  0.04412 0.00122574  0.0162891 0.00427069 -0.00644896  0.00188738 -0.00255538 0.00717183 0.00196473  0.0440755   0.306561 -0.0656244   -9.80399 
             29.6499   1.08786 -0.190179   2.47033  0.0477936   -5.05305 -0.0250696 0 0 0   -0.011 -0.02329  0.04412 -0.00555295  0.00368331  0.00183439 -0.00645284  0.00195056 -0.00256967 0.00763795 0.00217543  0.0443081   0.306744 -0.0659119   -9.80398 
             29.6999    1.05968 -0.0937985    2.47861  0.0474376   -5.05225 -0.0222454 0 0 0   -0.011 -0.02329  0.04412 -0.00597152  0.00644751  0.00914105 -0.00643874  0.00188684 -0.00257455 0.00761999 0.00203662  0.0438965   0.306703 -0.0659727   -9.80398 
             29.7499   1.16514 -0.161126    2.4388  0.0474908   -5.05176 -0.0218062 0 0 0   -0.011 -0.02329  0.04412 -0.00412842  0.00512036  0.00960837 -0.00651367  0.00193717 -0.00254785 0.00757161 0.00204787  0.0439055   0.306703 -0.0659341   -9.80398 
             29.7998   1.17929 -0.124294   2.49167 0.0472808  -5.05286  -0.02094 0 0 0   -0.011 -0.02329  0.04412 -0.00428424  0.00103116   0.0122167 -0.00652219  0.00190832 -0.00258355 0.00767295 0.00214971  0.0438458  0.306801 -0.066004  -9.80398 
             29.8499   1.02419 -0.173635   2.48362  0.0438213   -5.04898 -0.0269711 0 0 0   -0.011 -0.02329  0.04412 -0.0146155  0.0132872 -0.0124043 -0.00642147  0.00194118 -0.00257975 0.00765098 0.00175746  0.0447769   0.306366 -0.0659125   -9.80399 
             29.8996    1.0649 -0.116715   2.52652  0.0436687   -5.05234 -0.0262785 0 0 0   -0.011 -0.02329  0.04412  -0.0116022 0.000991089 -0.00669308 -0.00644636  0.00190194 -0.00260983 0.00789517 0.00209885  0.0445905   0.306678 -0.0660744   -9.80398 
             29.9498  1.16416 -0.19961  2.44885  0.0426012   -5.05359 -0.0252857 0 0 0   -0.011 -0.02329  0.04412  -0.0136621 -0.00298041 -0.00311063 -0.00651643  0.00195738 -0.00255812 0.00803352  0.0021221  0.0443943   0.306744 -0.0662008   -9.80398 
             29.9999    1.10472 -0.0786978    2.47403  0.0435664   -5.05471 -0.0229747 0 0 0   -0.011 -0.02329  0.04412 -0.00895651 -0.00655148  0.00637527 -0.00647491  0.00187645 -0.00257225 0.00796848 0.00226769  0.0440509 0.306894 -0.06618 -9.80397 
             30.0499   1.08343 -0.142477   2.49095  0.0420615   -5.05008 -0.0288755 0 0 0   -0.011 -0.02329  0.04412  -0.011291 0.00829446 -0.0152032  -0.0064623  0.00191793 -0.00258681 0.00768564  0.0019554  0.0449143   0.306496 -0.0658939   -9.80399 
             30.0999   1.09345 -0.119209    2.4916  0.0439286   -5.05157 -0.0300837 0 0 0   -0.011 -0.02329  0.04412 -0.00156567  0.00226133  -0.0156235 -0.00647089  0.00190367 -0.00258688 0.00761077 0.00232347  0.0449704   0.306747 -0.0657817   -9.80398 
             30.1551   1.06446 -0.145706   2.46785  0.0473996    -5.0507 -0.0302893 0 0 0   -0.011 -0.02329  0.04412 0.00934479 0.00420412 -0.0144576 -0.00645261  0.00191712 -0.00257325 0.00724902 0.00254248  0.0449144   0.306868 -0.0654924   -9.80398 
             30.1988   1.10176 -0.114524   2.46212 0.0485071  -5.05466 -0.027187 0 0 0   -0.011 -0.02329  0.04412   0.0112821 -0.00780058 -0.00285666 -0.00648072  0.00189624 -0.00256933 0.00750524 0.00282313  0.0443534   0.307193 -0.0657191   -9.80397 
             30.2485  1.14157 -0.17355  2.46309  0.0481451   -5.04768 -0.0271202 0 0 0   -0.011 -0.02329  0.04412  0.00768808   0.0122865 0.000235074 -0.00650287  0.00193921 -0.00257005 0.00707189 0.00214555  0.0443282   0.306642 -0.0654928   -9.80399 
             30.2999  1.09428 -0.12203  2.47941  0.0465441   -5.05005 -0.0256498 0 0 0   -0.011 -0.02329  0.04412 0.000887982  0.00460373  0.00395033 -0.00647475  0.00190231  -0.0025811 0.00745905  0.0021866  0.0441018   0.306758 -0.0658025   -9.80398 
             30.3499   1.11666 -0.173613   2.43985 0.0517117  -5.05662 -0.025143 0 0 0   -0.011 -0.02329  0.04412  0.0187148 -0.0168778  0.0062057 -0.0064963 0.00193634  -0.002556 0.00748783 0.00314642   0.044086   0.307465 -0.0656998   -9.80396 
             30.3998   1.13652 -0.132458   2.45369  0.0505289    -5.0598 -0.0255952 0 0 0   -0.011 -0.02329  0.04412  0.0122677 -0.0229493 0.00211599 -0.00651119  0.00190685 -0.00256571 0.00782544 0.00318199  0.0441784   0.307522 -0.0659315   -9.80396 
             30.4499   1.14264 -0.188994   2.44337  0.0487525   -5.05558 -0.0261715 0 0 0   -0.011 -0.02329  0.04412   0.00278657  -0.00806151 -0.000755144 -0.00651738  0.00194778 -0.00255494 0.00765886 0.00257419  0.0442626   0.307044 -0.0658755   -9.80397 
             30.4998   1.09485 -0.124144   2.49164  0.0511527    -5.0567 -0.0239783 0 0 0   -0.011 -0.02329  0.04412  0.0117134 -0.0105772 0.00709203 -0.00648377  0.00190266 -0.00258997 0.00753022 0.00275003  0.0439596   0.307202 -0.0658001   -9.80397 
             30.5498    1.1342 -0.154179   2.46424  0.0485248   -5.05157 -0.0239119 0 0 0   -0.011 -0.02329  0.04412 0.000848524  0.00568548  0.00610227 -0.00650789  0.00192434 -0.00257311 0.00742226 0.00203822  0.0439921   0.306665 -0.0658043   -9.80398 
             30.5999    1.03379 -0.0755196    2.51422  0.0427789   -5.05892 -0.0250589 0 0 0   -0.011 -0.02329  0.04412 -0.0180701 -0.0153243 0.00257865 -0.00644239  0.00187347 -0.00260383 0.00843768 0.00223567  0.0441611   0.306909 -0.0665006   -9.80397 
             30.6499   1.09844 -0.155062   2.45784  0.0444319   -5.05402 -0.0253621 0 0 0   -0.011 -0.02329  0.04412 -0.00946504 0.000644258  0.00120444 -0.00648344   0.0019274 -0.00256713 0.00782696 0.00199198  0.0442464   0.306644 -0.0660714   -9.80398 
             30.6995    1.06984 -0.0929011    2.48903   0.043705   -5.05447 -0.0244796 0 0 0   -0.011 -0.02329  0.04412   -0.0106332 -0.000230314   0.00318091 -0.00646889  0.00188494   -0.002588 0.00788939 0.00198723  0.0441208   0.306667 -0.0661348   -9.80398 
             30.7499   1.07491 -0.141609   2.44185  0.0461517   -5.05393 -0.0258166 0 0 0   -0.011 -0.02329  0.04412 -0.000781378  0.000585579  -0.00113337 -0.00646797  0.00191781 -0.00255439 0.00757736 0.00223143  0.0443611    0.30677 -0.0658448   -9.80398 
             30.7996    1.04945 -0.0967116    2.47195   0.045028   -5.05724 -0.0269879 0 0 0   -0.011 -0.02329  0.04412 -0.00283628 -0.00777222 -0.00586702 -0.00645402   0.0018831 -0.00257651 0.00789821 0.00244521  0.0445092   0.306942 -0.0660337   -9.80397 
             30.8498   1.09006 -0.163838   2.43466  0.0462229   -5.05929 -0.0293995 0 0 0   -0.011 -0.02329  0.04412 0.00272283 -0.0129582 -0.0137856 -0.00648123  0.00193076 -0.00255096 0.00788056 0.00275382  0.0448303   0.307116 -0.0659425   -9.80397 
             30.8997   1.14611 -0.133081   2.44891  0.0419556   -5.06508 -0.0276622 0 0 0   -0.011 -0.02329  0.04412  -0.0119669  -0.0284841 -0.00423524 -0.00651991  0.00190663 -0.00256121 0.00862111 0.00274241  0.0444489   0.307253 -0.0665312   -9.80396 
             30.9499   1.07217 -0.168153   2.44951  0.0457125   -5.06115 -0.0295176 0 0 0   -0.011 -0.02329  0.04412  0.0012207 -0.0124819 -0.0121706 -0.00647294  0.00193262 -0.00255924 0.00787122 0.00270861  0.0447198     0.3071 -0.0659558   -9.80397 
             30.9999    0.93886 -0.0898774    2.47781  0.0488302   -5.06321 -0.0265115 0 0 0   -0.011 -0.02329  0.04412  0.0127589 -0.0161297   0.001668 -0.00638008  0.00187931 -0.00257943 0.00773028 0.00297049  0.0442025   0.307348 -0.0658889   -9.80396 
             31.0488    1.1172 -0.138324   2.40967  0.0487177   -5.05847 -0.0272407 0 0 0   -0.011 -0.02329  0.04412   0.0088644 0.000313453 -0.00343634 -0.00651122  0.00191374 -0.00253348 0.00740946 0.00246539  0.0443197    0.30693 -0.0656984   -9.80398 
             31.1029   1.04872 -0.108839   2.49483  0.0447566   -5.06452 -0.0270919 0 0 0   -0.011 -0.02329  0.04412  -0.00412202   -0.0172455 -0.000118488 -0.00646349  0.00189379 -0.00258994 0.00820336 0.00260834  0.0442508  0.307132 -0.066266  -9.80397 
             31.1499   1.06227 -0.143905   2.43131  0.0475676   -5.06063 -0.0294764 0 0 0   -0.011 -0.02329  0.04412  0.00588526 -0.00250976  -0.0114755 -0.00647456  0.00191654 -0.00254916 0.00761121  0.0025084  0.0446145  0.306944 -0.065805  -9.80398 
             31.1999    1.09047 -0.0810223     2.4755 0.0477542  -5.05736 -0.030044 0 0 0   -0.011 -0.02329  0.04412 0.00525517  0.0068062 -0.0103706 -0.00649515   0.0018758 -0.00257797 0.00739232 0.00221346  0.0446246   0.306707 -0.0656776   -9.80398 
             31.2498   1.13004 -0.130612   2.42471  0.0499358   -5.05751 -0.0301672 0 0 0   -0.011 -0.02329  0.04412  0.0114049 0.00492116 -0.0116464 -0.00652243  0.00190643 -0.00254415 0.00726095 0.00239396   0.044564    0.30683 -0.0655705   -9.80398 
             31.2999  1.07378 -0.11065  2.49707 0.0500859  -5.05534 -0.028395 0 0 0   -0.011 -0.02329  0.04412  0.0104853  0.0104428 -0.0016185 -0.00648528  0.00189238 -0.00259436 0.00718772 0.00214191  0.0442246  0.306689 -0.065584  -9.80398 
             31.3499   1.11598 -0.156243    2.4403  0.053361  -5.04898 -0.030021 0 0 0   -0.011 -0.02329  0.04412  0.0186279  0.0275732 -0.0066915 -0.00651177  0.00192416 -0.00255784 0.00656837 0.00192283  0.0444782    0.30643 -0.0651307     -9.804 
             31.3998   1.08915 -0.132554   2.49329  0.0470889   -5.05263 -0.0286719 0 0 0   -0.011 -0.02329  0.04412 -0.00368431   0.0122115 -0.00392029 -0.00649892  0.00190262 -0.00259499 0.00751423 0.00171644   0.044184   0.306425 -0.0658689   -9.80399 
